name,target_lat,target_lon,baseline_lat,baseline_lon,baseline_confidence,baseline_distance_km,proposal_count,union_patch_count,union_coverage,union_lat,union_lon,union_confidence,union_distance_km,union_delta_km,error
1000269685_e60e9cdfb4_1125_78841376@N00.jpg,32.325436,-64.764404,28.40802955627441,-16.564861297607422,0.0275472812354564,4606.355323456975,4,30,0.1171875,28.40802955627441,-16.564861297607422,0.0338277630507946,4606.355323456975,0.0,
1000304467_1a75a200b1_1296_78841376@N00.jpg,32.325436,-64.764404,20.449371337890625,-86.99317932128906,0.0267324559390544,2569.749358537205,2,32,0.125,19.282920837402344,-81.39517211914062,0.0238804332911968,2202.471990191428,367.2773683457772,
1001048550_8e4b47d165_1051_78841376@N00.jpg,32.325436,-64.764404,43.50828170776367,7.045223236083984,0.0047798873856663,6224.851219386703,1,256,1.0,30.343151092529297,-84.74082946777344,0.0056912149302661,1907.259709213426,4317.591510173277,
1005977048_5ccf8b05d3_1201_91728102@N00.jpg,29.976052,122.390356,29.979637145996094,122.38992309570312,0.1078550294041633,0.400825323162766,2,130,0.5078125,29.979637145996094,122.38992309570312,0.1107074245810508,0.400825323162766,0.0,
1008804117_ce4e6fef8a_1349_97522422@N00.jpg,46.478536,30.758714,47.4116325378418,28.3698844909668,0.015991486608982,208.91302128089836,6,160,0.625,47.4116325378418,28.3698844909668,0.026236031204462,208.91302128089836,0.0,
1008845063_ace4ef829f_1204_97522422@N00.jpg,46.478536,30.758714,50.45074462890625,30.52501678466797,0.03533761203289032,442.025377627414,0,0,0.0,50.45074462890625,30.52501678466797,0.03533761203289032,442.025377627414,0.0,
101220879_0a1be45b79_33_24311489@N00.jpg,42.249915,-87.82711,36.73685073852539,-96.1866683959961,0.03710641711950302,942.7513453429651,0,0,0.0,36.73685073852539,-96.1866683959961,0.03710641711950302,942.7513453429651,0.0,
1014898753_ef4cfaa5d6_1354_96928198@N00.jpg,62.140088,6.074967,44.480770111083984,-79.5195541381836,0.0014934561913833022,5540.759684541236,1,256,1.0,49.72542953491211,-113.40729522705078,0.0016640006797388196,6479.86575932909,-939.1060747878537,
1019846234_5e471a10e2_1155_97522422@N00.jpg,42.197494,44.693069,-28.553590774536133,-54.55535125732422,0.0059504276141524315,12808.661853670079,1,32,0.125,-43.1376953125,147.85443115234375,0.006497689988464117,13967.960102161745,-1159.2982484916665,
1021054395_ca7cfe55b3_1061_7132415@N03.jpg,-0.400997,-90.704498,-0.572052001953125,-90.15878295898438,0.11827905476093292,63.58988192205969,1,208,0.8125,-0.572052001953125,-90.15878295898438,0.1154995709657669,63.58988192205969,0.0,
1023756068_20c3ffc329_1039_70323761@N00.jpg,40.807694,-73.962262,41.8278923034668,-71.4053955078125,0.005331759806722403,241.78190985130794,0,0,0.0,41.8278923034668,-71.4053955078125,0.005331759806722403,241.78190985130794,0.0,
1029739337_ff06001d12_1361_7132415@N03.jpg,-0.292509,-90.532493,-0.39936500787734985,-90.29302215576172,0.015104109421372414,29.15822191380748,1,160,0.625,-0.5838199853897095,-90.16191101074219,0.014809461310505867,52.41344664048683,-23.25522472667935,
103385471_f54982a801_29_73293249@N00.jpg,46.006873,7.279987,68.20389556884766,13.479011535644531,0.06551569700241089,2493.5068140188373,0,0,0.0,68.20389556884766,13.479011535644531,0.06551569700241089,2493.5068140188373,0.0,
103398485_db45794d93_36_73293249@N00.jpg,46.21488,7.049309,46.993995666503906,10.807060241699219,0.07049127668142319,299.8238435545654,1,27,0.10546875,46.993995666503906,10.807060241699219,0.056891001760959625,299.8238435545654,0.0,
103404365_f852148f5b_34_73293249@N00.jpg,46.080783,7.399454,44.8476676940918,-0.5084999799728394,0.003683960996568203,631.4871280586932,1,256,1.0,44.8476676940918,-0.5084999799728394,0.005169022362679243,631.4871280586932,0.0,
103433117_266c57c2e6_29_73293249@N00.jpg,46.167286,7.099698,46.516998291015625,12.005480766296387,0.05176142603158951,378.52539863223285,2,20,0.078125,46.516998291015625,12.005480766296387,0.045908521860837936,378.52539863223285,0.0,
103433770_9b651cfd20_32_73293249@N00.jpg,46.167286,7.099698,43.04969787597656,77.03252410888672,0.03873876482248306,5363.48128476523,0,0,0.0,43.04969787597656,77.03252410888672,0.03873876482248306,5363.48128476523,0.0,
103442236_09c8d53dbc_37_73293249@N00.jpg,51.501821,-0.140655,51.5074348449707,-0.07623899728059769,0.018229514360427856,4.501946638190869,0,0,0.0,51.5074348449707,-0.07623899728059769,0.018229514360427856,4.501946638190869,0.0,
103457638_224c119b11_30_73293249@N00.jpg,45.999982,7.298584,45.99570846557617,7.008934020996094,0.022176705300807953,22.379220129316625,0,0,0.0,45.99570846557617,7.008934020996094,0.022176705300807953,22.379220129316625,0.0,
103465274_3e879729e0_33_73293249@N00.jpg,46.08035,7.209918,44.956520080566406,6.8791890144348145,0.028931694105267525,127.59303275462781,11,193,0.75390625,44.956520080566406,6.8791890144348145,0.027594782412052155,127.59303275462781,0.0,
1034783376_9e3db4b81a_1016_70323761@N00.jpg,40.820751,-73.94892,38.047210693359375,-84.49765014648438,0.008036253042519093,956.2607129547458,1,128,0.5,38.047210693359375,-84.49765014648438,0.007756747771054506,956.2607129547458,0.0,
103558896_55f8059bc9_35_73293249@N00.jpg,43.642423,-79.387153,43.647254943847656,-79.38274383544922,0.011766812764108181,0.6438539715518242,3,128,0.5,43.647254943847656,-79.38274383544922,0.01143723540008068,0.6438539715518242,0.0,
103574519_62331b624f_24_73293249@N00.jpg,43.642423,-79.387153,43.647953033447266,-79.383544921875,0.011757372878491879,0.6800022117803788,3,158,0.6171875,43.647953033447266,-79.383544921875,0.011770488694310188,0.6800022117803788,0.0,
103575522_cc6a522170_34_73293249@N00.jpg,43.642423,-79.387153,43.64249038696289,-79.38685607910156,0.029191754758358,0.025039914106178944,0,0,0.0,43.64249038696289,-79.38685607910156,0.029191754758358,0.025039914106178944,0.0,
103577701_b68e15492e_32_73293249@N00.jpg,43.085294,-79.079509,43.08979415893555,-79.07066345214844,0.03037256933748722,0.8754310292183881,0,0,0.0,43.08979415893555,-79.07066345214844,0.03037256933748722,0.8754310292183881,0.0,
103726410_49bcd2e470_33_73293249@N00.jpg,40.711492,-74.01206,40.75685501098633,-73.98810577392578,0.007302239537239075,5.432956594273223,0,0,0.0,40.75685501098633,-73.98810577392578,0.007302239537239075,5.432956594273223,0.0,
1038069722_cab11140a5_1378_75452460@N00.jpg,48.214093,16.935553,48.2282829284668,15.332976341247559,0.03856272250413895,118.73437717308337,1,128,0.5,48.2282829284668,15.332976341247559,0.04672226309776306,118.73437717308337,0.0,
103908913_8ef41889e3_36_11114422@N00.jpg,51.195697,-2.27992,51.85016632080078,-0.5447030067443848,0.057113874703645706,140.38158431915798,2,162,0.6328125,51.85016632080078,-0.5447030067443848,0.057388197630643845,140.38158431915798,0.0,
103910409_51606239db_42_11114422@N00.jpg,51.195697,-2.27992,51.85016632080078,-0.5447030067443848,0.06329818814992905,140.38158431915798,1,112,0.4375,51.85016632080078,-0.5447030067443848,0.050975166261196136,140.38158431915798,0.0,
104122769_f122c548dc_40_19355699@N00.jpg,-16.663606,145.563537,-33.84309768676758,151.24063110351562,0.021366767585277557,1992.7316987019124,0,0,0.0,-33.84309768676758,151.24063110351562,0.021366767585277557,1992.7316987019124,0.0,
1041241079_904c456418_1430_7132415@N03.jpg,-1.382083,-78.432769,43.35005569458008,-4.052012920379639,0.013915481977164745,8859.849285173923,2,256,1.0,43.35005569458008,-4.052012920379639,0.0173391904681921,8859.849285173923,0.0,
104132709_97b998c989_41_19355699@N00.jpg,-33.861328,151.209039,-33.85724639892578,151.2146453857422,0.014685365371406078,0.6884581544528126,0,0,0.0,-33.85724639892578,151.2146453857422,0.014685365371406078,0.6884581544528126,0.0,
104133298_2619fc0eae_39_19355699@N00.jpg,-33.861328,151.209039,-33.857444763183594,151.21487426757812,0.016299676150083542,0.6904833767391741,0,0,0.0,-33.857444763183594,151.21487426757812,0.016299676150083542,0.6904833767391741,0.0,
1041333001_9b8e3dc4f1_1284_7132415@N03.jpg,-0.967437,-77.763977,10.281867980957031,-84.0447769165039,0.1001005694270134,1430.9492535864856,1,108,0.421875,10.281867980957031,-84.0447769165039,0.09730719774961472,1430.9492535864856,0.0,
104134249_80c92294db_19_19355699@N00.jpg,-33.861328,151.209039,-33.851829528808594,151.2107391357422,0.01821570098400116,1.067787083889101,0,0,0.0,-33.851829528808594,151.2107391357422,0.01821570098400116,1.067787083889101,0.0,
104134428_244b67a2d9_38_19355699@N00.jpg,-33.861328,151.209039,-33.8704948425293,151.2066650390625,0.008048681542277336,1.0426081912827223,2,115,0.44921875,-33.8704948425293,151.2066650390625,0.007977602072060108,1.0426081912827223,0.0,
104134591_85c54effac_41_19355699@N00.jpg,-33.861328,151.209039,-33.869808197021484,151.20762634277344,0.011919799260795116,0.9519342007785773,2,176,0.6875,-33.869808197021484,151.20762634277344,0.012229325249791145,0.9519342007785773,0.0,
104138228_eac9608bce_34_19355699@N00.jpg,-36.843876,174.7654,-36.82294845581055,174.7335205078125,0.10634768009185791,3.6694655200496675,0,0,0.0,-36.82294845581055,174.7335205078125,0.10634768009185791,3.6694655200496675,0.0,
104146945_2722f724b3_19_14542551@N00.jpg,47.913695,106.833114,49.4648323059082,105.98648071289062,0.06317242234945297,183.33024427986115,1,4,0.015625,49.4648323059082,105.98648071289062,0.06521209329366684,183.33024427986115,0.0,
1044041591_512737f6a3_1182_9729483@N02.jpg,39.948972,-75.150008,41.30913162231445,-72.92820739746094,0.014703294262290001,240.87994415625326,0,0,0.0,41.30913162231445,-72.92820739746094,0.014703294262290001,240.87994415625326,0.0,
104419192_8551684362_41_64825499@N00.jpg,51.508168,-0.076035,51.39085388183594,0.5012990236282349,0.016310717910528183,42.080466634129905,0,0,0.0,51.39085388183594,0.5012990236282349,0.016310717910528183,42.080466634129905,0.0,
104419793_26fe6ba2a3_39_64825499@N00.jpg,51.508168,-0.076035,50.645973205566406,4.420988082885742,0.0011657444993034005,328.4067493110221,4,80,0.3125,53.57810974121094,-2.430835008621216,0.0013682027347385883,279.8503539522192,48.55639535880289,
1051458737_dc88781e19_1257_50435419@N00.jpg,46.547586,-87.378902,46.81262969970703,-89.77649688720703,0.10027977079153061,185.2585050835028,0,0,0.0,46.81262969970703,-89.77649688720703,0.10027977079153061,185.2585050835028,0.0,
1052934673_018d08d79c_1247_89904893@N00.jpg,51.210297,-2.643113,51.064937591552734,-1.7974439859390259,0.04408690333366394,61.17543448148069,1,256,1.0,51.064937591552734,-1.7974439859390259,0.04903687909245491,61.17543448148069,0.0,
1054676623_3278c97053_1242_70323761@N00.jpg,40.763169,-73.945257,40.70536804199219,-74.000732421875,0.006952666211873293,7.94713539300349,0,0,0.0,40.70536804199219,-74.000732421875,0.006952666211873293,7.94713539300349,0.0,
1055535547_d8ebd9b0ff_1005_52057668@N00.jpg,43.345154,11.293945,43.722103118896484,10.396659851074219,0.01041385717689991,83.59900663563502,0,0,0.0,43.722103118896484,10.396659851074219,0.01041385717689991,83.59900663563502,0.0,
1055596489_76a46df552_1047_52057668@N00.jpg,43.345154,11.293945,41.38368225097656,2.1800079345703125,0.008183096535503864,779.4439695639114,1,20,0.078125,41.38368225097656,2.1800079345703125,0.007695416454225779,779.4439695639114,0.0,
1056311007_52319e8695_1127_9729483@N02.jpg,19.633291,-155.98991,1.159980058670044,104.32012939453125,0.011717470362782478,10977.763527854526,9,138,0.5390625,40.31399917602539,-73.97616577148438,0.011871582828462124,7951.39352761636,3026.3700002381656,
1056987156_2fb85c8d9d_1152_9729483@N02.jpg,19.782928,-156.036463,-13.016000747680664,-38.48851776123047,0.01227522362023592,13345.192762506807,0,0,0.0,-13.016000747680664,-38.48851776123047,0.01227522362023592,13345.192762506807,0.0,
1058450330_29b27f18cc_1304_52057668@N00.jpg,48.858842,2.329101,48.8562126159668,2.3453409671783447,0.007077377755194902,1.223545437606202,0,0,0.0,48.8562126159668,2.3453409671783447,0.007077377755194902,1.223545437606202,0.0,
1061820145_989476e8d1_1056_17351226@N00.jpg,-0.331476,36.074466,-0.3996250033378601,36.08905792236328,0.04078789800405502,7.749588859008558,1,1,0.00390625,-0.3996250033378601,36.08905792236328,0.03848791867494583,7.749588859008558,0.0,
1064247804_21a7ce7392_1272_73293249@N00.jpg,52.506442,13.337682,58.66060256958008,16.398210525512695,0.022062301635742188,710.6420046001708,2,20,0.078125,51.95770263671875,5.589466094970703,0.02369239740073681,530.931535732873,179.71046886729778,
1065427105_186af84f48_1367_70323761@N00.jpg,41.935064,-74.018674,39.887874603271484,-76.3663330078125,0.021036209538578987,301.2014970852374,2,184,0.71875,39.887874603271484,-76.3663330078125,0.02531856670975685,301.2014970852374,0.0,
1066619342_4f62e58221_1239_70323761@N00.jpg,41.933021,-74.019286,41.95594024658203,-70.66232299804688,0.024693237617611885,277.6352863774466,1,12,0.046875,41.95594024658203,-70.66232299804688,0.02518457919359207,277.6352863774466,0.0,
1070752568_b1ed6014e4_1333_93455345@N00.jpg,50.252912,19.025573,52.585044860839844,-1.9790940284729004,0.005542899016290903,1473.9495058302105,10,229,0.89453125,52.585044860839844,-1.9790940284729004,0.005666172131896019,1473.9495058302105,0.0,
1070839510_05f6cf6ef2_1162_93455345@N00.jpg,50.260814,18.846359,41.702598571777344,-74.68785095214844,0.005956737324595451,6802.328378955093,2,120,0.46875,41.702598571777344,-74.68785095214844,0.007671115919947624,6802.328378955093,0.0,
1070873718_eab41ad951_1427_93455345@N00.jpg,50.260814,18.846359,46.8184814453125,-71.15229034423828,0.13749350607395172,6215.107696743072,9,53,0.20703125,46.8184814453125,-71.15229034423828,0.14706319570541382,6215.107696743072,0.0,
107184433_0e6c4969c5_35_96388182@N00.jpg,43.676314,-92.963894,36.97740936279297,-86.49214172363281,0.0028467539232224226,924.4550583481271,0,0,0.0,36.97740936279297,-86.49214172363281,0.0028467539232224226,924.4550583481271,0.0,
1076964851_c20355b981_1431_93455345@N00.jpg,43.137069,131.929321,51.27125930786133,30.217723846435547,0.018667099997401237,7099.745801822912,1,36,0.140625,51.27125930786133,30.217723846435547,0.010432745330035686,7099.745801822912,0.0,
1076986527_4de9d086bc_1124_93455345@N00.jpg,43.137069,131.929321,39.282264709472656,-122.9056396484375,0.07436755299568176,8165.30953104299,1,105,0.41015625,45.88124084472656,-116.0211410522461,0.06958725303411484,8065.319260446006,99.99027059698346,
1077074655_69c5dba648_1048_93455345@N00.jpg,52.045734,113.411865,48.74413299560547,44.535484313964844,0.039121489971876144,4710.161856175626,1,98,0.3828125,48.74413299560547,44.535484313964844,0.05457744747400284,4710.161856175626,0.0,
1077086393_e1aea6d21e_1090_93455345@N00.jpg,52.32191,104.227294,59.608131408691406,60.57655334472656,0.13876354694366455,2777.838379237436,2,24,0.09375,59.608131408691406,60.57655334472656,0.13068154454231262,2777.838379237436,0.0,
1077155473_80c037f16a_1120_93455345@N00.jpg,51.733832,39.25415,46.65250015258789,27.737560272216797,0.04747987911105156,1007.9452072078342,1,45,0.17578125,45.84984588623047,27.4273681640625,0.048811543732881546,1083.4743098235838,-75.5291026157496,
107717568_95f67ce436_37_17351226@N00.jpg,59.929043,30.313854,55.75144577026367,37.6201057434082,0.02741897664964199,633.9514012608864,2,72,0.28125,55.75144577026367,37.6201057434082,0.027006397023797035,633.9514012608864,0.0,
1077208489_d307c44d40_1355_93455345@N00.jpg,43.137069,131.929321,68.9740982055664,33.02473068237305,0.0946623682975769,5926.145416208735,1,120,0.46875,68.9740982055664,33.02473068237305,0.09685443341732025,5926.145416208735,0.0,
107723582_6c02eba98c_44_17351226@N00.jpg,59.929043,30.313854,19.78738021850586,-88.4619140625,0.022194188088178635,9586.760163513296,13,151,0.58984375,-1.2729359865188599,36.81793212890625,0.029739776626229286,6828.775851448121,2757.984312065175,
107723692_6abd246261_52_17351226@N00.jpg,59.929043,30.313854,53.832801818847656,9.958751678466797,0.012769938446581364,1402.1429260642108,10,164,0.640625,53.832801818847656,9.958751678466797,0.010998150333762169,1402.1429260642108,0.0,
107723908_e96144f997_56_17351226@N00.jpg,59.929043,30.313854,65.5814208984375,22.308788299560547,0.011954850517213345,747.8044597900031,0,0,0.0,65.5814208984375,22.308788299560547,0.011954850517213345,747.8044597900031,0.0,
1077244783_6b676179aa_1032_93455345@N00.jpg,51.733832,39.25415,50.418846130371094,30.65288543701172,0.044867318123579025,618.0331586156396,1,4,0.015625,50.418846130371094,30.65288543701172,0.046660374850034714,618.0331586156396,0.0,
1077872058_04a9b36974_1148_93455345@N00.jpg,50.656425,27.160949,50.06536102294922,14.321447372436523,0.007561607751995325,912.0116227562407,1,8,0.03125,-35.2992057800293,149.07028198242188,0.0091524887830019,15132.020437762698,-14220.008815006457,
1077955412_5c254dabba_1246_93455345@N00.jpg,54.788017,55.964355,59.608131408691406,60.57655334472656,0.04150252416729927,603.3685249652002,1,4,0.015625,59.608131408691406,60.57655334472656,0.039808183908462524,603.3685249652002,0.0,
1079732334_0baae72c4f_1271_25159586@N00.jpg,34.902638,132.0891,35.763946533203125,140.38462829589844,0.021931204944849014,758.3474755637484,3,256,1.0,35.765499114990234,140.38482666015625,0.022829538211226463,758.3798911259676,-0.03241556221917108,
108325116_1b1cd483cc_42_17351226@N00.jpg,60.389391,5.330429,60.89985656738281,7.154571056365967,0.08045561611652374,114.48956859603246,0,0,0.0,60.89985656738281,7.154571056365967,0.08045561611652374,114.48956859603246,0.0,
108328982_9befccdd12_52_17351226@N00.jpg,60.389391,5.330429,61.76589584350586,7.252779006958008,0.047531936317682266,184.68378967963102,0,0,0.0,61.76589584350586,7.252779006958008,0.047531936317682266,184.68378967963102,0.0,
108344521_b7f5d1ba86_37_17351226@N00.jpg,64.139968,-21.918754,65.7094497680664,-16.7596435546875,0.04853951185941696,299.1315115255112,2,20,0.078125,65.7094497680664,-16.7596435546875,0.037916358560323715,299.1315115255112,0.0,
1085645221_dad5caca79_1379_33463080@N00.jpg,13.732881,100.503273,22.148887634277344,113.55916595458984,0.004196180496364832,1666.749588813975,0,0,0.0,22.148887634277344,113.55916595458984,0.004196180496364832,1666.749588813975,0.0,
1085889653_66207e5068_1416_33463080@N00.jpg,14.021187,99.527893,14.041747093200684,99.5034408569336,0.039368145167827606,3.4906704873615584,1,24,0.09375,14.041747093200684,99.5034408569336,0.035268303006887436,3.4906704873615584,0.0,
1086201488_cd08f71bb8_1056_33463080@N00.jpg,13.732881,100.503273,1.4035379886627197,103.7912826538086,0.027686072513461113,1417.8698916614196,1,156,0.609375,1.4035379886627197,103.7912826538086,0.02836383320391178,1417.8698916614196,0.0,
1086319092_34f919b886_1232_33463080@N00.jpg,13.732881,100.503273,1.4047349691390991,103.79024505615234,0.027108099311590195,1417.711990330823,1,128,0.5,1.4047349691390991,103.79024505615234,0.02605578862130642,1417.711990330823,0.0,
1088267191_8f3a46f0c1_1142_15376845@N00.jpg,41.17567,-73.101063,44.40275955200195,-67.97750854492188,0.0204726904630661,550.766103187724,1,104,0.40625,42.019256591796875,-83.00260925292969,0.026126468554139137,828.2123341281807,-277.44623094045676,
1088326301_bba2b5385d_1408_15376845@N00.jpg,41.17567,-73.101063,39.15895080566406,-74.68797302246094,0.025929640978574753,261.6556224330151,12,39,0.15234375,41.93025207519531,-70.02767181396484,0.025023063644766808,269.1369281087692,-7.481305675754129,
109003732_1ac8be791c_40_18684820@N00.jpg,13.735383,100.500183,34.30732727050781,-118.4638671875,0.022120602428913116,13270.627709267314,2,214,0.8359375,34.30732727050781,-118.4638671875,0.025582941249012947,13270.627709267314,0.0,
109040743_ad2fafd7e9_51_18684820@N00.jpg,16.056371,103.646392,21.183900833129883,106.0560073852539,0.004492166917771101,624.0920384102802,1,256,1.0,21.183900833129883,106.0560073852539,0.006186177954077721,624.0920384102802,0.0,
109046783_1ec629777a_51_18684820@N00.jpg,16.056371,103.646392,13.96605396270752,100.43701171875,0.011051139794290066,415.7134386229089,3,218,0.8515625,13.96605396270752,100.43701171875,0.012414931319653988,415.7134386229089,0.0,
109049475_c5794551d3_53_18684820@N00.jpg,16.056371,103.646392,18.28022003173828,99.477783203125,0.019208956509828568,507.1950290106267,2,256,1.0,18.28022003173828,99.477783203125,0.0207662433385849,507.1950290106267,0.0,
109090818_b0c5177552_47_18684820@N00.jpg,17.400605,104.779701,13.354533195495605,103.85540008544922,0.02313719503581524,460.6825270399861,1,240,0.9375,13.354533195495605,103.85540008544922,0.025294378399848938,460.6825270399861,0.0,
1091261185_24d87262d8_1178_80333007@N00.jpg,43.54693,10.312557,43.55073928833008,10.310229301452637,0.03984502702951431,0.4632571573488814,0,0,0.0,43.55073928833008,10.310229301452637,0.03984502702951431,0.4632571573488814,0.0,
109444677_b9311d353a_51_44972214@N00.jpg,32.759562,-117.180175,33.73761749267578,-118.10765838623047,0.031090423464775085,138.80221033196412,5,232,0.90625,33.73761749267578,-118.10765838623047,0.03199651464819908,138.80221033196412,0.0,
109444762_8b7eb2eff0_45_44972214@N00.jpg,32.759562,-117.180175,33.60215377807617,-117.89929962158203,0.022853467613458633,115.13880245803988,2,208,0.8125,33.60215377807617,-117.89929962158203,0.024824578315019608,115.13880245803988,0.0,
109445154_504554586a_56_44972214@N00.jpg,32.759562,-117.180175,53.832801818847656,9.958751678466797,0.005189226008951664,9130.612670913995,3,154,0.6015625,53.832801818847656,9.958751678466797,0.006521649658679962,9130.612670913995,0.0,
109445802_c3767617e6_55_44972214@N00.jpg,32.759562,-117.180175,26.208026885986328,-98.20339965820312,0.004361673723906279,1972.3054958408622,1,224,0.875,26.208026885986328,-98.20339965820312,0.005109085235744715,1972.3054958408622,0.0,
1094476901_8af0525615_1092_33463080@N00.jpg,12.917568,104.58847,20.838682174682617,-156.9122314453125,0.0202154703438282,10358.833176700355,8,256,1.0,20.838682174682617,-156.9122314453125,0.023072196170687675,10358.833176700355,0.0,
109503491_ab4fb29d21_41_18684820@N00.jpg,12.683549,101.272659,-16.19159507751465,-67.72676086425781,0.024356605485081673,18768.279122678785,2,88,0.34375,-16.19159507751465,-67.72676086425781,0.02488751709461212,18768.279122678785,0.0,
1095141034_31d7994014_1432_33463080@N00.jpg,12.917568,104.58847,9.40130615234375,-0.8327289819717407,0.03954672813415527,11415.421150777287,2,103,0.40234375,9.40130615234375,-0.8327289819717407,0.038677360862493515,11415.421150777287,0.0,
109515826_6e23accec7_54_18684820@N00.jpg,13.735383,100.500183,16.772411346435547,96.15697479248047,0.07803098112344742,575.3811945808008,1,256,1.0,16.772411346435547,96.15697479248047,0.08846096694469452,575.3811945808008,0.0,
1095455094_de1cee2271_1306_33463080@N00.jpg,12.917568,104.58847,10.983830451965332,104.78570556640625,0.018414204940199852,216.08985791198322,4,19,0.07421875,13.106731414794922,103.20470428466797,0.01957821473479271,151.3851052912747,64.70475262070852,
1096265513_0803ddb49c_1181_33463080@N00.jpg,13.372585,103.856849,13.441047668457031,103.8592529296875,0.02564939297735691,7.617151263921902,0,0,0.0,13.441047668457031,103.8592529296875,0.02564939297735691,7.617151263921902,0.0,
1097531112_dce44408c2_1403_9729483@N02.jpg,21.331284,-157.920624,21.332550048828125,-157.92108154296875,0.20791803300380707,0.14854109433569768,0,0,0.0,21.332550048828125,-157.92108154296875,0.20791803300380707,0.14854109433569768,0.0,
1097784160_262625335f_1009_9729483@N02.jpg,38.035171,-97.92862,30.29096794128418,-91.2330551147461,0.029933838173747063,1058.0725115665023,5,211,0.82421875,30.29096794128418,-91.2330551147461,0.03368745371699333,1058.0725115665023,0.0,
1099044629_a345ba7db8_1115_70323761@N00.jpg,40.742713,-74.006448,34.13773727416992,-118.35442352294922,0.005179305095225573,3940.9284166505536,0,0,0.0,34.13773727416992,-118.35442352294922,0.005179305095225573,3940.9284166505536,0.0,
1099219094_cad7dd327e_1258_70323761@N00.jpg,40.719615,-73.953469,41.721824645996094,-87.61592102050781,0.016382306814193726,1146.9046856939783,1,256,1.0,41.95365905761719,-87.75711059570312,0.01636543683707714,1159.3210086856864,-12.416322991708057,
110016321_34c0ac4524_55_18684820@N00.jpg,13.735383,100.500183,13.741594314575195,100.51304626464844,0.012845317833125591,1.5516059426717135,4,184,0.71875,13.741594314575195,100.51304626464844,0.012092110700905323,1.5516059426717135,0.0,
1100269292_a7e742b120_1092_9729483@N02.jpg,37.716107,-97.410605,39.76801681518555,-86.18196105957031,0.017264949157834053,999.4753468088804,1,90,0.3515625,39.14475631713867,-84.50904846191406,0.018761223182082176,1133.983295588398,-134.50794877951762,
1101090129_d124208854_1241_33463080@N00.jpg,13.372585,103.856849,13.413166999816895,103.86433410644531,0.021319197490811348,4.584582230210079,4,144,0.5625,13.413166999816895,103.86433410644531,0.021984316408634186,4.584582230210079,0.0,
1102966083_dcc68a51a6_1086_70323761@N00.jpg,40.743066,-74.00691,40.72179412841797,-73.99373626708984,0.0012635159073397517,2.612835309758327,0,0,0.0,40.72179412841797,-73.99373626708984,0.0012635159073397517,2.612835309758327,0.0,
1103229007_c58a9a332f_1359_70323761@N00.jpg,40.739303,-74.0072,40.72215270996094,-74.00047302246094,0.0024438374675810337,1.9894846722722188,1,225,0.87890625,40.72215270996094,-74.00047302246094,0.0026031811721622944,1.9894846722722188,0.0,
1103239315_41b27d754d_1309_70323761@N00.jpg,40.739303,-74.0072,51.52345657348633,-0.07563800364732742,0.0012834850931540132,5571.325938555884,2,24,0.09375,25.807193756103516,-80.19503021240234,0.0012894970132037997,1755.9523631205786,3815.3735754353056,
1104068861_5792a115db_1369_33463080@N00.jpg,13.372585,103.856849,13.437235832214355,103.74453735351562,0.03726533055305481,14.11594747881065,0,0,0.0,13.437235832214355,103.74453735351562,0.03726533055305481,14.11594747881065,0.0,
1105517140_f7dc56cff4_1162_78247883@N00.jpg,43.510308,16.440095,43.507911682128906,16.438980102539062,0.03663601353764534,0.28121952133432776,0,0,0.0,43.507911682128906,16.438980102539062,0.03663601353764534,0.28121952133432776,0.0,
1106080815_b1340dffa7_1276_33463080@N00.jpg,13.372585,103.856849,13.441047668457031,103.8592529296875,0.027959808707237244,7.617151263921902,1,256,1.0,13.441047668457031,103.8592529296875,0.02922886610031128,7.617151263921902,0.0,
1106682564_0b76ef20a3_1279_33463080@N00.jpg,13.372585,103.856849,11.009947776794434,106.4697036743164,0.02803047187626362,386.84875526780047,2,98,0.3828125,20.26885223388672,105.97274780273438,0.03628471866250038,799.1691273053158,-412.3203720375153,
1107083216_76603676a9_1295_82622473@N00.jpg,41.100957,28.999614,40.31147384643555,-74.4649887084961,0.001397383981384337,8123.070025242379,0,0,0.0,40.31147384643555,-74.4649887084961,0.001397383981384337,8123.070025242379,0.0,
1107115193_7896b8d656_1300_33463080@N00.jpg,13.372585,103.856849,13.37059497833252,103.86354064941406,0.01685679517686367,0.7569719229759347,0,0,0.0,13.37059497833252,103.86354064941406,0.01685679517686367,0.7569719229759347,0.0,
1107468192_3e8b9b43cf_1369_82622473@N00.jpg,41.100957,28.999614,37.18220138549805,38.7652587890625,0.04517476633191109,947.4559939275101,6,206,0.8046875,37.18220138549805,38.7652587890625,0.047484952956438065,947.4559939275101,0.0,
1107858999_36eae1fedb_1208_82927779@N00.jpg,-13.311708,48.115938,-43.94190979003906,-176.53793334960938,0.049136824905872345,12208.800067606751,0,0,0.0,-43.94190979003906,-176.53793334960938,0.049136824905872345,12208.800067606751,0.0,
110797780_a8d74f0204_52_18684820@N00.jpg,13.735383,100.500183,39.8281135559082,-86.18392181396484,0.0048269000835716724,14019.055243197587,2,256,1.0,39.8281135559082,-86.18392181396484,0.00502441031858325,14019.055243197587,0.0,
110799609_43e51fc1e5_54_18684820@N00.jpg,13.735383,100.500183,41.79056930541992,-87.5824203491211,0.0009792707860469818,13785.46554844726,1,224,0.875,41.79056930541992,-87.5824203491211,0.0009263694519177079,13785.46554844726,0.0,
110800551_ff744a8b6d_44_18684820@N00.jpg,13.735383,100.500183,38.89744567871094,115.4608154296875,0.0035352767445147038,3160.1644822575663,1,256,1.0,38.89744567871094,115.4608154296875,0.004341767635196447,3160.1644822575663,0.0,
110803310_55c8da43bd_53_18684820@N00.jpg,13.735383,100.500183,22.666610717773438,113.91277313232422,0.0009261550731025636,1728.3739478057973,1,256,1.0,22.666610717773438,113.91277313232422,0.0010854798601940274,1728.3739478057973,0.0,
1108114251_b09d32f32a_1036_77235581@N00.jpg,58.208677,-6.391725,48.78041458129883,-3.0453579425811768,0.0030286770779639482,1071.1524615723752,1,104,0.40625,57.005859375,-5.82974910736084,0.004533918108791113,137.87201878906012,933.280442783315,
1108236217_688d857d7c_1394_77235581@N00.jpg,58.20312,-6.379559,55.634925842285156,-4.823855876922607,0.09138473868370056,300.75451571057374,1,40,0.15625,55.634925842285156,-4.823855876922607,0.06109440699219704,300.75451571057374,0.0,
1108575839_3bdfce931b_1212_82927779@N00.jpg,-13.313244,48.154502,-15.548833847045898,128.25950622558594,0.02931797131896019,8575.872106579982,0,0,0.0,-15.548833847045898,128.25950622558594,0.02931797131896019,8575.872106579982,0.0,
1108895380_03c3a1a1f6_1090_77235581@N00.jpg,58.20312,-6.379559,47.095603942871094,-55.74514389038086,0.01698090136051178,3459.4764898490525,0,0,0.0,47.095603942871094,-55.74514389038086,0.01698090136051178,3459.4764898490525,0.0,
1109483936_4456a4f0df_1196_82927779@N00.jpg,-13.31325,48.154488,9.654230117797852,-85.07469177246094,0.01715797558426857,14909.281762706341,1,36,0.140625,9.654230117797852,-85.07469177246094,0.021237164735794067,14909.281762706341,0.0,
111013518_cc990d42cf_51_36948083@N00.jpg,13.426188,103.85848,13.441047668457031,103.8592529296875,0.038663044571876526,1.6544352857342088,1,256,1.0,13.441047668457031,103.8592529296875,0.039678242057561874,1.6544352857342088,0.0,
1112035723_0a63e75d0e_1114_33463080@N00.jpg,13.372585,103.856849,18.27499771118164,98.37593078613281,0.04707806557416916,800.4334347669526,0,0,0.0,18.27499771118164,98.37593078613281,0.04707806557416916,800.4334347669526,0.0,
1113782494_f10808f500_1298_33463080@N00.jpg,13.819994,104.714298,13.678701400756836,101.07117462158203,0.009000442922115326,393.7989056030316,1,32,0.125,13.678701400756836,101.07117462158203,0.009508896619081497,393.7989056030316,0.0,
1113980485_7ac3e8a2c6_1138_33463080@N00.jpg,13.819994,104.714298,16.415172576904297,102.83391571044922,0.02347993664443493,352.14948656183196,3,256,1.0,16.415172576904297,102.83391571044922,0.029773345217108727,352.14948656183196,0.0,
1114595220_0a81197afd_1338_33463080@N00.jpg,13.819994,104.714298,11.604598045349121,103.32860565185547,0.08389446139335632,288.5694206498252,7,206,0.8046875,11.604598045349121,103.32860565185547,0.09449150413274765,288.5694206498252,0.0,
1115259191_b14c332c87_1325_33463080@N00.jpg,13.372585,103.856849,16.241870880126953,103.81050109863281,0.0100044971331954,319.08936661028184,2,198,0.7734375,16.241870880126953,103.81050109863281,0.010978372767567635,319.08936661028184,0.0,
1115274018_d6c2c821d1_1382_33463080@N00.jpg,13.372585,103.856849,16.432214736938477,102.83700561523438,0.046454377472400665,357.42506431514624,3,128,0.5,16.432214736938477,102.83700561523438,0.055211253464221954,357.42506431514624,0.0,
1117136365_5948288020_1413_33463080@N00.jpg,11.824005,104.744682,15.182156562805176,106.28791809082031,0.032555483281612396,408.9825428593433,2,208,0.8125,15.926419258117676,73.81069946289062,0.03781875595450401,3367.1327344526903,-2958.150191593347,
1117496242_4cf8c11162_1012_33463080@N00.jpg,11.580858,104.921321,20.85744857788086,106.67861938476562,0.02896203100681305,1048.3902960476405,4,200,0.78125,21.183900833129883,106.0560073852539,0.02511773258447647,1074.6302584359642,-26.239962388323647,
1117586944_cc641006da_1329_75653366@N00.jpg,13.743908,100.488917,13.74992561340332,100.49130249023438,0.03570548817515373,0.7170219707177308,1,128,0.5,13.74992561340332,100.49130249023438,0.03388582915067673,0.7170219707177308,0.0,
1117715992_d0a96a4caa_1337_75653366@N00.jpg,13.743908,100.488917,13.74992561340332,100.49130249023438,0.05002442002296448,0.7170219707177308,1,192,0.75,13.74992561340332,100.49130249023438,0.04767150804400444,0.7170219707177308,0.0,
1118479971_9ad6008b4f_1327_82927779@N00.jpg,-13.400983,48.270638,9.40130615234375,-0.8327289819717407,0.024076323956251144,5983.463394716369,0,0,0.0,9.40130615234375,-0.8327289819717407,0.024076323956251144,5983.463394716369,0.0,
1119125029_545a19a16b_1428_82927779@N00.jpg,-13.313916,48.153652,-33.84283447265625,151.24082946777344,0.021090742200613022,10356.63036332179,1,182,0.7109375,-33.84283447265625,151.24082946777344,0.020422713831067085,10356.63036332179,0.0,
1119257150_4ac3eebadf_1032_82927779@N00.jpg,-13.313369,48.154238,-22.618446350097656,45.35362243652344,0.02137189544737339,1076.1305529299718,3,170,0.6640625,-22.618446350097656,45.35362243652344,0.02741594798862934,1076.1305529299718,0.0,
1119668171_48a230b741_1404_82927779@N00.jpg,-13.316188,48.151458,-20.693819046020508,164.98770141601562,0.017887847498059273,12147.2538286372,0,0,0.0,-20.693819046020508,164.98770141601562,0.017887847498059273,12147.2538286372,0.0,
1120309050_e71f17aeb3_1128_82927779@N00.jpg,-13.313252,48.154486,-8.6896390914917,125.947265625,0.06984347105026245,8475.292652163422,1,112,0.4375,-8.504556655883789,119.87857055664062,0.05535627156496048,7825.337189396385,649.9554627670368,
1121659017_07efbb5264_1399_93455345@N00.jpg,43.137069,131.929321,-33.00981521606445,-71.55335235595703,0.01686582900583744,17682.860991814927,0,0,0.0,-33.00981521606445,-71.55335235595703,0.01686582900583744,17682.860991814927,0.0,
1123241881_4bf8ae2419_1016_33463080@N00.jpg,10.591433,103.764495,11.577432632446289,103.02669525146484,0.05606361851096153,136.02248226913878,4,234,0.9140625,11.577432632446289,103.02669525146484,0.04709028825163841,136.02248226913878,0.0,
1125007623_477d5426e9_1379_93455345@N00.jpg,37.331948,136.785278,34.68559265136719,135.8411407470703,0.027058975771069527,306.2656482477065,0,0,0.0,34.68559265136719,135.8411407470703,0.027058975771069527,306.2656482477065,0.0,
1125649897_d94e38d2b5_1327_96332550@N00.jpg,35.416684,-95.714607,30.338916778564453,-98.26212310791016,0.07117683440446854,612.6245788438841,1,96,0.375,30.338916778564453,-98.26212310791016,0.08142298460006714,612.6245788438841,0.0,
1125852220_b13d685cea_1111_93455345@N00.jpg,36.087118,136.221542,34.815704345703125,135.6584930419922,0.006330431904643774,150.29211203204665,6,217,0.84765625,34.815704345703125,135.6584930419922,0.006469209212809801,150.29211203204665,0.0,
1126734821_cbf0860b66_1080_30571787@N00.jpg,51.506605,-0.081367,21.364309310913086,-157.95384216308594,0.14383643865585327,11629.447665888121,2,16,0.0625,21.364309310913086,-157.95384216308594,0.1675485521554947,11629.447665888121,0.0,
113446159_010a80fd72_54_50994135@N00.jpg,55.856997,-4.263124,45.65597152709961,10.234149932861328,0.0050787171348929405,1519.2711467970607,1,72,0.28125,45.65597152709961,10.234149932861328,0.006093143951147795,1519.2711467970607,0.0,
1134826966_548613fd5d_1359_30571787@N00.jpg,51.597827,-0.238491,51.59841537475586,-0.2350749969482422,0.1467445194721222,0.24485080644019797,1,256,1.0,51.59841537475586,-0.2350749969482422,0.13861386477947235,0.24485080644019797,0.0,
1136685211_813651b657_1140_22941966@N00.jpg,45.001269,-93.273346,45.40325927734375,-71.88893127441406,0.0034320976119488478,1671.0997146560057,1,256,1.0,45.40325927734375,-71.88893127441406,0.003798548597842455,1671.0997146560057,0.0,
113820435_b8d6945a79_56_87434398@N00.jpg,43.480577,-72.386426,41.819087982177734,-71.42880249023438,0.01834602653980255,200.66050530659717,1,14,0.0546875,41.819087982177734,-71.42880249023438,0.013653401285409927,200.66050530659717,0.0,
113820995_a4ce685a48_51_87434398@N00.jpg,43.137445,-72.500581,43.52627182006836,-71.3783187866211,0.0435800738632679,100.54097732043542,5,88,0.34375,43.52627182006836,-71.3783187866211,0.034827835857868195,100.54097732043542,0.0,
113822018_7975267242_49_87434398@N00.jpg,44.540262,-72.524313,59.4555549621582,-135.31581115722656,0.02482827752828598,4411.439367014702,1,9,0.03515625,48.75598907470703,-114.28978729248047,0.02312295325100422,3181.513190152501,1229.926176862201,
113823369_54ebe138ba_38_87434398@N00.jpg,42.762137,-72.513799,43.88428497314453,-73.449951171875,0.03530755266547203,145.9572708210211,3,176,0.6875,43.88428497314453,-73.449951171875,0.03306455910205841,145.9572708210211,0.0,
113823452_c141b6ee5c_36_87434398@N00.jpg,42.762137,-72.513799,44.463069915771484,-70.31867980957031,0.14022012054920197,258.8301194480676,3,78,0.3046875,44.463069915771484,-70.31867980957031,0.17102722823619843,258.8301194480676,0.0,
113833447_7e18ad9cf1_42_87434398@N00.jpg,44.57578,-72.295816,44.05234146118164,-71.12857818603516,0.051402896642684937,109.59847328376745,4,68,0.265625,44.05234146118164,-71.12857818603516,0.06156032532453537,109.59847328376745,0.0,
113861643_a1febd9dd0_45_87434398@N00.jpg,42.929907,-72.578473,43.52627182006836,-71.3783187866211,0.03213072568178177,117.69429425979278,2,200,0.78125,43.52627182006836,-71.3783187866211,0.0331956148147583,117.69429425979278,0.0,
113879033_bfd1de651d_49_87434398@N00.jpg,44.723076,-73.294,44.94142532348633,-85.28119659423828,0.02323007583618164,944.721453407011,3,137,0.53515625,43.96604919433594,-73.21824645996094,0.04176001250743866,84.39291684514866,860.3285365618624,
113885544_d7fbd527c6_48_87434398@N00.jpg,42.889674,-72.952909,44.8658447265625,-71.2957763671875,0.09471077471971512,256.74957784670795,1,128,0.5,44.8658447265625,-71.2957763671875,0.10736889392137527,256.74957784670795,0.0,
113900033_9051f51fbb_52_87434398@N00.jpg,43.147591,-73.199415,42.98616027832031,-72.65618896484375,0.03102991357445717,47.639658855414474,1,132,0.515625,44.8658447265625,-71.2957763671875,0.02569819986820221,244.28800726304956,-196.6483484076351,
113907854_ac0a856b31_53_87434398@N00.jpg,43.963538,-73.207998,39.00437927246094,-89.78181457519531,0.016419874504208565,1483.3527659989245,2,214,0.8359375,39.00437927246094,-89.78181457519531,0.020034179091453552,1483.3527659989245,0.0,
113910978_c1353d9035_55_87434398@N00.jpg,44.421704,-72.850384,38.41411590576172,-79.99546813964844,0.07436598092317581,894.3887014167824,1,8,0.03125,42.204750061035156,-74.21146392822266,0.0713900551199913,269.98180136022086,624.4069000565615,
113912238_2a4c51a668_43_87434398@N00.jpg,43.891459,-72.490625,42.98616027832031,-72.65618896484375,0.03521279990673065,101.54838020320152,3,256,1.0,42.98616027832031,-72.65618896484375,0.04169344902038574,101.54838020320152,0.0,
1143703719_b8942ef862_1094_70323761@N00.jpg,40.721664,-74.038297,-37.78374099731445,144.9982452392578,0.00244497531093657,16665.710387043015,1,121,0.47265625,-37.78374099731445,144.9982452392578,0.0025342979934066534,16665.710387043015,0.0,
114862608_ba258c245d_50_82927779@N00.jpg,-24.74995,25.7944,-23.915470123291016,31.470539093017578,0.07473856210708618,582.4818871651844,2,152,0.59375,-23.915470123291016,31.470539093017578,0.07128717005252838,582.4818871651844,0.0,
114868308_3bf8f90326_46_82927779@N00.jpg,-24.74995,25.7944,-23.915470123291016,31.470539093017578,0.07241359353065491,582.4818871651844,1,84,0.328125,-23.915470123291016,31.470539093017578,0.09178370237350464,582.4818871651844,0.0,
1155935557_5d22312c46_1219_41894197861@N01.jpg,40.418993,-3.6922,40.416175842285156,-3.7095160484313965,0.004302612971514463,1.4990240415535352,1,256,1.0,40.41715621948242,-3.706576108932495,0.004659491591155529,1.2340508836700308,0.2649731578835044,
115638799_b6b6e74e07_53_88483799@N00.jpg,39.397726,-76.597608,40.5235595703125,-80.08430480957031,0.018510835245251656,322.43032994835437,0,0,0.0,40.5235595703125,-80.08430480957031,0.018510835245251656,322.43032994835437,0.0,
1156773764_43e2a07c5b_1180_41894197861@N01.jpg,40.416453,-3.700203,39.47071838378906,-0.3761419951915741,0.004938377067446709,302.23716172292177,1,256,1.0,39.47071838378906,-0.3761419951915741,0.005004117731004953,302.23716172292177,0.0,
116048252_e64be89628_54_88483799@N00.jpg,39.397726,-76.597608,41.81053161621094,-87.66034698486328,0.0013243915745988488,970.9065237228025,0,0,0.0,41.81053161621094,-87.66034698486328,0.0013243915745988488,970.9065237228025,0.0,
117005476_0584800acc_50_69212252@N00.jpg,41.940507,-87.640589,41.59749984741211,-72.98416900634766,0.002674050396308303,1214.6234268337853,0,0,0.0,41.59749984741211,-72.98416900634766,0.002674050396308303,1214.6234268337853,0.0,
1172480740_81de303685_1003_36093984@N00.jpg,40.765071,-111.842365,35.876407623291016,-78.79020690917969,0.018168389797210693,2916.325846246595,1,9,0.03515625,35.876407623291016,-78.79020690917969,0.019679559394717216,2916.325846246595,0.0,
117397326_1aaf6dac8d_19_18684820@N00.jpg,10.784407,106.680679,10.804746627807617,106.63922119140625,0.03762460872530937,5.061711778377164,8,146,0.5703125,10.804746627807617,106.63922119140625,0.0444219633936882,5.061711778377164,0.0,
117400305_1dea9da931_46_18684820@N00.jpg,10.784407,106.680679,10.77502727508545,106.702392578125,0.03319276124238968,2.591025821936942,1,63,0.24609375,10.77502727508545,106.702392578125,0.028052223846316338,2.591025821936942,0.0,
117407151_e5ab0fb208_53_18684820@N00.jpg,10.784407,106.680679,11.932218551635742,-85.96080780029297,0.007520523387938738,17128.889565453675,7,158,0.6171875,13.734048843383789,100.50687408447266,0.0056357658468186855,746.6398644923595,16382.249700961316,
117409880_be8da6a355_37_18684820@N00.jpg,10.784407,106.680679,16.46209716796875,102.82413482666016,0.022920046001672745,756.3731445711805,1,192,0.75,17.880666732788086,102.74383544921875,0.02677319385111332,895.6780221910462,-139.3048776198657,
117415082_1349ec00bd_53_18684820@N00.jpg,10.784407,106.680679,17.965505599975586,102.60799407958984,0.015159476548433304,910.9027872259869,11,111,0.43359375,15.878789901733398,108.33343505859375,0.017565634101629257,594.005526072517,316.8972611534699,
117418457_244e0d7f56_46_18684820@N00.jpg,10.784407,106.680679,-3.7011899948120117,128.16549682617188,0.020458457991480827,2872.109814034591,2,29,0.11328125,-3.7011899948120117,128.16549682617188,0.028183087706565857,2872.109814034591,0.0,
1177618026_9cf484ed83_1039_10976003@N07.jpg,39.051451,-94.480361,43.0282096862793,-87.9711685180664,0.08638555556535721,702.1660678127885,0,0,0.0,43.0282096862793,-87.9711685180664,0.08638555556535721,702.1660678127885,0.0,
118131355_5451e9534a_56_18684820@N00.jpg,13.735383,100.500183,13.74992561340332,100.49130249023438,0.008418084122240543,1.8801518624349607,1,256,1.0,13.74992561340332,100.49130249023438,0.00815983209758997,1.8801518624349607,0.0,
118132126_bbbcb867a9_54_18684820@N00.jpg,13.735383,100.500183,28.73033332824707,118.77799987792969,0.009338761679828167,2516.9553551246886,3,208,0.8125,28.73033332824707,118.77799987792969,0.008024347014725208,2516.9553551246886,0.0,
118134421_9ec58cf95a_35_18684820@N00.jpg,13.735383,100.500183,13.74992561340332,100.49130249023438,0.048367246985435486,1.8801518624349607,0,0,0.0,13.74992561340332,100.49130249023438,0.048367246985435486,1.8801518624349607,0.0,
118150932_baf301f1d2_34_18684820@N00.jpg,13.735383,100.500183,13.74992561340332,100.49130249023438,0.05314311757683754,1.8801518624349607,3,256,1.0,13.74992561340332,100.49130249023438,0.04885772988200188,1.8801518624349607,0.0,
118159659_c2cc29c6a1_52_18684820@N00.jpg,13.735383,100.500183,15.8774995803833,108.33499908447266,0.01729927957057953,875.1990701366759,1,126,0.4921875,13.678701400756836,101.07117462158203,0.015222705900669098,62.00437108282411,813.1946990538518,
1182903598_51bdaa7836_1385_15376845@N00.jpg,41.947553,-72.691576,33.98130416870117,-117.64131164550781,0.04558102414011955,3991.3359881388124,1,256,1.0,33.98130416870117,-117.64131164550781,0.046404097229242325,3991.3359881388124,0.0,
1182926817_f5c931db2b_1109_15376845@N00.jpg,41.947553,-72.691576,40.7374382019043,-73.4133529663086,0.05024661496281624,147.43253555005015,1,256,1.0,40.7374382019043,-73.4133529663086,0.04887901991605759,147.43253555005015,0.0,
1183171295_73c6565f16_1175_47311799@N00.jpg,44.499489,11.34392,43.77484130859375,7.505121231079102,0.004057857673615217,316.7288812416043,2,93,0.36328125,43.77484130859375,7.505121231079102,0.002612439915537834,316.7288812416043,0.0,
118469151_65ad932ce3_48_41894197861@N01.jpg,51.494797,-0.195007,51.51374435424805,-0.0982540026307106,0.0019295631209388375,7.020270782725889,1,128,0.5,51.51374435424805,-0.0982540026307106,0.001957901520654559,7.020270782725889,0.0,
118489811_f07bfb2347_53_41894197861@N01.jpg,51.499473,-0.119862,51.5098762512207,-0.10318899899721146,0.007007765583693981,1.6339740061478583,0,0,0.0,51.5098762512207,-0.10318899899721146,0.007007765583693981,1.6339740061478583,0.0,
118498673_8e6fd335d3_42_41894197861@N01.jpg,51.499473,-0.119862,51.50783157348633,-0.09883400052785873,0.015011118724942207,1.7269014845928112,0,0,0.0,51.50783157348633,-0.09883400052785873,0.015011118724942207,1.7269014845928112,0.0,
118511568_34404be213_49_41894197861@N01.jpg,51.499473,-0.119862,51.5057258605957,-0.11825300008058548,0.003081484232097864,0.7041503045682239,0,0,0.0,51.5057258605957,-0.11825300008058548,0.003081484232097864,0.7041503045682239,0.0,
118549043_489c2a4b3e_56_41894197861@N01.jpg,51.494583,-0.202045,51.59480667114258,-0.06608899682760239,0.009692210704088211,14.58044435264981,0,0,0.0,51.59480667114258,-0.06608899682760239,0.009692210704088211,14.58044435264981,0.0,
118556934_32ccc0ff16_42_41894197861@N01.jpg,51.494583,-0.202045,51.520263671875,-0.009290999732911587,0.006457149982452393,13.642563221313694,1,208,0.8125,51.520263671875,-0.009290999732911587,0.007042988203465939,13.642563221313694,0.0,
1185635638_4d58194376_1126_15376845@N00.jpg,41.962066,-72.745124,41.43081283569336,-72.890380859375,0.15834398567676544,60.29124792488161,0,0,0.0,41.43081283569336,-72.890380859375,0.15834398567676544,60.29124792488161,0.0,
1185751817_d2918624dc_1084_47311799@N00.jpg,45.49075,10.607771,46.78641128540039,17.694889068603516,0.01319726649671793,564.5179385180074,1,4,0.015625,46.78641128540039,17.694889068603516,0.013737320899963379,564.5179385180074,0.0,
118594842_b32034ba4c_50_41894197861@N01.jpg,47.459897,8.549766,51.88984298706055,0.2610960006713867,0.03604983165860176,772.7184022607566,3,7,0.02734375,51.88984298706055,0.2610960006713867,0.0384688600897789,772.7184022607566,0.0,
118654486_9f20d0ae96_21_18684820@N00.jpg,13.735383,100.500183,14.008695602416992,100.37109375,0.03140299394726753,33.43366169858375,2,256,1.0,14.008695602416992,100.37109375,0.032809048891067505,33.43366169858375,0.0,
1187469358_26459f74ff_1070_43616936@N00.jpg,42.346571,-71.097228,42.346744537353516,-71.09699249267578,0.03587356209754944,0.027330450486961956,2,6,0.0234375,42.346744537353516,-71.09699249267578,0.03599952906370163,0.027330450486961956,0.0,
1190585699_2de6e84746_1076_47311799@N00.jpg,45.442037,10.998301,45.44230651855469,10.998257637023926,0.05411592870950699,0.03015948292379055,0,0,0.0,45.44230651855469,10.998257637023926,0.05411592870950699,0.03015948292379055,0.0,
1191410915_2c99edb131_1099_47311799@N00.jpg,45.434068,12.34079,45.43697738647461,12.334663391113281,0.0055608563125133514,0.5772180560464318,1,96,0.375,45.43854522705078,12.334898948669434,0.005448083393275738,0.6775927561971815,-0.10037470015074967,
1191595911_b68bf58ca5_1402_47311799@N00.jpg,45.440621,12.321445,45.43886184692383,12.319320678710938,0.005453445017337799,0.25638500153514326,0,0,0.0,45.43886184692383,12.319320678710938,0.005453445017337799,0.25638500153514326,0.0,
1192463216_a5f06caf2c_1050_47311799@N00.jpg,45.440621,12.321445,45.43858337402344,12.319868087768555,0.005419069901108742,0.2578231870065815,1,256,1.0,45.43858337402344,12.319868087768555,0.005173877347260714,0.2578231870065815,0.0,
1193809473_4fc475d918_1122_47311799@N00.jpg,45.456465,12.356743,45.43848419189453,12.318592071533203,0.0069025675766170025,3.5853978852545247,1,56,0.21875,45.43915939331055,12.319170951843262,0.00645873649045825,3.5062272076636267,0.07917067759089802,
1194828036_f64ee2efe4_1197_47311799@N00.jpg,45.435133,12.336788,45.438934326171875,12.321852684020996,0.006270546931773424,1.2396158031532227,1,60,0.234375,45.438934326171875,12.321852684020996,0.006196124944835901,1.2396158031532227,0.0,
1195299939_f2cdf9d4aa_1381_99746029@N00.jpg,31.23394,121.462097,40.08138656616211,116.59222412109375,0.26859137415885925,1077.2240675447592,1,18,0.0703125,40.08138656616211,116.59222412109375,0.26982253789901733,1077.2240675447592,0.0,
1195497993_ca828ba353_1439_99746029@N00.jpg,31.23394,121.462097,21.031835556030273,105.85189819335938,0.015314210206270218,1923.881805533739,4,199,0.77734375,21.031835556030273,105.85189819335938,0.013964316807687283,1923.881805533739,0.0,
1195826477_e2f02e85a0_1134_97522422@N00.jpg,40.17743,44.517974,40.177791595458984,44.513126373291016,0.16665580868721008,0.4138046443502545,4,47,0.18359375,40.177791595458984,44.513126373291016,0.17342308163642883,0.4138046443502545,0.0,
1196029876_9a678a04da_1348_11786349@N08.jpg,37.962403,27.365226,31.955219268798828,35.936622619628906,0.04114806279540062,1026.9295452885192,0,0,0.0,31.955219268798828,35.936622619628906,0.04114806279540062,1026.9295452885192,0.0,
1196386402_e718d5e619_1280_99746029@N00.jpg,31.23394,121.462097,3.3379530906677246,101.513671875,0.005501506384462118,3740.057315945473,6,252,0.984375,3.3379530906677246,101.513671875,0.006318219937384129,3740.057315945473,0.0,
1196415390_d7caf5e3ac_1106_97522422@N00.jpg,42.661799,44.637279,43.09519958496094,19.074304580688477,0.08637997508049011,2075.4283288813954,1,120,0.46875,43.09519958496094,19.074304580688477,0.10587430745363235,2075.4283288813954,0.0,
1196637106_439ebcfa9e_1089_97522422@N00.jpg,41.273678,44.590759,43.21918869018555,23.2965087890625,0.018661504611372948,1761.251353469482,0,0,0.0,43.21918869018555,23.2965087890625,0.018661504611372948,1761.251353469482,0.0,
1196697986_3f09d5e590_1028_40829484@N00.jpg,40.206213,-8.419003,40.1595573425293,-8.871803283691406,0.013964679092168808,38.81441694649772,2,54,0.2109375,40.1595573425293,-8.871803283691406,0.010913243517279625,38.81441694649772,0.0,
1196952297_41615841a2_1206_70323761@N00.jpg,41.520317,-71.443115,52.21516418457031,-1.9807499647140503,0.006422630976885557,5201.491105244856,3,195,0.76171875,52.21516418457031,-1.9807499647140503,0.008069946430623531,5201.491105244856,0.0,
1198701343_618ff4d0d0_1058_16418049@N00.jpg,37.97443,23.732013,37.97099685668945,23.72494888305664,0.03533918038010597,0.727428036658825,0,0,0.0,37.97099685668945,23.72494888305664,0.03533918038010597,0.727428036658825,0.0,
1199147355_c2b4c49248_1121_16418049@N00.jpg,37.090924,25.370521,36.180355072021484,-5.49324893951416,0.012437946163117886,2743.641858153656,3,256,1.0,36.180355072021484,-5.49324893951416,0.013470793142914772,2743.641858153656,0.0,
1199232827_50d480ebb5_1089_16418049@N00.jpg,37.090924,25.370521,39.76395034790039,19.930315017700195,0.03833964839577675,559.2296581214497,6,57,0.22265625,39.76395034790039,19.930315017700195,0.04243619740009308,559.2296581214497,0.0,
1199535862_d1024b2cb4_1143_70323761@N00.jpg,41.490983,-71.315447,42.5223503112793,-70.89057922363281,0.024449236690998077,119.93506016965631,5,256,1.0,42.5223503112793,-70.89057922363281,0.0246401596814394,119.93506016965631,0.0,
1199601372_1be627557f_1213_16418049@N00.jpg,37.97443,23.732013,37.97194290161133,23.725854873657227,0.020078320056200027,0.6065106102141594,4,46,0.1796875,37.972347259521484,23.724632263183594,0.01981421187520027,0.6871583707278585,-0.08064776051369904,
1199908420_caf0674a09_1363_16418049@N00.jpg,37.090924,25.370521,39.48814392089844,13.532408714294434,0.012677042745053768,1066.1188932525747,1,144,0.5625,35.74651336669922,-2.850951910018921,0.020261520519852638,2520.3733231820265,-1454.2544299294518,
1199940142_4f1af0e9c6_1344_16418049@N00.jpg,37.090924,25.370521,35.58885192871094,27.068767547607422,0.048558373004198074,225.89899818772807,0,0,0.0,35.58885192871094,27.068767547607422,0.048558373004198074,225.89899818772807,0.0,
1200015784_72326eb8bd_1007_59341685@N00.jpg,39.44819,-106.467432,42.64557647705078,1.4297670125961304,0.05099070444703102,8358.91584801855,0,0,0.0,42.64557647705078,1.4297670125961304,0.05099070444703102,8358.91584801855,0.0,
1200038814_4bf38d326c_1178_16418049@N00.jpg,37.090924,25.370521,38.920654296875,8.915655136108398,0.02675824798643589,1453.9539506898134,1,1,0.00390625,38.920654296875,8.915655136108398,0.026848766952753067,1453.9539506898134,0.0,
1201299651_02e87d146d_1010_47311799@N00.jpg,46.539026,12.138133,46.709617614746094,12.220230102539062,0.06124180182814598,19.978164321073365,5,99,0.38671875,46.709617614746094,12.220230102539062,0.055331338196992874,19.978164321073365,0.0,
1202468581_af97878357_1431_47311799@N00.jpg,46.489351,9.840649,46.49503707885742,9.84404468536377,0.36317119002342224,0.6836161625419737,1,24,0.09375,46.49503707885742,9.84404468536377,0.35402947664260864,0.6836161625419737,0.0,
1202645062_161c4a3360_1301_65768710@N00.jpg,-33.927551,151.254272,-43.46260070800781,172.59490966796875,0.025963271036744118,2124.966045065525,1,208,0.8125,-43.46260070800781,172.59490966796875,0.03533995524048805,2124.966045065525,0.0,
120317522_749fbcec2e_34_18684820@N00.jpg,13.735383,100.500183,-6.492447853088379,106.76556396484375,0.01486687920987606,2353.1658885670945,0,0,0.0,-6.492447853088379,106.76556396484375,0.01486687920987606,2353.1658885670945,0.0,
1203237811_23e521fb8f_1224_47311799@N00.jpg,46.195517,9.450473,46.13175964355469,8.197430610656738,0.07291216403245926,96.76064396260061,1,30,0.1171875,46.13175964355469,8.197430610656738,0.07678768038749695,96.76064396260061,0.0,
1205192842_abe51c5638_1326_47311799@N00.jpg,45.468121,9.19532,45.46605682373047,9.185333251953125,0.008038620464503765,0.8119172312376872,5,25,0.09765625,45.46493148803711,9.187928199768066,0.008242779411375523,0.6768070149872578,0.1351102162504294,
1208388445_947a7b9831_1097_70323761@N00.jpg,41.484393,-71.314954,41.49141311645508,-72.08966827392578,0.014812623150646687,64.53490853965327,1,256,1.0,41.42808151245117,-72.1133804321289,0.017578963190317154,66.83174872028805,-2.2968401806347742,
120899260_27fd657739_55_57253263@N00.jpg,42.205983,-71.328049,43.12813186645508,-70.7171401977539,0.041651420295238495,114.05636417603294,3,189,0.73828125,43.12813186645508,-70.7171401977539,0.0417204312980175,114.05636417603294,0.0,
1212815991_d0db96dfae_1100_47311799@N00.jpg,45.467,9.189891,45.069557189941406,7.683906078338623,0.02757103182375431,125.86604331638834,3,54,0.2109375,45.069557189941406,7.683906078338623,0.02851806953549385,125.86604331638834,0.0,
1212979628_9a198136be_1049_47311799@N00.jpg,45.917362,9.153327,46.02247619628906,9.406012535095215,0.023081976920366287,22.759233943302153,0,0,0.0,46.02247619628906,9.406012535095215,0.023081976920366287,22.759233943302153,0.0,
1212998956_261bcf7be9_1251_47311799@N00.jpg,45.858575,9.116592,45.853912353515625,9.102343559265137,0.13270075619220734,1.2191758308743685,2,26,0.1015625,45.853912353515625,9.102343559265137,0.10917385667562485,1.2191758308743685,0.0,
1213672418_c0a23932ef_1080_47311799@N00.jpg,45.464758,9.189934,45.46488952636719,9.190427780151367,0.025498975068330765,0.04119183598932048,1,256,1.0,45.46488952636719,9.190427780151367,0.024472784250974655,0.04119183598932048,0.0,
1214032151_2bccd236cb_1431_26519935@N00.jpg,26.057708,119.279766,29.344547271728516,113.11677551269531,0.09511598199605942,708.1375497687554,3,31,0.12109375,29.344547271728516,113.11677551269531,0.10339919477701187,708.1375497687554,0.0,
1215127132_ef69c16a1e_1274_26519935@N00.jpg,26.062334,119.267406,21.910240173339844,96.05054473876953,0.013324038125574589,2399.9590661818074,4,7,0.02734375,21.910240173339844,96.05054473876953,0.01323688868433237,2399.9590661818074,0.0,
1215157478_41bd37102c_1392_11786349@N08.jpg,13.420845,103.871097,13.360894203186035,103.86079406738281,0.0219908244907856,6.758754054988151,3,128,0.5,13.360894203186035,103.86079406738281,0.022539442405104637,6.758754054988151,0.0,
1215271571_22c5991425_1431_11786349@N08.jpg,-14.83886,-74.945983,-14.912938117980957,-74.98924255371094,0.06426617503166199,9.458523099625088,1,6,0.0234375,-14.912938117980957,-74.98924255371094,0.1236085444688797,9.458523099625088,0.0,
1215336556_279c61471b_1358_11786349@N08.jpg,13.749806,100.493659,13.704146385192871,100.50961303710938,0.03290518373250961,5.36163174882908,1,9,0.03515625,13.704146385192871,100.50961303710938,0.03319915384054184,5.36163174882908,0.0,
1215842913_10057b338b_1105_97522422@N00.jpg,40.17743,44.517974,42.70462417602539,-4.411481857299805,0.010581918060779572,4030.9103569069352,0,0,0.0,42.70462417602539,-4.411481857299805,0.010581918060779572,4030.9103569069352,0.0,
1221245649_d7301c9e5e_1426_47311799@N00.jpg,47.052295,8.30812,45.898780822753906,6.128829002380371,0.03475552797317505,210.46508405904726,1,3,0.01171875,45.898780822753906,6.128829002380371,0.036288268864154816,210.46508405904726,0.0,
1222111024_5f9bd39a03_1342_47311799@N00.jpg,47.052295,8.30812,45.89926528930664,6.12788200378418,0.03520091250538826,210.4891747823872,2,8,0.03125,45.89926528930664,6.12788200378418,0.03848406299948692,210.4891747823872,0.0,
1222747967_39c1091f85_1043_56945335@N00.jpg,32.661673,51.678067,39.90595626831055,41.27765655517578,0.03672230988740921,1230.4700754814091,0,0,0.0,39.90595626831055,41.27765655517578,0.03672230988740921,1230.4700754814091,0.0,
1222946416_16db22f95d_1310_47311799@N00.jpg,46.219128,6.107196,50.879817962646484,4.704700946807861,0.0025700111873447895,528.4007878808502,5,114,0.4453125,50.879817962646484,4.704700946807861,0.005117285531014204,528.4007878808502,0.0,
1223225942_44420da21b_1061_65768710@N00.jpg,-33.927551,151.254272,-36.75600051879883,144.281494140625,0.018651077523827553,706.0792622645635,0,0,0.0,-36.75600051879883,144.281494140625,0.018651077523827553,706.0792622645635,0.0,
1224896902_5acf368aa5_1062_48637819@N00.jpg,50.279906,8.52539,48.53044509887695,8.07784652709961,0.03043012134730816,197.20717005757047,0,0,0.0,48.53044509887695,8.07784652709961,0.03043012134730816,197.20717005757047,0.0,
1225755425_ac9e307610_1382_96928198@N00.jpg,62.147036,6.062039,62.331119537353516,7.473678112030029,0.07103288918733597,75.92229490312874,0,0,0.0,62.331119537353516,7.473678112030029,0.07103288918733597,75.92229490312874,0.0,
1225986996_60db89c58a_1239_92123108@N00.jpg,37.7718,-122.454986,37.79404067993164,-122.39762115478516,0.006703405175358057,5.615236584419472,2,198,0.7734375,37.79404067993164,-122.39762115478516,0.0069412714801728725,5.615236584419472,0.0,
1226154195_49065b65e5_1017_65768710@N00.jpg,-33.870344,151.225433,-33.855499267578125,151.21217346191406,0.009900873526930809,2.055137103941795,3,88,0.34375,-33.85563659667969,151.21023559570312,0.00900829304009676,2.154889541113441,-0.09975243717164606,
1226778732_aa330b8a02_1359_65768710@N00.jpg,-33.870344,151.225433,-33.85074234008789,151.20973205566406,0.018254205584526062,2.617728262356587,5,21,0.08203125,-33.848392486572266,151.20455932617188,0.01817905902862549,3.110133777927072,-0.49240551557048473,
122874346_d2c3b79d6a_1_69212252@N00.jpg,-33.899201,151.191015,43.8045539855957,131.95574951171875,0.0038515585474669933,8857.568713857156,3,223,0.87109375,43.8045539855957,131.95574951171875,0.0029342989437282085,8857.568713857156,0.0,
1233312144_1c4d07b7c8_1160_70323761@N00.jpg,41.469381,-71.297648,41.47075271606445,-71.30663299560547,0.1765040010213852,0.7639984222791187,1,176,0.6875,41.47075271606445,-71.30663299560547,0.17956259846687317,0.7639984222791187,0.0,
123515458_4aa6de7f6b_41_18684820@N00.jpg,13.735383,100.500183,13.74574089050293,100.53223419189453,0.014829897321760654,3.648498858791031,0,0,0.0,13.74574089050293,100.53223419189453,0.014829897321760654,3.648498858791031,0.0,
123533499_51f11eb999_42_18684820@N00.jpg,1.286665,103.838653,22.198213577270508,113.54301452636719,0.004428652580827475,2551.24685478054,1,256,1.0,22.198213577270508,113.54301452636719,0.005105793941766024,2551.24685478054,0.0,
123555933_757507030c_43_18684820@N00.jpg,1.286665,103.838653,5.104878902435303,-1.2421410083770752,0.04432429373264313,11664.052224773219,2,20,0.078125,5.104878902435303,-1.2421410083770752,0.04515457898378372,11664.052224773219,0.0,
123561474_1809108154_34_18684820@N00.jpg,1.286665,103.838653,35.787113189697266,-5.8114237785339355,0.0070714219473302364,11680.53507668283,3,37,0.14453125,35.787113189697266,-5.8114237785339355,0.0072638471610844135,11680.53507668283,0.0,
123587853_a130483c5c_34_18684820@N00.jpg,1.286665,103.838653,25.2667236328125,55.29774475097656,0.016839826479554176,5842.431517422616,2,45,0.17578125,25.2667236328125,55.29774475097656,0.021044880151748657,5842.431517422616,0.0,
123606435_741ca30bfa_34_18684820@N00.jpg,1.286665,103.838653,54.657798767089844,-5.943775177001953,0.004390616901218891,11143.872336590499,0,0,0.0,54.657798767089844,-5.943775177001953,0.004390616901218891,11143.872336590499,0.0,
123607970_f74b7851d9_1_18684820@N00.jpg,1.286665,103.838653,1.4047349691390991,103.79024505615234,0.021569684147834778,14.188837926075337,1,100,0.390625,1.4047349691390991,103.79024505615234,0.02304561622440815,14.188837926075337,0.0,
123608981_175ef3bbf1_37_18684820@N00.jpg,1.286665,103.838653,47.24810028076172,1.3523999452590942,0.005997214466333389,10839.682385109058,1,40,0.15625,47.24829864501953,1.3518970012664795,0.006824314594268799,10839.715889170917,-0.03350406185927568,
123612898_c81bdbfbfe_38_18684820@N00.jpg,1.286665,103.838653,1.2558859586715698,103.82189178466797,0.03428538888692856,3.8968274748965883,1,112,0.4375,1.2558859586715698,103.82189178466797,0.03537755459547043,3.8968274748965883,0.0,
123625628_be50228cf2_39_18684820@N00.jpg,1.286665,103.838653,40.863956451416016,-73.88150024414062,0.012542336247861385,15322.49383288302,1,169,0.66015625,40.863956451416016,-73.88150024414062,0.013237209059298038,15322.49383288302,0.0,
123629025_55fdb536b2_39_18684820@N00.jpg,1.286665,103.838653,13.746148109436035,100.53449249267578,0.003994647413492203,1432.3238232133567,5,225,0.87890625,1.3044270277023315,103.83209991455078,0.0033495365642011166,2.1051158344207113,1430.218707378936,
1238255019_bd52b89e57_1088_42126397@N00.jpg,25.316097,83.017673,25.528308868408203,84.8620834350586,0.10959210991859436,186.72570402693862,1,2,0.0078125,25.282678604125977,82.96456909179688,0.1011773869395256,6.504487204596802,180.2212168223418,
1239082441_bd8a278b64_1110_56945335@N00.jpg,37.933637,58.425636,41.97570037841797,44.10942077636719,0.008313814178109169,1298.4405208635085,2,43,0.16796875,41.97570037841797,44.10942077636719,0.01160571537911892,1298.4405208635085,0.0,
1239496073_6a512711e3_1288_33463080@N00.jpg,10.573547,103.553009,14.348372459411621,107.99697875976562,0.09878184646368027,639.4485318794807,5,120,0.46875,14.348372459411621,107.99697875976562,0.0767887681722641,639.4485318794807,0.0,
1239645650_26eb6f8c9e_1299_33463080@N00.jpg,13.372585,103.856849,14.367341041564941,101.34475708007812,0.02642090618610382,292.873431106509,1,150,0.5859375,14.367341041564941,101.34475708007812,0.02866767719388008,292.873431106509,0.0,
1240036828_0ff689cf33_1249_56945335@N00.jpg,37.950018,58.372936,41.685218811035156,26.54296875,0.049895115196704865,2734.1765454290853,0,0,0.0,41.685218811035156,26.54296875,0.049895115196704865,2734.1765454290853,0.0,
1240411287_59013dee8b_1332_33463080@N00.jpg,10.573547,103.553009,-8.78261947631836,115.14633178710938,0.017736969515681267,2505.595897592359,5,232,0.90625,5.952094078063965,102.70843505859375,0.023523570969700813,522.2144895883182,1983.3814080040408,
1241130901_28561e7e52_1095_77235581@N00.jpg,58.20312,-6.379559,52.79720687866211,-6.1539740562438965,0.030243614688515663,601.2779069506795,1,2,0.0078125,52.79720687866211,-6.1539740562438965,0.031513817608356476,601.2779069506795,0.0,
1241572527_b18d472438_1367_33463080@N00.jpg,10.573547,103.553009,15.608233451843262,99.32072448730469,0.04325180873274803,723.4372946712364,9,250,0.9765625,15.608233451843262,99.32072448730469,0.03964489698410034,723.4372946712364,0.0,
1241642199_db1d63975f_1336_33463080@N00.jpg,10.573547,103.553009,15.225144386291504,104.853515625,0.054260533303022385,536.0867232568072,7,253,0.98828125,15.225144386291504,104.853515625,0.053178444504737854,536.0867232568072,0.0,
1241732945_6ee69f48e8_1279_33463080@N00.jpg,10.573547,103.553009,16.687829971313477,121.54509735107422,0.02838994935154915,2058.276559682324,6,252,0.984375,12.152114868164062,-86.33056640625,0.03156694769859314,17262.41958562169,-15204.143025939366,
1242046453_2804afc587_1160_33463080@N00.jpg,10.573547,103.553009,19.53066635131836,103.7689208984375,0.053971998393535614,996.2567452027446,10,200,0.78125,19.53066635131836,103.7689208984375,0.05374971032142639,996.2567452027446,0.0,
1242572793_a243c9a727_1035_56945335@N00.jpg,37.668976,62.184934,32.18447494506836,48.240966796875,0.20854559540748596,1407.935194835593,0,0,0.0,32.18447494506836,48.240966796875,0.20854559540748596,1407.935194835593,0.0,
1242574962_38fcdbea18_1439_33463080@N00.jpg,10.573547,103.553009,4.20090389251709,-73.71766662597656,0.010799183510243893,18344.71038857597,2,256,1.0,4.20090389251709,-73.71766662597656,0.010068248026072979,18344.71038857597,0.0,
1242610350_6171d4a56f_1233_33463080@N00.jpg,10.573547,103.553009,17.753135681152344,102.7876968383789,0.036500781774520874,802.5810263933464,8,203,0.79296875,14.348372459411621,107.99697875976562,0.041478049010038376,639.4485318794807,163.1324945138657,
1242660112_8fcf13d11e_1084_11786349@N08.jpg,31.622909,-8.001823,31.627897262573242,-7.98713493347168,0.016538040712475777,1.4972285120516426,6,104,0.40625,31.627897262573242,-7.98713493347168,0.015752296894788742,1.4972285120516426,0.0,
1243559720_4caa8169cb_1151_56945335@N00.jpg,37.668976,62.184934,26.54422950744629,13.102993965148926,0.06304235756397247,4729.401196563891,0,0,0.0,26.54422950744629,13.102993965148926,0.06304235756397247,4729.401196563891,0.0,
1244438112_65fcf1bc8d_1256_70323761@N00.jpg,41.470025,-71.29856,48.80500411987305,2.1192879676818848,0.005946775432676077,5589.941785054751,1,224,0.875,48.80500411987305,2.1192879676818848,0.007411629427224398,5589.941785054751,0.0,
1244486280_8b5202fc1a_1382_70323761@N00.jpg,41.304021,-72.91782,44.64391326904297,-63.57426452636719,0.015421516261994839,845.3351642992332,2,192,0.75,44.64391326904297,-63.57426452636719,0.014049791730940342,845.3351642992332,0.0,
1245560986_808a9e823a_1027_79756109@N00.jpg,47.543033,-121.837702,47.542293548583984,-121.83919525146484,0.14534243941307068,0.13901006226573784,0,0,0.0,47.542293548583984,-121.83919525146484,0.14534243941307068,0.13901006226573784,0.0,
1248081071_ee072bf9c9_1100_33463080@N00.jpg,11.580858,104.921321,13.354533195495605,103.85540008544922,0.012300807982683182,228.6689689680255,1,143,0.55859375,16.432214736938477,102.83700561523438,0.010112558491528034,584.4104308663342,-355.74146189830867,
1248129431_933a98b29d_1241_33463080@N00.jpg,11.580858,104.921321,16.566665649414062,104.73332977294922,0.06196228042244911,554.7676661981901,0,0,0.0,16.566665649414062,104.73332977294922,0.06196228042244911,554.7676661981901,0.0,
1249185427_7c30d4f1ce_1274_79756109@N00.jpg,46.781908,-121.762322,48.18568801879883,-120.90779876708984,0.024892985820770264,168.78257424748077,6,192,0.75,53.10916519165039,-119.21183776855469,0.030476268380880356,726.720390716912,-557.9378164694313,
1249207786_015f8f88f7_1352_33463080@N00.jpg,11.580858,104.921321,11.484451293945312,104.90192413330078,0.06461699306964874,10.926269197609392,1,88,0.34375,11.484451293945312,104.90192413330078,0.061296023428440094,10.926269197609392,0.0,
1249405208_40b4cf2f20_1235_79756109@N00.jpg,47.604774,-122.340037,35.78858947753906,-83.55590057373047,0.00718705402687192,3434.0335499398425,5,208,0.8125,35.78858947753906,-83.55590057373047,0.01124353427439928,3434.0335499398425,0.0,
1249645106_0d8a8350ce_1080_79756109@N00.jpg,47.61166,-122.421855,47.594268798828125,-122.38468933105469,0.04865521192550659,3.39178050258878,0,0,0.0,47.594268798828125,-122.38468933105469,0.04865521192550659,3.39178050258878,0.0,
1249725202_7af1ec000c_1322_33463080@N00.jpg,11.554707,104.904499,11.484451293945312,104.90192413330078,0.03172172233462334,7.817124671143828,0,0,0.0,11.484451293945312,104.90192413330078,0.03172172233462334,7.817124671143828,0.0,
1249792433_027b208092_1308_79756109@N00.jpg,47.57882,-122.41295,47.59088134765625,-122.38288879394531,0.01472525205463171,2.6233576863309476,2,24,0.09375,47.59088134765625,-122.38288879394531,0.013707896694540977,2.6233576863309476,0.0,
1251244724_1aaa516fb3_1392_56945335@N00.jpg,33.590742,56.911754,29.69932746887207,34.99515151977539,0.048277076333761215,2115.031874543735,2,13,0.05078125,29.69932746887207,34.99515151977539,0.05480920895934105,2115.031874543735,0.0,
1251348239_6f573bc099_1003_11786349@N08.jpg,36.744248,-5.17044,37.18507385253906,-5.781040191650391,0.007881850004196167,73.11396153817874,6,98,0.3828125,37.18507385253906,-5.781040191650391,0.013066275976598263,73.11396153817874,0.0,
1251387723_b4d633582b_1171_11786349@N08.jpg,37.17403,-3.599824,37.690338134765625,-4.4879150390625,0.002611478790640831,97.18484553889964,5,224,0.875,38.61262893676758,-1.1169040203094482,0.002615980803966522,270.2763416358005,-173.09149609690087,
1251466701_378c962215_1413_11786349@N08.jpg,37.176526,-3.586564,37.17721176147461,-3.589524984359741,0.019826391711831093,0.27319296987766256,0,0,0.0,37.17721176147461,-3.589524984359741,0.019826391711831093,0.27319296987766256,0.0,
1252004259_be0f378cb7_1078_75452460@N00.jpg,47.074973,12.936401,46.0,7.0,0.029070692136883736,469.40664302951075,0,0,0.0,46.0,7.0,0.029070692136883736,469.40664302951075,0.0,
1252593516_99c382dad0_1393_11786349@N08.jpg,36.717833,-4.42646,37.38524627685547,-5.992096900939941,0.023059973493218422,157.5156114685658,2,224,0.875,37.38581085205078,-5.992096900939941,0.022911980748176575,157.5447399109735,-0.02912844240771051,
1252724508_99102153a3_1421_11786349@N08.jpg,36.766323,-4.418907,-22.967609405517578,-43.22414779663086,0.02825108915567398,7789.089937312767,6,129,0.50390625,50.360958099365234,-4.744011878967285,0.009654294699430466,1511.8795117339607,6277.210425578806,
1252756124_a05b114bc5_1035_11786349@N08.jpg,36.772648,-4.418735,43.17713928222656,6.533689022064209,0.015321365557610989,1172.2789655028382,8,148,0.578125,41.570499420166016,1.8279999494552612,0.01305288914591074,757.6139555435923,414.66500995924594,
1252977522_2fe41a92c3_1011_11786349@N08.jpg,36.906117,-4.761543,42.42613983154297,19.869718551635742,0.022984419018030167,2187.0314782142636,0,0,0.0,42.42613983154297,19.869718551635742,0.022984419018030167,2187.0314782142636,0.0,
1253181830_a6de7cfd5b_1212_11786349@N08.jpg,36.717833,-4.42646,43.09783172607422,-0.05521000176668167,0.0029412314761430025,801.1395947781584,3,240,0.9375,43.09783172607422,-0.05521000176668167,0.0028898955788463354,801.1395947781584,0.0,
1253192502_707696b8be_1082_11786349@N08.jpg,36.717833,-4.42646,41.38017654418945,2.1784420013427734,0.004664692096412182,770.3306311691462,3,96,0.375,41.38005828857422,2.176136016845703,0.0050043947994709015,770.1750933086146,0.15553786053158092,
125342735_f25e530991_37_88483799@N00.jpg,39.45099,-76.587817,44.463069915771484,-70.31867980957031,0.02489585615694523,760.6767832905305,3,127,0.49609375,44.05351257324219,-70.71041107177734,0.04695313423871994,706.4740169515845,54.202766338945935,
125342914_1f6d74eea8_36_88483799@N00.jpg,39.45099,-76.587817,39.38290786743164,-89.07469940185547,0.007374972105026245,1071.8327268795529,1,192,0.75,39.38290786743164,-89.07469940185547,0.008737808093428612,1071.8327268795529,0.0,
1255692815_4bf2057ff8_1030_33463080@N00.jpg,11.580858,104.921321,10.983830451965332,104.78570556640625,0.020347002893686295,68.01370446772619,6,247,0.96484375,10.983830451965332,104.78570556640625,0.02134905382990837,68.01370446772619,0.0,
1256214157_e5f8bc3389_1430_33463080@N00.jpg,11.580858,104.921321,15.225144386291504,104.853515625,0.027815718203783035,405.29305767414064,2,256,1.0,15.225144386291504,104.853515625,0.03095419332385063,405.29305767414064,0.0,
1256515861_5d15208bb2_1371_59555137@N00.jpg,22.254068,114.133272,39.44255447387695,2.752074956893921,0.0011000463273376226,10134.822875186248,0,0,0.0,39.44255447387695,2.752074956893921,0.0011000463273376226,10134.822875186248,0.0,
1256839408_e551eab404_1196_33463080@N00.jpg,11.580858,104.921321,24.61484146118164,121.8291015625,0.009884597733616829,2296.423110138824,3,166,0.6484375,24.61484146118164,121.8291015625,0.01360988337546587,2296.423110138824,0.0,
1259515638_35322982ee_1179_48264126@N00.jpg,-37.513266,145.75407,-31.457294464111328,152.73260498046875,0.008687295019626617,928.1632976753021,1,192,0.75,-31.457294464111328,152.73260498046875,0.012019428424537182,928.1632976753021,0.0,
1259522892_ceb36d34ca_1025_48264126@N00.jpg,-37.509044,145.74583,41.7899055480957,-124.07525634765625,0.07084491103887558,12682.328501386317,0,0,0.0,41.7899055480957,-124.07525634765625,0.07084491103887558,12682.328501386317,0.0,
1259948091_17e2a9dcf9_1138_11786349@N08.jpg,18.815723,99.022178,17.58847427368164,99.81997680664062,0.016395632177591324,160.38662362954034,2,110,0.4296875,17.58847427368164,99.81997680664062,0.016827711835503578,160.38662362954034,0.0,
1260064233_97929e63ac_1258_11786349@N08.jpg,18.809792,98.856525,-1.0316400527954102,-77.66661834716797,0.05538211390376091,18002.239849579313,9,116,0.453125,-1.0316400527954102,-77.66661834716797,0.08252556622028351,18002.239849579313,0.0,
1260199045_1e18d6e6eb_1072_11786349@N08.jpg,19.975607,102.246665,0.08785799890756607,-76.88916778564453,0.00956810638308525,17782.17149937303,0,0,0.0,0.08785799890756607,-76.88916778564453,0.00956810638308525,17782.17149937303,0.0,
1260856617_94d698c56b_1065_11786349@N08.jpg,8.289297,98.474578,8.985461235046387,98.65619659423828,0.03965973109006882,79.9434302049039,0,0,0.0,8.985461235046387,98.65619659423828,0.03965973109006882,79.9434302049039,0.0,
1261644928_48ef0ee9be_1399_11786349@N08.jpg,8.395195,98.453807,32.36338806152344,-96.88945007324219,0.01109471544623375,15199.542908213032,1,208,0.8125,32.36338806152344,-96.88945007324219,0.011143296957015991,15199.542908213032,0.0,
1261684822_79e785f829_1142_11786349@N08.jpg,8.289297,98.474578,8.011125564575195,98.8388442993164,0.04067052900791168,50.63982544985708,1,144,0.5625,8.011125564575195,98.8388442993164,0.02141936868429184,50.63982544985708,0.0,
1267522835_1c0fd52781_1409_75452460@N00.jpg,47.052054,12.961978,46.67501449584961,7.999715805053711,0.04687751457095146,379.529482278181,3,143,0.55859375,46.67501449584961,7.999715805053711,0.04825685918331146,379.529482278181,0.0,
1268682921_a4f066d15f_1117_11786349@N08.jpg,6.079363,116.588973,6.080472946166992,116.56837463378906,0.20182539522647858,2.2808951957098964,0,0,0.0,6.080472946166992,116.56837463378906,0.20182539522647858,2.2808951957098964,0.0,
1269568816_b5b0448cce_1207_11786349@N08.jpg,6.079363,116.588973,52.891300201416016,-3.913878917694092,0.030773475766181946,11421.112314105821,2,208,0.8125,6.077655792236328,116.56494140625,0.08061971515417099,2.6639435774726556,11418.44837052835,
1270344796_dbc1fd0673_1103_11786349@N08.jpg,48.295871,4.071636,48.29621124267578,4.075411796569824,0.026558540761470795,0.281869214051711,2,147,0.57421875,48.29621124267578,4.075411796569824,0.02099781669676304,0.281869214051711,0.0,
1270437192_ba09da11c3_1030_11786349@N08.jpg,48.862964,2.390727,47.64468765258789,4.402770042419434,0.009334156289696693,201.33744730303584,2,42,0.1640625,45.74629211425781,-0.6293100118637085,0.0128186559304595,414.5993976167393,-213.26195031370344,
1270529974_9426a4dd7d_1308_11786349@N08.jpg,48.402197,2.684268,48.402042388916016,2.699352979660034,0.03616415709257126,1.1137398690143259,4,36,0.140625,48.80500411987305,2.1192879676818848,0.03354489058256149,61.089339004358315,-59.97559913534399,
1271785262_5415d7141b_1100_59555137@N00.jpg,22.319539,114.169996,22.317127227783203,114.1695785522461,0.01357324793934822,0.27159332084474314,3,48,0.1875,22.319469451904297,114.16929626464844,0.015243642032146454,0.07239210900123029,0.19920121184351286,
1274846689_de0487a42d_1006_22941966@N00.jpg,44.9805,-93.254833,44.98188018798828,-93.25096893310547,0.08752647787332535,0.34046995071513886,0,0,0.0,44.98188018798828,-93.25096893310547,0.08752647787332535,0.34046995071513886,0.0,
1277769767_0ad30d8663_1398_97522422@N00.jpg,40.488215,45.032272,-16.161041259765625,-69.08941650390625,0.04595201089978218,13191.819446065303,0,0,0.0,-16.161041259765625,-69.08941650390625,0.04595201089978218,13191.819446065303,0.0,
1278592897_d887e822b8_1032_15274769@N00.jpg,-2.166697,34.139313,-24.03141212463379,31.293182373046875,0.07140184938907623,2450.435973254994,2,117,0.45703125,-24.03141212463379,31.293182373046875,0.0637039840221405,2450.435973254994,0.0,
127865347_3ef9196bc8_54_42485416@N00.jpg,40.771636,-73.973693,40.77010726928711,-73.97382354736328,0.010235625319182873,0.17034245371030957,3,111,0.43359375,40.77010726928711,-73.97382354736328,0.011624009348452091,0.17034245371030957,0.0,
1278816041_3bce7c47eb_1335_98545448@N00.jpg,51.6825,-1.786333,51.3968505859375,-3.3475680351257324,0.1038309782743454,112.54774966943845,1,128,0.5,51.3968505859375,-3.3475680351257324,0.09269799292087555,112.54774966943845,0.0,
1279376988_04a72ed7d8_1132_98545448@N00.jpg,51.680333,-1.781166,-25.93180274963379,28.01539421081543,0.07292110472917557,9107.473134614054,1,96,0.375,-25.93180274963379,28.01539421081543,0.1300765872001648,9107.473134614054,0.0,
1279408183_4544a317f4_1149_11786349@N08.jpg,41.01912,28.9891,41.04898452758789,29.029966354370117,0.026226073503494263,4.772523467074051,1,63,0.24609375,41.04898452758789,29.029966354370117,0.022571079432964325,4.772523467074051,0.0,
1279669510_d92c94851b_1012_11786349@N08.jpg,41.01912,28.9891,41.0064582824707,28.977642059326172,0.01835375651717186,1.7048345453243003,5,21,0.08203125,41.0064582824707,28.977642059326172,0.018328899517655373,1.7048345453243003,0.0,
1279824162_213c13300d_1393_98545448@N00.jpg,51.6825,-1.786333,53.167457580566406,-0.5338659882545471,0.047475799918174744,185.67269386818634,1,80,0.3125,53.167457580566406,-0.5338659882545471,0.048923298716545105,185.67269386818634,0.0,
128000926_362e21360f_51_42485416@N00.jpg,49.299123,-123.120861,49.30066680908203,-123.13133239746094,0.05805840343236923,0.7784476838150184,0,0,0.0,49.30066680908203,-123.13133239746094,0.05805840343236923,0.7784476838150184,0.0,
128003004_89a8cb6880_44_42485416@N00.jpg,48.421155,-123.369963,48.42188262939453,-123.36963653564453,0.041307587176561356,0.0844193013774485,5,210,0.8203125,48.42188262939453,-123.36963653564453,0.04124518856406212,0.0844193013774485,0.0,
128003524_7ce27fb463_54_42485416@N00.jpg,49.014624,-125.661964,44.26929473876953,-124.10542297363281,0.006479344330728054,540.8389474057348,1,256,1.0,44.26929473876953,-124.10542297363281,0.009808966889977455,540.8389474057348,0.0,
1280299112_9d7c5e33e1_1149_11786349@N08.jpg,41.01912,28.9891,41.046409606933594,29.033945083618164,0.06816668063402176,4.832918112614374,1,6,0.0234375,41.046409606933594,29.033945083618164,0.06515784561634064,4.832918112614374,0.0,
1280339902_00ad0870a9_1255_11786349@N08.jpg,41.01912,28.9891,30.454710006713867,78.07373809814453,0.009267409332096577,4520.825786257705,8,242,0.9453125,30.454710006713867,78.07373809814453,0.010343039408326149,4520.825786257705,0.0,
1280379538_93cd5dbe87_1208_11786349@N08.jpg,41.01912,28.9891,33.10592269897461,35.822811126708984,0.05108371004462242,1067.788033932141,8,191,0.74609375,33.10592269897461,35.822811126708984,0.04549022018909454,1067.788033932141,0.0,
128191361_f5564bdb12_50_43616936@N00.jpg,35.13751,-120.643551,32.847862243652344,-117.27699279785156,0.06854000687599182,401.3876716922663,1,128,0.5,32.847862243652344,-117.27699279785156,0.05994897335767746,401.3876716922663,0.0,
128197335_d4c2d76e1a_53_43616936@N00.jpg,33.344116,-118.328204,33.34027862548828,-118.333740234375,0.14098209142684937,0.6682439039483942,0,0,0.0,33.34027862548828,-118.333740234375,0.14098209142684937,0.6682439039483942,0.0,
128197528_92352e972e_51_43616936@N00.jpg,33.344116,-118.328204,36.61868667602539,-121.90255737304688,0.026026282459497452,488.4092025632879,2,12,0.046875,36.61868667602539,-121.90255737304688,0.025226004421710968,488.4092025632879,0.0,
128198321_3e7ce3be40_1_43616936@N00.jpg,33.344116,-118.328204,33.1051025390625,-116.60016632080078,0.022013437002897263,162.91876127626202,3,150,0.5859375,33.1051025390625,-116.60016632080078,0.031224438920617104,162.91876127626202,0.0,
128242206_5c2c7c805f_56_90833046@N00.jpg,59.916168,10.737628,60.42375183105469,7.128859043121338,0.019225582480430603,207.4028583023588,2,256,1.0,60.42375183105469,7.128859043121338,0.027962693944573402,207.4028583023588,0.0,
1285219328_b446b6a044_1308_70323761@N00.jpg,40.764677,-73.97365,40.75566864013672,-73.98431396484375,0.003393136663362384,1.3453920255541234,4,138,0.5390625,40.75566864013672,-73.98431396484375,0.0033938747365027666,1.3453920255541234,0.0,
1286567787_c041916e0a_1075_77235581@N00.jpg,58.20312,-6.379559,69.32088470458984,16.124345779418945,0.00647509703412652,1639.6662083942883,0,0,0.0,69.32088470458984,16.124345779418945,0.00647509703412652,1639.6662083942883,0.0,
1286612727_a76207e86d_1277_77235581@N00.jpg,58.313501,-6.739253,51.586116790771484,-10.224281311035156,0.15657426416873932,780.1894670315971,0,0,0.0,51.586116790771484,-10.224281311035156,0.15657426416873932,780.1894670315971,0.0,
1287131609_caa54f3402_1246_11786349@N08.jpg,43.539962,5.632724,43.53212356567383,5.574016094207764,0.21804699301719666,4.812031624342583,0,0,0.0,43.53212356567383,5.574016094207764,0.21804699301719666,4.812031624342583,0.0,
1287254325_d7877fc5c8_1258_11786349@N08.jpg,43.52926,5.448789,43.3447151184082,3.212620973587036,0.03707706555724144,181.7098073947698,2,24,0.09375,43.3447151184082,3.212620973587036,0.04418352246284485,181.7098073947698,0.0,
1287545391_2d4b5ae8a3_1229_11786349@N08.jpg,22.231904,31.440124,29.97623634338379,31.13227081298828,0.04625026136636734,861.6787100977903,5,17,0.06640625,29.97623634338379,31.13227081298828,0.046590276062488556,861.6787100977903,0.0,
1287803509_d45ce0c9c0_1023_11786349@N08.jpg,24.079536,32.879676,24.10163116455078,32.882938385009766,0.14262552559375763,2.4790922131358935,1,2,0.0078125,24.10163116455078,32.882938385009766,0.14327850937843323,2.4790922131358935,0.0,
1288127209_be2c0b579b_1229_11786349@N08.jpg,25.715554,32.657375,26.1417236328125,32.66930389404297,0.0682869702577591,47.40297885422971,8,65,0.25390625,26.1417236328125,32.66930389404297,0.06761601567268372,47.40297885422971,0.0,
1288513797_921fc7f215_1191_11786349@N08.jpg,30.050447,31.235675,31.95070457458496,35.92700958251953,0.03641049191355705,494.48464106817596,3,108,0.421875,31.95070457458496,35.92700958251953,0.029726432636380196,494.48464106817596,0.0,
1288818896_b0267a3878_1228_11786349@N08.jpg,25.697225,32.637462,25.69892692565918,32.64235305786133,0.08856479823589325,0.5253395713739986,0,0,0.0,25.69892692565918,32.64235305786133,0.08856479823589325,0.5253395713739986,0.0,
1289028189_89ca47a3e1_1286_40279823@N00.jpg,37.059286,15.293301,39.21651077270508,9.112635612487793,0.02336166240274906,591.2060735204608,2,96,0.375,38.03508377075195,14.015978813171387,0.02986086532473564,156.3749579292849,434.8311155911759,
1289098928_abb8d00a78_1388_11786349@N08.jpg,25.715554,32.657375,26.549222946166992,32.34375,0.07369104027748108,97.84413918444974,5,35,0.13671875,26.549222946166992,32.34375,0.07175692915916443,97.84413918444974,0.0,
1289245500_e863099269_1081_11786349@N08.jpg,25.697225,32.637462,29.272554397583008,30.02693748474121,0.09461035579442978,473.630153918631,3,156,0.609375,24.10163116455078,32.882938385009766,0.11118518561124802,179.1411546102346,294.4889993083964,
1289357310_26a2f53437_1001_11786349@N08.jpg,30.050447,31.235675,31.732839584350586,-7.993927001953125,0.016116783022880554,3727.81169047056,2,90,0.3515625,31.732839584350586,-7.993927001953125,0.011069943197071552,3727.81169047056,0.0,
1289716380_697417ac40_1382_11786349@N08.jpg,25.710759,32.63832,26.616500854492188,29.84670066833496,0.2531396746635437,296.2438322094016,0,0,0.0,26.616500854492188,29.84670066833496,0.2531396746635437,296.2438322094016,0.0,
1289737112_0d52702257_1110_11786349@N08.jpg,25.754135,32.619781,25.741920471191406,32.603302001953125,0.08792965859174728,2.137448675137305,3,54,0.2109375,25.741920471191406,32.603302001953125,0.10066473484039307,2.137448675137305,0.0,
1292236241_522bdec086_1335_15274769@N00.jpg,-3.349213,36.687213,-12.431212425231934,40.60752868652344,0.047176338732242584,1098.1236015562456,5,188,0.734375,-12.431212425231934,40.60752868652344,0.05344206094741821,1098.1236015562456,0.0,
1293116004_cb46fbfe39_1336_15274769@N00.jpg,-5.953541,38.796152,-7.7086100578308105,38.15491485595703,0.03151459991931915,207.59862948964224,2,45,0.17578125,-24.931276321411133,31.61865234375,0.0241170022636652,2244.5831333372985,-2036.9845038476562,
1293505189_072a3104de_1427_97522422@N00.jpg,40.372182,49.834842,40.39990234375,49.86419677734375,0.017889555543661118,3.9601080805793982,5,256,1.0,40.39990234375,49.86419677734375,0.025496600195765495,3.9601080805793982,0.0,
1294140133_277c0f6eb6_1350_26519935@N00.jpg,22.309157,114.244068,22.274124145507812,114.14554595947266,0.04490058869123459,10.85919107503818,0,0,0.0,22.274124145507812,114.14554595947266,0.04490058869123459,10.85919107503818,0.0,
129432720_8054659c71_1_69212252@N00.jpg,41.87691,-87.627553,41.881919860839844,-87.63673400878906,0.009723120369017124,0.9423804687652553,0,0,0.0,41.881919860839844,-87.63673400878906,0.009723120369017124,0.9423804687652553,0.0,
129509096_0a9e9e9b0f_1_42485416@N00.jpg,48.861326,2.346954,48.86069107055664,2.351567029953003,0.008235733024775982,0.34476734127946024,8,51,0.19921875,48.86069107055664,2.351567029953003,0.008759844116866589,0.34476734127946024,0.0,
1296438631_17517c359d_1035_43935788@N00.jpg,38.461519,-82.645082,45.12464904785156,1.7239789962768555,0.009809787385165691,6708.5914409372745,1,72,0.28125,45.12464904785156,1.7239789962768555,0.023360932245850563,6708.5914409372745,0.0,
1297522299_1d487977b3_1008_85417391@N00.jpg,41.823005,-72.443321,45.72907257080078,-65.30994415283203,0.03524495288729668,718.3201011572835,0,0,0.0,45.72907257080078,-65.30994415283203,0.03524495288729668,718.3201011572835,0.0,
1300123632_36361364c9_1048_50435419@N00.jpg,43.036713,-88.241887,43.37904739379883,-84.66157531738281,0.015850016847252846,292.637073953906,1,66,0.2578125,39.41439437866211,-94.5079574584961,0.017664793878793716,660.6337640636867,-367.99669010978073,
1300383440_e445726635_1185_50435419@N00.jpg,43.036713,-88.241887,37.98043441772461,-90.04399108886719,0.013200623914599419,582.4682965300736,4,248,0.96875,37.98043441772461,-90.04399108886719,0.012827628292143345,582.4682965300736,0.0,
1301398204_91d2c72016_1205_65768710@N00.jpg,48.854875,2.347383,48.861854553222656,2.3366010189056396,0.007050811778753996,1.1065719667598672,1,224,0.875,48.861854553222656,2.3366010189056396,0.006976416800171137,1.1065719667598672,0.0,
130155278_0295cc4bc0_55_42485416@N00.jpg,23.163956,-81.232738,-12.5745849609375,-38.00016403198242,0.044020432978868484,6157.938427677922,2,11,0.04296875,-12.5745849609375,-38.00016403198242,0.041896939277648926,6157.938427677922,0.0,
1301640818_ae2a23eaef_1243_65768710@N00.jpg,48.854875,2.347383,48.874000549316406,2.2958199977874756,0.027474097907543182,4.330012387907502,3,26,0.1015625,48.874515533447266,2.2966790199279785,0.026483038440346718,4.304142703638146,0.025869684269355986,
130197022_8d06261ba7_55_42485416@N00.jpg,43.082712,-79.073882,43.08286666870117,-79.0744400024414,0.03442182391881943,0.0484709589969044,1,8,0.03125,43.08286666870117,-79.0744400024414,0.03457340970635414,0.0484709589969044,0.0,
130197353_352e2cc286_48_42485416@N00.jpg,45.499052,-73.552093,40.868675231933594,-124.08658599853516,0.00839086715131998,4061.4219737552944,13,194,0.7578125,40.868675231933594,-124.08658599853516,0.007413780782371759,4061.4219737552944,0.0,
1302320269_fc6a307a57_1414_56249023@N00.jpg,-13.529938,-71.952724,-13.516125679016113,-71.97870635986328,0.05534394085407257,3.20147245535682,0,0,0.0,-13.516125679016113,-71.97870635986328,0.05534394085407257,3.20147245535682,0.0,
130255570_f299828f32_54_66516604@N00.jpg,53.127204,-3.98735,53.11772537231445,-4.024428844451904,0.0923486053943634,2.689365057406351,1,15,0.05859375,53.11772537231445,-4.024428844451904,0.09423478692770004,2.689365057406351,0.0,
1303164579_aaaa55aaba_1288_43935788@N00.jpg,38.461519,-82.645082,26.550758361816406,-82.19953155517578,0.0007612088229507208,1325.071581643083,2,256,1.0,40.90180206298828,-74.00469970703125,0.00116593053098768,787.1986107720303,537.8729708710526,
1303949077_23dbb49738_1348_11786349@N08.jpg,-34.620424,-58.369674,-34.6085205078125,-58.373538970947266,0.013647192157804966,1.370051964235969,12,189,0.73828125,-34.60860824584961,-58.37362289428711,0.013237916864454746,1.3626455218213074,0.007406442414661596,
1304384259_3856ef14e7_1137_11786349@N08.jpg,-34.620424,-58.369674,32.07533264160156,-81.09333038330078,0.03100704774260521,7787.26906882538,1,32,0.125,32.07533264160156,-81.09333038330078,0.027673659846186638,7787.26906882538,0.0,
1304568210_41d6110f20_1295_11786349@N08.jpg,-50.396481,-73.031272,-50.24225997924805,-73.32731628417969,0.0867716446518898,27.126812968847002,0,0,0.0,-50.24225997924805,-73.32731628417969,0.0867716446518898,27.126812968847002,0.0,
1304739833_3ea33bdd0a_1429_11786349@N08.jpg,-50.396481,-73.031272,-50.20503234863281,-73.28567504882812,0.04614359512925148,27.922874709340423,1,120,0.46875,-50.20503234863281,-73.28567504882812,0.04975476861000061,27.922874709340423,0.0,
1304783312_333b198c30_1162_11786349@N08.jpg,-50.396481,-73.031272,-50.23798370361328,-73.33545684814453,0.058174025267362595,27.875989176146817,0,0,0.0,-50.23798370361328,-73.33545684814453,0.058174025267362595,27.875989176146817,0.0,
1305586742_609f59f844_1431_11786349@N08.jpg,-50.396481,-73.031272,-49.530555725097656,-72.29965209960938,0.058683302253484726,109.58770603140073,0,0,0.0,-49.530555725097656,-72.29965209960938,0.058683302253484726,109.58770603140073,0.0,
130646873_5571a97011_49_18684820@N00.jpg,37.445255,-122.162904,25.790830612182617,-80.13318634033203,0.0077307941392064095,4147.057581635144,1,192,0.75,25.790830612182617,-80.13318634033203,0.007675311528146267,4147.057581635144,0.0,
130650021_49c1fb0df2_52_18684820@N00.jpg,37.445255,-122.162904,37.78725814819336,-122.40735626220703,0.00204332172870636,43.70125203737889,3,64,0.25,-41.29013442993164,174.7772674560547,0.0026078259106725454,10844.140301156225,-10800.439049118846,
1315394026_64f26cee38_1312_89904893@N00.jpg,50.622404,-2.275586,50.62232208251953,-2.2756290435791016,0.14717157185077667,0.009601619731424637,0,0,0.0,50.62232208251953,-2.2756290435791016,0.14717157185077667,0.009601619731424637,0.0,
1319266947_876ba5b28e_1380_79039156@N00.jpg,40.706148,17.33591,38.56757354736328,-7.90943717956543,0.02372022718191147,2167.3093066902966,1,224,0.875,38.56757354736328,-7.90943717956543,0.0267308559268713,2167.3093066902966,0.0,
1323238107_eee7142781_1400_11786349@N08.jpg,-42.504502,-63.619937,36.618385314941406,-121.90206146240234,0.022913755849003792,10594.043514796862,1,66,0.2578125,36.618385314941406,-121.90206146240234,0.020428286865353584,10594.043514796862,0.0,
1324546426_7a13887c58_1216_11786349@N08.jpg,-41.144535,-71.304702,45.8194580078125,4.622413158416748,0.00681574922055006,12246.529869170794,1,256,1.0,45.8194580078125,4.622413158416748,0.010272580198943615,12246.529869170794,0.0,
1324644192_426f256077_1203_11786349@N08.jpg,-41.144535,-71.304702,-32.8907585144043,-68.83878326416016,0.0065821269527077675,943.4105860751172,8,88,0.34375,-32.8907585144043,-68.83878326416016,0.004999678116291761,943.4105860751172,0.0,
1324660448_c996c595db_1082_11786349@N08.jpg,-41.144535,-71.304702,44.6878776550293,7.061976909637451,0.03606850653886795,12317.974502799141,0,0,0.0,44.6878776550293,7.061976909637451,0.03606850653886795,12317.974502799141,0.0,
1329253238_3b1b76a747_1288_79039156@N00.jpg,41.890361,12.490167,41.89043045043945,12.489148139953613,0.01284219603985548,0.08469022068271005,1,32,0.125,41.89043045043945,12.489148139953613,0.012913757003843784,0.08469022068271005,0.0,
1332338678_42c42655de_1222_11786349@N08.jpg,-32.897533,-68.833808,41.5836067199707,1.6197960376739502,0.08789948374032974,10969.1689332535,11,110,0.4296875,41.5836067199707,1.6197960376739502,0.09330584853887558,10969.1689332535,0.0,
1332717371_0b5251f838_1350_9729483@N02.jpg,42.490857,-96.416632,38.494285583496094,-77.31317138671875,0.0021840031258761883,1671.383965040311,1,75,0.29296875,38.494285583496094,-77.31317138671875,0.0028184170369058847,1671.383965040311,0.0,
1333624324_f23b38fb53_1340_9729483@N02.jpg,42.307252,-96.320722,38.7142219543457,-90.47830963134766,0.022493205964565277,635.0050996346995,0,0,0.0,38.7142219543457,-90.47830963134766,0.022493205964565277,635.0050996346995,0.0,
1333746673_49d86db2c7_1246_79039156@N00.jpg,40.786195,17.236969,40.785560607910156,17.235231399536133,0.42577365040779114,0.16241137455492793,1,25,0.09765625,40.785560607910156,17.235231399536133,0.42547279596328735,0.16241137455492793,0.0,
1333791140_ef6f8d0ee4_1102_9729483@N02.jpg,41.010135,-96.303019,36.21958923339844,-95.9055404663086,0.04453672096133232,533.8014829669909,4,217,0.84765625,36.21958923339844,-95.9055404663086,0.042339399456977844,533.8014829669909,0.0,
1334591019_5959ffbbf2_1061_50994135@N00.jpg,56.528536,-6.784744,53.3009033203125,-8.741600036621094,0.005956678185611963,380.0256170680402,1,256,1.0,53.3009033203125,-8.741600036621094,0.008486684411764145,380.0256170680402,0.0,
1335712671_b5eed6419b_1076_99437479@N00.jpg,37.323826,26.542775,28.38924217224121,-16.52298355102539,0.039280232042074203,4106.360999095432,4,122,0.4765625,28.38924217224121,-16.52298355102539,0.025125259533524513,4106.360999095432,0.0,
1339265654_2c0b13ea09_1201_93455345@N00.jpg,34.691944,135.466918,35.67179870605469,139.76702880859375,0.004754882771521807,405.66911094202686,3,58,0.2265625,35.71278762817383,139.7967071533203,0.006263678893446922,409.41073432346775,-3.7416233814408884,
1339284664_c26d7fcee3_1016_93455345@N00.jpg,34.691944,135.466918,35.278385162353516,139.66201782226562,0.005563254468142986,387.674254853574,3,256,1.0,35.278385162353516,139.66201782226562,0.0069123320281505585,387.674254853574,0.0,
1342064999_3bd9ab7c28_1075_11786349@N08.jpg,-32.897533,-68.833808,40.85017776489258,17.12026023864746,0.0077931080013513565,12018.641777848963,5,124,0.484375,40.85017776489258,17.12026023864746,0.007715498562902212,12018.641777848963,0.0,
1342605412_be16a333a3_1259_50994135@N00.jpg,56.413569,-5.443983,56.282833099365234,-4.609167098999023,0.02494264394044876,53.454096747496976,1,144,0.5625,56.282833099365234,-4.609167098999023,0.0278298482298851,53.454096747496976,0.0,
1342950510_55358a1b9d_1121_11786349@N08.jpg,-32.897533,-68.833808,-32.84912109375,-68.81562042236328,0.01065785065293312,5.644775136743289,8,208,0.8125,-32.84912109375,-68.81562042236328,0.010423297062516212,5.644775136743289,0.0,
1343085868_18861e2149_1078_11786349@N08.jpg,-32.897533,-68.833808,-33.670066833496094,-69.13764953613281,0.025504639372229576,90.42575853337057,1,256,1.0,-33.670066833496094,-69.13764953613281,0.0237713810056448,90.42575853337057,0.0,
134325491_70d249d150_55_84498284@N00.jpg,41.893205,12.485167,41.8990592956543,12.476778030395508,0.004773089662194252,0.9517748270853058,2,150,0.5859375,41.8990592956543,12.476778030395508,0.004746397025883198,0.9517748270853058,0.0,
1343470355_1f5abc0196_1166_11786349@N08.jpg,-31.397897,-64.182472,20.745241165161133,-99.95196533203125,0.02469753473997116,6939.800968030237,0,0,0.0,20.745241165161133,-99.95196533203125,0.02469753473997116,6939.800968030237,0.0,
1344037949_1a3665ad3d_1394_11786349@N08.jpg,-25.277996,-65.476112,30.558713912963867,-8.646240234375,0.07743969559669495,8666.637354953069,0,0,0.0,30.558713912963867,-8.646240234375,0.07743969559669495,8666.637354953069,0.0,
1344160892_7ba880a020_1239_11786349@N08.jpg,-33.639847,-69.875621,-16.362308502197266,-68.2470703125,0.04582226648926735,1928.086681645399,3,120,0.46875,-16.362308502197266,-68.2470703125,0.049414802342653275,1928.086681645399,0.0,
1344177554_4e5a0f7431_1322_11786349@N08.jpg,-33.639847,-69.875621,29.015832901000977,87.4941635131836,0.06172271817922592,17809.893489443606,0,0,0.0,29.015832901000977,87.4941635131836,0.06172271817922592,17809.893489443606,0.0,
1344281668_415cb41e7d_1142_11786349@N08.jpg,-31.397897,-64.182472,-24.787357330322266,-65.40779113769531,0.02190265618264675,744.8020142641948,2,26,0.1015625,-24.787357330322266,-65.40779113769531,0.018474441021680832,744.8020142641948,0.0,
1345358029_1664cc187f_1318_11786349@N08.jpg,-31.397897,-64.182472,20.675886154174805,-103.34750366210938,0.00645064003765583,7138.758874340764,5,185,0.72265625,9.932835578918457,-84.08031463623047,0.0066520110704004765,5061.0976814187,2077.6611929220644,
1345873903_1690ffacbe_1374_11786349@N08.jpg,-24.787124,-65.414314,-25.713619232177734,-66.00208282470703,0.11132746189832687,118.77543532768067,0,0,0.0,-25.713619232177734,-66.00208282470703,0.11132746189832687,118.77543532768067,0.0,
1346676982_dc8e17dcdb_1213_11786349@N08.jpg,-24.787124,-65.414314,20.96710968017578,-89.62380981445312,0.019687309861183167,5721.135918291684,0,0,0.0,20.96710968017578,-89.62380981445312,0.019687309861183167,5721.135918291684,0.0,
1346831653_d9079cd9a8_1198_11786349@N08.jpg,-20.457333,-66.913604,29.0908260345459,83.4148941040039,0.05526523292064667,16879.55550673398,0,0,0.0,29.0908260345459,83.4148941040039,0.05526523292064667,16879.55550673398,0.0,
1347168398_11ddf283c6_1331_65768710@N00.jpg,-33.870344,151.225433,-33.871315002441406,151.208251953125,0.010066572576761246,1.5899078816213998,1,3,0.01171875,-33.871315002441406,151.208251953125,0.010182898491621017,1.5899078816213998,0.0,
1347352507_c957183767_1146_11786349@N08.jpg,-20.457333,-66.913604,-23.72186851501465,-67.8350830078125,0.18833495676517487,375.2061646297425,0,0,0.0,-23.72186851501465,-67.8350830078125,0.18833495676517487,375.2061646297425,0.0,
134738204_382d178c4c_48_96155869@N00.jpg,47.50375,19.058532,50.22936248779297,12.874387741088867,0.02256101556122303,544.211745626531,0,0,0.0,50.22936248779297,12.874387741088867,0.02256101556122303,544.211745626531,0.0,
134738205_31d6fe2300_46_96155869@N00.jpg,47.50375,19.058532,50.061187744140625,19.937368392944336,0.023187825456261635,291.5675654803185,1,192,0.75,50.061187744140625,19.937368392944336,0.023219255730509758,291.5675654803185,0.0,
134742472_c48a79fb05_46_96155869@N00.jpg,47.50375,19.058532,45.6507682800293,13.769989013671875,0.009615158662199974,453.56664606247693,3,34,0.1328125,45.6507682800293,13.769989013671875,0.009043941274285316,453.56664606247693,0.0,
134748098_708f26d4a9_45_96155869@N00.jpg,47.50375,19.058532,48.2282829284668,15.332976341247559,0.0033268840052187443,289.3231780195772,1,192,0.75,48.2282829284668,15.332976341247559,0.0036390929017215967,289.3231780195772,0.0,
134748100_f424b8bf3f_49_96155869@N00.jpg,47.50375,19.058532,42.267921447753906,2.9596080780029297,0.0016352449310943484,1392.074569558539,3,208,0.8125,42.267921447753906,2.9596080780029297,0.0022525719832628965,1392.074569558539,0.0,
134748101_56f256634f_47_96155869@N00.jpg,47.50375,19.058532,47.48986053466797,19.0478458404541,0.017327990382909775,1.7406355124296389,0,0,0.0,47.48986053466797,19.0478458404541,0.017327990382909775,1.7406355124296389,0.0,
134750510_02dcff4328_46_96155869@N00.jpg,47.50375,19.058532,47.499080657958984,19.04314613342285,0.017371566966176033,1.2670551679285762,0,0,0.0,47.499080657958984,19.04314613342285,0.017371566966176033,1.2670551679285762,0.0,
1347600659_88c757afc0_1063_50994135@N00.jpg,56.338046,-6.389579,49.98611068725586,20.3759765625,0.013990635983645916,1903.97477446429,1,110,0.4296875,49.98611068725586,20.3759765625,0.013738897629082203,1903.97477446429,0.0,
1347659436_1670d13f50_1122_11786349@N08.jpg,-20.457333,-66.913604,-23.72186851501465,-67.8350830078125,0.3285325765609741,375.2061646297425,1,6,0.0234375,-23.72186851501465,-67.8350830078125,0.28054681420326233,375.2061646297425,0.0,
1348254806_9773623620_1041_11786349@N08.jpg,-20.457333,-66.913604,-19.90106201171875,-67.62645721435547,0.1794605553150177,96.75395066045091,1,84,0.328125,-19.90106201171875,-67.62645721435547,0.13289055228233337,96.75395066045091,0.0,
1350713510_bede33fc72_1354_50994135@N00.jpg,56.412977,-5.471329,55.80099105834961,-6.079902172088623,0.05548509582877159,77.81174984642026,2,78,0.3046875,55.80099105834961,-6.079902172088623,0.056799549609422684,77.81174984642026,0.0,
135114980_3c12a84ca9_48_70323761@N00.jpg,37.97136,23.727797,37.64291763305664,21.626672744750977,0.021566707640886307,188.1634470467551,4,192,0.75,37.64291763305664,21.626672744750977,0.030279431492090225,188.1634470467551,0.0,
1352223289_07789b3625_1335_24311489@N00.jpg,41.883333,-87.6278,41.882022857666016,-87.6260986328125,0.007708283141255379,0.20263692601492664,7,181,0.70703125,41.882022857666016,-87.6260986328125,0.007551876362413168,0.20263692601492664,0.0,
1352605866_c9492f7724_1205_50994135@N00.jpg,56.952932,-7.483749,57.04586410522461,-7.451648235321045,0.16395801305770874,10.514876500017374,0,0,0.0,57.04586410522461,-7.451648235321045,0.16395801305770874,10.514876500017374,0.0,
1353805528_ef062711aa_1115_15376845@N00.jpg,41.482605,-73.137016,42.240081787109375,-83.52192687988281,0.19944019615650177,863.5854266591191,1,112,0.4375,42.240081787109375,-83.52192687988281,0.197561115026474,863.5854266591191,0.0,
1353839770_690cc854a8_1267_15376845@N00.jpg,41.482605,-73.137016,52.641082763671875,-2.3105618953704834,0.037788026034832,5279.910386441209,1,240,0.9375,52.641082763671875,-2.3105618953704834,0.03484668210148811,5279.910386441209,0.0,
1355206888_39136773a2_1173_44067110@N00.jpg,52.372536,4.89195,52.3755989074707,4.897263050079346,0.006162876263260841,0.4960669303467676,2,157,0.61328125,52.3763313293457,4.899386882781982,0.006328561808913946,0.658008126656126,-0.16194119630935838,
1356370638_0426ac7dcb_1264_23437487@N00.jpg,18.469468,-66.119842,18.466989517211914,-66.11621856689453,0.06212113797664642,0.47116595801411165,1,192,0.75,18.466989517211914,-66.11621856689453,0.06096501275897026,0.47116595801411165,0.0,
136130181_62907d33f2_50_18684820@N00.jpg,37.377898,-122.117757,-24.1931095123291,-65.29981231689453,0.0035719373263418674,9061.631870161933,2,256,1.0,-24.1931095123291,-65.29981231689453,0.0037173843011260033,9061.631870161933,0.0,
136353845_74031b3ca1_44_70323761@N00.jpg,38.881896,-77.041046,38.88222885131836,-77.03679656982422,0.021912982687354088,0.3696824051619527,0,0,0.0,38.88222885131836,-77.03679656982422,0.021912982687354088,0.3696824051619527,0.0,
136353947_c262689bc0_46_70323761@N00.jpg,38.887984,-77.048041,38.890010833740234,-77.0496597290039,0.013651289977133274,0.2653710611844736,4,122,0.4765625,38.890010833740234,-77.0496597290039,0.0161668099462986,0.2653710611844736,0.0,
136358852_1838d2bb1f_38_70323761@N00.jpg,36.412303,25.42983,36.421817779541016,25.429058074951172,0.05402756109833717,1.0602490017855069,1,108,0.421875,36.421817779541016,25.429058074951172,0.05415624752640724,1.0602490017855069,0.0,
136391842_68f06d661b_50_40279823@N00.jpg,39.145671,8.307573,-38.002723693847656,-57.5408935546875,0.0031183408573269844,10893.746867967611,8,204,0.796875,20.59185218811035,-100.3910903930664,0.0026015087496489286,10075.826377345513,817.9204906220984,
136609024_18c1c8dcb5_50_69212252@N00.jpg,41.948702,-87.655727,40.82923889160156,-73.9278793334961,0.06242349371314049,1150.7066349330526,10,97,0.37890625,40.82923889160156,-73.9278793334961,0.062458742409944534,1150.7066349330526,0.0,
136609298_840a239a07_47_69212252@N00.jpg,41.948702,-87.655727,41.94831848144531,-87.6556625366211,0.044691722840070724,0.04297731487193417,0,0,0.0,41.94831848144531,-87.6556625366211,0.044691722840070724,0.04297731487193417,0.0,
1367552397_bcb665cd04_1204_98545448@N00.jpg,28.41048,-16.55688,1.2564610242843628,103.82135772705078,0.007400731556117535,12869.519384563937,0,0,0.0,1.2564610242843628,103.82135772705078,0.007400731556117535,12869.519384563937,0.0,
1368606694_ab937b7b68_1026_98545448@N00.jpg,28.41176,-16.5357,28.417522430419922,-16.547834396362305,0.1253863275051117,1.3486660791356455,0,0,0.0,28.417522430419922,-16.547834396362305,0.1253863275051117,1.3486660791356455,0.0,
137043228_107fdc2e3e_49_63163416@N00.jpg,39.497616,33.253641,40.94126510620117,45.07347106933594,0.08621402829885483,1015.5151096900114,0,0,0.0,40.94126510620117,45.07347106933594,0.08621402829885483,1015.5151096900114,0.0,
1370960903_9d221ee27f_1110_23601949@N00.jpg,50.840595,4.3932,51.21697235107422,4.421224117279053,0.019959090277552605,41.897171840568,1,28,0.109375,51.21722412109375,4.420258045196533,0.015407293103635311,41.922032732804446,-0.02486089223644683,
137150404_f96a58534c_53_18684820@N00.jpg,37.809783,-122.279205,42.131439208984375,-83.1417236328125,0.028736306354403496,3340.011687809322,1,96,0.375,42.131439208984375,-83.1417236328125,0.03403773158788681,3340.011687809322,0.0,
137150643_a4a92b8528_52_18684820@N00.jpg,37.809783,-122.279205,33.760650634765625,-118.19469451904297,0.026468753814697266,581.63537171681,0,0,0.0,33.760650634765625,-118.19469451904297,0.026468753814697266,581.63537171681,0.0,
1371736638_5ac4bdff89_1278_23601949@N00.jpg,50.837302,4.350435,51.05397415161133,3.723026990890503,0.007896236144006252,50.125353782242705,1,176,0.6875,51.05397415161133,3.723026990890503,0.00816631130874157,50.125353782242705,0.0,
1375948742_e589d9e742_1191_9729483@N02.jpg,38.077495,-97.92906,41.59766387939453,-93.55296325683594,0.08329500257968903,540.9799135079968,9,67,0.26171875,41.59766387939453,-93.55296325683594,0.09758914262056351,540.9799135079968,0.0,
138375662_7c0781d232_56_23601949@N00.jpg,35.914309,-79.049334,49.516292572021484,31.956138610839844,0.01447925716638565,8347.255227836724,5,256,1.0,49.516292572021484,31.956138610839844,0.016758672893047333,8347.255227836724,0.0,
1384168949_239862d371_1155_70323761@N00.jpg,48.854846,2.316248,43.36250305175781,-5.84747314453125,0.0025977755431085825,876.0271873849528,0,0,0.0,43.36250305175781,-5.84747314453125,0.0025977755431085825,876.0271873849528,0.0,
1385529714_d911cf7771_1213_50517642@N00.jpg,34.040098,-118.270343,-33.91740036010742,151.23049926757812,0.008274710737168789,12071.639082033136,4,126,0.4921875,-33.91740036010742,151.23049926757812,0.007895142771303654,12071.639082033136,0.0,
1386768513_361870386f_1152_70323761@N00.jpg,48.852863,2.339122,48.85531997680664,2.3450980186462402,0.004646230023354292,0.5155675503330507,6,65,0.25390625,48.85531997680664,2.3450980186462402,0.0050597721710801125,0.5155675503330507,0.0,
1387040884_345294c41e_1154_70323761@N00.jpg,48.855334,2.315862,48.86101531982422,2.3356239795684814,0.0068436129949986935,1.5777437448347067,1,208,0.8125,48.86101531982422,2.3356239795684814,0.007193883880972862,1.5777437448347067,0.0,
1388076875_5eb2f52dba_1218_74196805@N00.jpg,51.480941,-3.182559,49.192298889160156,-2.100554943084717,0.01817270740866661,265.81174432396097,3,165,0.64453125,49.192298889160156,-2.100554943084717,0.017356466501951218,265.81174432396097,0.0,
1388999682_0dc47349fe_1001_50435419@N00.jpg,39.946364,-87.059569,38.14886474609375,-90.53768920898438,0.045631371438503265,360.73758302804015,1,9,0.03515625,38.14886474609375,-90.53768920898438,0.045142896473407745,360.73758302804015,0.0,
1389099936_4f28149d3b_1012_70323761@N00.jpg,48.844775,2.352393,43.20746612548828,2.36240291595459,0.003951523452997208,626.8414873840319,3,105,0.41015625,45.99384307861328,4.648402214050293,0.006296971812844276,360.97952447788794,265.86196290614396,
139128782_dc4e0e1b44_55_82927779@N00.jpg,-28.652783,20.446243,-35.02164840698242,138.7124786376953,0.0172160342335701,10422.93461925325,2,256,1.0,-35.02164840698242,138.7124786376953,0.018827591091394424,10422.93461925325,0.0,
139129008_0d0fdae5b0_44_82927779@N00.jpg,-28.674172,20.527095,-24.31424903869629,18.004016876220703,0.14813227951526642,545.9157303279806,0,0,0.0,-24.31424903869629,18.004016876220703,0.14813227951526642,545.9157303279806,0.0,
1391821404_2e29a83777_1315_61417564@N00.jpg,15.86893,-61.57543,17.932355880737305,-62.85612869262695,0.0668940320611,266.84697235162895,0,0,0.0,17.932355880737305,-62.85612869262695,0.0668940320611,266.84697235162895,0.0,
1393279130_7fc2413121_1079_70323761@N00.jpg,48.859929,2.326183,27.382713317871094,-82.56077575683594,0.004392523784190416,7396.622394181901,2,208,0.8125,27.382713317871094,-82.56077575683594,0.003971910569816828,7396.622394181901,0.0,
1394279368_872342f02e_1251_70323761@N00.jpg,48.854035,2.333655,41.90241241455078,12.453710556030273,0.003686981974169612,1103.7871503317635,0,0,0.0,41.90241241455078,12.453710556030273,0.003686981974169612,1103.7871503317635,0.0,
1395394586_9076002eee_1025_36093984@N00.jpg,45.595542,25.552825,45.558834075927734,18.67598533630371,0.037626005709171295,535.0811233592931,5,23,0.08984375,45.558834075927734,18.67598533630371,0.03260066732764244,535.0811233592931,0.0,
139606509_a57318c3ed_48_14542551@N00.jpg,49.035617,104.066791,48.766597747802734,106.31607055664062,0.07467351853847504,167.10420775761608,0,0,0.0,48.766597747802734,106.31607055664062,0.07467351853847504,167.10420775761608,0.0,
1396805906_2884c6e192_1016_70323761@N00.jpg,48.855743,2.287843,48.8659553527832,2.321033000946045,0.004444886464625597,2.6804139086925516,1,105,0.41015625,48.8659553527832,2.321033000946045,0.004720244091004133,2.6804139086925516,0.0,
1397079054_476c297c47_1182_67879480@N00.jpg,55.749723,37.624998,55.75426483154297,37.61864471435547,0.027573127299547195,0.6427448318259814,4,246,0.9609375,55.75426483154297,37.61864471435547,0.0277054812759161,0.6427448318259814,0.0,
1397714919_58377b610b_1117_7885919@N07.jpg,48.861835,2.318345,51.50676727294922,-0.12846699357032776,0.003039462259039283,341.7835906595568,3,137,0.53515625,51.50676727294922,-0.12846699357032776,0.0026793968863785267,341.7835906595568,0.0,
1397742163_1a6b87eb5a_1164_7885919@N07.jpg,48.862195,2.317262,48.80500411987305,2.1192879676818848,0.041602253913879395,15.824528431594644,7,256,1.0,48.80500411987305,2.1192879676818848,0.04115614295005798,15.824528431594644,0.0,
1399334159_ded0f3866e_1173_23601949@N00.jpg,43.89715,-69.518051,44.79316329956055,-62.69768524169922,0.05404096096754074,551.2578075515383,2,162,0.6328125,44.79316329956055,-62.69768524169922,0.04896292835474014,551.2578075515383,0.0,
1403169945_82348edf46_1129_11786349@N08.jpg,-20.457333,-66.913604,-23.72186851501465,-67.8350830078125,0.09884164482355118,375.2061646297425,0,0,0.0,-23.72186851501465,-67.8350830078125,0.09884164482355118,375.2061646297425,0.0,
1403253427_7a36819f5e_1108_11786349@N08.jpg,-20.457333,-66.913604,-23.288795471191406,-68.17694854736328,0.27057191729545593,340.75939920388373,3,86,0.3359375,-23.288795471191406,-68.17694854736328,0.22745944559574127,340.75939920388373,0.0,
1403883634_ef6873ac58_1229_30571787@N00.jpg,44.302038,9.211682,44.35112762451172,9.150538444519043,0.02281261794269085,7.3110187107514015,0,0,0.0,44.35112762451172,9.150538444519043,0.02281261794269085,7.3110187107514015,0.0,
1403895483_6275236853_1310_11786349@N08.jpg,-25.692894,-54.446353,-25.589826583862305,-54.59149169921875,0.06659577786922455,18.521050711939633,0,0,0.0,-25.589826583862305,-54.59149169921875,0.06659577786922455,18.521050711939633,0.0,
1404679418_601bdb6cb3_1010_11786349@N08.jpg,-25.692894,-54.446353,14.822389602661133,-89.15010070800781,0.015339545905590057,5865.7960895518045,3,256,1.0,14.822389602661133,-89.15010070800781,0.015432319603860378,5865.7960895518045,0.0,
1404731528_7a541c7416_1438_11786349@N08.jpg,-25.692894,-54.446353,26.17711067199707,-98.36524963378906,0.020538173615932465,7446.334799579053,1,72,0.28125,26.175243377685547,-98.36494445800781,0.024984236806631088,7446.161723586344,0.1730759927086183,
1404856312_2b42ffc6fc_1197_11786349@N08.jpg,-25.692894,-54.446353,43.118011474609375,-79.06881713867188,0.032567303627729416,8055.420409054732,0,0,0.0,43.118011474609375,-79.06881713867188,0.032567303627729416,8055.420409054732,0.0,
1404943106_79473320ae_1187_11786349@N08.jpg,-25.692894,-54.446353,-25.53740119934082,-54.59930419921875,0.09054148942232132,23.11135891450531,0,0,0.0,-25.53740119934082,-54.59930419921875,0.09054148942232132,23.11135891450531,0.0,
140569222_85ec512f5d_45_85417391@N00.jpg,48.859294,2.343864,48.80662155151367,2.113924026489258,0.04348929598927498,17.820397585871103,0,0,0.0,48.80662155151367,2.113924026489258,0.04348929598927498,17.820397585871103,0.0,
1407798359_570d7be503_1242_11786349@N08.jpg,-34.620424,-58.369674,40.77914810180664,-73.96273803710938,0.0033103928435593843,8534.607685355899,1,256,1.0,50.69295883178711,3.1680850982666016,0.003276430070400238,11232.968446487706,-2698.3607611318075,
1407883917_e96b68342f_1021_11786349@N08.jpg,-34.620424,-58.369674,-34.6085205078125,-58.373538970947266,0.011961949989199638,1.370051964235969,3,129,0.50390625,-34.60860824584961,-58.37362289428711,0.011031131260097027,1.3626455218213074,0.007406442414661596,
1409290106_c2eb3fc6fb_1358_88483799@N00.jpg,39.39751,-76.600466,40.67315673828125,-74.53358459472656,0.011261860840022564,226.00674947796344,2,215,0.83984375,40.67315673828125,-74.53358459472656,0.011493179015815258,226.00674947796344,0.0,
1409312350_af3d22a110_1389_88483799@N00.jpg,39.395114,-76.602344,38.97435760498047,-77.03514862060547,0.027680953964591026,59.83658852947811,1,150,0.5859375,38.97435760498047,-77.03514862060547,0.030159179121255875,59.83658852947811,0.0,
141288167_7321e778af_54_85417391@N00.jpg,48.859294,2.343864,48.857826232910156,2.3411169052124023,0.00405082805082202,0.2588941102110283,2,228,0.890625,48.857826232910156,2.3411169052124023,0.003844508668407798,0.2588941102110283,0.0,
1413398881_4cecb99a7b_1200_73293249@N00.jpg,51.503018,-0.204759,52.53721237182617,13.576269149780273,0.007910174317657948,948.5112631714604,0,0,0.0,52.53721237182617,13.576269149780273,0.007910174317657948,948.5112631714604,0.0,
1413521035_a30171c418_1402_73293249@N00.jpg,51.507886,-0.128336,51.508392333984375,-0.1279889941215515,0.0059133367612957954,0.06120988221734945,0,0,0.0,51.508392333984375,-0.1279889941215515,0.0059133367612957954,0.06120988221734945,0.0,
1413619747_d7903c0e93_1364_73293249@N00.jpg,51.511538,-0.119897,40.76276779174805,-73.97837829589844,0.0027851019985973835,5565.310415519758,3,50,0.1953125,40.76276779174805,-73.97837829589844,0.00275493529625237,5565.310415519758,0.0,
1413644279_bd885b7f3c_1349_73293249@N00.jpg,51.508373,-0.126366,51.51055908203125,-0.12943199276924133,0.00344674801453948,0.32266299124462544,2,12,0.046875,51.51055908203125,-0.12943199276924133,0.0034306063316762447,0.32266299124462544,0.0,
1414473940_08d97d09f6_1244_73293249@N00.jpg,51.499163,-0.162777,53.10577392578125,-2.021354913711548,0.0028138638008385897,218.81052601309779,4,127,0.49609375,39.433284759521484,-76.62342834472656,0.0024581807665526867,5830.552127927334,-5611.7416019142365,
1417701803_884aaf3fe2_1028_15376845@N00.jpg,41.547018,-73.029749,39.62964630126953,-79.95783233642578,0.07740002870559692,622.4354338750227,0,0,0.0,39.62964630126953,-79.95783233642578,0.07740002870559692,622.4354338750227,0.0,
1417732845_8f6f8f4092_1221_77235581@N00.jpg,58.20312,-6.379559,60.00533676147461,20.00284194946289,0.04656907916069031,1509.283190463362,1,112,0.4375,60.00533676147461,20.00284194946289,0.04894205182790756,1509.283190463362,0.0,
1417808121_c7a24a29df_1161_15376845@N00.jpg,41.547018,-73.029749,41.03038024902344,-74.28655242919922,0.005303705111145973,119.69287617729638,0,0,0.0,41.03038024902344,-74.28655242919922,0.005303705111145973,119.69287617729638,0.0,
141803382_35d0352693_45_51035632501@N01.jpg,-27.464499,153.009681,-33.844329833984375,151.0621795654297,0.08992834389209747,733.4074011217097,2,24,0.09375,-33.844329833984375,151.0621795654297,0.08721455186605453,733.4074011217097,0.0,
1418555842_07c89e4599_1143_15376845@N00.jpg,41.547018,-73.029749,43.21918869018555,23.2965087890625,0.0019466339144855738,7426.874814904366,0,0,0.0,43.21918869018555,23.2965087890625,0.0019466339144855738,7426.874814904366,0.0,
1418574240_977c307033_1371_15376845@N00.jpg,41.547018,-73.029749,42.211212158203125,-72.60186004638672,0.04244578629732132,81.91141336353228,1,176,0.6875,42.211212158203125,-72.60186004638672,0.04482303932309151,81.91141336353228,0.0,
1418634028_059e73ebaf_1046_15376845@N00.jpg,41.547018,-73.029749,35.08346939086914,-90.05594635009766,0.009969467297196388,1646.2415167490094,1,48,0.1875,35.08346939086914,-90.05594635009766,0.009880979545414448,1646.2415167490094,0.0,
1418704382_6138cdb429_1378_15376845@N00.jpg,41.547018,-73.029749,52.94540023803711,5.965822219848633,0.0032462559174746275,5784.369203526871,1,130,0.5078125,52.94540023803711,5.965822219848633,0.004305471200495958,5784.369203526871,0.0,
142108311_4cc11320e6_50_11114422@N00.jpg,51.096272,-0.181446,52.270442962646484,4.545936107635498,0.04081502929329872,351.00943283349585,8,102,0.3984375,52.270442962646484,4.545936107635498,0.0542786605656147,351.00943283349585,0.0,
1422853173_2acc46e311_1172_70323761@N00.jpg,48.852849,2.350285,51.27981185913086,1.0828499794006348,0.006625226698815823,284.61382427219064,6,163,0.63671875,48.44804000854492,1.487637996673584,0.0069445958361029625,77.72975841202907,206.88406586016157,
1424280848_41d1636615_1343_96928198@N00.jpg,59.671883,10.620775,60.00575256347656,5.207672119140625,0.09076058864593506,304.6029258521285,1,144,0.5625,60.00575256347656,5.207672119140625,0.07529552280902863,304.6029258521285,0.0,
1428156208_25c84442f7_1080_22941966@N00.jpg,43.801833,-91.252,44.77616882324219,-94.98761749267578,0.03655388951301575,316.42770273564497,1,55,0.21484375,44.77616882324219,-94.98761749267578,0.031447313725948334,316.42770273564497,0.0,
1429153870_ab4563bc6e_1252_77235581@N00.jpg,58.261277,-6.139812,60.48522186279297,-1.4998910427093506,0.06720220297574997,360.73170378763916,0,0,0.0,60.48522186279297,-1.4998910427093506,0.06720220297574997,360.73170378763916,0.0,
143033183_8fd477e31d_56_46054052@N00.jpg,-12.608176,132.297363,-17.874610900878906,138.28443908691406,0.06571269035339355,868.9762319166631,0,0,0.0,-17.874610900878906,138.28443908691406,0.06571269035339355,868.9762319166631,0.0,
1433387965_ce90b5bc81_1331_97522422@N00.jpg,60.393398,5.33178,3.1486690044403076,101.71306610107422,0.0014586037723347545,10052.610040988195,0,0,0.0,3.1486690044403076,101.71306610107422,0.0014586037723347545,10052.610040988195,0.0,
1433405849_7eb435c131_1060_97522422@N00.jpg,60.390748,5.321009,31.784908294677734,35.218177795410156,0.0017475243657827377,3859.5988643178703,2,42,0.1640625,31.784908294677734,35.218177795410156,0.0010190177708864212,3859.5988643178703,0.0,
1434280462_b424fafbcd_1033_97522422@N00.jpg,60.394798,5.322682,64.14535522460938,-21.929569244384766,0.003027775790542364,1457.538077198356,2,224,0.875,64.14535522460938,-21.929569244384766,0.004046359099447727,1457.538077198356,0.0,
1434291853_faa298e88a_1080_15376845@N00.jpg,41.334931,-72.90243,37.47077178955078,-122.3113021850586,0.006364612840116024,4209.543532413625,1,90,0.3515625,35.42070388793945,137.09744262695312,0.005154511891305447,10948.32289263896,-6738.779360225335,
1435158786_27638e84a3_1131_15376845@N00.jpg,41.334931,-72.90243,-37.80266571044922,175.30116271972656,0.02744385227560997,14309.753018207792,2,178,0.6953125,-41.27493667602539,173.28366088867188,0.029631013050675392,14629.9672651515,-320.2142469437076,
143699234_fe93cf7e84_55_70323761@N00.jpg,25.790946,-80.133633,25.790424346923828,-80.13377380371094,0.03823405131697655,0.05969370325291588,1,240,0.9375,25.790424346923828,-80.13377380371094,0.03947659209370613,0.05969370325291588,0.0,
143709426_5d2dcad5e5_52_70323761@N00.jpg,39.094514,-84.510312,39.08920669555664,-84.51155853271484,0.05519520491361618,0.5998713938741299,0,0,0.0,39.08920669555664,-84.51155853271484,0.05519520491361618,0.5998713938741299,0.0,
143717975_c1f50a2d44_46_70323761@N00.jpg,39.905316,-75.166236,39.90584945678711,-75.16626739501953,0.15953099727630615,0.05937818787508302,1,1,0.00390625,39.90584945678711,-75.16626739501953,0.15958331525325775,0.05937818787508302,0.0,
143718342_24d7f1a6c0_49_70323761@N00.jpg,39.906888,-75.1666,39.90584945678711,-75.16626739501953,0.16717098653316498,0.11891470525895109,1,2,0.0078125,39.90584945678711,-75.16626739501953,0.16718271374702454,0.11891470525895109,0.0,
1439282511_637e146810_1059_70323761@N00.jpg,48.840292,2.34977,48.88600158691406,2.3429999351501465,0.006338920909911394,5.10675103598971,4,242,0.9453125,48.88600158691406,2.3429999351501465,0.0061003342270851135,5.10675103598971,0.0,
1439496567_d11099afd3_1400_70323761@N00.jpg,48.852665,2.367634,52.4996223449707,13.419949531555176,0.0011312032584100962,876.7720664770816,0,0,0.0,52.4996223449707,13.419949531555176,0.0011312032584100962,876.7720664770816,0.0,
1439764921_79ff783423_1129_91062007@N00.jpg,36.859948,-75.978484,36.888389587402344,-76.30470275878906,0.007830081507563591,29.189331734492033,3,33,0.12890625,36.86756896972656,-76.29835510253906,0.006988402921706438,28.469362243840365,0.7199694906516676,
1440937386_f2e8c786cb_1104_70323761@N00.jpg,48.873832,2.295064,48.858360290527344,2.2945759296417236,0.006005276460200548,1.7207483590377397,0,0,0.0,48.858360290527344,2.2945759296417236,0.006005276460200548,1.7207483590377397,0.0,
144544459_664547d7e4_53_14542551@N00.jpg,47.91939,106.917057,15.87647819519043,108.3342056274414,0.010057209990918636,3565.3810522201666,4,246,0.9609375,15.87647819519043,108.3342056274414,0.01077506598085165,3565.3810522201666,0.0,
144674080_e1cc10f2b7_53_49503208420@N01.jpg,41.456911,2.057404,36.83388137817383,-3.9755051136016846,0.004674612078815699,731.017975584315,1,2,0.0078125,36.83388137817383,-3.9755051136016846,0.004677481018006802,731.017975584315,0.0,
144721518_64de9b1726_48_82927779@N00.jpg,-33.8812,18.6357,-35.1164665222168,147.35618591308594,0.011220990680158138,10672.0001264803,4,256,1.0,-35.1164665222168,147.35618591308594,0.01088784821331501,10672.0001264803,0.0,
144751098_42ff5d78dc_48_82927779@N00.jpg,-34.1644,18.8589,41.68932342529297,10.34912109375,0.038978200405836105,8479.21670669181,1,208,0.8125,41.68932342529297,10.34912109375,0.03952658921480179,8479.21670669181,0.0,
1448913311_682c1b352a_1102_98545448@N00.jpg,44.0,11.0,38.55082321166992,-8.794255256652832,0.03919128328561783,1756.3300088522553,1,84,0.328125,38.55082321166992,-8.794255256652832,0.03701269254088402,1756.3300088522553,0.0,
144923582_a38a726f01_44_18684820@N00.jpg,37.781298,-122.424774,37.77029037475586,-122.50917053222656,0.049548130482435226,7.517930641912336,0,0,0.0,37.77029037475586,-122.50917053222656,0.049548130482435226,7.517930641912336,0.0,
144924835_553de1e86e_51_18684820@N00.jpg,37.781298,-122.424774,37.77029037475586,-122.50917053222656,0.06133680418133736,7.517930641912336,0,0,0.0,37.77029037475586,-122.50917053222656,0.06133680418133736,7.517930641912336,0.0,
144932452_72bb0014e2_56_18684820@N00.jpg,37.781298,-122.424774,37.8021125793457,-122.44864654541016,0.022594982758164406,3.1236513153309993,0,0,0.0,37.8021125793457,-122.44864654541016,0.022594982758164406,3.1236513153309993,0.0,
1449758003_5f3d505402_1363_36093984@N00.jpg,47.512852,19.079754,50.70983123779297,7.141627788543701,0.0038787282537668943,937.4934554401248,1,4,0.015625,-35.2972297668457,149.13479614257812,0.003786958521232009,15716.115670887013,-14778.622215446889,
145092128_b7c078ab88_48_88483799@N00.jpg,39.45099,-76.587817,39.38290786743164,-89.07469940185547,0.0060477228835225105,1071.8327268795529,0,0,0.0,39.38290786743164,-89.07469940185547,0.0060477228835225105,1071.8327268795529,0.0,
145638495_67d3159f05_53_69212252@N00.jpg,35.318346,24.325017,37.69090270996094,26.943111419677734,0.03168868646025658,352.60902990362274,2,48,0.1875,37.69090270996094,26.943111419677734,0.029507605358958244,352.60902990362274,0.0,
145639002_c3a6121180_50_69212252@N00.jpg,35.318346,24.325017,37.561859130859375,25.18881607055664,0.004078986123204231,261.15655034053333,2,98,0.3828125,42.267921447753906,2.9596080780029297,0.003993072547018528,1999.4457755439626,-1738.2892252034292,
1459427691_7854826cee_1082_77235581@N00.jpg,58.20312,-6.379559,57.28331756591797,-5.714704990386963,0.08951402455568314,109.62309489023484,0,0,0.0,57.28331756591797,-5.714704990386963,0.08951402455568314,109.62309489023484,0.0,
146028219_0e8b5712f5_55_46054052@N00.jpg,-16.917238,145.773468,-16.921323776245117,145.77850341796875,0.15140865743160248,0.7023932043693069,0,0,0.0,-16.921323776245117,145.77850341796875,0.15140865743160248,0.7023932043693069,0.0,
147006132_8f66c6164a_46_69212252@N00.jpg,41.396899,2.169027,41.403465270996094,2.174420118331909,0.02326938882470131,0.8575829258101981,0,0,0.0,41.403465270996094,2.174420118331909,0.02326938882470131,0.8575829258101981,0.0,
147027079_76f2bd040e_54_69212252@N00.jpg,41.38943,2.18585,-31.72553825378418,-60.53089141845703,0.003183819819241762,10359.198133186308,3,224,0.875,-26.410551071166992,-54.62574005126953,0.0037534020375460386,9537.45363020925,821.7445029770588,
147073780_4ea5f4062e_51_82927779@N00.jpg,-34.1154,19.0352,-34.03941345214844,24.064865112304688,0.07495807856321335,463.26649212549796,5,176,0.6875,-34.03941345214844,24.064865112304688,0.05860922485589981,463.26649212549796,0.0,
147074401_f7808ab1de_49_82927779@N00.jpg,-34.1154,19.0352,35.59687805175781,-105.7704849243164,0.03155123442411423,15044.018672897011,2,162,0.6328125,34.41244888305664,-112.4517593383789,0.038231924176216125,15601.009543577597,-556.9908706805854,
147161933_563ed66668_54_69212252@N00.jpg,35.370015,24.230346,38.756690979003906,30.531381607055664,0.024295803159475327,673.8227654786436,1,144,0.5625,38.756690979003906,30.531381607055664,0.029574306681752205,673.8227654786436,0.0,
147590406_89c5176d13_55_96155869@N00.jpg,45.793262,24.150695,45.79721450805664,24.148738861083984,0.12302069365978241,0.4649291796105855,1,72,0.28125,45.79721450805664,24.148738861083984,0.1104225218296051,0.4649291796105855,0.0,
147592083_a7ec8db93f_53_96155869@N00.jpg,45.793262,24.150695,46.22106170654297,24.795040130615234,0.034046996384859085,68.84234890385159,0,0,0.0,46.22106170654297,24.795040130615234,0.034046996384859085,68.84234890385159,0.0,
147843919_ca25979404_51_69212252@N00.jpg,37.98331,23.745059,37.97145462036133,23.726648330688477,0.018555115908384323,2.0837028118331555,0,0,0.0,37.97145462036133,23.726648330688477,0.018555115908384323,2.0837028118331555,0.0,
147952757_809c6ed52e_49_18684820@N00.jpg,37.331795,-121.928758,38.52678298950195,-120.80484008789062,0.02482706308364868,165.44584169387127,3,201,0.78515625,38.52678298950195,-120.80484008789062,0.021678606048226357,165.44584169387127,0.0,
148132071_d34756b6a1_52_96155869@N00.jpg,45.793262,24.150695,45.79721450805664,24.148738861083984,0.10579780489206314,0.4649291796105855,0,0,0.0,45.79721450805664,24.148738861083984,0.10579780489206314,0.4649291796105855,0.0,
149061074_32b49b014b_54_18684820@N00.jpg,37.781298,-122.424774,33.93864822387695,-118.24249267578125,0.0014268354279920459,569.6194168185172,2,45,0.17578125,18.379369735717773,-71.53069305419922,0.002018705941736698,5361.895475852911,-4792.276059034393,
149075440_b0db725148_53_18684820@N00.jpg,37.781298,-122.424774,32.729896545410156,-117.15047454833984,0.033366553485393524,737.8508938339894,0,0,0.0,32.729896545410156,-117.15047454833984,0.033366553485393524,737.8508938339894,0.0,
149105529_b3a4e8192e_50_90833046@N00.jpg,58.476824,7.209606,63.58198547363281,10.9599027633667,0.032658595591783524,602.2819880785594,0,0,0.0,63.58198547363281,10.9599027633667,0.032658595591783524,602.2819880785594,0.0,
149167298_0e5d506d05_55_81421684@N00.jpg,-41.580717,145.935001,-41.89435577392578,146.0906982421875,0.10533390194177628,37.190945057374165,1,112,0.4375,-41.89435577392578,146.0906982421875,0.12733426690101624,37.190945057374165,0.0,
149526558_f698e05dfa_56_42126397@N00.jpg,51.475395,-3.164577,53.36235809326172,-2.2742979526519775,0.032451316714286804,218.32999145430176,2,113,0.44140625,50.0811653137207,19.808509826660156,0.02569642663002014,1615.9721712753137,-1397.642179821012,
149540682_168698b38d_54_70323761@N00.jpg,36.101275,-115.172418,36.109554290771484,-115.17375183105469,0.010737353935837746,0.9283822370719108,1,180,0.703125,36.109554290771484,-115.17375183105469,0.010675056837499142,0.9283822370719108,0.0,
149541933_8f4f14047e_44_70323761@N00.jpg,36.101821,-115.173352,36.1010856628418,-115.17422485351562,0.014289925806224346,0.113292972785361,0,0,0.0,36.1010856628418,-115.17422485351562,0.014289925806224346,0.113292972785361,0.0,
149595930_cb9cc33668_48_70323761@N00.jpg,18.32351,-65.765925,21.33823013305664,-157.80543518066406,0.05894812196493149,9478.62222442248,1,12,0.046875,21.33823013305664,-157.80543518066406,0.06249810755252838,9478.62222442248,0.0,
149758042_f684833100_55_50994135@N00.jpg,55.778672,-5.098857,49.2109260559082,-123.23870849609375,0.0348525196313858,7014.036499170546,0,0,0.0,49.2109260559082,-123.23870849609375,0.0348525196313858,7014.036499170546,0.0,
149770181_3cc1a80695_51_70323761@N00.jpg,39.938352,-75.157932,40.04006576538086,-76.30809783935547,0.030149094760417938,98.63689009406036,7,90,0.3515625,40.04006576538086,-76.30809783935547,0.030137060210108757,98.63689009406036,0.0,
149866866_e6a46a330b_52_63163416@N00.jpg,41.023297,28.990259,40.9535026550293,17.304431915283203,0.0009693239699117839,980.1446630573408,1,256,1.0,32.64833450317383,-16.91019058227539,0.0009754067286849022,4140.306613887925,-3160.161950830584,
149875000_472676347e_49_63163416@N00.jpg,41.023297,28.990259,34.23529052734375,-77.95108795166016,0.014500826597213745,8805.762612496696,1,256,1.0,34.23529052734375,-77.95108795166016,0.01592494547367096,8805.762612496696,0.0,
149933808_2c100376d6_52_67879480@N00.jpg,15.357362,44.201259,16.886432647705078,-24.983339309692383,0.016132280230522156,7352.211601558005,12,217,0.84765625,16.886432647705078,-24.983339309692383,0.01565849967300892,7352.211601558005,0.0,
149949702_f90e05b5f0_48_67879480@N00.jpg,1.304513,103.821487,4.887269973754883,114.93690490722656,0.017447546124458313,1296.6826046299216,2,10,0.0390625,4.887269973754883,114.93690490722656,0.018344828858971596,1296.6826046299216,0.0,
149950164_367962d6b0_56_67879480@N00.jpg,1.304513,103.821487,40.626136779785156,14.373722076416016,0.0008712582057341933,9866.512650816216,14,240,0.9375,-27.46967315673828,153.02523803710938,0.0010514464229345322,6150.827390347279,3715.6852604689366,
150023825_1be7481535_52_18684820@N00.jpg,37.350611,-121.98252,38.52678298950195,-120.80484008789062,0.01301560364663601,166.64252689380854,1,224,0.875,38.52678298950195,-120.80484008789062,0.016802024096250534,166.64252689380854,0.0,
150027080_5686e4610e_48_18684820@N00.jpg,37.350611,-121.98252,-26.404659271240234,-54.620819091796875,0.0038247050251811743,9980.417860922207,3,46,0.1796875,-28.22296142578125,-48.65544128417969,0.00398098211735487,10555.805071518305,-575.3872105960982,
150231770_b286dbb25b_44_18684820@N00.jpg,37.445255,-122.162904,42.68706130981445,-83.1942138671875,0.0013853134587407112,3336.6606084925806,2,121,0.47265625,41.25272750854492,-95.93199920654297,0.001679130713455379,2285.7982570337513,1050.8623514588294,
150801299_c3eab611fc_44_70323761@N00.jpg,42.349576,-71.099674,42.359901428222656,-71.08846282958984,0.015500436536967754,1.472041162078381,0,0,0.0,42.359901428222656,-71.08846282958984,0.015500436536967754,1.472041162078381,0.0,
150891657_8ea3eb60ca_46_70323761@N00.jpg,42.359213,-71.056855,43.07749938964844,-70.7576675415039,0.00705472519621253,83.52597000764875,1,72,0.28125,41.95594024658203,-70.66232299804688,0.006090237759053707,55.39308126872555,28.1328887389232,
150894163_98eaf5e3e3_52_70323761@N00.jpg,42.350163,-71.076285,42.359161376953125,-71.05794525146484,0.014386767521500587,1.8089323450999428,8,118,0.4609375,42.359161376953125,-71.05794525146484,0.013917595148086548,1.8089323450999428,0.0,
152451822_06f9b5cff0_46_70323761@N00.jpg,40.757875,-73.957128,40.757755279541016,-73.95539093017578,0.014609326608479023,0.14691359896277106,1,60,0.234375,40.7515983581543,-73.95946502685547,0.01438074465841055,0.7251614115845222,-0.5782478126217512,
152574094_fdb6569e00_45_50994135@N00.jpg,55.857377,-5.094671,54.23721694946289,-1.2078089714050293,0.010673262178897858,306.13696718079996,3,31,0.12109375,54.23721694946289,-1.2078089714050293,0.019575195387005806,306.13696718079996,0.0,
152574247_4462a1a738_56_50994135@N00.jpg,55.867413,-5.096282,48.25971221923828,-1.6735260486602783,0.011927315033972263,877.4239860691415,2,15,0.05859375,50.68049621582031,6.006689071655273,0.010607345961034298,935.0018629027884,-57.57787683364688,
152575746_29634262e5_47_50994135@N00.jpg,55.933843,-5.179604,56.23394775390625,-4.428839206695557,0.04995831102132797,57.29990492375586,2,208,0.8125,53.0069580078125,-6.347093105316162,0.043430864810943604,334.071506695269,-276.77160177151313,
152679292_649cde712c_50_50994135@N00.jpg,56.004972,-5.096484,53.475223541259766,-1.9031230211257935,0.0028466747608035803,347.9820963247756,1,15,0.05859375,53.475223541259766,-1.9031230211257935,0.003663385286927223,347.9820963247756,0.0,
153750307_6ce5b13522_71_50994135@N00.jpg,41.119366,1.258863,39.46025085449219,-5.881525993347168,0.028683416545391083,632.8863997020006,1,4,0.015625,39.46025085449219,-5.881525993347168,0.028289448469877243,632.8863997020006,0.0,
154004410_7e282fe701_76_90833046@N00.jpg,44.980486,-93.269811,42.47590637207031,-83.24916076660156,0.0050413161516189575,851.2968944084745,5,183,0.71484375,60.17144775390625,24.815298080444336,0.007204445078969002,7051.051716377058,-6199.754821968584,
154004633_75094bab75_56_90833046@N00.jpg,44.97745,-93.267182,44.9793701171875,-93.26712036132812,0.026960626244544983,0.2135626243628862,2,80,0.3125,44.9793701171875,-93.26712036132812,0.026364751160144806,0.2135626243628862,0.0,
154271569_ccfe0a546c_65_63163416@N00.jpg,38.67432,34.903135,39.983253479003906,-3.4345788955688477,0.08419325947761536,3275.18954142241,1,6,0.0234375,39.983253479003906,-3.4345788955688477,0.08151637762784958,3275.18954142241,0.0,
154894131_de74372f94_76_25159586@N00.jpg,35.658225,139.723901,34.694332122802734,135.19332885742188,0.022919347509741783,425.45323968950134,2,24,0.09375,34.694332122802734,135.19332885742188,0.02127804607152939,425.45323968950134,0.0,
155752484_3097841eb4_51_69212252@N00.jpg,51.228602,-1.062412,52.98867416381836,-1.8904310464859009,0.009000875987112522,203.7130416815348,3,228,0.890625,52.98867416381836,-1.8904310464859009,0.010896245017647743,203.7130416815348,0.0,
155827985_45ad1e73b5_75_57253263@N00.jpg,42.218359,-71.223286,35.835506439208984,-78.57662200927734,0.035382796078920364,951.7067997904994,9,170,0.6640625,35.835506439208984,-78.57662200927734,0.03629443421959877,951.7067997904994,0.0,
155848826_47175e6d14_48_23601949@N00.jpg,17.226069,-89.612388,24.357730865478516,123.7558364868164,0.019313069060444832,14143.608325198877,0,0,0.0,24.357730865478516,123.7558364868164,0.019313069060444832,14143.608325198877,0.0,
157362427_ecae14ffc8_45_50994135@N00.jpg,56.846093,-4.989787,56.567806243896484,-4.748839855194092,0.05122228339314461,34.26111751727205,0,0,0.0,56.567806243896484,-4.748839855194092,0.05122228339314461,34.26111751727205,0.0,
158307292_d73d7226ef_73_70323761@N00.jpg,40.735364,-73.990779,42.355560302734375,-71.06475067138672,0.002962229074910283,302.8771808936969,2,116,0.453125,42.355560302734375,-71.06475067138672,0.0029355536680668592,302.8771808936969,0.0,
158949150_80eccf453a_78_18684820@N00.jpg,37.415981,-122.057418,33.98130416870117,-117.64131164550781,0.17477470636367798,552.0320429914323,1,256,1.0,33.98130416870117,-117.64131164550781,0.19051432609558105,552.0320429914323,0.0,
158951680_1cff631a7e_74_18684820@N00.jpg,37.415981,-122.057418,33.98130416870117,-117.64131164550781,0.1881590634584427,552.0320429914323,1,192,0.75,33.98130416870117,-117.64131164550781,0.1838207095861435,552.0320429914323,0.0,
158954882_19d19c170c_62_18684820@N00.jpg,37.415981,-122.057418,33.98130416870117,-117.64131164550781,0.09441307187080383,552.0320429914323,1,256,1.0,33.98130416870117,-117.64131164550781,0.09401636570692062,552.0320429914323,0.0,
158955434_7da6c487d6_51_18684820@N00.jpg,37.415981,-122.057418,33.98130416870117,-117.64131164550781,0.28182846307754517,552.0320429914323,1,96,0.375,33.98130416870117,-117.64131164550781,0.26602768898010254,552.0320429914323,0.0,
159969431_2246ec6548_54_14542551@N00.jpg,47.91939,106.917057,60.68124771118164,151.644287109375,0.07859084010124207,3149.4467185325825,0,0,0.0,60.68124771118164,151.644287109375,0.07859084010124207,3149.4467185325825,0.0,
160432037_5c2a37ec92_76_70323761@N00.jpg,36.412303,25.42983,36.46183395385742,25.37583351135254,0.03694677725434303,7.325730188634155,3,240,0.9375,36.46183395385742,25.37583351135254,0.036299414932727814,7.325730188634155,0.0,
160457478_07abc55f2b_58_41315423@N00.jpg,41.850303,-88.307204,42.04469680786133,-88.29075622558594,0.04979138821363449,21.658393275509003,0,0,0.0,42.04469680786133,-88.29075622558594,0.04979138821363449,21.658393275509003,0.0,
160514066_251c53aefa_47_70323761@N00.jpg,40.748281,-73.84616,40.75104522705078,-73.84568786621094,0.05741720646619797,0.30993086507557543,1,8,0.03125,40.75104522705078,-73.84568786621094,0.057292066514492035,0.30993086507557543,0.0,
162269716_416d749b3f_74_18684820@N00.jpg,37.778516,-122.389841,37.77893829345703,-122.38947296142578,0.020389793440699577,0.05701928089866003,2,196,0.765625,37.778831481933594,-122.38916778564453,0.022857192903757095,0.06878441074027236,-0.011765129841612335,
162271409_1a83da0190_19_18684820@N00.jpg,37.778516,-122.389841,43.028358459472656,-87.97186279296875,0.056520428508520126,2950.6401001566774,6,43,0.16796875,43.028358459472656,-87.97186279296875,0.06866509467363358,2950.6401001566774,0.0,
162279260_7e7e1c518d_47_18684820@N00.jpg,37.778516,-122.389841,37.778831481933594,-122.38916778564453,0.035572733730077744,0.06878441074027236,0,0,0.0,37.778831481933594,-122.38916778564453,0.035572733730077744,0.06878441074027236,0.0,
162282175_c39d49d6a5_55_18684820@N00.jpg,37.778516,-122.389841,34.07355880737305,-118.24046325683594,0.021720152348279953,556.029851304949,0,0,0.0,34.07355880737305,-118.24046325683594,0.021720152348279953,556.029851304949,0.0,
162707046_bd16c9f152_68_41894197861@N01.jpg,41.427604,2.177524,45.56736755371094,9.374256134033203,0.019229741767048836,740.352383948163,0,0,0.0,45.56736755371094,9.374256134033203,0.019229741767048836,740.352383948163,0.0,
163147186_89c392bb0a_73_63163416@N00.jpg,40.677448,43.65941,40.78105926513672,43.829097747802734,0.11995135247707367,18.362532976268493,1,8,0.03125,40.78105926513672,43.829097747802734,0.12076131254434586,18.362532976268493,0.0,
163155972_28d9e18d7c_76_63163416@N00.jpg,40.677448,43.65941,42.999874114990234,23.350753784179688,0.01506832055747509,1697.852500416052,0,0,0.0,42.999874114990234,23.350753784179688,0.01506832055747509,1697.852500416052,0.0,
163166143_0242fe64f1_75_63163416@N00.jpg,39.908814,41.328592,37.87006378173828,32.50067901611328,0.016832707449793816,796.575109941846,2,93,0.36328125,39.90595626831055,41.27765655517578,0.01755492016673088,4.3561845755936615,792.2189253662523,
165027099_e9e1d1c610_70_23601949@N00.jpg,16.246155,-89.02256,14.518449783325195,-84.99829864501953,0.05006060749292374,472.2626613934345,4,152,0.59375,14.518449783325195,-84.99829864501953,0.03887377306818962,472.2626613934345,0.0,
165342347_dc3662a8a9_64_23601949@N00.jpg,17.226069,-89.612388,17.222999572753906,-89.62333679199219,0.11848706007003784,1.2119042567497915,0,0,0.0,17.222999572753906,-89.62333679199219,0.11848706007003784,1.2119042567497915,0.0,
165344228_16e8167f93_53_23601949@N00.jpg,17.226069,-89.612388,16.799999237060547,-90.88333129882812,0.0431244932115078,143.20162128793433,1,208,0.8125,17.499271392822266,-90.16976928710938,0.045072056353092194,66.49854685869128,76.70307442924305,
165493189_8385fc7e9b_56_23601949@N00.jpg,16.246155,-89.02256,10.695357322692871,-61.578369140625,0.01576991379261017,3028.3299284341842,1,143,0.55859375,8.05022144317627,123.789306640625,0.027369847521185875,15505.419685148352,-12477.089756714167,
165496002_64580a67ac_49_23601949@N00.jpg,16.246155,-89.02256,5.341700077056885,116.1566162109375,0.058664239943027496,16349.843777991444,0,0,0.0,5.341700077056885,116.1566162109375,0.058664239943027496,16349.843777991444,0.0,
165539256_7befe68333_58_23601949@N00.jpg,16.095876,-88.806781,-12.375823020935059,130.87960815429688,0.0043721552938222885,15724.03251575871,1,224,0.875,-12.375823020935059,130.87960815429688,0.005323841702193022,15724.03251575871,0.0,
165548046_17b218674c_48_23601949@N00.jpg,16.095876,-88.806781,17.94007110595703,-76.90730285644531,0.05360729247331619,1281.4744790341176,0,0,0.0,17.94007110595703,-76.90730285644531,0.05360729247331619,1281.4744790341176,0.0,
165767244_d5121281d3_54_23601949@N00.jpg,16.570143,-88.356513,9.778985977172852,-84.62689208984375,0.04045315086841583,856.195427653554,1,224,0.875,9.778985977172852,-84.62689208984375,0.04164746776223183,856.195427653554,0.0,
166306401_d24beeb1b6_65_23601949@N00.jpg,43.904857,-69.508041,44.08926010131836,-74.05625915527344,0.0367216095328331,364.3473137679117,3,256,1.0,44.08926010131836,-74.05625915527344,0.03868616372346878,364.3473137679117,0.0,
166869956_84928fd11b_60_55085284@N00.jpg,48.859068,2.343177,48.80500411987305,2.1192879676818848,0.052830569446086884,17.455675622774802,1,240,0.9375,48.80500411987305,2.1192879676818848,0.05422993749380112,17.455675622774802,0.0,
167233057_2e1444f6e5_72_79954435@N00.jpg,48.42087,-123.369587,50.58244705200195,-126.9292984008789,0.04951141029596329,351.8486656413582,2,84,0.328125,50.58244705200195,-126.9292984008789,0.05770864337682724,351.8486656413582,0.0,
167258849_a4fe0a5944_56_79954435@N00.jpg,49.291545,-124.618778,49.35610580444336,-123.03738403320312,0.02690008655190468,114.8341321756567,1,256,1.0,47.87309265136719,-121.66094207763672,0.037919316440820694,268.70119097473525,-153.86705879907856,
167277941_4038f94f38_59_79954435@N00.jpg,54.433759,-124.259619,47.437347412109375,-69.04413604736328,0.06363509595394135,3842.415090959909,2,169,0.66015625,47.437347412109375,-69.04413604736328,0.06376972794532776,3842.415090959909,0.0,
167282187_9f6fa09010_58_79954435@N00.jpg,52.887363,-118.462829,53.10916519165039,-119.21183776855469,0.06438367813825607,55.86354427972341,0,0,0.0,53.10916519165039,-119.21183776855469,0.06438367813825607,55.86354427972341,0.0,
167298135_0773165b4a_66_50994135@N00.jpg,50.086776,14.415607,50.09000015258789,14.401187896728516,0.007556442636996508,1.089388417133012,2,70,0.2734375,50.09000015258789,14.401187896728516,0.007525147870182991,1.089388417133012,0.0,
167299408_f36b914be4_77_50994135@N00.jpg,50.089591,14.413402,50.08710479736328,14.410715103149414,0.00864716712385416,0.33641118877299986,4,42,0.1640625,50.086326599121094,14.414234161376953,0.008618119172751904,0.36780851211786636,-0.0313973233448665,
167304827_8f440582dd_50_79954435@N00.jpg,52.919874,-118.001575,51.29069519042969,-115.82645416259766,0.0761662945151329,234.25595809722066,0,0,0.0,51.29069519042969,-115.82645416259766,0.0761662945151329,234.25595809722066,0.0,
167309259_19db21cf71_46_79954435@N00.jpg,52.546295,-117.638854,52.17087936401367,-117.07460021972656,0.10863940417766571,56.66398279429623,1,28,0.109375,52.17087936401367,-117.07460021972656,0.10667192935943604,56.66398279429623,0.0,
167322301_5d0c781dd5_45_79954435@N00.jpg,51.327876,-116.182651,51.32819747924805,-116.1809310913086,0.11564725637435913,0.1247337304498214,1,30,0.1171875,51.32819747924805,-116.1809310913086,0.11432065069675446,0.1247337304498214,0.0,
167345423_ba2914f302_59_79954435@N00.jpg,51.440312,-116.541595,51.677886962890625,-116.46763610839844,0.05000950023531914,26.90738890731893,0,0,0.0,51.677886962890625,-116.46763610839844,0.05000950023531914,26.90738890731893,0.0,
167350351_a83cfe926e_64_79954435@N00.jpg,51.421048,-117.477493,50.36748123168945,-122.50131225585938,0.1361691802740097,371.2284162386782,0,0,0.0,50.36748123168945,-122.50131225585938,0.1361691802740097,371.2284162386782,0.0,
167353961_01ad3264ef_50_79954435@N00.jpg,51.257188,-117.587356,6.678246974945068,117.00164794921875,0.005178029183298349,11745.784962701218,2,152,0.59375,6.678246974945068,117.00164794921875,0.006651501636952162,11745.784962701218,0.0,
167383119_8539fd4f2f_53_79954435@N00.jpg,49.28953,-123.110218,49.2880744934082,-123.11639404296875,0.01506147813051939,0.4762697350414234,2,141,0.55078125,49.2880744934082,-123.11639404296875,0.014180686324834824,0.4762697350414234,0.0,
167656331_f5116eed7f_59_79954435@N00.jpg,40.68272,-112.364044,40.984432220458984,-112.21942138671875,0.07997480034828186,35.687144129266734,0,0,0.0,40.984432220458984,-112.21942138671875,0.07997480034828186,35.687144129266734,0.0,
167672483_f28504a65e_74_79954435@N00.jpg,44.976456,-110.722961,44.9654655456543,-110.70791625976562,0.08943656831979752,1.7012371507365187,0,0,0.0,44.9654655456543,-110.70791625976562,0.08943656831979752,1.7012371507365187,0.0,
167914950_05505ef5b6_51_11398209@N00.jpg,-33.900626,151.269378,-33.89916229248047,151.2734375,0.06578638404607773,0.40848961081059443,0,0,0.0,-33.89916229248047,151.2734375,0.06578638404607773,0.40848961081059443,0.0,
168377287_732fbd7c56_45_50994135@N00.jpg,49.101914,-117.707004,49.94130325317383,-119.39743041992188,0.08093556761741638,153.61876671380577,3,138,0.5390625,49.94130325317383,-119.39743041992188,0.08977209776639938,153.61876671380577,0.0,
169118448_83bf055da6_51_69212252@N00.jpg,41.940243,-87.64414,34.148441314697266,-118.0020751953125,0.003607762511819601,2779.0880258115126,1,210,0.8203125,34.148441314697266,-118.0020751953125,0.0025844110641628504,2779.0880258115126,0.0,
169118791_9cc600f1a6_65_69212252@N00.jpg,41.940507,-87.640589,46.73353576660156,-116.9983139038086,0.02345651388168335,2380.032645219305,2,27,0.10546875,46.73353576660156,-116.9983139038086,0.025065528228878975,2380.032645219305,0.0,
169119141_638d11a504_72_69212252@N00.jpg,41.976194,-87.675683,35.33772659301758,139.6466064453125,0.0015461834846064448,10162.100970708312,2,58,0.2265625,35.33772659301758,139.6466064453125,0.0028401589952409267,10162.100970708312,0.0,
169121981_263e72dd38_52_69212252@N00.jpg,41.925222,-87.634592,41.44740676879883,-81.71371459960938,0.014299591071903706,494.43192084561076,1,195,0.76171875,41.44740676879883,-81.71371459960938,0.014821804128587246,494.43192084561076,0.0,
169124556_8c3bac0e70_68_69212252@N00.jpg,41.925222,-87.634592,40.848812103271484,-73.87841796875,0.06365787237882614,1152.580241448372,3,8,0.03125,40.848812103271484,-73.87841796875,0.05136477202177048,1152.580241448372,0.0,
169423153_c5f141cdca_58_18684820@N00.jpg,37.796763,-122.428207,48.565147399902344,-123.46929931640625,0.002880322514101863,1200.331330624912,0,0,0.0,48.565147399902344,-123.46929931640625,0.002880322514101863,1200.331330624912,0.0,
169442297_1067e613f1_45_18684820@N00.jpg,37.796763,-122.428207,38.67465591430664,-121.73186492919922,0.016132459044456482,115.01245649736987,1,256,1.0,38.67465591430664,-121.73186492919922,0.017167305573821068,115.01245649736987,0.0,
169442676_2f7549d18c_71_18684820@N00.jpg,37.796763,-122.428207,43.98136901855469,-124.1008529663086,0.004628567025065422,701.8794752540906,2,224,0.875,43.98136901855469,-124.1008529663086,0.004961306694895029,701.8794752540906,0.0,
169449274_bc2e107976_78_18684820@N00.jpg,37.796763,-122.428207,37.798099517822266,-122.4072036743164,0.009379141964018345,1.8514190206934193,3,95,0.37109375,37.798099517822266,-122.4072036743164,0.008895316161215305,1.8514190206934193,0.0,
169451925_ea6efa0a53_73_18684820@N00.jpg,37.796763,-122.428207,37.79670715332031,-122.40660095214844,0.005156862083822489,1.8984305899971907,4,132,0.515625,37.79670715332031,-122.40660095214844,0.005214303731918335,1.8984305899971907,0.0,
169704454_e92ae19bd9_72_50994135@N00.jpg,41.116663,1.258123,41.78132629394531,2.7588770389556885,0.005356260109692812,145.28139394856012,4,124,0.484375,41.78132629394531,2.7588770389556885,0.006170075386762619,145.28139394856012,0.0,
169956693_5edea53724_78_70323761@N00.jpg,41.947577,-87.656264,41.948001861572266,-87.65499877929688,0.025303447619080544,0.11480661093572866,1,35,0.13671875,41.948001861572266,-87.65499877929688,0.026557238772511482,0.11480661093572866,0.0,
170107254_0ba8388eb8_76_17351226@N00.jpg,38.34933,-75.070438,36.85477066040039,-75.97552490234375,0.06873800605535507,184.3228670587295,8,66,0.2578125,36.85477066040039,-75.97552490234375,0.06982012093067169,184.3228670587295,0.0,
170116125_c0c907770d_73_17351226@N00.jpg,38.34933,-75.070438,21.337810516357422,-158.12454223632812,0.025615453720092773,7971.957824492005,7,149,0.58203125,21.337810516357422,-158.12454223632812,0.029401307925581932,7971.957824492005,0.0,
170164345_27d733f7e5_76_17351226@N00.jpg,38.34933,-75.070438,36.85298538208008,-75.97706604003906,0.07365503162145615,184.56098250035572,8,222,0.8671875,36.85298538208008,-75.97706604003906,0.07134200632572174,184.56098250035572,0.0,
170736070_5b209ff56c_68_97458173@N00.jpg,46.017946,7.739524,45.51685333251953,7.655113220214844,0.01748719811439514,56.10240176474804,6,82,0.3203125,53.068504333496094,-4.076276779174805,0.023528719320893288,1155.5291416471225,-1099.4267398823745,
170747608_cf4538d97b_50_97458173@N00.jpg,46.496974,7.675924,46.94933319091797,9.024832725524902,0.03990069776773453,114.46485653055838,6,83,0.32421875,46.94933319091797,9.024832725524902,0.029587185010313988,114.46485653055838,0.0,
170747663_daaba5da7f_48_73091266@N00.jpg,50.877206,6.025485,37.219852447509766,-80.41779327392578,0.02684764191508293,6668.5364943574,3,82,0.3203125,37.219852447509766,-80.41779327392578,0.027960579842329025,6668.5364943574,0.0,
170754421_e3eba57cb8_64_97458173@N00.jpg,46.496974,7.675924,46.49697494506836,7.670344829559326,0.03259601816534996,0.427062643002414,1,176,0.6875,46.984466552734375,8.617916107177734,0.03502325341105461,89.94886889732696,-89.52180625432455,
170851364_11ba8b4fb0_65_70323761@N00.jpg,41.883408,-87.630262,41.88882827758789,-87.62443542480469,0.004039472434669733,0.7719478429533874,1,256,1.0,41.88882827758789,-87.62443542480469,0.0040321024134755135,0.7719478429533874,0.0,
171046893_b97c4f0aa5_73_30571787@N00.jpg,51.511733,-0.125827,51.49399948120117,-0.17366699874401093,0.002843292662873864,3.853964286484125,2,36,0.140625,51.509986877441406,-0.1948460042476654,0.003220486920326948,4.780340454320325,-0.9263761678362004,
171249791_e9175d9fec_75_25159586@N00.jpg,36.820278,138.946838,-44.9808349609375,168.6861114501953,0.05486949533224106,9573.796460967957,9,35,0.13671875,-44.9808349609375,168.6861114501953,0.04468856379389763,9573.796460967957,0.0,
171635800_464be20292_57_97458173@N00.jpg,45.746443,4.822311,41.634002685546875,-70.92061614990234,0.028117282316088676,5873.429199022911,3,112,0.4375,41.634002685546875,-70.92061614990234,0.018819693475961685,5873.429199022911,0.0,
171638526_5e242f702e_71_97458173@N00.jpg,46.205022,7.821578,45.91716003417969,6.86843204498291,0.03215346112847328,80.20534994300267,3,114,0.4453125,42.873321533203125,-0.013388999737799168,0.029714258387684822,722.5887950754827,-642.38344513248,
171638986_3bd38f0ac5_54_97458173@N00.jpg,46.205022,7.821578,47.05702590942383,10.97259521484375,0.027301453053951263,258.5584372247001,0,0,0.0,47.05702590942383,10.97259521484375,0.027301453053951263,258.5584372247001,0.0,
171887535_83ea3b0392_42_96155869@N00.jpg,45.646268,25.592994,45.64332962036133,25.592308044433594,0.21831852197647095,0.3310561122573721,1,256,1.0,45.64332962036133,25.592308044433594,0.202638179063797,0.3310561122573721,0.0,
172537164_a1ac3116c6_49_40279823@N00.jpg,31.509007,-9.770665,34.023353576660156,-6.839590072631836,0.04849746823310852,391.46531369033585,0,0,0.0,34.023353576660156,-6.839590072631836,0.04849746823310852,391.46531369033585,0.0,
172541835_d2f7d6ba98_46_40279823@N00.jpg,31.509007,-9.770665,31.513946533203125,-9.768562316894531,0.07961417734622955,0.5843028594811799,2,256,1.0,31.513507843017578,-9.7684326171875,0.08170776814222336,0.5433756706583366,0.0409271888228433,
172547950_fa21b898b5_58_40279823@N00.jpg,31.509007,-9.770665,42.409263610839844,27.696533203125,0.07989092171192169,3509.2673337558376,4,62,0.2421875,42.409263610839844,27.696533203125,0.11733800172805786,3509.2673337558376,0.0,
172900664_0bd09a7811_58_70323761@N00.jpg,40.709051,-74.010992,41.882022857666016,-87.6260986328125,0.008321736007928848,1143.6681444453643,4,256,1.0,41.882022857666016,-87.6260986328125,0.008226487785577774,1143.6681444453643,0.0,
173878689_accde2e920_57_82927779@N00.jpg,50.954365,6.975524,50.94154739379883,6.964538097381592,0.025057850405573845,1.6197763749749672,1,15,0.05859375,50.94093322753906,6.968506813049316,0.0268614050000906,1.5723711858615395,0.047405189113427726,
174479269_a04b4d9f57_65_42126397@N00.jpg,48.798722,9.192466,10.505111694335938,-66.90084075927734,0.00637978408485651,8114.114839882499,2,146,0.5703125,-22.90946388244629,-43.20545196533203,0.0074575236067175865,9514.39128769389,-1400.2764478113913,
174533354_bdf1dd35e1_53_82927779@N00.jpg,51.502358,-0.021843,51.50426483154297,-0.01849599927663803,0.059720542281866074,0.31404658625647214,0,0,0.0,51.50426483154297,-0.01849599927663803,0.059720542281866074,0.31404658625647214,0.0,
174602623_39c7a7a901_73_30571787@N00.jpg,40.7672,-73.976933,40.77456283569336,-73.97266387939453,0.014408144168555737,0.8941662152815985,0,0,0.0,40.77456283569336,-73.97266387939453,0.014408144168555737,0.8941662152815985,0.0,
175664036_e254575efd_74_77325609@N00.jpg,51.546581,-0.08384,51.52642059326172,-0.08372700214385986,0.00649713259190321,2.241751668608022,3,39,0.15234375,51.52642059326172,-0.08372700214385986,0.005811262410134077,2.241751668608022,0.0,
175718513_3f77a43027_62_73293249@N00.jpg,40.418511,-3.71428,40.41767883300781,-3.702392101287842,0.003573698690161109,1.010633514260918,5,228,0.890625,40.41767883300781,-3.702392101287842,0.0036827593576163054,1.010633514260918,0.0,
175720014_1541436462_64_73293249@N00.jpg,40.418511,-3.71428,40.41715621948242,-3.706576108932495,0.007380012422800064,0.6693595828900754,2,97,0.37890625,40.41715621948242,-3.706576108932495,0.007253454532474279,0.6693595828900754,0.0,
175790478_dab3630a7a_66_73293249@N00.jpg,40.418511,-3.71428,41.49011993408203,13.81309700012207,0.007586634252220392,1474.1922206308827,2,224,0.875,39.63133239746094,-8.673941612243652,0.007430688943713903,431.2236490662094,1042.9685715646733,
175835676_2354cb3d72_76_73293249@N00.jpg,52.357243,4.882017,52.359130859375,4.882906913757324,0.00662457849830389,0.21844656161261708,2,30,0.1171875,52.360145568847656,4.882209777832031,0.005890649277716875,0.3230167677408052,-0.1045702061281881,
178084312_9a388e89a9_65_63163416@N00.jpg,40.154277,26.407957,41.1365852355957,28.831043243408203,0.013486946932971478,231.7727613971131,2,52,0.203125,41.02659225463867,28.933883666992188,0.012818777933716774,234.294857060178,-2.5220956630649027,
178210612_4ccce218e1_75_14542551@N00.jpg,47.91939,106.917057,42.70085525512695,23.316421508789062,0.03574691712856293,6234.284815969034,0,0,0.0,42.70085525512695,23.316421508789062,0.03574691712856293,6234.284815969034,0.0,
178507270_a5c01195b7_61_63163416@N00.jpg,38.67432,34.903135,38.66666793823242,34.83333206176758,0.07164649665355682,6.119441710658047,0,0,0.0,38.66666793823242,34.83333206176758,0.07164649665355682,6.119441710658047,0.0,
178527376_73751d9d73_68_63163416@N00.jpg,38.67432,34.903135,35.66341781616211,-106.40962982177734,0.016072552651166916,10843.171959354111,3,60,0.234375,35.66341781616211,-106.40962982177734,0.013777593150734901,10843.171959354111,0.0,
180310297_2a7e1e8133_77_43935788@N00.jpg,24.938747,-80.650634,21.521352767944336,-87.24431610107422,0.01881157048046589,773.3323194048872,0,0,0.0,21.521352767944336,-87.24431610107422,0.01881157048046589,773.3323194048872,0.0,
180338295_7517397b13_75_43935788@N00.jpg,24.938747,-80.650634,25.492509841918945,-80.18733215332031,0.06839822232723236,77.22585142525935,0,0,0.0,25.492509841918945,-80.18733215332031,0.06839822232723236,77.22585142525935,0.0,
180651864_84511421f2_59_40279823@N00.jpg,50.937607,6.977348,48.1320686340332,11.54971981048584,0.009135871194303036,453.9267210056716,4,240,0.9375,48.1320686340332,11.54971981048584,0.009201149456202984,453.9267210056716,0.0,
181175040_f0ab843234_63_70323761@N00.jpg,40.7369,-74.037063,46.01134490966797,-112.53638458251953,0.01240613590925932,3134.8255508051843,1,256,1.0,46.01134490966797,-112.53638458251953,0.013073202222585678,3134.8255508051843,0.0,
181219558_e8b2280e84_76_77392231@N00.jpg,48.871969,2.292623,43.85569763183594,125.30387878417969,0.0016219360986724496,8308.84171946715,2,117,0.45703125,46.891998291015625,10.504500389099121,0.0019847394432872534,650.3610745755061,7658.480644891643,
181250337_841120eaba_66_77392231@N00.jpg,48.852517,2.305412,48.85868453979492,2.294018030166626,0.0131995202973485,1.079451870312648,0,0,0.0,48.85868453979492,2.294018030166626,0.0131995202973485,1.079451870312648,0.0,
181607715_d26c19625c_59_77392231@N00.jpg,52.370883,4.889259,52.3731575012207,4.891645908355713,0.006562125403434038,0.30037148734109154,2,256,1.0,52.37297821044922,4.891351222991943,0.006473287008702755,0.2728607012973979,0.027510786043693614,
181843835_0af23794dd_65_77325609@N00.jpg,51.546581,-0.08384,35.3226432800293,139.3526153564453,0.00355264893732965,9578.338678412014,1,176,0.6875,35.3226432800293,139.3526153564453,0.004800642374902964,9578.338678412014,0.0,
181848051_3f34be1b5d_68_70323761@N00.jpg,40.698096,-73.997163,40.70418930053711,-73.99440002441406,0.01094631478190422,0.7164618970966693,2,48,0.1875,40.70418930053711,-73.99440002441406,0.010427403263747692,0.7164618970966693,0.0,
181860736_4dc151fcf7_58_77392231@N00.jpg,52.370883,4.889259,52.37525939941406,4.89638090133667,0.004957275930792093,0.6859787412695171,2,14,0.0546875,52.37525939941406,4.89638090133667,0.004862615838646889,0.6859787412695171,0.0,
181876927_f171e3f91a_48_70323761@N00.jpg,40.704131,-73.990457,40.70370864868164,-73.99472045898438,0.009181818924844265,0.3624473604781422,0,0,0.0,40.70370864868164,-73.99472045898438,0.009181818924844265,0.3624473604781422,0.0,
181880910_b78dccf672_62_77392231@N00.jpg,52.370883,4.889259,52.45905685424805,4.814183235168457,0.003253062954172492,11.047830808009788,4,151,0.58984375,52.45905685424805,4.814183235168457,0.00484924903139472,11.047830808009788,0.0,
181896908_9a6295b083_60_77392231@N00.jpg,52.320441,4.90179,52.37525939941406,4.89638090133667,0.005159798543900251,6.106599421823122,3,150,0.5859375,52.38133239746094,4.637332916259766,0.008780522271990776,19.195840132737715,-13.089240710914591,
182032884_4d2e269a5c_54_77392231@N00.jpg,52.370883,4.889259,52.37098693847656,4.890974998474121,0.007150513585656881,0.11707071535106685,6,256,1.0,52.37098693847656,4.890974998474121,0.007120974361896515,0.11707071535106685,0.0,
182060212_8143f50969_67_43616936@N00.jpg,40.805948,-81.933889,46.70750045776367,-1.9794269800186157,0.0015475922264158726,6172.963039604002,0,0,0.0,46.70750045776367,-1.9794269800186157,0.0015475922264158726,6172.963039604002,0.0,
182104467_7712c6f402_65_77392231@N00.jpg,52.370883,4.889259,52.37354278564453,4.893894195556641,0.006829255260527134,0.43184543196573644,1,256,1.0,52.37354278564453,4.893894195556641,0.006702451501041651,0.43184543196573644,0.0,
183737240_a11f25bfa9_60_69212252@N00.jpg,42.006767,-87.668581,39.682247161865234,-75.7497329711914,0.007254232652485371,1034.401732774285,6,240,0.9375,39.682247161865234,-75.7497329711914,0.0061708795838057995,1034.401732774285,0.0,
185281760_26244048e9_58_91062007@N00.jpg,32.849271,-117.275598,34.002723693847656,-118.80795288085938,0.010563526302576065,191.4972388444354,0,0,0.0,34.002723693847656,-118.80795288085938,0.010563526302576065,191.4972388444354,0.0,
186489559_1c06f55cac_73_82927779@N00.jpg,22.220224,114.115591,1.310333013534546,103.94750213623047,0.021420853212475777,2572.0851843091345,0,0,0.0,1.310333013534546,103.94750213623047,0.021420853212475777,2572.0851843091345,0.0,
186684963_7fa97e938b_56_40829484@N00.jpg,38.039438,-119.520263,37.72700881958008,-119.54443359375,0.026427317410707474,34.80528950892205,0,0,0.0,37.72700881958008,-119.54443359375,0.026427317410707474,34.80528950892205,0.0,
186707214_28d47e2f28_74_40829484@N00.jpg,37.83975,-122.275428,37.80295181274414,-122.44833374023438,0.018227141350507736,15.728885379804732,3,16,0.0625,37.80295181274414,-122.44833374023438,0.017744384706020355,15.728885379804732,0.0,
186707726_49fd73e638_65_40829484@N00.jpg,37.83975,-122.275428,37.805747985839844,-122.4470443725586,0.022844426333904266,15.540729562543499,1,144,0.5625,37.805747985839844,-122.4470443725586,0.019466783851385117,15.540729562543499,0.0,
186730346_83d7629ad5_56_40829484@N00.jpg,36.882916,-121.830139,36.63460922241211,-121.93854522705078,0.07086992263793945,29.250714228762618,1,128,0.5,36.63460922241211,-121.93854522705078,0.07145671546459198,29.250714228762618,0.0,
186756668_0b6ad5b3c2_45_40829484@N00.jpg,51.121411,2.622985,51.31704330444336,3.13216495513916,0.03448281064629555,41.6026530260666,4,34,0.1328125,51.31704330444336,3.13216495513916,0.03304804116487503,41.6026530260666,0.0,
187815690_3824c2a894_74_23601949@N00.jpg,36.591333,-121.96455,36.59103012084961,-121.96418762207031,0.06532584875822067,0.04670081035352159,4,31,0.12109375,36.59103012084961,-121.96418762207031,0.06622296571731567,0.04670081035352159,0.0,
187822795_5e4024485f_61_23601949@N00.jpg,36.583606,-121.96721,36.57706832885742,-121.97486877441406,0.04708357900381088,0.9980690353077059,0,0,0.0,36.57706832885742,-121.97486877441406,0.04708357900381088,0.9980690353077059,0.0,
188083861_6cd7ceb991_56_39303693@N00.jpg,43.953683,-86.469461,42.131439208984375,-83.1417236328125,0.02721739374101162,337.8746632391332,2,76,0.296875,41.477596282958984,-82.1905517578125,0.028184331953525543,444.8797258536014,-107.00506261446822,
188442683_e2445ccded_67_87434398@N00.jpg,43.894552,-73.309793,43.545562744140625,-80.56111145019531,0.0240459144115448,583.8430574539053,1,15,0.05859375,43.545562744140625,-80.56111145019531,0.02752632088959217,583.8430574539053,0.0,
188452886_3a09f9b30e_55_87434398@N00.jpg,44.125672,-73.17418,40.8317985534668,-75.8834228515625,0.055955030024051666,428.32440668727327,1,112,0.4375,40.8317985534668,-75.8834228515625,0.043946463614702225,428.32440668727327,0.0,
189497574_7aebf15977_44_90672364@N00.jpg,51.38994,-0.720462,50.9083366394043,-1.641726016998291,0.0179912019520998,83.64798581033108,1,256,1.0,50.9083366394043,-1.641726016998291,0.02471274510025978,83.64798581033108,0.0,
189942886_6376c63106_57_96155869@N00.jpg,48.834554,2.368412,51.51396560668945,-0.10019800066947937,0.006814935244619846,345.89111585547323,1,256,1.0,51.514163970947266,-0.10125800222158432,0.007097269408404827,345.9482508268278,-0.05713497135457146,
189952154_4f4adf804b_66_30571787@N00.jpg,40.729242,-73.993735,42.86253356933594,-73.8890380859375,0.0028334653470665216,237.3701919466613,1,256,1.0,38.24104690551758,-122.62947845458984,0.003597111674025655,4129.437033161329,-3892.066841214668,
190573925_39c637d6a5_57_91728102@N00.jpg,36.2333,117.11,30.30168914794922,119.12713623046875,0.011095784604549408,685.6562839814598,0,0,0.0,30.30168914794922,119.12713623046875,0.011095784604549408,685.6562839814598,0.0,
190587123_6f999d54dc_75_19355699@N00.jpg,40.765461,-73.978157,40.705665588378906,-73.99633026123047,0.022944949567317963,6.822989854894395,0,0,0.0,40.705665588378906,-73.99633026123047,0.022944949567317963,6.822989854894395,0.0,
190594890_28cc900948_73_91728102@N00.jpg,36.1924,117.125,39.87944412231445,116.40666961669922,0.020076468586921692,414.7752435749625,0,0,0.0,39.87944412231445,116.40666961669922,0.020076468586921692,414.7752435749625,0.0,
190595343_f22f777963_77_19355699@N00.jpg,40.765461,-73.978157,39.90400695800781,-75.17137145996094,0.01962677575647831,139.29768370567746,6,148,0.578125,39.90400695800781,-75.17137145996094,0.019198603928089142,139.29768370567746,0.0,
190595866_28fb44c396_54_19355699@N00.jpg,40.765461,-73.978157,40.77404022216797,-73.9718017578125,0.01773248426616192,1.0938384939143504,2,66,0.2578125,40.77404022216797,-73.9718017578125,0.017355721443891525,1.0938384939143504,0.0,
190617363_42f0d6d304_45_19355699@N00.jpg,43.090516,-79.067916,32.62620544433594,129.7379913330078,0.03388049080967903,11099.852237316945,1,144,0.5625,32.62620544433594,129.7379913330078,0.05600413307547569,11099.852237316945,0.0,
190617581_6e7ec120ab_70_19355699@N00.jpg,43.090516,-79.067916,43.091426849365234,-79.07435607910156,0.0463317446410656,0.5326676038329194,1,81,0.31640625,43.091426849365234,-79.07435607910156,0.05086151137948036,0.5326676038329194,0.0,
190632279_8200596bca_58_19355699@N00.jpg,41.882853,-87.630043,41.87898635864258,-87.63595581054688,0.008876141160726547,0.651522085923837,3,192,0.75,41.87898635864258,-87.63595581054688,0.008481028489768505,0.651522085923837,0.0,
190632702_c9712e22dd_61_19355699@N00.jpg,41.882853,-87.630043,41.878761291503906,-87.637939453125,0.01045989990234375,0.796477583982829,0,0,0.0,41.878761291503906,-87.637939453125,0.01045989990234375,0.796477583982829,0.0,
190633086_d744a81490_55_19355699@N00.jpg,41.882853,-87.630043,41.877037048339844,-87.61770629882812,0.015405813232064247,1.2088791758447093,1,10,0.0390625,41.877037048339844,-87.61770629882812,0.01610112562775612,1.2088791758447093,0.0,
190856047_2512318795_75_82927779@N00.jpg,22.185338,113.537693,22.198213577270508,113.54301452636719,0.03712199628353119,1.5329567796230257,0,0,0.0,22.198213577270508,113.54301452636719,0.03712199628353119,1.5329567796230257,0.0,
190981523_c584634c53_72_90833046@N00.jpg,44.888715,-93.313407,26.07404327392578,-80.31336212158203,0.015011350624263287,2393.495123718943,1,70,0.2734375,26.07404327392578,-80.31336212158203,0.0116792107000947,2393.495123718943,0.0,
191259820_05864d024a_56_91062007@N00.jpg,32.849271,-117.275598,32.847862243652344,-117.27699279785156,0.08874522149562836,0.20375301986133315,0,0,0.0,32.847862243652344,-117.27699279785156,0.08874522149562836,0.20375301986133315,0.0,
192049090_ae473cbf3e_61_39595541@N00.jpg,51.503613,-0.11909,51.50337219238281,-0.11921299993991852,0.01326220203191042,0.028097450461989568,1,240,0.9375,51.50337219238281,-0.11921299993991852,0.013365191407501698,0.028097450461989568,0.0,
192465047_b12a81c861_46_85417391@N00.jpg,55.68523,12.586727,45.77964401245117,4.852867126464844,0.02286631427705288,1226.8430149585247,1,90,0.3515625,45.77964401245117,4.852867126464844,0.02337620034813881,1226.8430149585247,0.0,
192469263_96c9b6fdd0_44_85417391@N00.jpg,55.68523,12.586727,49.2396240234375,-123.13175964355469,0.011754900217056274,7646.889284723776,0,0,0.0,49.2396240234375,-123.13175964355469,0.011754900217056274,7646.889284723776,0.0,
192661465_af7eee6df5_71_82927779@N00.jpg,22.270511,114.161682,22.272167205810547,114.15083312988281,0.041150160133838654,1.131435718070556,1,176,0.6875,22.272167205810547,114.15083312988281,0.03775456175208092,1.131435718070556,0.0,
192922377_2812411201_64_39303693@N00.jpg,33.078241,-116.602159,-41.135921478271484,-71.3060073852539,0.0031427263747900724,9466.074486560918,3,30,0.1171875,-41.135921478271484,-71.3060073852539,0.003775066928938031,9466.074486560918,0.0,
192975525_11ca682ff9_48_70323761@N00.jpg,40.826978,-73.928461,40.82923889160156,-73.9278793334961,0.08203457295894623,0.25611940008974726,4,7,0.02734375,40.82923889160156,-73.9278793334961,0.08207809180021286,0.25611940008974726,0.0,
192980337_e08a36edb5_73_70323761@N00.jpg,40.826978,-73.928461,40.82923889160156,-73.9278793334961,0.05808562412858009,0.25611940008974726,0,0,0.0,40.82923889160156,-73.9278793334961,0.05808562412858009,0.25611940008974726,0.0,
193833980_0880797f01_68_85417391@N00.jpg,52.372559,4.896469,52.37245559692383,4.895094871520996,0.006285921670496464,0.09399193101545061,7,189,0.73828125,52.37245559692383,4.895094871520996,0.006019743159413338,0.09399193101545061,0.0,
193834637_455e444f1b_76_85417391@N00.jpg,52.372559,4.896469,52.373268127441406,4.891819000244141,0.00592015590518713,0.3253725946306436,6,86,0.3359375,52.373268127441406,4.891819000244141,0.006004398223012686,0.3253725946306436,0.0,
193835830_22beea59f1_63_85417391@N00.jpg,52.372559,4.896469,52.37525939941406,4.89638090133667,0.005202128551900387,0.30033068240071437,10,107,0.41796875,52.37525939941406,4.89638090133667,0.004937662743031979,0.30033068240071437,0.0,
194700057_04c99126b9_64_96155869@N00.jpg,50.854942,4.350585,50.87184524536133,4.400023937225342,0.013129957020282745,3.9461521970652553,0,0,0.0,50.87184524536133,4.400023937225342,0.013129957020282745,3.9461521970652553,0.0,
194806576_a225f9957e_63_96155869@N00.jpg,50.854942,4.350585,48.89144515991211,11.182499885559082,0.003321128198876977,535.802937208367,0,0,0.0,48.89144515991211,11.182499885559082,0.003321128198876977,535.802937208367,0.0,
195179855_cb4001e4fe_69_73935513@N00.jpg,-25.499066,-54.621276,-25.53740119934082,-54.59930419921875,0.100067138671875,4.799138232368482,1,54,0.2109375,-25.53740119934082,-54.59930419921875,0.09956381469964981,4.799138232368482,0.0,
195180812_8762d1dba5_70_73935513@N00.jpg,-25.499066,-54.621276,-25.547861099243164,-54.61294937133789,0.07760012149810791,5.489729669017577,2,108,0.421875,-25.68709373474121,-54.444034576416016,0.0872308760881424,27.442178509678417,-21.95244884066084,
195181447_f5e6079a68_78_73935513@N00.jpg,-25.499066,-54.621276,-25.68709373474121,-54.444034576416016,0.077534981071949,27.442178509678417,4,166,0.6484375,-25.68709373474121,-54.444034576416016,0.0781661793589592,27.442178509678417,0.0,
195181973_f6a23128ef_76_85417391@N00.jpg,52.372559,4.896469,-25.614667892456055,-54.4831657409668,0.009187135845422745,10402.723934030824,4,66,0.2578125,-25.614667892456055,-54.4831657409668,0.008144385181367397,10402.723934030824,0.0,
195819600_2033633f7d_71_85417391@N00.jpg,52.372559,4.896469,52.1541862487793,5.387286186218262,0.020278550684452057,41.29569115013059,3,127,0.49609375,52.156795501708984,5.39254903793335,0.016646647825837135,41.41637777721971,-0.12068662708912115,
196314134_0d7e80fc95_74_40829484@N00.jpg,43.10399,-79.057617,43.08286666870117,-79.0744400024414,0.03520937263965607,2.717150053997018,0,0,0.0,43.08286666870117,-79.0744400024414,0.03520937263965607,2.717150053997018,0.0,
196460521_0a3c304099_61_40829484@N00.jpg,40.736331,-73.997039,40.70923614501953,-74.01122283935547,0.006559052038937807,3.241264227816482,3,46,0.1796875,40.70923614501953,-74.01122283935547,0.006598828826099634,3.241264227816482,0.0,
196467137_f72a7e3558_76_40829484@N00.jpg,40.736331,-73.997039,34.0687141418457,-118.44261932373047,0.001229961751960218,3952.311639642123,8,212,0.828125,37.77959060668945,-122.41725158691406,0.0010473330039530993,4128.9460031890085,-176.63436354688565,
196469344_2731d92ad7_77_40829484@N00.jpg,40.736331,-73.997039,41.87913131713867,-87.62996673583984,0.008680052123963833,1144.556670861877,6,111,0.43359375,41.87913131713867,-87.62996673583984,0.007242023944854736,1144.556670861877,0.0,
196471550_9c6d718e8b_57_40829484@N00.jpg,40.736331,-73.997039,40.734500885009766,-73.9905014038086,0.0023433694150298834,0.5872201684597559,5,164,0.640625,40.710567474365234,-74.00928497314453,0.0023233196698129177,3.0449853265252123,-2.4577651580654565,
196550010_3b92326b80_64_18684820@N00.jpg,37.350611,-121.98252,37.68247985839844,-122.05815124511719,0.0683855190873146,37.500215894149036,0,0,0.0,37.68247985839844,-122.05815124511719,0.0683855190873146,37.500215894149036,0.0,
196562276_9b2f885f6b_65_18684820@N00.jpg,37.350611,-121.98252,37.68247985839844,-122.05815124511719,0.06769444793462753,37.500215894149036,0,0,0.0,37.68247985839844,-122.05815124511719,0.06769444793462753,37.500215894149036,0.0,
196954120_bc743fb164_74_75452460@N00.jpg,46.504063,9.295806,44.6878776550293,7.061976909637451,0.03714422136545181,266.4189263942112,0,0,0.0,44.6878776550293,7.061976909637451,0.03714422136545181,266.4189263942112,0.0,
197332087_b9b6259fb6_60_57253263@N00.jpg,42.269044,-71.800648,43.656402587890625,-70.25896453857422,0.0133671211078763,198.82907896663642,0,0,0.0,43.656402587890625,-70.25896453857422,0.0133671211078763,198.82907896663642,0.0,
197495849_b5787ee039_64_35468147630@N01.jpg,27.203342,77.983703,18.753000259399414,99.12249755859375,0.006972234696149826,2354.700744159351,5,245,0.95703125,18.753000259399414,99.12249755859375,0.008576546795666218,2354.700744159351,0.0,
197508182_721f559e6a_60_35468147630@N01.jpg,27.203342,77.983703,27.173402786254883,78.04215240478516,0.04467964917421341,6.6711945972619136,0,0,0.0,27.173402786254883,78.04215240478516,0.04467964917421341,6.6711945972619136,0.0,
197544370_c433b664eb_61_69212252@N00.jpg,41.940507,-87.640589,14.587632179260254,-90.55182647705078,0.0017173824599012733,3054.362136247569,1,40,0.15625,14.587632179260254,-90.55182647705078,0.002546988893300295,3054.362136247569,0.0,
197840971_8f20a52297_57_35468147630@N01.jpg,26.920845,75.791759,26.985809326171875,75.85016632080078,0.08902645111083984,9.257220686874302,1,6,0.0234375,26.985809326171875,75.85016632080078,0.08892174065113068,9.257220686874302,0.0,
197846059_bee5d51f48_61_35468147630@N01.jpg,26.920845,75.791759,26.985809326171875,75.85016632080078,0.08031924068927765,9.257220686874302,5,41,0.16015625,26.985809326171875,75.85016632080078,0.07623102515935898,9.257220686874302,0.0,
197897732_b134457ea6_78_35468147630@N01.jpg,27.717573,85.307464,28.046079635620117,84.58663177490234,0.31464773416519165,79.71052750401088,10,229,0.89453125,28.046079635620117,84.58663177490234,0.32627907395362854,79.71052750401088,0.0,
199074829_bee759aeb6_77_85971448@N00.jpg,40.891131,38.998203,41.413509368896484,45.554466247558594,0.024121584370732307,551.8575097539147,2,224,0.875,41.413509368896484,45.554466247558594,0.025350816547870636,551.8575097539147,0.0,
199186260_97c4c8f997_57_69212252@N00.jpg,50.43903,-3.579483,53.26057434082031,-1.3611880540847778,0.023837625980377197,348.74250050778886,3,256,1.0,53.26057434082031,-1.3611880540847778,0.02256312035024166,348.74250050778886,0.0,
199202001_024fdaee59_73_39303693@N00.jpg,42.359059,-83.065411,47.36805725097656,8.543965339660645,0.0010924512753263116,6805.868747169063,3,240,0.9375,47.37006378173828,8.543087005615234,0.0010874863946810365,6805.69292866064,0.17581850842270796,
199300245_2b38ee3d16_78_23601949@N00.jpg,43.947179,-69.461252,34.72402572631836,-85.30375671386719,0.014169342815876007,1700.3966892129379,2,192,0.75,36.4745979309082,-79.83464050292969,0.014231161214411259,1209.1365183634612,491.2601708494767,
199387214_cc3c9db19f_75_23601949@N00.jpg,43.876968,-69.493374,44.311649322509766,-72.16659545898438,0.035024672746658325,218.87516538669962,3,52,0.203125,44.311649322509766,-72.16659545898438,0.03470741957426071,218.87516538669962,0.0,
199388185_da2ef09e0a_72_23601949@N00.jpg,43.875499,-69.468441,39.48814392089844,13.532408714294434,0.011659285053610802,6608.690475356635,0,0,0.0,39.48814392089844,13.532408714294434,0.011659285053610802,6608.690475356635,0.0,
199526677_3ddc888515_70_85971448@N00.jpg,37.872549,32.491378,33.51136016845703,36.306671142578125,0.02778937667608261,594.7489054444748,2,168,0.65625,33.51136016845703,36.306671142578125,0.0347689650952816,594.7489054444748,0.0,
199526712_617424ef01_68_85971448@N00.jpg,37.872549,32.491378,37.87006378173828,32.50067901611328,0.026886139065027237,0.8619117258956303,1,208,0.8125,37.87006378173828,32.50067901611328,0.028992047533392906,0.8619117258956303,0.0,
199526748_3259ca2aff_73_85971448@N00.jpg,38.66038,34.805889,38.64315414428711,34.81086730957031,0.08233867585659027,1.9636101284996796,0,0,0.0,38.64315414428711,34.81086730957031,0.08233867585659027,1.9636101284996796,0.0,
199527383_818e8e0167_77_85971448@N00.jpg,38.642953,34.831123,38.64020538330078,34.823570251464844,0.09621165692806244,0.7236231678733115,0,0,0.0,38.64020538330078,34.823570251464844,0.09621165692806244,0.7236231678733115,0.0,
199527753_19fa9e6074_70_85971448@N00.jpg,38.671304,34.839363,38.66666793823242,34.83333206176758,0.08303731679916382,0.7347762562272534,1,128,0.5,38.72837448120117,34.881591796875,0.0728793516755104,7.3280716130595245,-6.593295356832271,
199527863_7d85bd7343_71_85971448@N00.jpg,38.671304,34.839363,38.63861083984375,34.84611129760742,0.07330285012722015,3.682243979104927,2,225,0.87890625,38.63861083984375,34.84611129760742,0.0736636221408844,3.682243979104927,0.0,
199527987_c36b6752da_65_85971448@N00.jpg,38.671304,34.839363,38.491756439208984,34.749755859375,0.09777282178401947,21.430385620206216,2,29,0.11328125,38.491756439208984,34.749755859375,0.0960441529750824,21.430385620206216,0.0,
199528247_66da61f266_70_85971448@N00.jpg,38.671304,34.839363,38.64315414428711,34.81086730957031,0.1348419040441513,3.989989718937974,1,40,0.15625,38.64315414428711,34.81086730957031,0.12866619229316711,3.989989718937974,0.0,
199528593_5e0e76e802_64_85971448@N00.jpg,38.671304,34.839363,-1.3621759414672852,36.2109375,0.02460179664194584,4453.740520997011,1,10,0.0390625,-1.3621759414672852,36.2109375,0.026811188086867332,4453.740520997011,0.0,
199530729_bafe6d02cc_73_85971448@N00.jpg,38.671304,34.839363,38.588966369628906,34.836273193359375,0.04911993443965912,9.159472580244257,0,0,0.0,38.588966369628906,34.836273193359375,0.04911993443965912,9.159472580244257,0.0,
199794838_c2a1c00e03_73_85971448@N00.jpg,37.887183,27.448139,37.93973159790039,27.341365814208984,0.09792789071798325,11.03990126680802,2,22,0.0859375,37.93973159790039,27.341365814208984,0.09701020270586014,11.03990126680802,0.0,
199796278_3b37b057cc_61_85971448@N00.jpg,37.87404,27.262229,42.71000289916992,27.760562896728516,0.029099764302372932,539.3906843762306,7,249,0.97265625,42.71000289916992,27.760562896728516,0.035380080342292786,539.3906843762306,0.0,
199796718_ef80a4d13b_60_85971448@N00.jpg,37.845037,27.110824,41.1365852355957,28.831043243408203,0.14105159044265747,394.6269907529942,5,166,0.6484375,41.1365852355957,28.831043243408203,0.12291979044675827,394.6269907529942,0.0,
199802332_27a09191e6_64_85971448@N00.jpg,37.921654,29.124755,37.92345428466797,29.12359619140625,0.2670591175556183,0.22451041274062544,0,0,0.0,37.92345428466797,29.12359619140625,0.2670591175556183,0.22451041274062544,0.0,
199806297_d650c1c479_45_85971448@N00.jpg,37.872549,32.491378,40.76558303833008,29.421171188354492,0.017358290031552315,416.1590551085329,3,256,1.0,40.76558303833008,29.421171188354492,0.01626024954020977,416.1590551085329,0.0,
200122311_69e1bf6d4a_72_18684820@N00.jpg,37.796763,-122.428207,-34.63917541503906,-58.36274337768555,0.009949859231710434,10415.74588099726,3,32,0.125,-34.63917541503906,-58.36274337768555,0.009682011790573597,10415.74588099726,0.0,
200132082_7a49b4b77a_65_18684820@N00.jpg,37.796763,-122.428207,37.809547424316406,-122.41788482666016,0.008946828544139862,1.686203148752606,1,12,0.046875,37.809547424316406,-122.41788482666016,0.009505297057330608,1.686203148752606,0.0,
200150346_6705a9c76e_52_18684820@N00.jpg,37.393754,-122.078983,34.39892578125,-118.91412353515625,0.041070401668548584,438.3057527181344,3,26,0.1015625,34.39892578125,-118.91412353515625,0.04555416852235794,438.3057527181344,0.0,
200157310_45817adaeb_61_18684820@N00.jpg,37.393754,-122.078983,48.719947814941406,-122.50276947021484,0.044248778373003006,1259.882051601681,0,0,0.0,48.719947814941406,-122.50276947021484,0.044248778373003006,1259.882051601681,0.0,
201447596_b22107374e_74_48947971@N00.jpg,35.009752,135.736083,35.03933334350586,135.7288360595703,0.10579095035791397,3.3548404189739998,1,160,0.625,35.03933334350586,135.7288360595703,0.09631967544555664,3.3548404189739998,0.0,
201606318_0c2807c504_66_18684820@N00.jpg,13.735383,100.500183,13.734048843383789,100.50687408447266,0.011937513947486877,0.7378093135507685,4,158,0.6171875,13.734048843383789,100.50687408447266,0.010858012363314629,0.7378093135507685,0.0,
201633165_cd0e2cc539_65_18684820@N00.jpg,13.735383,100.500183,13.74574089050293,100.53223419189453,0.006459806114435196,3.648498858791031,3,228,0.890625,13.74574089050293,100.53223419189453,0.00683050649240613,3.648498858791031,0.0,
201651298_4f21bd5826_66_18684820@N00.jpg,13.735383,100.500183,31.850147247314453,120.38063049316406,0.015840154141187668,2855.0123288721984,2,128,0.5,31.850147247314453,120.38063049316406,0.01750483177602291,2855.0123288721984,0.0,
201657210_e68cce9a1b_65_18684820@N00.jpg,13.735383,100.500183,13.752723693847656,100.41915893554688,0.01024849433451891,8.96140729503969,3,195,0.76171875,13.754860877990723,100.50416564941406,0.009862174279987812,2.2081499741054738,6.753257320934216,
202508316_91f909efd1_74_23601949@N00.jpg,43.763291,-69.30754,46.77478790283203,-60.33348083496094,0.07658702880144119,777.407024274382,0,0,0.0,46.77478790283203,-60.33348083496094,0.07658702880144119,777.407024274382,0.0,
203318443_0fba9d92de_78_40829484@N00.jpg,50.484599,5.890045,50.4439582824707,5.968021869659424,0.06977866590023041,7.1333946080932495,1,91,0.35546875,50.4439582824707,5.968021869659424,0.05908949673175812,7.1333946080932495,0.0,
203360313_e74db93bdd_78_85417391@N00.jpg,56.157023,10.208787,56.032012939453125,14.156366348266602,0.020365310832858086,245.21842132236483,1,121,0.47265625,56.032012939453125,14.156366348266602,0.019190756604075432,245.21842132236483,0.0,
203362451_11ffc99579_72_85417391@N00.jpg,56.157023,10.208787,55.681453704833984,12.573851585388184,0.006164319347590208,156.5566663837548,0,0,0.0,55.681453704833984,12.573851585388184,0.006164319347590208,156.5566663837548,0.0,
203369990_ce5bc48c5e_73_40829484@N00.jpg,50.484599,5.890045,44.54171371459961,6.060976028442383,0.0664415955543518,660.9437774436839,5,146,0.5703125,44.54171371459961,6.060976028442383,0.06875491887331009,660.9437774436839,0.0,
203372498_c307077bc6_72_40829484@N00.jpg,50.484599,5.890045,47.95291519165039,0.2121729999780655,0.03408503159880638,499.0870003741136,1,208,0.8125,47.95291519165039,0.2121729999780655,0.03615577518939972,499.0870003741136,0.0,
203380906_c7f7ea7d75_64_85417391@N00.jpg,56.157023,10.208787,49.184349060058594,-0.36111000180244446,0.0018717852653935552,1050.863053445303,1,144,0.5625,49.184349060058594,-0.36111000180244446,0.001810857793316245,1050.863053445303,0.0,
203382931_becf34eb9c_73_40829484@N00.jpg,50.484599,5.890045,50.44307327270508,5.968493938446045,0.08665022253990173,7.221840036138515,3,192,0.75,50.44307327270508,5.968493938446045,0.08932562917470932,7.221840036138515,0.0,
203414504_6dce8e2783_60_40829484@N00.jpg,50.484599,5.890045,50.44307327270508,5.968493938446045,0.02042645588517189,7.221840036138515,4,223,0.87109375,31.337669372558594,121.22029876708984,0.02501184120774269,8927.565913618908,-8920.34407358277,
203420486_c21ed696cc_65_40829484@N00.jpg,50.484599,5.890045,46.60721206665039,14.178295135498047,0.038047946989536285,746.3829538639405,4,72,0.28125,46.60721206665039,14.178295135498047,0.03459504619240761,746.3829538639405,0.0,
203433765_e18047ec80_68_40829484@N00.jpg,50.484599,5.890045,47.95291519165039,0.2121729999780655,0.04598507285118103,499.0870003741136,2,224,0.875,47.95291519165039,0.2121729999780655,0.04277899116277695,499.0870003741136,0.0,
203556116_5ccfe51938_71_40829484@N00.jpg,50.484599,5.890045,47.95291519165039,0.2121729999780655,0.0716838613152504,499.0870003741136,1,50,0.1953125,47.95291519165039,0.2121729999780655,0.06419814378023148,499.0870003741136,0.0,
204077214_df3394ae6e_60_96155869@N00.jpg,51.522843,-0.097503,51.5040283203125,-0.12037699669599533,0.010107540525496006,2.6234335791853125,1,96,0.375,51.503150939941406,-0.1200449988245964,0.010180436074733734,2.6884897683998177,-0.06505618921450518,
205937104_f815e40606_92_50994135@N00.jpg,55.868599,-4.290461,55.8612174987793,-4.249176025390625,0.015422264114022255,2.703645692936967,0,0,0.0,55.8612174987793,-4.249176025390625,0.015422264114022255,2.703645692936967,0.0,
205953850_37fcc34cc9_59_18684820@N00.jpg,37.352036,-122.004761,37.6666374206543,-121.0304946899414,0.009158478118479252,92.78277839849045,2,192,0.75,37.6666374206543,-121.0304946899414,0.012368221767246723,92.78277839849045,0.0,
206677401_8c512bf0f7_81_57253263@N00.jpg,41.791793,-70.586472,45.59740447998047,-122.64810180664062,0.01936965249478817,4133.045828454092,3,256,1.0,40.744834899902344,-73.44720458984375,0.022299308329820633,265.90924046147234,3867.1365879926198,
206687007_7beae5e6dd_59_57253263@N00.jpg,41.791793,-70.586472,41.5843620300293,-70.5419921875,0.10439686477184296,23.35915623689214,5,148,0.578125,41.5843620300293,-70.5419921875,0.12857362627983093,23.35915623689214,0.0,
206811821_cdaba6cb18_80_96155869@N00.jpg,51.218282,3.22586,51.2083740234375,3.224529981613159,0.028083082288503647,1.1056065052696382,2,225,0.87890625,51.20940017700195,3.224900007247925,0.02836434729397297,0.9898761092340346,0.11573039603560364,
206828863_f2f60dd4f6_90_96155869@N00.jpg,51.218282,3.22586,51.23344039916992,2.9106900691986084,0.04360860213637352,22.011829433153164,0,0,0.0,51.23344039916992,2.9106900691986084,0.04360860213637352,22.011829433153164,0.0,
207015107_cb18f205d0_66_18684820@N00.jpg,37.781298,-122.424774,37.773712158203125,-122.43179321289062,0.007354093249887228,1.0450255323744544,2,218,0.8515625,37.773712158203125,-122.43179321289062,0.007315414026379585,1.0450255323744544,0.0,
207028436_967c83d1b1_71_14542551@N00.jpg,48.973343,89.959659,41.84296417236328,75.0750732421875,0.18826265633106232,1402.7833856818202,0,0,0.0,41.84296417236328,75.0750732421875,0.18826265633106232,1402.7833856818202,0.0,
207029327_fe3decd583_92_18684820@N00.jpg,37.781298,-122.424774,36.97471618652344,-122.02576446533203,0.004814353305846453,96.36862388916416,1,256,1.0,36.97471618652344,-122.02576446533203,0.004455075599253178,96.36862388916416,0.0,
207032418_9e334a5962_68_18684820@N00.jpg,37.781298,-122.424774,40.46564865112305,-79.95482635498047,0.003772075055167079,3640.437352060991,2,240,0.9375,40.46564865112305,-79.95482635498047,0.00425900612026453,3640.437352060991,0.0,
207043724_733226857b_79_14542551@N00.jpg,48.973343,89.959659,47.845767974853516,16.833887100219727,0.10920845717191696,5181.179477336189,2,40,0.15625,47.845767974853516,16.833887100219727,0.15517552196979523,5181.179477336189,0.0,
207058783_4fed7a547e_91_81421684@N00.jpg,39.87916,116.437032,39.915000915527344,116.3896713256836,0.006802883464843035,5.675094265137814,1,150,0.5859375,39.915000915527344,116.3896713256836,0.006409004330635071,5.675094265137814,0.0,
207058986_dfd7d6ad9a_73_81421684@N00.jpg,39.880136,116.434736,39.91625213623047,116.39019012451172,0.009421268478035927,5.528869355791115,6,154,0.6015625,39.91625213623047,116.39019012451172,0.008652608841657639,5.528869355791115,0.0,
207072624_f2a0d76266_63_14542551@N00.jpg,48.973343,89.959659,28.91869354248047,89.59913635253906,0.05161382630467415,2230.189667568983,3,18,0.0703125,28.91869354248047,89.59913635253906,0.053682755678892136,2230.189667568983,0.0,
207074756_a378657b87_84_81421684@N00.jpg,39.953725,116.410231,39.882080078125,116.40668487548828,0.00793935265392065,7.972300991652757,6,224,0.875,39.882080078125,116.40668487548828,0.008454665541648865,7.972300991652757,0.0,
208272937_acd6a0833d_86_40829484@N00.jpg,49.608818,6.550941,50.213775634765625,4.894432067871094,0.06237862631678581,136.35892742140888,1,77,0.30078125,50.213775634765625,4.894432067871094,0.061394792050123215,136.35892742140888,0.0,
208287783_ecee29445f_85_40279823@N00.jpg,37.078188,37.378234,37.18220138549805,38.7652587890625,0.05494435131549835,123.50419131368326,4,253,0.98828125,37.18220138549805,38.7652587890625,0.05593739449977875,123.50419131368326,0.0,
208971772_74d9278ada_64_40279823@N00.jpg,37.160863,38.793411,30.342065811157227,48.291778564453125,0.04755566269159317,1159.0423587090356,4,256,1.0,30.342065811157227,48.291778564453125,0.05556939169764519,1159.0423587090356,0.0,
209252616_2c699c99d1_77_23601949@N00.jpg,37.715747,-119.677001,37.7231559753418,-119.63776397705078,0.034825365990400314,3.5481424601201965,0,0,0.0,37.7231559753418,-119.63776397705078,0.034825365990400314,3.5481424601201965,0.0,
209321033_92dcb3204b_64_20194767@N00.jpg,13.735299,100.499324,3.3379530906677246,101.513671875,0.002662472426891327,1161.486139950206,2,210,0.8203125,3.3379530906677246,101.513671875,0.002226840239018202,1161.486139950206,0.0,
209376246_6a22f4a602_80_20194767@N00.jpg,9.544551,100.045623,-21.542499542236328,-62.98866653442383,0.016653085127472878,17764.219304524595,2,190,0.7421875,-21.542499542236328,-62.98866653442383,0.01758071407675743,17764.219304524595,0.0,
209396738_8907d1cdbe_64_50994135@N00.jpg,55.818258,-5.134735,54.11310577392578,-9.934557914733887,0.045374076813459396,360.1918393091649,0,0,0.0,54.11310577392578,-9.934557914733887,0.045374076813459396,360.1918393091649,0.0,
209415303_0f7e058f99_86_36887937@N00.jpg,28.592702,77.220553,28.65436553955078,77.23925018310547,0.03922310099005699,7.095387693183004,1,208,0.8125,28.65436553955078,77.23925018310547,0.03461126238107681,7.095387693183004,0.0,
209425611_7a44efd58c_68_36887937@N00.jpg,28.595034,77.220973,28.59320640563965,77.24972534179688,0.040064435452222824,2.814519261380971,1,165,0.64453125,28.59320640563965,77.24972534179688,0.042466118931770325,2.814519261380971,0.0,
209542022_9cf365d523_77_44972214@N00.jpg,41.860356,-87.633819,30.267906188964844,-97.76776123046875,0.00928500760346651,1575.819095430478,8,100,0.390625,30.267906188964844,-97.76776123046875,0.010862411931157112,1575.819095430478,0.0,
209583162_5bfaa2d0a7_59_44972214@N00.jpg,41.860356,-87.633819,41.883365631103516,-87.62257385253906,0.008430099114775658,2.722713134564336,1,4,0.015625,41.883365631103516,-87.62257385253906,0.008432536385953426,2.722713134564336,0.0,
209583270_5a138b56f6_82_44972214@N00.jpg,41.860356,-87.633819,40.7598876953125,-73.97469329833984,0.004255832638591528,1146.175335469497,1,30,0.1171875,40.75999069213867,-73.9753646850586,0.004435250069946051,1146.1176460004303,0.05768946906664496,
209596142_a75f006b1d_72_44972214@N00.jpg,41.860356,-87.633819,41.88924026489258,-87.62042999267578,0.009170431643724442,3.3977187928047026,3,164,0.640625,41.88924026489258,-87.62042999267578,0.00894999410957098,3.3977187928047026,0.0,
209625280_8eebafb764_81_41894169878@N01.jpg,40.033912,-105.24073,28.671119689941406,-81.33712768554688,0.0027774858754128218,2520.142142441303,2,192,0.75,28.671119689941406,-81.33712768554688,0.0038464071694761515,2520.142142441303,0.0,
210493419_e5d535568a_97_25159586@N00.jpg,37.783316,-122.403659,37.783935546875,-122.4015884399414,0.011932372115552425,0.19456687661289945,0,0,0.0,37.783935546875,-122.4015884399414,0.011932372115552425,0.19456687661289945,0.0,
211682093_66e3ac0796_93_41894197861@N01.jpg,34.065174,-5.000152,31.949840545654297,35.92237091064453,0.017085852101445198,3797.8305650769003,6,94,0.3671875,33.89649963378906,35.481666564941406,0.012696580030024052,3707.6387765816276,90.1917884952727,
212281180_eea8432bf2_92_18684820@N00.jpg,37.781298,-122.424774,37.79806137084961,-122.40692138671875,0.004782140254974365,2.4363012055054143,1,144,0.5625,37.79806137084961,-122.40692138671875,0.00456485478207469,2.4363012055054143,0.0,
212282384_0197cde807_83_18684820@N00.jpg,37.781298,-122.424774,37.78730010986328,-122.40885162353516,0.004239835310727358,1.5502756994498414,2,169,0.66015625,37.7872428894043,-122.4089584350586,0.004262592177838087,1.539065742805674,0.011209956644167463,
212283623_a8f086d248_72_18684820@N00.jpg,37.781298,-122.424774,43.73465347290039,-79.25825500488281,0.008792201988399029,3653.1871497260186,1,144,0.5625,43.73465347290039,-79.25825500488281,0.03267882391810417,3653.1871497260186,0.0,
215004503_0f00559d3c_64_41894197861@N01.jpg,31.624444,-8.002166,31.627897262573242,-7.98713493347168,0.01664038747549057,1.4740518139254581,0,0,0.0,31.627897262573242,-7.98713493347168,0.01664038747549057,1.4740518139254581,0.0,
215915448_ae93e0bde3_95_20194767@N00.jpg,9.376241,99.94091,9.737688064575195,100.01859283447266,0.010418949648737907,41.0838715055845,5,256,1.0,9.737688064575195,100.01859283447266,0.012328916229307652,41.0838715055845,0.0,
215949553_7254bad20f_93_20194767@N00.jpg,13.735299,100.499324,37.949851989746094,58.37310791015625,0.0041829259134829044,4940.138965303479,0,0,0.0,37.949851989746094,58.37310791015625,0.0041829259134829044,4940.138965303479,0.0,
215950062_e1d745088d_89_20194767@N00.jpg,13.735299,100.499324,-33.66435241699219,-70.92567443847656,0.003750144736841321,17635.920773046502,1,256,1.0,-33.66435241699219,-70.92567443847656,0.004045944195240736,17635.920773046502,0.0,
216548983_a3eddb2676_92_90833046@N00.jpg,60.377302,6.720371,61.22249984741211,7.097221851348877,0.06292984634637833,96.17917825816174,1,128,0.5,61.22249984741211,7.097221851348877,0.0530289001762867,96.17917825816174,0.0,
216559937_9f0431978d_79_90833046@N00.jpg,60.377302,6.720371,42.431312561035156,-73.33736419677734,0.013789954595267773,5503.632577183071,4,217,0.84765625,42.43109893798828,-73.34136962890625,0.016394469887018204,5503.861312749048,-0.22873556597733113,
216575529_a69f907165_82_41894169878@N01.jpg,40.01529,-105.256104,47.86638259887695,-121.98955535888672,0.03208664804697037,1593.855743362168,0,0,0.0,47.86638259887695,-121.98955535888672,0.03208664804697037,1593.855743362168,0.0,
217552984_53e8b16fed_71_84498284@N00.jpg,41.888237,12.484288,41.892921447753906,12.483419418334961,0.003778770798817277,0.5258261250219766,2,192,0.75,41.892921447753906,12.483419418334961,0.003875140333548188,0.5258261250219766,0.0,
217716345_b00abbacf8_63_63163416@N00.jpg,36.85387,28.265504,39.48814392089844,13.532408714294434,0.040561698377132416,1319.1875861807307,1,64,0.25,39.48814392089844,13.532408714294434,0.1077960804104805,1319.1875861807307,0.0,
217720482_cb17dffd7c_86_63163416@N00.jpg,36.85387,28.265504,42.67725372314453,18.002622604370117,0.008012315258383751,1088.9797653150597,0,0,0.0,42.67725372314453,18.002622604370117,0.008012315258383751,1088.9797653150597,0.0,
217726612_48fdd833cd_57_63163416@N00.jpg,36.85387,28.265504,36.856754302978516,28.260183334350586,0.13323351740837097,0.5718086379229085,2,66,0.2578125,36.856754302978516,28.260183334350586,0.1313200742006302,0.5718086379229085,0.0,
217794663_d021aa874e_43_50994135@N00.jpg,55.836963,-4.475426,53.78645324707031,9.950008392333984,0.05843991041183472,950.1342209411897,0,0,0.0,53.78645324707031,9.950008392333984,0.05843991041183472,950.1342209411897,0.0,
217950393_07f9f328c9_83_97522422@N00.jpg,34.048392,-4.994659,31.31023406982422,-7.372511863708496,0.01743362657725811,377.10462764250735,2,130,0.5078125,31.31023406982422,-7.372511863708496,0.021469436585903168,377.10462764250735,0.0,
218549139_b11e73ec8f_64_25159586@N00.jpg,35.316745,139.535723,35.320796966552734,139.5516815185547,0.015705501660704613,1.516390008778347,7,159,0.62109375,35.320796966552734,139.5516815185547,0.0201664250344038,1.516390008778347,0.0,
218660500_f9555dc18c_89_84498284@N00.jpg,41.884619,12.479889,44.49355697631836,11.343382835388184,0.012074173428118229,304.37273785065486,0,0,0.0,44.49355697631836,11.343382835388184,0.012074173428118229,304.37273785065486,0.0,
218915561_5f9f7aa0d2_67_25159586@N00.jpg,35.660408,139.729239,35.66081619262695,139.73902893066406,0.016520008444786072,0.8856280900608134,0,0,0.0,35.66081619262695,139.73902893066406,0.016520008444786072,0.8856280900608134,0.0,
219346161_f39fc945ef_59_97522422@N00.jpg,34.048392,-4.994659,29.616594314575195,52.545997619628906,0.01369230542331934,5387.26829230739,1,256,1.0,29.616594314575195,52.545997619628906,0.013421250507235527,5387.26829230739,0.0,
219419138_65789972f8_60_97522422@N00.jpg,37.390618,-5.986175,37.387447357177734,-5.993856906890869,0.013848554342985153,0.7647912933442624,0,0,0.0,37.387447357177734,-5.993856906890869,0.013848554342985153,0.7647912933442624,0.0,
219433381_8241d768c8_79_97522422@N00.jpg,37.390618,-5.986175,37.3856315612793,-5.992999076843262,0.00972993578761816,0.8190988661712216,1,126,0.4921875,37.38524627685547,-5.992096900939941,0.008466149680316448,0.7940476170838117,0.025051249087409966,
219448158_7cabaeb085_52_97522422@N00.jpg,37.027773,-8.918838,57.4754638671875,9.795513153076172,0.01430719904601574,2656.8746533332014,7,177,0.69140625,57.47320556640625,9.79654312133789,0.028108930215239525,2656.7190827878158,0.15557054538567172,
219471810_5b289ac6bd_75_97522422@N00.jpg,38.571639,-7.910242,40.70042037963867,14.229353904724121,0.007270790636539459,1905.4600755411636,0,0,0.0,40.70042037963867,14.229353904724121,0.007270790636539459,1905.4600755411636,0.0,
219473099_a1ce775855_75_97522422@N00.jpg,38.571639,-7.910242,37.016700744628906,-7.933300018310547,0.017226548865437508,172.91335240120335,3,208,0.8125,37.016700744628906,-7.933300018310547,0.015573304146528244,172.91335240120335,0.0,
219476609_1f217aef4c_89_97522422@N00.jpg,38.608285,-7.932128,38.57539749145508,-7.910326957702637,0.01475677452981472,4.118642805964457,0,0,0.0,38.57539749145508,-7.910326957702637,0.01475677452981472,4.118642805964457,0.0,
219603103_9ed70b5c08_81_82927779@N00.jpg,13.752432,100.487415,13.678701400756836,101.07117462158203,0.0845324769616127,63.59092799124917,0,0,0.0,13.678701400756836,101.07117462158203,0.0845324769616127,63.59092799124917,0.0,
219687801_ab67a8f5ca_70_88483799@N00.jpg,37.15156,-76.582088,29.389205932617188,-98.6247787475586,0.18627075850963593,2216.779080331334,5,224,0.875,29.389205932617188,-98.6247787475586,0.13084621727466583,2216.779080331334,0.0,
219701030_078cb79db4_57_88483799@N00.jpg,37.15156,-76.582088,41.94790267944336,-72.69168090820312,0.08089596778154373,628.8786822043656,2,9,0.03515625,41.94790267944336,-72.69168090820312,0.06910756230354309,628.8786822043656,0.0,
219746086_6acbf8a5fe_77_88483799@N00.jpg,37.15156,-76.582088,35.12945556640625,-79.15168762207031,0.0707232803106308,322.1530342816773,7,128,0.5,35.12945556640625,-79.15168762207031,0.10286489874124527,322.1530342816773,0.0,
219747702_cdd6619915_62_88483799@N00.jpg,37.15156,-76.582088,29.389205932617188,-98.6247787475586,0.03931593522429466,2216.779080331334,4,256,1.0,29.389205932617188,-98.6247787475586,0.04259606823325157,2216.779080331334,0.0,
219856380_2a6e77dd3e_70_67879480@N00.jpg,55.749723,37.624998,50.43386459350586,30.562440872192383,0.008901825174689293,755.3981374524022,2,238,0.9296875,50.43386459350586,30.562440872192383,0.010241081938147545,755.3981374524022,0.0,
219858712_6077ca65fb_75_67879480@N00.jpg,55.749723,37.624998,49.37814712524414,10.178682327270508,0.003664337331429124,1969.8703973588501,1,6,0.0234375,49.37814712524414,10.178682327270508,0.0038655102252960205,1969.8703973588501,0.0,
219898919_220c455b81_78_82927779@N00.jpg,-34.39919,21.326351,35.57607650756836,-120.72695922851562,0.010272652842104435,16577.21189549751,3,160,0.625,35.58254623413086,-105.73426055908203,0.00779018783941865,15250.531524325013,1326.6803711724951,
220370411_4858003563_87_73293249@N00.jpg,46.522734,6.632744,56.17201614379883,14.862442016601562,0.0023475962225347757,1213.7449632207931,2,204,0.796875,56.17201614379883,14.862442016601562,0.0022355886176228523,1213.7449632207931,0.0,
221063300_5c36bfd02b_76_83794921@N00.jpg,43.1075,-79.072036,43.08286666870117,-79.0744400024414,0.03881713002920151,2.7460516373257606,1,78,0.3046875,43.08286666870117,-79.0744400024414,0.03950215503573418,2.7460516373257606,0.0,
221067713_42e08f1360_61_83794921@N00.jpg,43.1075,-79.072036,40.38648986816406,-79.86412811279297,0.011930903419852257,309.6123374466154,0,0,0.0,40.38648986816406,-79.86412811279297,0.011930903419852257,309.6123374466154,0.0,
222234584_644707585e_75_50994135@N00.jpg,55.832047,-4.473752,51.160953521728516,-0.5780749917030334,0.014636743813753128,579.5917917130487,1,256,1.0,42.98512268066406,-1.1541650295257568,0.013598322868347168,1448.1349209106936,-868.5431291976449,
222304519_610babac7c_71_73293249@N00.jpg,46.199279,7.075465,44.6878776550293,7.061976909637451,0.05740220844745636,168.06368735545908,0,0,0.0,44.6878776550293,7.061976909637451,0.05740220844745636,168.06368735545908,0.0,
222340717_906d5c4a48_76_73293249@N00.jpg,46.199279,7.075465,45.872703552246094,6.942843914031982,0.041397519409656525,37.729007962268525,0,0,0.0,45.872703552246094,6.942843914031982,0.041397519409656525,37.729007962268525,0.0,
222341691_0fec9bd818_81_73293249@N00.jpg,46.199279,7.075465,45.88618469238281,6.892889976501465,0.029791921377182007,37.55829769102245,0,0,0.0,45.88618469238281,6.892889976501465,0.029791921377182007,37.55829769102245,0.0,
222676259_4a2b80105e_87_91728102@N00.jpg,31.240306,121.486129,-2.1915810108184814,-79.87438201904297,0.03293263912200928,16083.098143099114,1,4,0.015625,-2.1915810108184814,-79.87438201904297,0.03810683265328407,16083.098143099114,0.0,
223034433_453c483c15_60_82927779@N00.jpg,31.238095,121.486473,31.23929786682129,121.49419403076172,0.01626713015139103,0.7461504032157641,1,176,0.6875,31.23929786682129,121.49419403076172,0.013188602402806282,0.7461504032157641,0.0,
223047309_5fb9b8cf18_80_82927779@N00.jpg,31.238095,121.486473,31.548580169677734,121.1396484375,0.0398477204144001,47.703612745551126,0,0,0.0,31.548580169677734,121.1396484375,0.0398477204144001,47.703612745551126,0.0,
223050902_e41c4e4d3c_60_82927779@N00.jpg,31.238095,121.486473,31.23929786682129,121.49419403076172,0.040624719113111496,0.7461504032157641,2,20,0.078125,31.23929786682129,121.49419403076172,0.040351610630750656,0.7461504032157641,0.0,
223105519_7a0434ee4f_62_73293249@N00.jpg,45.995832,7.342446,46.65367889404297,8.205412864685059,0.018084241077303886,98.69999944854577,0,0,0.0,46.65367889404297,8.205412864685059,0.018084241077303886,98.69999944854577,0.0,
223135885_c58b8e27ed_87_56186870@N00.jpg,62.577859,11.392028,62.57788848876953,11.395739555358887,0.20706477761268616,0.19009729822669238,2,225,0.87890625,62.57788848876953,11.395739555358887,0.25708308815956116,0.19009729822669238,0.0,
223480237_aed4e273a8_62_73293249@N00.jpg,46.002618,7.326676,46.39643478393555,7.7369489669799805,0.07089254260063171,53.98737390105405,0,0,0.0,46.39643478393555,7.7369489669799805,0.07089254260063171,53.98737390105405,0.0,
223847473_1096223854_98_50994135@N00.jpg,55.790014,-4.536495,54.41972732543945,-2.4013710021972656,0.05486295372247696,204.09700138448702,0,0,0.0,54.41972732543945,-2.4013710021972656,0.05486295372247696,204.09700138448702,0.0,
223926041_ea1d744041_94_73293249@N00.jpg,46.032729,7.307592,46.42448806762695,8.174858093261719,0.0314556248486042,79.6747642226226,1,21,0.08203125,46.42448806762695,8.174858093261719,0.029052462428808212,79.6747642226226,0.0,
223933653_f3f23609a5_93_40829484@N00.jpg,40.731909,-74.010086,40.71369552612305,-74.01493835449219,0.007015697192400694,2.066118497525426,1,20,0.078125,40.71369552612305,-74.01493835449219,0.007859653793275356,2.066118497525426,0.0,
223993413_aad528d393_62_69212252@N00.jpg,48.873973,2.293825,44.8416748046875,-0.572983980178833,0.01904529333114624,498.45903301378235,1,21,0.08203125,44.8416748046875,-0.572983980178833,0.01845504157245159,498.45903301378235,0.0,
224260045_431e8a656e_72_73293249@N00.jpg,46.050615,7.183459,45.50857162475586,6.707452774047852,0.04915272817015648,70.67806607103178,0,0,0.0,45.50857162475586,6.707452774047852,0.04915272817015648,70.67806607103178,0.0,
224678347_9770ec6c46_90_83039477@N00.jpg,23.623136,32.780456,24.10163116455078,32.882938385009766,0.055364325642585754,54.217310099287744,5,25,0.09765625,26.616500854492188,29.84670066833496,0.056134771555662155,444.9630660650245,-390.74575596573675,
224678511_036523375f_63_83039477@N00.jpg,23.623136,32.780456,24.10163116455078,32.882938385009766,0.1892804503440857,54.217310099287744,1,60,0.234375,24.10163116455078,32.882938385009766,0.1915164589881897,54.217310099287744,0.0,
224684739_65efc4ea07_74_83039477@N00.jpg,24.547123,32.958984,24.45245361328125,32.92850875854492,0.1011737808585167,10.969111177963667,0,0,0.0,24.45245361328125,32.92850875854492,0.1011737808585167,10.969111177963667,0.0,
224685543_40f3f3ab9a_90_83039477@N00.jpg,24.547123,32.958984,12.361465454101562,40.62744140625,0.02435050904750824,1576.9663055093902,2,178,0.6953125,12.361465454101562,40.62744140625,0.02326294220983982,1576.9663055093902,0.0,
224689507_9a79541652_90_83039477@N00.jpg,25.809781,32.607421,26.051692962646484,32.77290344238281,0.10281187295913696,31.582024298853216,0,0,0.0,26.051692962646484,32.77290344238281,0.10281187295913696,31.582024298853216,0.0,
224695491_dbae968598_94_83039477@N00.jpg,25.809781,32.607421,26.147733688354492,32.730674743652344,0.05592208355665207,39.546783695977275,5,27,0.10546875,26.051692962646484,32.77290344238281,0.057035721838474274,31.582024298853216,7.964759397124059,
224699005_dd9f92eb9a_72_83039477@N00.jpg,27.337614,33.826904,60.26165771484375,-1.2918369770050049,0.0015265324618667364,4515.429441025734,2,168,0.65625,60.26165771484375,-1.2918369770050049,0.001750126131810248,4515.429441025734,0.0,
225391990_b58f194986_63_43935788@N00.jpg,25.729318,-80.248517,25.61432456970215,-80.30587768554688,0.0210313368588686,14.019506007698107,3,225,0.87890625,25.61432456970215,-80.30587768554688,0.034134719520807266,14.019506007698107,0.0,
225738663_66f272076e_88_70484005@N00.jpg,41.746157,-73.932248,39.91997146606445,-86.22093963623047,0.008680478669703007,1052.654920348533,8,146,0.5703125,39.91997146606445,-86.22093963623047,0.010295547544956207,1052.654920348533,0.0,
225818309_6337809ecc_95_18684820@N00.jpg,3.15997,101.709194,47.45357131958008,8.55815601348877,0.054226964712142944,9985.26442871572,1,96,0.375,47.45357131958008,8.55815601348877,0.07315880805253983,9985.26442871572,0.0,
225828659_f616555d96_65_18684820@N00.jpg,3.15997,101.709194,3.1443328857421875,101.69783020019531,0.02737734653055668,2.1482959324692366,3,224,0.875,3.142529010772705,101.69490814208984,0.026610683649778366,2.505363863762736,-0.35706793129349945,
225829998_0af6b8cbef_86_18684820@N00.jpg,3.15997,101.709194,1.4463449716567993,103.81929016113281,0.020343013107776642,302.10481695967013,1,91,0.35546875,1.4463449716567993,103.81929016113281,0.02552349492907524,302.10481695967013,0.0,
225981131_3f3f2f0ff5_81_18684820@N00.jpg,3.15997,101.709194,39.80672073364258,116.15406799316406,0.0022287811152637005,4327.112095135748,1,225,0.87890625,40.31147384643555,-74.4649887084961,0.002219022950157523,15165.611919128189,-10838.49982399244,
226297550_dc8a399209_71_69212252@N00.jpg,-19.570789,-65.750684,64.49468231201172,60.025177001953125,0.037366271018981934,13638.156583839951,5,161,0.62890625,49.027061462402344,113.939208984375,0.04999753460288048,16739.604626862594,-3101.448043022643,
226581688_4fa967a103_85_78225438@N00.jpg,38.891099,-77.047762,38.87921905517578,-77.07332611083984,0.008821581490337849,2.577024366339163,1,169,0.66015625,38.87921905517578,-77.07332611083984,0.00901916902512312,2.577024366339163,0.0,
226631276_fffdc6b372_66_83039477@N00.jpg,28.553163,-81.416931,28.373096466064453,-81.55001068115234,0.016754107549786568,23.877553787726935,0,0,0.0,28.373096466064453,-81.55001068115234,0.016754107549786568,23.877553787726935,0.0,
226638894_1adf1a354d_91_83039477@N00.jpg,25.935817,-80.337524,25.958024978637695,-80.2390365600586,0.36655643582344055,10.152328037048948,0,0,0.0,25.958024978637695,-80.2390365600586,0.36655643582344055,10.152328037048948,0.0,
226792156_62969afc45_77_18684820@N00.jpg,3.15997,101.709194,3.1553850173950195,101.71009826660156,0.0065139224752783775,0.5196188154642108,1,176,0.6875,3.108206033706665,101.69271087646484,0.008270924910902977,6.039837355939503,-5.520218540475292,
226988259_3817f4dcdb_96_18684820@N00.jpg,3.15997,101.709194,2.195251941680908,102.24836730957031,0.06825713068246841,122.85659794487943,5,98,0.3828125,2.195251941680908,102.24836730957031,0.06505250185728073,122.85659794487943,0.0,
226994106_d9dddbf0e3_86_18684820@N00.jpg,3.15997,101.709194,3.1482930183410645,101.69552612304688,0.0351969338953495,1.9971738477105365,7,168,0.65625,3.1482930183410645,101.69552612304688,0.03534867614507675,1.9971738477105365,0.0,
227545156_0fed163283_73_36887937@N00.jpg,13.011787,77.551152,12.67249584197998,77.19131469726562,0.03445345535874367,54.27005974302169,8,112,0.4375,12.67249584197998,77.19131469726562,0.029743779450654984,54.27005974302169,0.0,
227569033_4e625d93c3_74_48637819@N00.jpg,34.147612,77.571716,34.62100601196289,77.61376953125,0.07187718152999878,52.7803517947909,0,0,0.0,34.62100601196289,77.61376953125,0.07187718152999878,52.7803517947909,0.0,
227748905_062b192640_63_88895879@N00.jpg,51.556582,-0.153808,51.50732421875,-0.12745800614356995,0.005938518326729536,5.772533323531015,1,48,0.1875,51.50732421875,-0.12745800614356995,0.005412999540567398,5.772533323531015,0.0,
227817748_9ab448629e_78_88895879@N00.jpg,51.556582,-0.153808,36.61868667602539,-121.90255737304688,0.014622037298977375,8694.793709527627,0,0,0.0,36.61868667602539,-121.90255737304688,0.014622037298977375,8694.793709527627,0.0,
227849281_c7d1e6c72c_79_88895879@N00.jpg,51.556582,-0.153808,51.50342559814453,-0.12325199693441391,0.008987165987491608,6.2773008537796775,1,96,0.375,51.503150939941406,-0.1200449988245964,0.009071744047105312,6.38385067022496,-0.10654981644528227,
227971154_bee07fe5ca_63_18684820@N00.jpg,3.162455,101.686706,51.35465621948242,-0.466746985912323,0.005165234208106995,10570.13887456654,2,256,1.0,51.35465621948242,-0.466746985912323,0.007088249549269676,10570.13887456654,0.0,
228148462_0149f1d055_61_27274415@N00.jpg,38.576588,-121.493731,38.58180618286133,-121.50243377685547,0.08553104102611542,0.9533982135363256,2,240,0.9375,38.58180618286133,-121.50243377685547,0.08383513242006302,0.9533982135363256,0.0,
228150696_b8c6bb601b_74_27274415@N00.jpg,38.576588,-121.493731,36.11726760864258,-115.17229461669922,0.01219514012336731,621.925256959535,3,230,0.8984375,36.11726760864258,-115.17229461669922,0.012119662016630173,621.925256959535,0.0,
228563008_aa5e543c44_80_36887937@N00.jpg,12.941802,77.567884,13.74992561340332,100.49130249023438,0.008663925342261791,2480.8438863940096,1,256,1.0,13.74992561340332,100.49130249023438,0.008800988085567951,2480.8438863940096,0.0,
228577160_70baefeeec_71_41894197861@N01.jpg,31.043521,-9.676208,32.696773529052734,-4.736005783081055,0.1562531441450119,501.3576097028358,3,207,0.80859375,32.696773529052734,-4.736005783081055,0.16658319532871246,501.3576097028358,0.0,
228850873_0545142eed_73_55085284@N00.jpg,48.859068,2.343177,48.80519485473633,2.1210899353027344,0.05028235539793968,17.324532925207592,0,0,0.0,48.80519485473633,2.1210899353027344,0.05028235539793968,17.324532925207592,0.0,
228863764_fb245c2576_94_55085284@N00.jpg,48.859068,2.343177,48.80500411987305,2.1192879676818848,0.04973253235220909,17.455675622774802,1,144,0.5625,48.80500411987305,2.1192879676818848,0.05044599622488022,17.455675622774802,0.0,
228909896_02464233a2_65_55085284@N00.jpg,48.859068,2.343177,48.853271484375,2.3493459224700928,0.011851277202367783,0.7868485700884108,1,256,1.0,48.853271484375,2.3493459224700928,0.011835101060569286,0.7868485700884108,0.0,
228921183_dd74aa514f_61_55085284@N00.jpg,48.859068,2.343177,48.853370666503906,2.3479409217834473,0.00715662119910121,0.7230608168863738,2,81,0.31640625,48.853370666503906,2.3479409217834473,0.006731023546308279,0.7230608168863738,0.0,
229784262_bdd796c1b3_95_55085284@N00.jpg,48.859068,2.343177,48.86088943481445,2.3359251022338867,0.007718996144831181,0.5678617549363605,0,0,0.0,48.86088943481445,2.3359251022338867,0.007718996144831181,0.5678617549363605,0.0,
230287889_35c49503a4_84_40829484@N00.jpg,40.856798,-73.874816,40.848812103271484,-73.87841796875,0.06160692498087883,0.9382483723044169,1,45,0.17578125,40.848812103271484,-73.87841796875,0.05537717044353485,0.9382483723044169,0.0,
230288671_353b5e8818_72_40829484@N00.jpg,40.856798,-73.874816,51.51985168457031,5.10898494720459,0.03486863151192665,5891.6096962419415,2,18,0.0703125,51.51985168457031,5.10898494720459,0.03079909086227417,5891.6096962419415,0.0,
230313836_5939192c5f_81_40829484@N00.jpg,40.74872,-73.986053,40.74915313720703,-73.98553466796875,0.005700893234461546,0.06500897055785977,1,256,1.0,40.74915313720703,-73.98553466796875,0.005982775706797838,0.06500897055785977,0.0,
230314514_8576ef678e_66_40829484@N00.jpg,40.74872,-73.986053,40.748531341552734,-73.98555755615234,0.008207427337765694,0.04671134798307784,1,176,0.6875,40.748531341552734,-73.98555755615234,0.009179487824440002,0.04671134798307784,0.0,
230349449_6c4c137bfd_58_73293249@N00.jpg,46.041714,7.318256,46.88436508178711,12.154805183410645,0.0429099015891552,382.0449804841198,1,80,0.3125,46.88436508178711,12.154805183410645,0.04405888915061951,382.0449804841198,0.0,
230395946_e770929544_89_50994135@N00.jpg,55.780434,-5.104522,56.96669006347656,-5.824899196624756,0.11026055365800858,139.16280335993207,0,0,0.0,56.96669006347656,-5.824899196624756,0.11026055365800858,139.16280335993207,0.0,
230659931_49e5f50664_95_16836474@N00.jpg,23.13073,-82.379264,22.500028610229492,-79.55028533935547,0.027994628995656967,298.3105420700207,1,14,0.0546875,22.500028610229492,-79.55028533935547,0.029420452192425728,298.3105420700207,0.0,
231068772_1acbfb9b54_91_96155869@N00.jpg,49.750218,13.373794,50.08060836791992,14.431742668151855,0.0061883945018053055,84.18726342341992,1,15,0.05859375,50.08060836791992,14.431742668151855,0.005893287714570761,84.18726342341992,0.0,
231548757_1255a79ddd_81_55085284@N00.jpg,41.890393,12.49197,41.904090881347656,12.482389450073242,0.006065840367227793,1.7171857302847149,0,0,0.0,41.904090881347656,12.482389450073242,0.006065840367227793,1.7171857302847149,0.0,
231549393_9a09043acc_81_55085284@N00.jpg,41.890393,12.49197,37.50227737426758,15.087499618530273,0.002584645291790366,536.0217457071973,1,110,0.4296875,37.50227737426758,15.087499618530273,0.0030511468648910522,536.0217457071973,0.0,
231681284_f16f724cd6_81_56945335@N00.jpg,-33.80939,18.924636,-33.93916702270508,18.860166549682617,0.1078309416770935,15.609811792354922,1,108,0.421875,-33.93916702270508,18.860166549682617,0.1139589324593544,15.609811792354922,0.0,
231684287_aff6d170ca_93_32367657@N00.jpg,-17.922555,13.859147,38.194480895996094,13.414993286132812,0.0054702251218259335,6240.110731908965,5,214,0.8359375,38.194480895996094,13.414993286132812,0.0055921319872140884,6240.110731908965,0.0,
231831541_38b0538166_79_16836474@N00.jpg,8.625745,-77.34641,20.34776496887207,-74.4994888305664,0.04578843340277672,1338.83482311772,4,250,0.9765625,20.34776496887207,-74.4994888305664,0.034062158316373825,1338.83482311772,0.0,
231864523_d3b9586bfb_85_16836474@N00.jpg,8.625745,-77.34641,6.7071027755737305,116.32066345214844,0.018643230199813843,17734.35518908182,0,0,0.0,6.7071027755737305,116.32066345214844,0.018643230199813843,17734.35518908182,0.0,
231903216_66813fce66_88_55085284@N00.jpg,41.890393,12.49197,41.90241241455078,12.453710556030273,0.016920356079936028,3.4371586690610303,3,217,0.84765625,41.90241241455078,12.453710556030273,0.017398621886968613,3.4371586690610303,0.0,
232610378_b145f4e033_80_14542551@N00.jpg,40.261188,116.074676,40.354000091552734,116.00738525390625,0.11567474156618118,11.792596664748695,1,128,0.5,40.354000091552734,116.00738525390625,0.13736622035503387,11.792596664748695,0.0,
232614710_f81d7e73dc_97_14542551@N00.jpg,39.903139,116.422301,29.32602882385254,104.74346160888672,0.050837330520153046,1586.2967297707492,1,9,0.03515625,29.32602882385254,104.74346160888672,0.04742349684238434,1586.2967297707492,0.0,
232651201_3ad49f032e_83_14542551@N00.jpg,34.800695,114.356174,39.93218231201172,116.39705657958984,0.00757351890206337,598.372252874222,2,33,0.12890625,39.93218231201172,116.39705657958984,0.007315643597394228,598.372252874222,0.0,
232837707_29551dad12_81_40829484@N00.jpg,39.919216,-75.145111,32.37445068359375,-90.8702392578125,0.0028354583773761988,1638.7846011323657,2,81,0.31640625,32.37445068359375,-90.8702392578125,0.005371362902224064,1638.7846011323657,0.0,
232911101_e22379d1e6_81_63163416@N00.jpg,36.85387,28.265504,36.76790237426758,28.051958084106445,0.16572222113609314,21.27887760071722,4,169,0.66015625,36.76790237426758,28.051958084106445,0.1800876408815384,21.27887760071722,0.0,
232936533_dabfbc7cd8_88_63163416@N00.jpg,36.85387,28.265504,39.20895004272461,20.142955780029297,0.07383689284324646,757.737980739254,0,0,0.0,39.20895004272461,20.142955780029297,0.07383689284324646,757.737980739254,0.0,
233086532_eb2f9c59aa_97_50994135@N00.jpg,41.883572,-87.621889,41.88054656982422,-87.62061309814453,0.017417961731553078,0.352605976508342,1,18,0.0703125,41.88054656982422,-87.62061309814453,0.016836581751704216,0.352605976508342,0.0,
233199619_e6363d0b50_94_36887937@N00.jpg,41.383252,2.176491,41.5930061340332,1.836766004562378,0.011835670098662376,36.670680671587164,1,45,0.17578125,41.5930061340332,1.836766004562378,0.01247860211879015,36.670680671587164,0.0,
233200383_ccacba74e6_95_36887937@N00.jpg,41.383627,2.176119,42.88043975830078,-8.545130729675293,0.014848912134766579,898.9730407603313,5,109,0.42578125,42.88043975830078,-8.545130729675293,0.01204143650829792,898.9730407603313,0.0,
233644773_e2caabe0bc_83_83794921@N00.jpg,47.059013,8.307037,47.05170440673828,8.307535171508789,0.044882629066705704,0.8135554272192879,0,0,0.0,47.05170440673828,8.307535171508789,0.044882629066705704,0.8135554272192879,0.0,
234076174_e97c055bcc_83_57253263@N00.jpg,42.703679,-71.130101,42.31597137451172,-71.22320556640625,0.03489004820585251,43.78145015839258,0,0,0.0,42.31597137451172,-71.22320556640625,0.03489004820585251,43.78145015839258,0.0,
234209048_a289f0f66d_85_73293249@N00.jpg,46.138316,7.57388,45.92888641357422,9.384554862976074,0.021671028807759285,141.69960694866145,3,55,0.21484375,45.92888641357422,9.384554862976074,0.01882495917379856,141.69960694866145,0.0,
234270041_a4787189dd_82_50994135@N00.jpg,41.994137,-87.812004,39.128910064697266,-76.61487579345703,0.003709646873176098,997.1981750696582,3,240,0.9375,39.128910064697266,-76.61487579345703,0.004007576033473015,997.1981750696582,0.0,
234333488_744cb7ae38_91_73293249@N00.jpg,46.138316,7.57388,46.02249526977539,7.74690580368042,0.06735199689865112,18.546254287464325,1,154,0.6015625,46.02249526977539,7.74690580368042,0.07383522391319275,18.546254287464325,0.0,
234460712_26610989ef_91_20871343@N00.jpg,40.825752,-74.10819,36.068790435791016,-79.7911376953125,0.011217054910957813,724.0404125357002,5,155,0.60546875,37.22742462158203,-80.42193603515625,0.013353543356060982,676.1212553685239,47.91915716717631,
234783624_86a205ca63_96_73293249@N00.jpg,46.042806,7.338406,46.993995666503906,10.807060241699219,0.03725611791014671,285.6731055036937,0,0,0.0,46.993995666503906,10.807060241699219,0.03725611791014671,285.6731055036937,0.0,
234791016_cbdfb51ba1_92_73293249@N00.jpg,46.042806,7.338406,45.667686462402344,7.353285789489746,0.02250710129737854,41.72736181272939,0,0,0.0,45.667686462402344,7.353285789489746,0.02250710129737854,41.72736181272939,0.0,
234795046_8b783e6563_91_73293249@N00.jpg,46.042806,7.338406,42.64557647705078,1.4297670125961304,0.02741985023021698,602.5992190557557,0,0,0.0,42.64557647705078,1.4297670125961304,0.02741985023021698,602.5992190557557,0.0,
235419360_93d534a2f5_94_82927779@N00.jpg,-33.950472,18.474913,-33.92478561401367,18.416606903076172,0.035886574536561966,6.090178970837539,6,102,0.3984375,-33.92390441894531,18.419189453125,0.03253684565424919,5.929050417729791,0.16112855310774776,
235966050_584677dcdb_95_82927779@N00.jpg,-33.973511,18.469622,38.81449890136719,-76.8759765625,0.014423235319554806,12702.240209517362,0,0,0.0,38.81449890136719,-76.8759765625,0.014423235319554806,12702.240209517362,0.0,
235973586_9169f6ad32_81_82927779@N00.jpg,-33.973511,18.469622,-33.903648376464844,18.41118049621582,0.05601226165890694,9.455898299251261,6,23,0.08984375,-33.903648376464844,18.41118049621582,0.04336696118116379,9.455898299251261,0.0,
235981461_e4e633d8aa_80_82927779@N00.jpg,-33.973511,18.469622,51.45595932006836,-0.3412190079689026,0.017310090363025665,9675.56771025701,8,30,0.1171875,51.45625305175781,-0.3417769968509674,0.017714614048600197,9675.60953144209,-0.04182118508106214,
236092953_a8c26eb7a1_88_79954435@N00.jpg,37.814123,-119.528503,37.7274169921875,-119.57524108886719,0.04806577414274216,10.480016831031547,0,0,0.0,37.7274169921875,-119.57524108886719,0.04806577414274216,10.480016831031547,0.0,
236099783_4a3be97835_85_79954435@N00.jpg,37.814123,-119.528503,39.38506317138672,-122.75796508789062,0.02993074245750904,330.5343882637583,0,0,0.0,39.38506317138672,-122.75796508789062,0.02993074245750904,330.5343882637583,0.0,
236100670_aea8896275_89_79954435@N00.jpg,37.814123,-119.528503,38.1820182800293,-119.83892822265625,0.057547543197870255,49.12603380742413,1,112,0.4375,38.1820182800293,-119.83892822265625,0.07070952653884888,49.12603380742413,0.0,
236100705_740713878c_98_79954435@N00.jpg,37.814123,-119.528503,37.83640670776367,-119.45320892333984,0.07134546339511871,7.062136731682144,3,106,0.4140625,38.1820182800293,-119.83892822265625,0.07300741225481033,49.12603380742413,-42.063897075741984,
236124895_2db9c8c623_96_79954435@N00.jpg,43.105267,-124.434564,42.3005256652832,-124.41145324707031,0.1205454170703888,89.50320175899022,0,0,0.0,42.3005256652832,-124.41145324707031,0.1205454170703888,89.50320175899022,0.0,
236124993_c02c4b4418_86_79954435@N00.jpg,43.105267,-124.434564,37.78049087524414,-122.51359558105469,0.03855503723025322,613.9497826623038,0,0,0.0,37.78049087524414,-122.51359558105469,0.03855503723025322,613.9497826623038,0.0,
236131661_6baede971f_97_79954435@N00.jpg,40.274287,-123.850936,37.8972053527832,-122.57686614990234,0.07188204675912857,286.2723750091834,0,0,0.0,37.8972053527832,-122.57686614990234,0.07188204675912857,286.2723750091834,0.0,
236303536_53fd5d3d53_95_40829484@N00.jpg,51.121411,2.622985,53.44083023071289,5.7698822021484375,0.09318238496780396,335.1125295714752,5,196,0.765625,53.44083023071289,5.7698822021484375,0.07513324916362762,335.1125295714752,0.0,
237094601_17eb5323aa_79_40425693@N00.jpg,37.392936,-5.992698,37.675296783447266,-1.695755958557129,0.015347662381827831,380.15476401626256,0,0,0.0,37.675296783447266,-1.695755958557129,0.015347662381827831,380.15476401626256,0.0,
237534282_314299a83e_95_82981539@N00.jpg,37.567031,126.980667,-23.598739624023438,-46.914859771728516,0.02087394893169403,18356.690612411876,4,167,0.65234375,-23.598739624023438,-46.914859771728516,0.024272382259368896,18356.690612411876,0.0,
237534811_baaa86ac76_89_82981539@N00.jpg,37.567031,126.980667,22.254024505615234,113.90498352050781,0.016486188396811485,2113.524523075776,7,99,0.38671875,22.254024505615234,113.90498352050781,0.007111589424312115,2113.524523075776,0.0,
237535386_c5f13037d2_95_82981539@N00.jpg,37.567031,126.980667,35.79051208496094,129.3314971923828,0.024406803771853447,288.028755003475,4,126,0.4921875,35.79051208496094,129.3314971923828,0.019268106669187546,288.028755003475,0.0,
238959570_6cfcdc0f52_93_70323761@N00.jpg,39.097428,-84.5072,39.09649658203125,-84.50623321533203,0.043222855776548386,0.13299287972987592,0,0,0.0,39.09649658203125,-84.50623321533203,0.043222855776548386,0.13299287972987592,0.0,
239537996_5341181b89_79_70323761@N00.jpg,39.097428,-84.5072,39.09649658203125,-84.50623321533203,0.05647880584001541,0.13299287972987592,0,0,0.0,39.09649658203125,-84.50623321533203,0.05647880584001541,0.13299287972987592,0.0,
239674532_db51f5d860_97_48637819@N00.jpg,33.139851,78.129272,29.158885955810547,88.05559539794922,0.1851315051317215,1042.5485501070223,0,0,0.0,29.158885955810547,88.05559539794922,0.1851315051317215,1042.5485501070223,0.0,
240600390_9e156e3889_86_50994135@N00.jpg,56.927835,-7.534046,57.04586410522461,-7.451648235321045,0.322459876537323,14.041537568582802,0,0,0.0,57.04586410522461,-7.451648235321045,0.322459876537323,14.041537568582802,0.0,
240622093_6ec9843d59_82_30571787@N00.jpg,45.180577,9.140689,32.51555252075195,130.60272216796875,0.0026082510594278574,9554.464290727557,0,0,0.0,32.51555252075195,130.60272216796875,0.0026082510594278574,9554.464290727557,0.0,
240623218_4305b7c86f_90_30571787@N00.jpg,45.180577,9.140689,32.51555252075195,130.60272216796875,0.0010098788188770413,9554.464290727557,1,256,1.0,32.51555252075195,130.60272216796875,0.0015542547916993499,9554.464290727557,0.0,
240624487_0aee559cd5_79_30571787@N00.jpg,45.180577,9.140689,32.51555252075195,130.60272216796875,0.0025349780917167664,9554.464290727557,0,0,0.0,32.51555252075195,130.60272216796875,0.0025349780917167664,9554.464290727557,0.0,
240927245_ee64c3903a_83_50994135@N00.jpg,57.002606,-7.422809,53.45710754394531,-9.865739822387695,0.07291772216558456,423.5175707321285,0,0,0.0,53.45710754394531,-9.865739822387695,0.07291772216558456,423.5175707321285,0.0,
241797522_a2c7427658_82_73293249@N00.jpg,46.006873,7.279987,46.42717742919922,8.09323787689209,0.04430890828371048,78.09753283216286,0,0,0.0,46.42717742919922,8.09323787689209,0.04430890828371048,78.09753283216286,0.0,
241840147_d42ffe7454_82_73293249@N00.jpg,46.006873,7.279987,45.86192321777344,7.072277069091797,0.06489522755146027,22.755256501735452,0,0,0.0,45.86192321777344,7.072277069091797,0.06489522755146027,22.755256501735452,0.0,
241871314_da124b8144_91_74806935@N00.jpg,41.591639,-82.705136,45.31617736816406,-85.25902557373047,0.03933098167181015,462.55734306671314,0,0,0.0,45.31617736816406,-85.25902557373047,0.03933098167181015,462.55734306671314,0.0,
241902142_490d9342bc_84_82981539@N00.jpg,36.746999,139.617004,36.755184173583984,139.6126251220703,0.046561598777770996,0.9902415958383469,0,0,0.0,36.755184173583984,139.6126251220703,0.046561598777770996,0.9902415958383469,0.0,
241908178_6ec3ec5187_88_82981539@N00.jpg,35.316245,139.540786,35.8890495300293,27.9931640625,0.027206189930438995,9394.39561800578,8,91,0.35546875,35.8890495300293,27.9931640625,0.056425902992486954,9394.39561800578,0.0,
241911789_4c33c700f1_91_82981539@N00.jpg,34.394728,132.453575,34.39040756225586,132.4393310546875,0.03433418273925781,1.3924745832802847,3,196,0.765625,34.39040756225586,132.4393310546875,0.018647825345396996,1.3924745832802847,0.0,
241911900_fe2a32511b_85_82981539@N00.jpg,34.394728,132.453575,45.523414611816406,-122.67913818359375,0.0028386744670569897,8366.556149257547,1,128,0.5,47.62297821044922,-122.35152435302734,0.002200498478487134,8255.66536911765,110.89078013989638,
241918266_87b67ececf_79_82981539@N00.jpg,34.288566,132.320365,34.29599380493164,132.31988525390625,0.020130030810832977,0.8271104047479428,1,256,1.0,34.29599380493164,132.31988525390625,0.02354072406888008,0.8271104047479428,0.0,
241921396_742fe1f0fd_90_82981539@N00.jpg,35.012283,135.749473,33.954833984375,134.33583068847656,0.025351475924253464,174.96500255578005,1,36,0.140625,33.954833984375,134.33583068847656,0.017570145428180695,174.96500255578005,0.0,
242030412_c264aba8ee_89_74806935@N00.jpg,41.593661,-82.709933,42.019256591796875,-83.00260925292969,0.11061957478523254,53.17928358901457,1,48,0.1875,42.019256591796875,-83.00260925292969,0.0875905454158783,53.17928358901457,0.0,
242234791_a53ad989fb_84_74806935@N00.jpg,42.300594,-83.233848,41.79056930541992,-87.5824203491211,0.007159553933888674,363.49128107878056,9,230,0.8984375,41.79056930541992,-87.5824203491211,0.00494317477568984,363.49128107878056,0.0,
242243818_ab2516b74d_85_74806935@N00.jpg,42.300594,-83.233848,41.79056930541992,-87.5824203491211,0.020822802558541298,363.49128107878056,0,0,0.0,41.79056930541992,-87.5824203491211,0.020822802558541298,363.49128107878056,0.0,
242396364_6941c47678_86_91728102@N00.jpg,31.23971,121.486043,31.23929786682129,121.49419403076172,0.03375096246600151,0.7762932059863364,1,12,0.046875,31.23929786682129,121.49419403076172,0.03392684832215309,0.7762932059863364,0.0,
243444851_f71dc78503_83_40829484@N00.jpg,51.518998,-0.131835,51.50623321533203,-0.07494000345468521,0.017446575686335564,4.18524701121157,0,0,0.0,51.50623321533203,-0.07494000345468521,0.017446575686335564,4.18524701121157,0.0,
243466839_393944d5e2_88_40829484@N00.jpg,51.518998,-0.131835,51.51386642456055,-0.09542199969291687,0.005306561943143606,2.583422875145741,1,176,0.6875,51.51386642456055,-0.09542199969291687,0.005600090604275465,2.583422875145741,0.0,
243624793_40b1adf4d7_83_40829484@N00.jpg,51.518998,-0.131835,51.47993850708008,-0.2940550148487091,0.02522086910903454,12.039768248133582,3,86,0.3359375,51.47993850708008,-0.2940550148487091,0.02512708306312561,12.039768248133582,0.0,
243644504_a13149b567_81_40829484@N00.jpg,51.518998,-0.131835,50.360958099365234,-4.744011878967285,0.0063995779491961,347.7977317603792,1,256,1.0,50.360958099365234,-4.744011878967285,0.006839708425104618,347.7977317603792,0.0,
244035501_3708124424_87_40829484@N00.jpg,40.774886,-73.972513,40.77010726928711,-73.97382354736328,0.01485928799957037,0.5427106118019632,0,0,0.0,40.77010726928711,-73.97382354736328,0.01485928799957037,0.5427106118019632,0.0,
244383114_9d86be522e_91_40829484@N00.jpg,40.747305,-74.035384,40.76069641113281,-73.97624206542969,0.005503165069967508,5.199453881074972,1,240,0.9375,40.76069641113281,-73.97624206542969,0.005391391925513744,5.199453881074972,0.0,
244563496_1439c608d0_90_40829484@N00.jpg,40.706018,-74.00176,40.648704528808594,-74.06491088867188,0.019172389060258865,8.30515202121326,3,50,0.1953125,40.648704528808594,-74.06491088867188,0.01630941778421402,8.30515202121326,0.0,
244571324_a13f911215_97_40829484@N00.jpg,40.706018,-74.00176,53.54473876953125,8.57084846496582,0.014221424236893654,6043.79516495855,1,256,1.0,53.54473876953125,8.57084846496582,0.016122909262776375,6043.79516495855,0.0,
244667527_c7586ea2b9_89_77235581@N00.jpg,58.202872,-6.379451,57.71580505371094,-7.171154022216797,0.007110134232789278,71.51457286069005,2,256,1.0,57.71580505371094,-7.171154022216797,0.00830012932419777,71.51457286069005,0.0,
244685754_fa9cd577a8_94_77235581@N00.jpg,58.313501,-6.739253,60.74406051635742,-0.9515190124511719,0.12105584144592285,423.4747684264178,0,0,0.0,60.74406051635742,-0.9515190124511719,0.12105584144592285,423.4747684264178,0.0,
244687585_a1129f5f8a_80_77235581@N00.jpg,58.18989,-6.350097,55.577205657958984,-5.152822971343994,0.03941792994737625,299.471838919045,0,0,0.0,55.577205657958984,-5.152822971343994,0.03941792994737625,299.471838919045,0.0,
244979958_94606ddf2e_86_41894169878@N01.jpg,41.451408,-96.491859,46.14166259765625,-122.93727111816406,0.015646586194634438,2174.6454206284297,4,182,0.7109375,41.70795440673828,-87.71357727050781,0.015739567577838898,730.3971211033779,1444.2482995250518,
245449689_564d7887db_93_77235581@N00.jpg,58.202872,-6.379451,61.72957229614258,4.857329845428467,0.016701968386769295,736.6868492935158,0,0,0.0,61.72957229614258,4.857329845428467,0.016701968386769295,736.6868492935158,0.0,
245557524_df1bab48d1_87_77235581@N00.jpg,58.202872,-6.379451,54.80916976928711,-4.959597110748291,0.0377662293612957,387.26752872293673,0,0,0.0,54.80916976928711,-4.959597110748291,0.0377662293612957,387.26752872293673,0.0,
246843099_c293371aaf_95_70323761@N00.jpg,40.781955,-73.972223,40.79747772216797,-73.95428466796875,0.007038509473204613,2.2934439745863027,0,0,0.0,40.79747772216797,-73.95428466796875,0.007038509473204613,2.2934439745863027,0.0,
246883155_96c13254f2_96_77235581@N00.jpg,58.202872,-6.379451,55.634925842285156,-4.823855876922607,0.055367544293403625,300.72637904892935,1,78,0.3046875,57.57772445678711,-4.0985870361328125,0.04310517758131027,151.66608341436313,149.06029563456622,
246888441_63ed315af3_92_77235581@N00.jpg,58.202872,-6.379451,55.634925842285156,-4.823855876922607,0.25080183148384094,300.72637904892935,1,10,0.0390625,55.634925842285156,-4.823855876922607,0.30943864583969116,300.72637904892935,0.0,
246948452_d81a20cf55_85_82927779@N00.jpg,39.911369,116.391233,39.91608810424805,116.39066314697266,0.023205701261758804,0.5269871094688503,5,31,0.12109375,39.91608810424805,116.39066314697266,0.02316134236752987,0.5269871094688503,0.0,
246990526_31af1d6802_94_82927779@N00.jpg,39.881513,116.406722,39.87944412231445,116.40666961669922,0.04079582914710045,0.230092440314575,5,32,0.125,39.87944412231445,116.40666961669922,0.042184554040431976,0.230092440314575,0.0,
247014491_578751c1d1_79_82927779@N00.jpg,39.877094,116.407841,39.87944412231445,116.40666961669922,0.013429880142211914,0.27978655202428,2,54,0.2109375,39.87957763671875,116.40400695800781,0.01360340602695942,0.428143258334891,-0.148356706310611,
247024863_42eec50d76_91_82927779@N00.jpg,39.93935,116.391841,34.48844528198242,108.720703125,0.012655392289161682,909.7426155657183,6,137,0.53515625,34.48844528198242,108.720703125,0.011782119050621986,909.7426155657183,0.0,
247114082_803e9a566f_98_41894169878@N01.jpg,41.292177,-96.100684,38.957061767578125,-84.39430236816406,0.03586481884121895,1027.7362067136046,4,196,0.765625,38.957061767578125,-84.39430236816406,0.03511999174952507,1027.7362067136046,0.0,
247343249_52f63976e0_86_18684820@N00.jpg,13.800772,100.551853,12.522390365600586,122.01416015625,0.0493987500667572,2327.3888078900027,3,212,0.828125,12.522390365600586,122.01416015625,0.04920351877808571,2327.3888078900027,0.0,
247392561_b5d625a8f1_98_18684820@N00.jpg,13.800772,100.551853,18.788911819458008,98.99522399902344,0.006703204941004515,578.9846916598315,1,224,0.875,18.788911819458008,98.99522399902344,0.006146351341158152,578.9846916598315,0.0,
247705387_80a84ec97e_80_73293249@N00.jpg,46.050615,7.183459,44.928714752197266,6.58355712890625,0.042276639491319656,133.22552489634262,0,0,0.0,44.928714752197266,6.58355712890625,0.042276639491319656,133.22552489634262,0.0,
247740239_8eb0f66fb4_87_73293249@N00.jpg,46.050615,7.183459,45.41682815551758,6.63333797454834,0.02328231744468212,82.39851440623781,0,0,0.0,45.41682815551758,6.63333797454834,0.02328231744468212,82.39851440623781,0.0,
247815805_df4b6c1f1f_91_82927779@N00.jpg,-32.840197,17.862027,-26.092363357543945,113.58008575439453,0.10647647082805634,8962.27287979812,4,28,0.109375,-26.092363357543945,113.58008575439453,0.094609834253788,8962.27287979812,0.0,
248331722_0585313310_80_77235581@N00.jpg,57.987083,-6.755733,53.597068786621094,-9.734915733337402,0.07788139581680298,522.3419337560847,0,0,0.0,53.597068786621094,-9.734915733337402,0.07788139581680298,522.3419337560847,0.0,
248333250_1e32208126_83_77235581@N00.jpg,57.889991,-6.80397,51.586116790771484,-10.224281311035156,0.051502857357263565,734.3047229912384,0,0,0.0,51.586116790771484,-10.224281311035156,0.051502857357263565,734.3047229912384,0.0,
248340525_2d7e7de143_79_77235581@N00.jpg,58.206015,-6.381983,53.10855484008789,-9.667797088623047,0.04367823526263237,602.9469773564266,0,0,0.0,53.10855484008789,-9.667797088623047,0.04367823526263237,602.9469773564266,0.0,
248345692_9235d65429_81_77235581@N00.jpg,58.202872,-6.379451,60.00533676147461,20.00284194946289,0.030679553747177124,1509.2860964190322,1,112,0.4375,60.00533676147461,20.00284194946289,0.03580448776483536,1509.2860964190322,0.0,
248352126_d67539938a_90_77235581@N00.jpg,58.398451,-6.498413,55.54868698120117,-5.330513954162598,0.03436719998717308,324.67526829936503,0,0,0.0,55.54868698120117,-5.330513954162598,0.03436719998717308,324.67526829936503,0.0,
248369077_6b71edbe5d_91_50994135@N00.jpg,55.852577,-5.129413,55.54868698120117,-5.330513954162598,0.07515501976013184,36.06411355873505,1,140,0.546875,55.54868698120117,-5.330513954162598,0.08780783414840698,36.06411355873505,0.0,
248369340_4bc9ad59d7_96_50994135@N00.jpg,55.791341,-5.041351,56.02633285522461,-4.988833904266357,0.018893517553806305,26.33414703165703,1,256,1.0,56.02633285522461,-4.988833904266357,0.023100068792700768,26.33414703165703,0.0,
250616879_f6db5ba70f_79_69212252@N00.jpg,41.939621,-87.639763,42.36415481567383,-83.0885238647461,0.0052374498918652534,378.09933369851836,5,158,0.6171875,42.36415481567383,-83.0885238647461,0.006696738768368959,378.09933369851836,0.0,
251444561_200441e41b_104_50994135@N00.jpg,55.847385,-4.424142,-31.839357376098633,115.78164672851562,0.0028929561376571655,14741.2794960956,2,256,1.0,-31.839357376098633,115.78164672851562,0.0019730774220079184,14741.2794960956,0.0,
251575277_db1a98076e_96_50994135@N00.jpg,55.846018,-4.428477,55.87776184082031,-4.289956092834473,0.011806786991655827,9.336832871144818,0,0,0.0,55.87776184082031,-4.289956092834473,0.011806786991655827,9.336832871144818,0.0,
251593538_30b0b981a6_114_36887937@N00.jpg,41.403422,2.173802,41.38596725463867,2.178757905960083,0.0031258356757462025,1.9844195916042136,7,224,0.875,41.38596725463867,2.178757905960083,0.0032088877633213997,1.9844195916042136,0.0,
251769194_f3d9a0c9a9_100_36093984@N00.jpg,38.736577,-109.499788,38.73942184448242,-109.51428985595703,0.05427926033735275,1.2969708278363654,0,0,0.0,38.73942184448242,-109.51428985595703,0.05427926033735275,1.2969708278363654,0.0,
253009776_17a6f34c9f_84_36093984@N00.jpg,37.682733,-122.443313,45.91266632080078,-113.09916687011719,0.01082149799913168,1197.2280763331692,1,256,1.0,45.91266632080078,-113.09916687011719,0.010875279083848,1197.2280763331692,0.0,
253013198_0869efe061_109_36093984@N00.jpg,37.682733,-122.443313,37.79925537109375,-122.41487121582031,0.008659690618515015,13.19587379301847,4,103,0.40234375,37.79925537109375,-122.41487121582031,0.008320420049130917,13.19587379301847,0.0,
253669843_4309c7351b_113_32367657@N00.jpg,49.069183,10.319444,49.37997055053711,10.18093490600586,0.05308777838945389,35.992141519278974,2,154,0.6015625,49.37997055053711,10.18093490600586,0.0557280108332634,35.992141519278974,0.0,
253671255_b0bb5ec494_92_23601949@N00.jpg,35.803039,-75.542399,32.65385055541992,-79.94318389892578,0.07066015899181366,534.9696266506256,2,34,0.1328125,33.59501266479492,-78.98084259033203,0.07735142111778259,398.81258679645765,136.15703985416798,
253676472_ba46fc27fc_81_23601949@N00.jpg,35.303007,-75.513753,30.288137435913086,-81.38812255859375,0.01975185051560402,782.2631720245745,0,0,0.0,30.288137435913086,-81.38812255859375,0.01975185051560402,782.2631720245745,0.0,
254459078_2775bae2c3_98_32367657@N00.jpg,47.468258,11.12108,47.38446044921875,7.752205848693848,0.02495611272752285,253.58371087226834,0,0,0.0,47.38446044921875,7.752205848693848,0.02495611272752285,253.58371087226834,0.0,
254505106_ba96558469_115_32367657@N00.jpg,48.578183,13.470069,48.574222564697266,13.47507381439209,0.06277165561914444,0.5740269736966859,0,0,0.0,48.574222564697266,13.47507381439209,0.06277165561914444,0.5740269736966859,0.0,
254511671_0b3096b467_88_90833046@N00.jpg,44.945239,-93.097329,42.69990158081055,-74.92310333251953,0.002200941788032651,1476.0162415586283,1,192,0.75,42.69990158081055,-74.92310333251953,0.002681573387235403,1476.0162415586283,0.0,
254513447_afaa81653c_115_90833046@N00.jpg,44.945239,-93.097329,45.8194580078125,4.622413158416748,0.011766043491661549,7102.413678459085,1,256,1.0,45.8194580078125,4.622413158416748,0.014317072927951813,7102.413678459085,0.0,
254667590_0e47ee8040_115_90833046@N00.jpg,44.945239,-93.097329,-34.586334228515625,-58.39216613769531,0.0019401171011850238,9509.936813755658,3,218,0.8515625,34.137062072753906,-118.35558319091797,0.001605904195457697,2462.100224964301,7047.836588791357,
254683249_db4d8ed592_110_73293249@N00.jpg,46.009809,7.231385,45.739742279052734,6.71287202835083,0.04504727944731712,50.131379342037505,0,0,0.0,45.739742279052734,6.71287202835083,0.04504727944731712,50.131379342037505,0.0,
254704683_01af66fb02_97_40279823@N00.jpg,50.919809,-2.937126,51.24159240722656,-2.5362110137939453,0.001715263701044023,45.43776980242239,2,240,0.9375,51.24159240722656,-2.5362110137939453,0.0019654950592666864,45.43776980242239,0.0,
254704979_0b5bd13127_115_40279823@N00.jpg,50.919809,-2.937126,55.3065299987793,8.978436470031738,0.010367256589233875,931.1261462797223,2,73,0.28515625,55.3065299987793,8.978436470031738,0.01208473276346922,931.1261462797223,0.0,
254719194_273ce9fc3d_97_79267922@N00.jpg,39.94133,116.383666,39.91625213623047,116.39019012451172,0.016483988612890244,2.84348461215886,1,208,0.8125,39.91625213623047,116.39019012451172,0.016906173899769783,2.84348461215886,0.0,
254731459_a4d6501db6_105_79267922@N00.jpg,39.94133,116.383666,51.183109283447266,71.4343032836914,0.04866646230220795,3649.738889581076,2,25,0.09765625,51.183109283447266,71.4343032836914,0.061831794679164886,3649.738889581076,0.0,
254771337_2e9211fab4_79_79267922@N00.jpg,39.94133,116.383666,31.325851440429688,120.62613677978516,0.012219084426760674,1031.5227950706158,1,80,0.3125,31.325851440429688,120.62613677978516,0.013124946504831314,1031.5227950706158,0.0,
254994149_844b89545b_115_79267922@N00.jpg,39.94133,116.383666,24.43339729309082,111.50848388671875,0.006430615670979023,1783.5909641190908,0,0,0.0,24.43339729309082,111.50848388671875,0.006430615670979023,1783.5909641190908,0.0,
255056111_c0f44247b7_105_79267922@N00.jpg,39.94133,116.383666,39.982460021972656,116.49287414550781,0.014871075749397278,10.370511987569445,0,0,0.0,39.982460021972656,116.49287414550781,0.014871075749397278,10.370511987569445,0.0,
255122047_2316ee5900_119_79267922@N00.jpg,39.94133,116.383666,38.89744567871094,115.4608154296875,0.018423032015562057,140.5596206901607,4,176,0.6875,38.89744567871094,115.4608154296875,0.019302217289805412,140.5596206901607,0.0,
255190768_a1897bb837_102_79267922@N00.jpg,39.94133,116.383666,35.8619270324707,10.612448692321777,0.011498968116939068,8677.697922808415,3,155,0.60546875,35.8619270324707,10.612448692321777,0.013309254311025143,8677.697922808415,0.0,
255193932_236d07c8cb_84_79267922@N00.jpg,39.94133,116.383666,31.191877365112305,121.48338317871094,0.012836003676056862,1076.1979353255936,5,81,0.31640625,39.90599822998047,116.45349884033203,0.01135370321571827,7.134229800428261,1069.0637055251652,
255204951_b039c58e98_115_43935788@N00.jpg,25.678275,-80.27019,-16.750022888183594,145.67044067382812,0.020597802475094795,15174.809740482046,1,96,0.375,-16.750022888183594,145.67044067382812,0.017575370147824287,15174.809740482046,0.0,
255231316_950ef27f22_95_79267922@N00.jpg,39.94133,116.383666,39.915000915527344,116.3896713256836,0.015215403400361538,2.9721103192169505,2,96,0.375,39.915000915527344,116.3896713256836,0.014301604591310024,2.9721103192169505,0.0,
255288935_f24df89722_103_79267922@N00.jpg,39.94133,116.383666,38.26017761230469,-0.6947129964828491,0.0025162925012409687,9218.69298286945,2,256,1.0,38.26017761230469,-0.6947129964828491,0.002559030195698142,9218.69298286945,0.0,
255311575_48a38c856b_93_36093984@N00.jpg,41.384907,2.177052,56.1209716796875,-3.9444780349731445,0.005795173812657595,1697.2821533398003,1,140,0.546875,53.72114562988281,-1.8614469766616821,0.00559148658066988,1404.2228220347072,293.0593313050931,
255543136_6c73fe47ae_109_73091266@N00.jpg,-24.657626,25.906963,-24.60706901550293,25.751953125,0.3279755413532257,16.645861277922716,1,208,0.8125,-24.60706901550293,25.751953125,0.2893258333206177,16.645861277922716,0.0,
256519587_c1c0dcf030_91_36093984@N00.jpg,47.236354,16.628494,45.25273895263672,19.850130081176758,0.01774505525827408,331.65268353946385,1,36,0.140625,47.90488815307617,20.379852294921875,0.016341818496584892,291.05015296564363,40.60253057382022,
256555763_fdd24b7b40_104_36093984@N00.jpg,47.258728,16.929244,48.148475646972656,16.93645477294922,0.07699920982122421,98.93703227175985,1,55,0.21484375,48.148475646972656,16.93645477294922,0.07786829024553299,98.93703227175985,0.0,
256718877_67e9b4f39b_83_50994135@N00.jpg,55.939298,-4.766693,51.72953414916992,4.439420223236084,0.007858133874833584,763.1851800218209,6,90,0.3515625,48.05423355102539,20.255075454711914,0.008174777962267399,1909.7193348118424,-1146.5341547900216,
256791270_59fb19c02b_103_55085284@N00.jpg,40.851215,14.241027,40.62724304199219,14.480751991271973,0.13706287741661072,32.06492157839619,0,0,0.0,40.62724304199219,14.480751991271973,0.13706287741661072,32.06492157839619,0.0,
256792231_9811830c15_119_55085284@N00.jpg,40.851215,14.241027,40.6277961730957,14.484572410583496,0.11872337758541107,32.221132160027445,5,94,0.3671875,40.6277961730957,14.484572410583496,0.11615975946187973,32.221132160027445,0.0,
256875153_b1892b72fe_87_55085284@N00.jpg,42.652268,18.079891,42.64131546020508,18.109315872192383,0.030085308477282524,2.697231708742174,5,66,0.2578125,42.64131546020508,18.109315872192383,0.030383143573999405,2.697231708742174,0.0,
256882055_627234a4c8_98_90833046@N00.jpg,44.916217,-93.214037,43.141082763671875,141.42660522460938,0.0006240326329134405,8829.945085363457,0,0,0.0,43.141082763671875,141.42660522460938,0.0006240326329134405,8829.945085363457,0.0,
256884676_2d4c71fc90_80_90833046@N00.jpg,44.94855,-93.202686,44.913551330566406,-93.20259857177734,0.04008409380912781,3.8916859415809575,1,112,0.4375,44.913551330566406,-93.20259857177734,0.05783703550696373,3.8916859415809575,0.0,
256993506_1e014f2094_119_26519935@N00.jpg,9.538203,100.072746,11.961409568786621,121.9266128540039,0.06711013615131378,2401.851061848117,0,0,0.0,11.961409568786621,121.9266128540039,0.06711013615131378,2401.851061848117,0.0,
256993899_ae46ddc511_118_26519935@N00.jpg,9.538203,100.072746,9.52614974975586,100.06416320800781,0.03706419840455055,1.6377227289056246,0,0,0.0,9.52614974975586,100.06416320800781,0.03706419840455055,1.6377227289056246,0.0,
257026858_defeac8909_92_26519935@N00.jpg,13.74989,100.494861,13.74992561340332,100.49130249023438,0.02555612288415432,0.3843697088427042,0,0,0.0,13.74992561340332,100.49130249023438,0.02555612288415432,0.3843697088427042,0.0,
257051385_9c98a4c1e8_97_26519935@N00.jpg,36.060756,120.328445,18.211313247680664,109.47950744628906,0.009182295762002468,2252.6372770524135,7,134,0.5234375,22.371824264526367,113.56189727783203,0.01254622545093298,1656.516664296652,596.1206127557616,
257058084_300ab83ed7_121_26519935@N00.jpg,22.465609,114.236955,22.370424270629883,114.31609344482422,0.1345151662826538,13.349048012472693,0,0,0.0,22.370424270629883,114.31609344482422,0.1345151662826538,13.349048012472693,0.0,
257067529_4918662fb9_108_26519935@N00.jpg,22.343089,114.173183,22.270877838134766,114.14909362792969,0.030962198972702026,8.403247448068116,1,6,0.0234375,22.270877838134766,114.14909362792969,0.030862174928188324,8.403247448068116,0.0,
257070012_8417c605b9_94_26519935@N00.jpg,22.343089,114.173183,34.09452438354492,131.397705078125,0.006299715023487806,2128.877640675257,0,0,0.0,34.09452438354492,131.397705078125,0.006299715023487806,2128.877640675257,0.0,
257071520_f2a757875f_113_26519935@N00.jpg,22.343089,114.173183,22.429168701171875,114.12105560302734,0.06071190908551216,10.969977395498521,0,0,0.0,22.429168701171875,114.12105560302734,0.06071190908551216,10.969977395498521,0.0,
257076208_e5de62cc01_94_26519935@N00.jpg,22.378571,114.236354,22.407041549682617,114.12177276611328,0.02645696885883808,12.198099987081045,0,0,0.0,22.407041549682617,114.12177276611328,0.02645696885883808,12.198099987081045,0.0,
257077427_16b650fd33_112_26519935@N00.jpg,22.378571,114.236354,-33.53873062133789,150.42178344726562,0.020247213542461395,7304.069712322331,1,15,0.05859375,-33.53873062133789,150.42178344726562,0.02109207585453987,7304.069712322331,0.0,
257078011_49363dd3f7_81_26519935@N00.jpg,22.378571,114.236354,30.343151092529297,-84.74082946777344,0.01865263842046261,13812.197086868413,1,24,0.09375,30.343151092529297,-84.74082946777344,0.029646819457411766,13812.197086868413,0.0,
257078399_0bb17c80d4_114_26519935@N00.jpg,22.378571,114.236354,30.343151092529297,-84.74082946777344,0.01939159259200096,13812.197086868413,1,2,0.0078125,30.343151092529297,-84.74082946777344,0.019313449040055275,13812.197086868413,0.0,
257085114_260d4f7008_112_26519935@N00.jpg,22.493526,114.04787,22.468463897705078,114.00454711914062,0.09081204235553741,5.251610095562241,0,0,0.0,22.468463897705078,114.00454711914062,0.09081204235553741,5.251610095562241,0.0,
257087349_9d4cabec56_112_26519935@N00.jpg,22.493526,114.04787,22.468463897705078,114.00454711914062,0.04440341517329216,5.251610095562241,0,0,0.0,22.468463897705078,114.00454711914062,0.04440341517329216,5.251610095562241,0.0,
257096067_fb518c570a_115_26519935@N00.jpg,1.325021,103.823719,1.3146599531173706,103.81499481201172,0.02742435783147812,1.5059540487855425,1,84,0.328125,1.3102840185165405,103.8161849975586,0.028187569230794907,1.8403031050956038,-0.3343490563100613,
257101205_9647bf8fbb_108_26519935@N00.jpg,22.310061,114.252147,22.350074768066406,114.1259765625,0.011216175742447376,13.719005787717785,2,188,0.734375,22.350074768066406,114.1259765625,0.012222926132380962,13.719005787717785,0.0,
257153262_a8d9a955a6_99_26519935@N00.jpg,40.748557,14.47689,40.75032043457031,14.48731803894043,0.062294770032167435,0.9000583826587361,0,0,0.0,40.75032043457031,14.48731803894043,0.062294770032167435,0.9000583826587361,0.0,
257175054_d80090a6cb_104_41336221@N00.jpg,40.371528,49.851064,40.97416687011719,29.094165802001953,0.01706773415207863,1747.7013165766398,3,256,1.0,41.07313919067383,28.999786376953125,0.01742202416062355,1754.734028770807,-7.0327121941672885,
257175807_b63cf1baee_84_41336221@N00.jpg,40.371266,49.840421,47.80883026123047,22.864952087402344,0.02069843001663685,2293.198479100197,4,208,0.8125,47.80883026123047,22.864952087402344,0.028065430000424385,2293.198479100197,0.0,
257178005_eb5d576fab_85_26519935@N00.jpg,41.898699,12.481498,41.89210510253906,12.489630699157715,0.004302327986806631,0.9953465339332113,5,129,0.50390625,41.90419387817383,12.4950590133667,0.003860050579532981,1.2778739259419638,-0.28252739200875254,
257179560_9e099d44ac_88_26519935@N00.jpg,41.898699,12.481498,41.90230941772461,12.45308780670166,0.019862189888954163,2.3853427059067953,1,240,0.9375,41.90230941772461,12.45308780670166,0.02033209428191185,2.3853427059067953,0.0,
257185393_b7a0a3918d_97_26519935@N00.jpg,41.898699,12.481498,41.889617919921875,12.490983009338379,0.01568574458360672,1.2790621617487055,0,0,0.0,41.889617919921875,12.490983009338379,0.01568574458360672,1.2790621617487055,0.0,
257188809_2a77cdc664_112_26519935@N00.jpg,41.898699,12.481498,41.90241241455078,12.453710556030273,0.011386958882212639,2.3365482322241977,1,256,1.0,41.90241241455078,12.453710556030273,0.0122433602809906,2.3365482322241977,0.0,
257240730_1f0385dec4_95_18684820@N00.jpg,13.735383,100.500183,13.74574089050293,100.53223419189453,0.015249215997755527,3.648498858791031,1,156,0.609375,13.74899959564209,100.53144836425781,0.012481126934289932,3.7009281205144684,-0.052429261723437204,
257440998_c7264dda3a_86_26519935@N00.jpg,48.860818,2.29391,48.858360290527344,2.2945759296417236,0.008150424808263779,0.2775934465580039,1,256,1.0,48.858360290527344,2.2945759296417236,0.007584677077829838,0.2775934465580039,0.0,
257460462_aacdfe8b7f_116_26519935@N00.jpg,47.874619,6.784057,44.546287536621094,-0.8535209894180298,0.005112899467349052,694.030396787539,4,185,0.72265625,44.546287536621094,-0.8535209894180298,0.0061896019615232944,694.030396787539,0.0,
257602406_355013c44f_87_40829484@N00.jpg,42.345001,-71.063024,42.37458038330078,-71.11913299560547,0.04097169637680054,5.663220319755193,7,246,0.9609375,42.37458038330078,-71.11913299560547,0.03947160392999649,5.663220319755193,0.0,
257704192_7cc27c25ae_93_77235581@N00.jpg,57.994908,-6.866798,56.64508819580078,-4.905480861663818,0.04938388988375664,190.7571160858045,0,0,0.0,56.64508819580078,-4.905480861663818,0.04938388988375664,190.7571160858045,0.0,
257821839_6f34b838f8_84_50994135@N00.jpg,55.834686,-4.480533,44.11531448364258,2.719499111175537,0.0037609804421663284,1399.3576274917261,1,110,0.4296875,44.11531448364258,2.719499111175537,0.005640369839966297,1399.3576274917261,0.0,
258114292_997e2ef2bf_99_26519935@N00.jpg,47.823759,6.841392,44.432456970214844,-74.24718475341797,0.018664181232452393,5962.759260865122,4,102,0.3984375,44.432456970214844,-74.24718475341797,0.022426409646868706,5962.759260865122,0.0,
258147176_e0af10e624_120_26519935@N00.jpg,30.663386,104.060869,30.811080932617188,75.47761535644531,0.036293353885412216,2724.3440477448094,0,0,0.0,30.811080932617188,75.47761535644531,0.036293353885412216,2724.3440477448094,0.0,
258150310_8a64c0e8e5_101_26519935@N00.jpg,1.249853,103.82698,-17.788000106811523,-63.18408966064453,0.010021291673183441,17692.360205861856,1,2,0.0078125,-17.788000106811523,-63.18408966064453,0.010119332931935787,17692.360205861856,0.0,
258175488_56e0a77151_120_26519935@N00.jpg,1.405164,103.965167,1.3680959939956665,104.09709167480469,0.014579127542674541,15.233305822979194,1,144,0.5625,1.3680959939956665,104.09709167480469,0.020647015422582626,15.233305822979194,0.0,
258178803_bb312b5b0e_98_26519935@N00.jpg,1.405164,103.965167,1.3929799795150757,103.98567962646484,0.09883556514978409,2.652340333304065,1,14,0.0546875,1.3929799795150757,103.98567962646484,0.09236260503530502,2.652340333304065,0.0,
258180274_0e064dfdd9_92_26519935@N00.jpg,1.328454,103.73497,1.338333010673523,103.72766876220703,0.007477683015167713,1.3658180879305741,5,256,1.0,1.338333010673523,103.72766876220703,0.007983188144862652,1.3658180879305741,0.0,
258180468_1e47cd528e_67_26519935@N00.jpg,1.328454,103.73497,1.254014015197754,103.82321166992188,0.01646222174167633,12.835182429473893,7,102,0.3984375,1.4035379886627197,103.7912826538086,0.02091943845152855,10.43512229029763,2.4000601391762633,
258187822_c64d7cc548_116_26519935@N00.jpg,42.015631,128.047885,46.98806381225586,12.777243614196777,0.022868623957037926,8245.452429575002,1,30,0.1171875,46.98806381225586,12.777243614196777,0.019981689751148224,8245.452429575002,0.0,
258209727_eb39e94b09_92_26519935@N00.jpg,34.681075,135.827579,34.683837890625,135.83778381347656,0.04099806770682335,0.9823794214707312,5,15,0.05859375,34.683837890625,135.83778381347656,0.04271630942821503,0.9823794214707312,0.0,
258211385_4d053c1222_116_26519935@N00.jpg,34.681075,135.827579,35.03667068481445,135.72938537597656,0.018497340381145477,40.542831392223775,0,0,0.0,35.03667068481445,135.72938537597656,0.018497340381145477,40.542831392223775,0.0,
258211965_f20acee03a_109_26519935@N00.jpg,34.681075,135.827579,35.03933334350586,135.7288360595703,0.016502849757671356,40.84263314461921,0,0,0.0,35.03933334350586,135.7288360595703,0.016502849757671356,40.84263314461921,0.0,
258228729_baebc18de7_112_26519935@N00.jpg,35.001597,135.75634,35.03933334350586,135.7288360595703,0.031783170998096466,4.886735264147223,0,0,0.0,35.03933334350586,135.7288360595703,0.031783170998096466,4.886735264147223,0.0,
258230664_ad9759b634_79_26519935@N00.jpg,35.001597,135.75634,35.03933334350586,135.7288360595703,0.10400447249412537,4.886735264147223,1,88,0.34375,35.03933334350586,135.7288360595703,0.09925692528486252,4.886735264147223,0.0,
258233550_c842ed614b_113_26519935@N00.jpg,35.001597,135.75634,34.21464157104492,135.5863037109375,0.030448926612734795,88.87846626924107,0,0,0.0,34.21464157104492,135.5863037109375,0.030448926612734795,88.87846626924107,0.0,
258243662_ae502bd8f3_95_26519935@N00.jpg,38.369184,141.069602,38.35364532470703,141.05194091796875,0.40718165040016174,2.3144200319142243,1,84,0.328125,38.35364532470703,141.05194091796875,0.36593860387802124,2.3144200319142243,0.0,
258262335_399e73f18e_93_26519935@N00.jpg,36.328817,139.452896,34.45342254638672,131.75250244140625,0.2915932834148407,728.26664583876,3,72,0.28125,34.45342254638672,131.75250244140625,0.3243313431739807,728.26664583876,0.0,
258278531_8d61408e4b_108_26519935@N00.jpg,35.449133,139.641895,35.67953872680664,139.7594757080078,0.0043612695299088955,27.7398231744746,6,118,0.4609375,35.45541000366211,139.6318817138672,0.00790115725249052,1.1444689365053904,26.59535423796921,
258294439_190aff8a3e_117_26519935@N00.jpg,35.680585,139.75708,35.689701080322266,139.6921844482422,0.007748030126094818,5.94814886962918,2,66,0.2578125,35.689701080322266,139.6921844482422,0.009530574083328247,5.94814886962918,0.0,
258294706_f0eca64cc1_81_26519935@N00.jpg,35.680585,139.75708,35.689701080322266,139.6921844482422,0.012897023931145668,5.94814886962918,1,27,0.10546875,35.689701080322266,139.6921844482422,0.015653707087039948,5.94814886962918,0.0,
258312596_16b2c35bc0_117_26519935@N00.jpg,26.063028,119.473657,29.988666534423828,120.58183288574219,0.028881607577204704,449.85062715533047,2,101,0.39453125,29.988666534423828,120.58183288574219,0.022321240976452827,449.85062715533047,0.0,
258319087_4f3a348235_109_26519935@N00.jpg,30.250466,120.1373,30.249576568603516,120.12245178222656,0.020060140639543533,1.4296591840463375,0,0,0.0,30.249576568603516,120.12245178222656,0.020060140639543533,1.4296591840463375,0.0,
258322852_15fc18f907_80_26519935@N00.jpg,30.250466,120.1373,30.246313095092773,120.13893127441406,0.08212729543447495,0.4876433051312782,0,0,0.0,30.246313095092773,120.13893127441406,0.08212729543447495,0.4876433051312782,0.0,
258324933_26a6e2354f_79_26519935@N00.jpg,30.250466,120.1373,30.30168914794922,119.12713623046875,0.4544060230255127,97.17151469532277,0,0,0.0,30.30168914794922,119.12713623046875,0.4544060230255127,97.17151469532277,0.0,
258336246_35b404e80a_96_26519935@N00.jpg,26.214283,116.934099,59.46147918701172,108.83177947998047,0.0165387075394392,3749.4727657979815,1,256,1.0,60.68124771118164,151.644287109375,0.02182716503739357,4640.310122520188,-890.8373567222066,
258352718_90f62d1d52_112_26519935@N00.jpg,31.303635,120.610399,30.249576568603516,120.12245178222656,0.033784836530685425,126.13569587280296,0,0,0.0,30.249576568603516,120.12245178222656,0.033784836530685425,126.13569587280296,0.0,
258371602_b2c7ba5c70_113_26519935@N00.jpg,26.214283,116.934099,27.731855392456055,109.17457580566406,0.039529502391815186,787.1034694629026,6,48,0.1875,27.731855392456055,109.17457580566406,0.03885457292199135,787.1034694629026,0.0,
258395282_4ba36c8a88_58_26519935@N00.jpg,2.861092,104.150991,37.597957611083984,-8.816927909851074,0.015093128196895123,11804.552480612681,0,0,0.0,37.597957611083984,-8.816927909851074,0.015093128196895123,11804.552480612681,0.0,
258398208_1e88bce83e_96_26519935@N00.jpg,2.820115,104.148588,10.066557884216309,99.82452392578125,0.045412659645080566,936.598782349113,1,160,0.625,10.066557884216309,99.82452392578125,0.04172573983669281,936.598782349113,0.0,
258409574_25b6f009f1_88_26519935@N00.jpg,1.343298,103.821573,14.367341041564941,101.34475708007812,0.021052449941635132,1473.5688286472089,1,256,1.0,11.604598045349121,103.32860565185547,0.02394992671906948,1142.3017039632184,331.26712468399046,
258543646_f6f1dc31ea_79_26519935@N00.jpg,30.663386,104.060869,30.25343132019043,120.11627197265625,0.05925455689430237,1538.276036411387,1,91,0.35546875,30.25343132019043,120.11627197265625,0.05497540533542633,1538.276036411387,0.0,
258545107_8a74858ee7_103_26519935@N00.jpg,30.931237,104.262056,34.48844528198242,108.720703125,0.009702329523861408,574.7391184998588,1,156,0.609375,34.48844528198242,108.720703125,0.011521431617438793,574.7391184998588,0.0,
258547410_49fb2f5a7f_117_26519935@N00.jpg,31.004906,103.605794,32.397178649902344,111.02096557617188,0.01864723302423954,718.223138505478,3,194,0.7578125,32.397178649902344,111.02096557617188,0.019868478178977966,718.223138505478,0.0,
258548532_fa29c81fcc_91_26519935@N00.jpg,30.663386,104.060869,29.988666534423828,120.58183288574219,0.011556610465049744,1586.0276065962523,2,28,0.109375,29.988666534423828,120.58183288574219,0.010165133513510227,1586.0276065962523,0.0,
258549051_b0ebeaa5f9_89_26519935@N00.jpg,30.663386,104.060869,34.684200286865234,112.46875762939453,0.013130076229572296,904.6144599195665,5,99,0.38671875,34.684200286865234,112.46875762939453,0.01654670387506485,904.6144599195665,0.0,
258553389_2dd3e7f6a8_117_26519935@N00.jpg,30.931237,104.262056,34.48844528198242,108.720703125,0.03214998170733452,574.7391184998588,0,0,0.0,34.48844528198242,108.720703125,0.03214998170733452,574.7391184998588,0.0,
258554251_771177d0e3_118_26519935@N00.jpg,30.931237,104.262056,48.268333435058594,7.720631122589111,0.005052230320870876,7942.127282831952,1,156,0.609375,48.268333435058594,7.720631122589111,0.005236161407083273,7942.127282831952,0.0,
258557980_810886e7f5_119_26519935@N00.jpg,31.004906,103.605794,39.918601989746094,116.39119720458984,0.011379673145711422,1521.364871348767,14,72,0.28125,39.918601989746094,116.39119720458984,0.010899997316300869,1521.364871348767,0.0,
258567449_5edf3de154_118_26519935@N00.jpg,29.523355,103.334913,29.573333740234375,103.39183044433594,0.1562628149986267,7.822939507100741,1,30,0.1171875,29.573333740234375,103.39183044433594,0.14823798835277557,7.822939507100741,0.0,
258570071_65e585377e_106_26519935@N00.jpg,32.736317,103.831186,32.6890869140625,103.82492065429688,0.23455484211444855,5.284365106295015,0,0,0.0,32.6890869140625,103.82492065429688,0.23455484211444855,5.284365106295015,0.0,
258651765_c7d816addc_106_26519935@N00.jpg,33.219733,103.91015,32.6890869140625,103.82492065429688,0.05777227133512497,59.53868490301223,1,48,0.1875,32.6890869140625,103.82492065429688,0.045804787427186966,59.53868490301223,0.0,
258737651_a16c694870_117_26519935@N00.jpg,33.162558,103.880453,32.97318649291992,103.34516906738281,0.10014715790748596,54.14250712795802,3,108,0.421875,32.97318649291992,103.34516906738281,0.0932672992348671,54.14250712795802,0.0,
258738822_732859f961_82_26519935@N00.jpg,33.162558,103.880453,33.27600860595703,103.90422821044922,0.05243522673845291,12.807552652256653,0,0,0.0,33.27600860595703,103.90422821044922,0.05243522673845291,12.807552652256653,0.0,
258744703_ba6e81b4e7_92_26519935@N00.jpg,33.069678,103.857965,45.93166732788086,-121.76899719238281,0.027913060039281845,10106.563258545488,0,0,0.0,45.93166732788086,-121.76899719238281,0.027913060039281845,10106.563258545488,0.0,
258910068_2e6cde75cc_104_36093984@N00.jpg,47.315319,18.783531,50.83071517944336,4.5186848640441895,0.009856472723186016,1107.9953530036266,1,96,0.375,48.861228942871094,2.1086881160736084,0.011922908015549183,1247.8418515172625,-139.84649851363588,
258914017_d44284d695_102_36093984@N00.jpg,47.097941,17.912864,49.93948745727539,14.189313888549805,0.09063681215047836,418.2800892965707,0,0,0.0,49.93948745727539,14.189313888549805,0.09063681215047836,418.2800892965707,0.0,
259107554_972eac0255_45_50994135@N00.jpg,55.846018,-4.428477,37.09986114501953,126.84539794921875,0.003911197185516357,8700.0480230812,1,48,0.1875,37.09986114501953,126.84539794921875,0.003060396295040846,8700.0480230812,0.0,
259420071_436696c584_105_67879480@N00.jpg,56.02218,39.976501,55.046024322509766,39.11338806152344,0.059266820549964905,121.37170133023471,0,0,0.0,55.046024322509766,39.11338806152344,0.059266820549964905,121.37170133023471,0.0,
259736489_d389231b31_103_36093984@N00.jpg,43.074875,-89.38425,43.07365036010742,-89.384765625,0.033981338143348694,0.14246891912547263,1,256,1.0,43.07365036010742,-89.384765625,0.034136414527893066,0.14246891912547263,0.0,
259753942_91fa04f9dd_107_77235581@N00.jpg,57.98772,-6.831779,57.24043655395508,-6.14353084564209,0.11912547051906586,92.65358392894397,0,0,0.0,57.24043655395508,-6.14353084564209,0.11912547051906586,92.65358392894397,0.0,
259887965_26896fe5ba_122_26519935@N00.jpg,24.447696,118.067235,29.568679809570312,106.58660888671875,0.011815101839601994,1270.9923673984515,1,6,0.0234375,29.568679809570312,106.58660888671875,0.009856690652668476,1270.9923673984515,0.0,
259891320_632adfe5f0_110_26519935@N00.jpg,24.441679,118.110322,25.69416618347168,100.14350128173828,0.02291277050971985,1813.59351175971,15,98,0.3828125,25.69416618347168,100.14350128173828,0.021369898691773415,1813.59351175971,0.0,
259893027_0541bf8636_112_26519935@N00.jpg,24.441679,118.110322,24.867666244506836,121.10299682617188,0.018056122586131096,306.1147128658827,3,56,0.21875,24.867666244506836,121.10299682617188,0.021202588453888893,306.1147128658827,0.0,
259893195_ca9571258a_111_26519935@N00.jpg,24.441679,118.110322,37.20305633544922,112.1759033203125,0.06075242906808853,1527.0436642662187,1,25,0.09765625,37.20305633544922,112.1759033203125,0.05986367538571358,1527.0436642662187,0.0,
259894864_1d96332820_83_26519935@N00.jpg,24.441679,118.110322,29.548969268798828,103.33259582519531,0.02237660624086857,1568.861801931477,0,0,0.0,29.548969268798828,103.33259582519531,0.02237660624086857,1568.861801931477,0.0,
259896941_840bb20c09_114_26519935@N00.jpg,24.441679,118.110322,29.32602882385254,104.74346160888672,0.011807367205619812,1431.403334534633,0,0,0.0,29.32602882385254,104.74346160888672,0.011807367205619812,1431.403334534633,0.0,
260651931_22a7eedff0_97_26519935@N00.jpg,1.446436,103.724498,1.445235013961792,103.73359680175781,0.014957309700548649,1.0201980686495775,0,0,0.0,1.445235013961792,103.73359680175781,0.014957309700548649,1.0201980686495775,0.0,
260652188_527c0e2011_95_26519935@N00.jpg,1.446436,103.724498,21.869144439697266,89.82147216796875,0.024297699332237244,2724.230408991707,0,0,0.0,21.869144439697266,89.82147216796875,0.024297699332237244,2724.230408991707,0.0,
260653368_ddc2b0dbaa_110_26519935@N00.jpg,1.446436,103.724498,24.62837028503418,-81.3964614868164,0.02940637432038784,17063.584152579115,0,0,0.0,24.62837028503418,-81.3964614868164,0.02940637432038784,17063.584152579115,0.0,
260660602_b1a4e60f4d_105_26519935@N00.jpg,26.096563,119.288091,14.706999778747559,109.05477905273438,0.014633310958743095,1653.9964919892084,3,169,0.66015625,11.069254875183105,106.16363525390625,0.012934669852256775,2165.6430958869364,-511.646603897728,
260661189_609d6f55a1_82_26519935@N00.jpg,26.052464,119.278221,29.376789093017578,113.1014175415039,0.10855623334646225,711.3913714447054,2,66,0.2578125,29.376789093017578,113.1014175415039,0.13162994384765625,711.3913714447054,0.0,
260662920_5f7bbf5677_79_26519935@N00.jpg,26.06696,119.315986,25.446874618530273,119.00569152832031,0.0474536195397377,75.62945160112069,1,130,0.5078125,25.446874618530273,119.00569152832031,0.042062316089868546,75.62945160112069,0.0,
260680200_466f1ebcc4_109_26519935@N00.jpg,47.882276,6.779594,56.12336730957031,36.621337890625,0.005695723928511143,2216.202470325856,1,256,1.0,56.12336730957031,36.621337890625,0.006370198912918568,2216.202470325856,0.0,
260683472_b93ae2a37b_110_26519935@N00.jpg,47.882276,6.779594,61.3593864440918,23.851490020751953,0.008360194973647594,1846.3667269148712,1,256,1.0,61.3593864440918,23.851490020751953,0.01054577436298132,1846.3667269148712,0.0,
260687452_2aa9a32688_96_26519935@N00.jpg,13.74989,100.494861,13.752723693847656,100.41915893554688,0.017993487417697906,8.182486761119184,1,28,0.109375,13.752723693847656,100.41915893554688,0.019018590450286865,8.182486761119184,0.0,
260692273_eb9d887eb2_114_26519935@N00.jpg,13.74989,100.494861,13.74992561340332,100.49130249023438,0.024603260681033134,0.3843697088427042,0,0,0.0,13.74992561340332,100.49130249023438,0.024603260681033134,0.3843697088427042,0.0,
260755847_b256d278c0_112_77235581@N00.jpg,58.206546,-6.397154,56.080657958984375,-5.549468040466309,0.08151916414499283,241.85137195164103,0,0,0.0,56.080657958984375,-5.549468040466309,0.08151916414499283,241.85137195164103,0.0,
261517384_292417efcc_117_60558526@N00.jpg,34.954337,137.162418,35.09812927246094,135.71893310546875,0.008652963675558567,132.4063399448107,0,0,0.0,35.09812927246094,135.71893310546875,0.008652963675558567,132.4063399448107,0.0,
262146399_1f4af77d7a_110_77235581@N00.jpg,58.18342,-6.593513,60.49409866333008,-1.5576549768447876,0.06483414769172668,383.9479019412368,0,0,0.0,60.49409866333008,-1.5576549768447876,0.06483414769172668,383.9479019412368,0.0,
262653598_490dd2382d_70_18684820@N00.jpg,37.33281,-121.898825,33.502262115478516,-117.6625747680664,0.0961688905954361,573.2611206496948,2,208,0.8125,32.753570556640625,-117.1954116821289,0.08712563663721085,665.0880103162729,-91.82688966657804,
262745363_f8f1962227_90_35468147630@N01.jpg,42.36246,-71.084353,56.17201614379883,14.862442016601562,0.001188337104395032,5996.346441054956,2,256,1.0,56.17201614379883,14.862442016601562,0.0011769837001338601,5996.346441054956,0.0,
262745523_30ffd673fc_86_35468147630@N01.jpg,42.36246,-71.084353,52.37354278564453,4.893894195556641,0.0010642517590895295,5558.255925343224,2,240,0.9375,52.37354278564453,4.893894195556641,0.001510793692432344,5558.255925343224,0.0,
263058974_16748edba3_77_30571787@N00.jpg,44.908778,8.61371,22.90756607055664,114.06297302246094,0.007761266082525253,9362.881193694033,0,0,0.0,22.90756607055664,114.06297302246094,0.007761266082525253,9362.881193694033,0.0,
263160217_c2338ab2a0_82_24311489@N00.jpg,41.883237,-87.652251,38.918331146240234,-77.04149627685547,0.0048478636890649796,956.2700344149652,1,80,0.3125,38.918331146240234,-77.04149627685547,0.00484759546816349,956.2700344149652,0.0,
263338556_b89f064da9_99_44067110@N00.jpg,51.446386,-0.966147,51.21881866455078,-3.6266889572143555,0.022500740364193916,186.5531808723496,2,256,1.0,51.21881866455078,-3.6266889572143555,0.018907085061073303,186.5531808723496,0.0,
263900684_da7a3f34ee_33_74806935@N00.jpg,37.318012,-121.950309,37.321048736572266,-121.94953155517578,0.01716499589383602,0.34459774023392215,1,30,0.1171875,37.321048736572266,-121.94953155517578,0.015406970866024494,0.34459774023392215,0.0,
264072697_0bb27f33c4_95_90833046@N00.jpg,44.968039,-93.232448,44.91083908081055,-93.21063995361328,0.015603406354784966,6.587901537996844,0,0,0.0,44.91083908081055,-93.21063995361328,0.015603406354784966,6.587901537996844,0.0,
264073955_abec0f8b39_106_90833046@N00.jpg,44.968039,-93.232448,44.97336196899414,-93.23828125,0.026134394109249115,0.7489366478366808,0,0,0.0,44.97336196899414,-93.23828125,0.026134394109249115,0.7489366478366808,0.0,
264214006_aa0972d142_93_90168643@N00.jpg,40.966159,117.934284,39.012115478515625,113.5982894897461,0.09642940014600754,428.4847760985887,1,160,0.625,39.012115478515625,113.5982894897461,0.06855278462171555,428.4847760985887,0.0,
264292876_7c212571e8_102_77235581@N00.jpg,58.09666,-6.643123,58.536155700683594,-4.196595191955566,0.05648820474743843,150.9998503388571,0,0,0.0,58.536155700683594,-4.196595191955566,0.05648820474743843,150.9998503388571,0.0,
264293237_3f0e83b0e7_114_77235581@N00.jpg,58.116432,-6.617717,53.557491302490234,-10.134757995605469,0.086195208132267,552.2739892858194,0,0,0.0,53.557491302490234,-10.134757995605469,0.086195208132267,552.2739892858194,0.0,
265350530_0c57e98adb_105_44972214@N00.jpg,32.845269,-117.273988,-34.838321685791016,116.01802825927734,0.03293889760971069,15147.080980988445,0,0,0.0,-34.838321685791016,116.01802825927734,0.03293889760971069,15147.080980988445,0.0,
265352838_57c66fa05c_80_44972214@N00.jpg,32.845269,-117.273988,32.735267639160156,-116.97313690185547,0.004994358867406845,30.667520409706917,2,256,1.0,33.73991775512695,-118.10596466064453,0.006095515098422766,125.99908645157025,-95.33156604186334,
265395253_dd3889460f_92_44972214@N00.jpg,32.845269,-117.273988,34.01289749145508,-118.81975555419922,0.025745173916220665,193.47363325895043,2,95,0.37109375,34.01289749145508,-118.81975555419922,0.02472303807735443,193.47363325895043,0.0,
265461911_2bb8e765f9_82_40829484@N00.jpg,36.498804,32.103939,36.74546432495117,-3.8758668899536133,0.0316915363073349,3191.8569927074354,0,0,0.0,36.74546432495117,-3.8758668899536133,0.0316915363073349,3191.8569927074354,0.0,
265731362_9d673c7348_88_44972214@N00.jpg,34.013965,-118.80083,32.79643249511719,-117.25785827636719,0.031048880890011787,197.08004493001138,3,87,0.33984375,32.79643249511719,-117.25785827636719,0.029198121279478073,197.08004493001138,0.0,
265732218_b03d17c79d_115_44972214@N00.jpg,34.013965,-118.80083,34.04553985595703,-118.93412780761719,0.06699973344802856,12.775645693388343,0,0,0.0,34.04553985595703,-118.93412780761719,0.06699973344802856,12.775645693388343,0.0,
265978507_7beab0310f_85_40425693@N00.jpg,44.494423,11.341581,43.319183349609375,11.331366539001465,0.027230240404605865,130.6834289205517,8,64,0.25,43.319183349609375,11.331366539001465,0.025196373462677002,130.6834289205517,0.0,
266076989_bf6bee6638_89_40829484@N00.jpg,49.69917,6.391296,47.12995147705078,7.998045921325684,0.018995098769664764,309.2994260251893,10,133,0.51953125,47.12995147705078,7.998045921325684,0.012580548413097858,309.2994260251893,0.0,
266092150_376c40a4a6_97_40829484@N00.jpg,49.69917,6.391296,50.9581298828125,5.536904811859131,0.03754645958542824,152.56050682566956,12,152,0.59375,50.9581298828125,5.536904811859131,0.046519942581653595,152.56050682566956,0.0,
266190940_5198e1683e_97_40829484@N00.jpg,49.69917,6.391296,53.17898178100586,-2.6160171031951904,0.023030219599604607,733.706810349562,2,144,0.5625,53.17898178100586,-2.6160171031951904,0.03346304967999458,733.706810349562,0.0,
266287734_114d6cc260_94_40829484@N00.jpg,49.69917,6.391296,56.073856353759766,13.232002258300781,0.04933062940835953,843.5563169709985,3,165,0.64453125,56.073856353759766,13.232002258300781,0.05777127295732498,843.5563169709985,0.0,
266315571_e6b5826c7c_115_35468147630@N01.jpg,42.36246,-71.084353,51.60810470581055,-2.2202680110931396,0.0034682531841099262,5124.422406605242,0,0,0.0,51.60810470581055,-2.2202680110931396,0.0034682531841099262,5124.422406605242,0.0,
266488116_a6492639a0_85_18684820@N00.jpg,37.808554,-122.409871,25.48295021057129,121.2890625,0.014055983163416386,10340.665866254762,2,85,0.33203125,25.48295021057129,121.2890625,0.01757551170885563,10340.665866254762,0.0,
266488307_e1e4113249_86_18684820@N00.jpg,37.808554,-122.409871,35.79574966430664,-83.53462219238281,0.021851282566785812,3443.5588733599047,0,0,0.0,35.79574966430664,-83.53462219238281,0.021851282566785812,3443.5588733599047,0.0,
266501144_9cf5ecfa8a_106_18684820@N00.jpg,37.77891,-122.393156,34.067378997802734,-118.40222930908203,0.00273939804174006,547.1158797480825,2,256,1.0,34.067378997802734,-118.40222930908203,0.0025946572422981262,547.1158797480825,0.0,
266523968_39f7b84005_110_18684820@N00.jpg,37.803095,-122.400666,33.733367919921875,-118.25245666503906,0.009913913905620575,587.100173017989,1,192,0.75,33.733367919921875,-118.25245666503906,0.009866989217698574,587.100173017989,0.0,
266531088_e1fe886484_103_18684820@N00.jpg,37.808554,-122.409871,33.344688415527344,-118.32563018798828,0.009323103353381157,618.5602866687688,0,0,0.0,33.344688415527344,-118.32563018798828,0.009323103353381157,618.5602866687688,0.0,
266539680_dab460324f_118_18684820@N00.jpg,37.807402,-122.410933,37.7252082824707,-122.44902038574219,0.0031665011774748564,9.733437242291634,2,66,0.2578125,37.7252082824707,-122.44902038574219,0.0028996679466217756,9.733437242291634,0.0,
266753174_a117c7c9cc_113_27274415@N00.jpg,37.897783,-122.573626,39.2290153503418,-123.38788604736328,0.10040102154016495,164.08310361500125,1,256,1.0,39.2290153503418,-123.38788604736328,0.09659992903470993,164.08310361500125,0.0,
267246433_1d0488c673_94_40829484@N00.jpg,49.785475,6.297912,47.38446044921875,7.752205848693848,0.016826733946800232,287.5996423568676,0,0,0.0,47.38446044921875,7.752205848693848,0.016826733946800232,287.5996423568676,0.0,
267592596_98c7aa1b2b_94_40829484@N00.jpg,49.785475,6.297912,45.62371826171875,7.983768939971924,0.017332321032881737,479.61890098140645,4,177,0.69140625,45.62371826171875,7.983768939971924,0.016428396105766296,479.61890098140645,0.0,
267679909_09b397c0e8_89_20194767@N00.jpg,51.497148,-0.204942,53.32879638671875,-1.5146540403366089,0.0035632604267448187,222.18984295507775,6,178,0.6953125,53.32879638671875,-1.5146540403366089,0.006906918715685606,222.18984295507775,0.0,
267752659_e415cbfd32_81_81421684@N00.jpg,48.242167,16.42559,44.071678161621094,3.9790239334106445,0.0013986346311867237,1063.2506974586852,1,256,1.0,44.071678161621094,3.9790239334106445,0.0020496153738349676,1063.2506974586852,0.0,
267940251_1553589168_80_91728102@N00.jpg,32.457704,111.001224,35.576602935791016,137.59603881835938,0.009099310263991356,2467.9298742706605,1,30,0.1171875,29.82912826538086,118.26507568359375,0.009362340904772282,750.3141621544689,1717.6157121161916,
267986751_a9f6f98dc2_91_40829484@N00.jpg,40.706246,-74.001781,40.65739440917969,-74.05316925048828,0.05873782932758331,6.9486917521593865,2,256,1.0,40.65739440917969,-74.05316925048828,0.07142110168933868,6.9486917521593865,0.0,
267990728_9275978ebb_79_40829484@N00.jpg,40.706246,-74.001781,40.648704528808594,-74.06491088867188,0.02202492021024227,8.323483554777177,6,159,0.62109375,40.648704528808594,-74.06491088867188,0.02406606264412403,8.323483554777177,0.0,
268693450_c34d0d0c2f_82_50994135@N00.jpg,55.858593,-4.289271,55.85711669921875,-4.287414073944092,0.09259678423404694,0.20094142729995332,0,0,0.0,55.85711669921875,-4.287414073944092,0.09259678423404694,0.20094142729995332,0.0,
268962293_01c29a5431_105_98908999@N00.jpg,29.738454,-95.397301,25.807193756103516,-80.19503021240234,0.0012175143929198384,1556.8199502898137,0,0,0.0,25.807193756103516,-80.19503021240234,0.0012175143929198384,1556.8199502898137,0.0,
269021210_b9a01a23ff_115_64855637@N00.jpg,38.911681,-77.444418,38.911808013916016,-77.44331359863281,0.07370001077651978,0.09659365153731543,2,126,0.4921875,38.911808013916016,-77.44331359863281,0.0711355209350586,0.09659365153731543,0.0,
269021268_2da09e5d4c_109_64855637@N00.jpg,38.911681,-77.444418,51.59841537475586,-0.2350749969482422,0.09760792553424835,5913.770598835123,3,90,0.3515625,51.59841537475586,-0.2350749969482422,0.08746185898780823,5913.770598835123,0.0,
269110735_b4df79901e_89_40829484@N00.jpg,48.85887,2.293524,48.871952056884766,2.330759048461914,0.00990878976881504,3.087766585972633,0,0,0.0,48.871952056884766,2.330759048461914,0.00990878976881504,3.087766585972633,0.0,
269308182_7305465138_87_77235581@N00.jpg,58.202872,-6.379451,56.1209716796875,-3.9444780349731445,0.0033092370722442865,274.0912286996924,1,112,0.4375,56.1209716796875,-3.9444780349731445,0.006854776758700609,274.0912286996924,0.0,
269314053_2fa681ed1b_109_77235581@N00.jpg,57.895876,-6.36177,52.05766296386719,-5.040835857391357,0.09842657297849655,654.5970948032784,0,0,0.0,52.05766296386719,-5.040835857391357,0.09842657297849655,654.5970948032784,0.0,
269315895_354abd1a07_88_77235581@N00.jpg,58.360133,-6.205043,58.671077728271484,-3.377120018005371,0.058399222791194916,167.8138026741311,0,0,0.0,58.671077728271484,-3.377120018005371,0.058399222791194916,167.8138026741311,0.0,
269316014_841f16332f_116_77235581@N00.jpg,58.358377,-6.243152,50.483558654785156,-4.002889156341553,0.060580555349588394,887.4259430177597,0,0,0.0,50.483558654785156,-4.002889156341553,0.060580555349588394,887.4259430177597,0.0,
269495620_f673e7a7a1_109_85417391@N00.jpg,41.347304,-71.967487,59.90468215942383,10.684807777404785,0.012534714303910732,5749.362174764536,1,60,0.234375,59.90468215942383,10.684807777404785,0.012150282971560955,5749.362174764536,0.0,
269561392_fac2c78180_82_77235581@N00.jpg,58.202872,-6.379451,56.62443161010742,-6.069708824157715,0.07149390876293182,176.49176284518805,2,43,0.16796875,56.62443161010742,-6.069708824157715,0.053677454590797424,176.49176284518805,0.0,
269563561_fe7f5308cf_112_77235581@N00.jpg,58.099858,-6.407132,55.6155891418457,-5.224102973937988,0.020759036764502525,285.4355425994725,1,110,0.4296875,55.6155891418457,-5.224102973937988,0.0214531309902668,285.4355425994725,0.0,
269569755_ff19bf135d_79_85417391@N00.jpg,42.850547,-72.558174,46.77431869506836,-72.88475799560547,0.07174942642450333,437.0628515360857,1,24,0.09375,46.77431869506836,-72.88475799560547,0.07770000398159027,437.0628515360857,0.0,
269676409_df3ef47234_100_97522422@N00.jpg,45.229085,13.605537,44.765506744384766,16.66522979736328,0.013614733703434467,246.02896559689432,0,0,0.0,44.765506744384766,16.66522979736328,0.013614733703434467,246.02896559689432,0.0,
269681146_530c564994_107_97522422@N00.jpg,45.229085,13.605537,45.5256233215332,13.568929672241211,0.017118029296398163,33.0973407999493,3,224,0.875,45.5256233215332,13.568929672241211,0.016642635688185692,33.0973407999493,0.0,
269802426_cd916f37fa_109_64855637@N00.jpg,32.139426,-110.868691,50.6317138671875,3.7758629322052,0.11749239265918732,8807.159885470937,2,10,0.0390625,50.6317138671875,3.7758629322052,0.11758621037006378,8807.159885470937,0.0,
270134298_d66c191c64_88_35468147630@N01.jpg,42.36246,-71.084353,42.360572814941406,-71.06094360351562,0.011862294748425484,1.9347983658928105,4,46,0.1796875,42.360572814941406,-71.06094360351562,0.011458242312073708,1.9347983658928105,0.0,
270383923_a5c3f2eaee_83_64855637@N00.jpg,32.139426,-110.868691,38.9493293762207,-1.8628690242767334,0.11443277448415756,9241.425218567672,1,144,0.5625,38.9493293762207,-1.8628690242767334,0.1272362470626831,9241.425218567672,0.0,
270426691_42f06b31b0_106_50994135@N00.jpg,56.041171,-4.987106,54.42996597290039,-3.3189010620117188,0.10877955704927444,208.03647532528214,0,0,0.0,54.42996597290039,-3.3189010620117188,0.10877955704927444,208.03647532528214,0.0,
270550637_8f094e1f30_122_64855637@N00.jpg,32.139426,-110.868691,32.14200973510742,-110.85678100585938,0.155589297413826,1.1575893883359039,1,208,0.8125,32.14200973510742,-110.85678100585938,0.14472492039203644,1.1575893883359039,0.0,
270978097_e66005524a_112_81421684@N00.jpg,31.241003,121.586015,32.907405853271484,-96.82920837402344,0.017187662422657013,11819.967664111275,9,149,0.58203125,41.667781829833984,-88.19721221923828,0.015169072896242142,11352.438934086884,467.5287300243908,
270986503_2d4e217c50_101_81421684@N00.jpg,31.242352,121.579685,52.340396881103516,5.231841087341309,0.11567272245883942,8862.507532384596,11,165,0.64453125,52.340396881103516,5.231841087341309,0.11224517226219177,8862.507532384596,0.0,
270989483_e6200b1e79_107_81421684@N00.jpg,31.242352,121.579685,31.391157150268555,121.39892578125,0.014928223565220833,23.84600790675131,10,152,0.59375,53.31898498535156,-6.332479953765869,0.014158260077238083,9355.744047138956,-9331.898039232205,
270989853_76b0ab3f5d_80_81421684@N00.jpg,31.242352,121.579685,41.701114654541016,-86.23885345458984,0.004642706364393234,11417.7415434305,11,60,0.234375,41.701114654541016,-86.23885345458984,0.00467075826600194,11417.7415434305,0.0,
271407163_e05772b8a3_111_27274415@N00.jpg,35.685239,-121.168304,35.685333251953125,-121.16816711425781,0.03879695385694504,0.016207470460611086,2,256,1.0,35.685333251953125,-121.16816711425781,0.04275405406951904,0.016207470460611086,0.0,
271410902_9b62772aee_119_27274415@N00.jpg,35.685239,-121.168304,40.456233978271484,-3.5991768836975098,0.020332681015133858,9417.59303053025,4,28,0.109375,35.685333251953125,-121.16816711425781,0.017912015318870544,0.016207470460611086,9417.57682305979,
271477585_96ec46601b_107_64855637@N00.jpg,32.139426,-110.868691,32.14200973510742,-110.85678100585938,0.20235644280910492,1.1575893883359039,1,112,0.4375,32.14200973510742,-110.85678100585938,0.2048039585351944,1.1575893883359039,0.0,
271517794_bcd0d062eb_79_40829484@N00.jpg,40.738673,-73.995494,38.89167404174805,-77.03563690185547,0.011221627704799175,331.0266874337845,1,4,0.015625,38.89145278930664,-77.03604888916016,0.011572782881557941,331.06986178577387,-0.04317435198936437,
271519231_f1f922a1b7_93_40829484@N00.jpg,40.738673,-73.995494,38.89076614379883,-77.03377532958984,0.008734043687582016,330.96602492019827,1,154,0.6015625,38.89076614379883,-77.03377532958984,0.00937787164002657,330.96602492019827,0.0,
271534568_037f050f58_119_40829484@N00.jpg,40.738673,-73.995494,38.88767623901367,-77.03956604003906,0.013149815611541271,331.5714490924377,0,0,0.0,38.88767623901367,-77.03956604003906,0.013149815611541271,331.5714490924377,0.0,
271701445_654fc76f71_119_77235581@N00.jpg,58.208677,-6.391725,57.14512252807617,-4.681354999542236,0.02346505969762802,155.96084834136525,0,0,0.0,57.14512252807617,-4.681354999542236,0.02346505969762802,155.96084834136525,0.0,
271702072_30c8d49553_101_77235581@N00.jpg,58.208027,-6.388335,54.3331413269043,-4.3831467628479,0.01794303022325039,448.2514982141977,2,40,0.15625,54.3331413269043,-4.3831467628479,0.017093174159526825,448.2514982141977,0.0,
271702330_bbffd58093_110_77235581@N00.jpg,58.208784,-6.389687,57.005859375,-5.82974910736084,0.025577854365110397,137.85413329839432,1,110,0.4296875,57.005859375,-5.82974910736084,0.023281577974557877,137.85413329839432,0.0,
271702939_8f50cdbe5f_115_73293249@N00.jpg,46.378216,7.630273,46.22343444824219,11.95569896697998,0.011840203776955605,332.689797828368,2,108,0.421875,46.22343444824219,11.95569896697998,0.013631490059196949,332.689797828368,0.0,
271706309_56c500bfcc_90_77235581@N00.jpg,58.208434,-6.389515,54.200809478759766,-8.308067321777344,0.03418990969657898,461.10741612610434,2,43,0.16796875,54.200809478759766,-8.308067321777344,0.039125703275203705,461.10741612610434,0.0,
271713607_99bf5b8290_92_50994135@N00.jpg,56.034122,-4.983844,51.60810470581055,-2.2202680110931396,0.1459924727678299,524.4104752566012,0,0,0.0,51.60810470581055,-2.2202680110931396,0.1459924727678299,524.4104752566012,0.0,
272102116_d23280f872_111_27274415@N00.jpg,37.778792,-122.410156,41.47899627685547,1.9905099868774414,0.0009931216482073069,9553.494025550532,7,82,0.3203125,41.47899627685547,1.9905099868774414,0.0010344062466174364,9553.494025550532,0.0,
272444543_33fce374f4_79_97522422@N00.jpg,45.669604,12.231903,38.92864227294922,-9.005270004272461,0.00674861203879118,1893.2574759941788,1,12,0.046875,38.92864227294922,-9.005270004272461,0.005811805371195078,1893.2574759941788,0.0,
272525305_0f97f8ae4b_105_77235581@N00.jpg,58.208784,-6.389687,52.84648132324219,-8.985443115234375,0.041020799428224564,618.1190197952877,0,0,0.0,52.84648132324219,-8.985443115234375,0.041020799428224564,618.1190197952877,0.0,
273331753_7ee27c4c48_87_57749403@N00.jpg,53.229056,-0.547943,53.23400115966797,-0.5371059775352478,0.16529081761837006,0.9069995776623243,1,72,0.28125,53.23400115966797,-0.5371059775352478,0.15922637283802032,0.9069995776623243,0.0,
273332918_c1e858f397_100_57749403@N00.jpg,53.229056,-0.547943,53.23400115966797,-0.5371059775352478,0.09822164475917816,0.9069995776623243,1,256,1.0,53.23400115966797,-0.5371059775352478,0.1110757440328598,0.9069995776623243,0.0,
273351128_4de15bdcae_104_57749403@N00.jpg,53.205621,-2.89627,53.19186782836914,-2.8922150135040283,0.02686675451695919,1.5529549443297608,2,240,0.9375,53.19186782836914,-2.8922150135040283,0.024596460163593292,1.5529549443297608,0.0,
273363975_0fe241fdc4_92_57749403@N00.jpg,52.96477,-1.16867,55.414058685302734,-1.7006490230560303,0.023921692743897438,274.53704258813053,0,0,0.0,55.414058685302734,-1.7006490230560303,0.023921692743897438,274.53704258813053,0.0,
274048435_509d7b2f5a_114_50994135@N00.jpg,55.950064,-4.922733,47.39873504638672,-1.451159954071045,0.001200663042254746,980.2149204454405,1,3,0.01171875,47.39873504638672,-1.451159954071045,0.0011934090871363878,980.2149204454405,0.0,
274055313_6c7ec9f864_82_29251780@N00.jpg,26.701375,-80.189208,26.35026741027832,-80.30353546142578,0.04289815574884415,40.664612818630665,0,0,0.0,26.35026741027832,-80.30353546142578,0.04289815574884415,40.664612818630665,0.0,
274303527_3a18c801ec_84_29251780@N00.jpg,52.99278,-6.072864,53.81443786621094,-7.796173095703125,0.01745883747935295,146.2749794923083,0,0,0.0,53.81443786621094,-7.796173095703125,0.01745883747935295,146.2749794923083,0.0,
274303892_29f0fa29a4_96_29251780@N00.jpg,52.99278,-6.072864,52.24241256713867,14.02662181854248,0.04841482266783714,1355.020849915982,0,0,0.0,52.24241256713867,14.02662181854248,0.04841482266783714,1355.020849915982,0.0,
274309625_24a58e6547_115_29251780@N00.jpg,52.99278,-6.072864,54.99721145629883,-5.988234996795654,0.02858373522758484,222.9515099000197,2,138,0.5390625,54.99721145629883,-5.988234996795654,0.032365407794713974,222.9515099000197,0.0,
276045125_4335362c6a_95_12814307@N00.jpg,50.657949,5.474624,50.55914306640625,3.131103038787842,0.03371942415833473,165.73069296643024,1,30,0.1171875,53.27450180053711,-1.3768310546875,0.03449519723653793,551.8992193143088,-386.1685263478785,
276115377_3ca70b96c5_103_26519935@N00.jpg,22.293067,114.17387,22.282085418701172,114.15778350830078,0.010954434983432293,2.056806845783269,1,70,0.2734375,22.280757904052734,114.15975952148438,0.009963995777070522,1.9952709557688573,0.06153589001441184,
276129021_c9b374cebe_91_83794921@N00.jpg,27.707999,85.315704,27.706327438354492,85.3146743774414,0.04682637006044388,0.2117109513935161,6,119,0.46484375,27.706327438354492,85.3146743774414,0.046129994094371796,0.2117109513935161,0.0,
276326495_91c0ec70e7_99_12814307@N00.jpg,50.607101,5.557751,51.40719223022461,7.189280033111572,0.019627902656793594,144.72061971833594,0,0,0.0,51.40719223022461,7.189280033111572,0.019627902656793594,144.72061971833594,0.0,
276465716_428a47f0f1_97_36093984@N00.jpg,42.572677,-0.552577,42.67763900756836,-1.4089100360870361,0.03823130205273628,71.02800616719142,0,0,0.0,42.67763900756836,-1.4089100360870361,0.03823130205273628,71.02800616719142,0.0,
276465882_0efa1053d7_90_36093984@N00.jpg,42.749029,-0.514469,42.888511657714844,-0.11411000043153763,0.0792965367436409,36.1503651178053,1,176,0.6875,42.769447326660156,0.5771250128746033,0.0839068740606308,89.14698854958812,-52.996623431782815,
276477189_7baf796f9d_83_12814307@N00.jpg,50.609783,5.527088,50.68163299560547,5.669888973236084,0.043627798557281494,12.853541405962183,0,0,0.0,50.68163299560547,5.669888973236084,0.043627798557281494,12.853541405962183,0.0,
276486754_7d79b29e25_108_12814307@N00.jpg,50.605412,5.52844,49.6629753112793,18.68697166442871,0.02301480993628502,942.4478013232724,0,0,0.0,49.6629753112793,18.68697166442871,0.02301480993628502,942.4478013232724,0.0,
276678898_e6b8202255_112_50994135@N00.jpg,55.845735,-4.420924,54.7762565612793,-1.5742889642715454,0.09460557252168655,215.83108166685915,1,224,0.875,54.7762565612793,-1.5742889642715454,0.09248887002468109,215.83108166685915,0.0,
276961501_4303953a9d_113_36093984@N00.jpg,47.483499,19.073402,49.61286544799805,6.130675792694092,0.004337603226304054,980.3317801804038,1,96,0.375,49.61286544799805,6.130675792694092,0.006503166165202856,980.3317801804038,0.0,
277484445_3fc8434767_102_77235581@N00.jpg,58.20814,-6.362006,57.45233917236328,-6.679687023162842,0.07922287285327911,86.11989387867125,1,6,0.0234375,57.45233917236328,-6.679687023162842,0.08101541548967361,86.11989387867125,0.0,
277623354_cba2424b17_104_73293249@N00.jpg,46.048011,7.318108,42.56382751464844,1.979254961013794,0.010791030712425709,574.7178158186258,1,240,0.9375,42.56382751464844,1.979254961013794,0.013019382022321224,574.7178158186258,0.0,
277624603_81a37a3ea7_114_73293249@N00.jpg,46.048011,7.318108,47.00304412841797,12.62011432647705,0.039106521755456924,419.21080694521817,1,144,0.5625,47.00304412841797,12.62011432647705,0.04156752675771713,419.21080694521817,0.0,
277626199_038be9168f_106_87434398@N00.jpg,44.417712,-72.020584,44.22047424316406,-74.43901062011719,0.014668582938611507,193.63814156785034,4,31,0.12109375,44.22047424316406,-74.43901062011719,0.01449586171656847,193.63814156785034,0.0,
278258100_2f1e7cff3e_81_14542551@N00.jpg,50.234414,106.20037,48.442291259765625,107.26226806640625,0.1071091815829277,213.6061746285111,1,88,0.34375,48.442291259765625,107.26226806640625,0.10149773210287094,213.6061746285111,0.0,
278275928_a0326467aa_104_14542551@N00.jpg,50.234414,106.20037,48.442291259765625,107.26226806640625,0.14238648116588593,213.6061746285111,0,0,0.0,48.442291259765625,107.26226806640625,0.14238648116588593,213.6061746285111,0.0,
278287802_63dd30994a_120_14542551@N00.jpg,50.234414,106.20037,47.92289733886719,104.43856811523438,0.05196744203567505,287.2603635744787,0,0,0.0,47.92289733886719,104.43856811523438,0.05196744203567505,287.2603635744787,0.0,
279183632_76b7ca1cd5_119_25304693@N00.jpg,48.873039,2.771389,48.87016677856445,2.7791659832000732,0.04563222452998161,0.6523271673443262,0,0,0.0,48.87016677856445,2.7791659832000732,0.04563222452998161,0.6523271673443262,0.0,
279341117_e242dd1036_92_36093984@N00.jpg,43.342408,17.814846,39.991119384765625,18.41472053527832,0.007662012707442045,375.96030703655487,1,12,0.046875,45.24641418457031,13.841275215148926,0.008343775756657124,380.50564755225207,-4.545340515697205,
279364704_bc2c5fa00e_109_36093984@N00.jpg,42.641409,18.109245,42.64125061035156,18.109331130981445,0.011664345860481262,0.01896898277092353,2,169,0.66015625,42.64125061035156,18.109331130981445,0.010384485125541687,0.01896898277092353,0.0,
279524940_da1d316122_83_36093984@N00.jpg,42.453987,18.536338,43.17239761352539,16.441661834716797,0.03706280142068863,188.60656974051724,5,114,0.4453125,43.17239761352539,16.441661834716797,0.03506362438201904,188.60656974051724,0.0,
279684899_63d5dc5c9d_89_25304693@N00.jpg,33.812047,-117.918748,33.81229782104492,-117.91900634765625,0.009682138450443745,0.036709002291877554,3,95,0.37109375,33.81229782104492,-117.91900634765625,0.010654624551534653,0.036709002291877554,0.0,
279710352_eebd086f28_89_30571787@N00.jpg,45.210947,9.169378,51.05583190917969,7.94950008392334,0.005453598685562611,656.1713343838132,0,0,0.0,51.05583190917969,7.94950008392334,0.005453598685562611,656.1713343838132,0.0,
280064832_fb47b1ed9f_111_40279823@N00.jpg,53.227412,6.562786,52.51350021362305,5.04783296585083,0.021862514317035675,128.99583156360936,1,256,1.0,52.51350021362305,5.04783296585083,0.0254230760037899,128.99583156360936,0.0,
280391914_6973bafeff_110_40084555@N00.jpg,39.667027,66.942787,32.658164978027344,51.67350769042969,0.054925333708524704,1573.656916956301,0,0,0.0,32.658164978027344,51.67350769042969,0.054925333708524704,1573.656916956301,0.0,
280393819_1ae1c289ce_113_40084555@N00.jpg,39.667027,66.942787,31.897380828857422,54.35932159423828,0.009644499979913235,1424.0943539472214,0,0,0.0,31.897380828857422,54.35932159423828,0.009644499979913235,1424.0943539472214,0.0,
280870957_b4e009f8da_102_36093984@N00.jpg,46.101328,19.670333,25.670839309692383,-100.30953216552734,0.01495648268610239,10008.404288278061,1,117,0.45703125,20.96710968017578,-89.62380981445312,0.015379578806459904,9727.746875481089,280.6574127969725,
280892966_9b171dfa44_106_50994135@N00.jpg,55.847162,-4.392131,51.528560638427734,-0.23240800201892853,0.003030492691323161,552.6037738037082,0,0,0.0,51.528560638427734,-0.23240800201892853,0.003030492691323161,552.6037738037082,0.0,
280982601_991aab2b9e_105_36093984@N00.jpg,45.257247,19.853668,47.797969818115234,18.735454559326172,0.08136092871427536,295.1746715279532,0,0,0.0,47.797969818115234,18.735454559326172,0.08136092871427536,295.1746715279532,0.0,
282217361_254ab3b752_93_30571787@N00.jpg,45.18705,9.157437,45.54867935180664,11.547316551208496,0.013637193478643894,190.97162502830022,0,0,0.0,45.54867935180664,11.547316551208496,0.013637193478643894,190.97162502830022,0.0,
282217471_b8e9fb9fdf_114_30571787@N00.jpg,45.186574,9.157158,45.134395599365234,7.628674030303955,0.0034748034086078405,119.9812658859675,1,60,0.234375,45.134395599365234,7.628674030303955,0.003194666700437665,119.9812658859675,0.0,
283302899_68a61c3466_111_90833046@N00.jpg,44.888111,-93.312232,40.65719985961914,-95.23593139648438,0.0023903355468064547,495.92648676467144,1,90,0.3515625,40.65719985961914,-95.23593139648438,0.0026535948272794485,495.92648676467144,0.0,
284305257_4abbf26690_122_98908999@N00.jpg,29.718395,-95.3978,50.47609329223633,3.650099992752075,0.007966995239257812,8096.5586106449755,1,16,0.0625,50.47609329223633,3.650099992752075,0.008453626185655594,8096.5586106449755,0.0,
285040218_3e6db163b9_108_36093984@N00.jpg,47.50433,19.059133,47.49922561645508,19.05527114868164,0.004677605349570513,0.6374233347967869,5,9,0.03515625,47.49922561645508,19.05527114868164,0.004414419177919626,0.6374233347967869,0.0,
285168098_e2c77921ce_112_36093984@N00.jpg,47.435809,19.265899,37.9337043762207,23.939722061157227,0.050256241112947464,1122.9865372878887,1,96,0.375,37.9337043762207,23.939722061157227,0.05102438107132912,1122.9865372878887,0.0,
285168115_51f9a9e56f_111_36093984@N00.jpg,47.461696,19.149169,53.24223327636719,34.36237716674805,0.005866080056875944,1252.5359721412153,0,0,0.0,53.24223327636719,34.36237716674805,0.005866080056875944,1252.5359721412153,0.0,
285208726_be50d05c91_109_44067110@N00.jpg,51.496402,-0.211336,52.453956604003906,-1.7161409854888916,0.03308647498488426,148.18697738415122,3,98,0.3828125,52.453956604003906,-1.7161409854888916,0.03169746696949005,148.18697738415122,0.0,
285408786_aae2ff5443_119_55085284@N00.jpg,45.439658,12.325973,45.43321228027344,12.33895492553711,0.0077992994338274,1.2408534594450455,0,0,0.0,45.43321228027344,12.33895492553711,0.0077992994338274,1.2408534594450455,0.0,
285425292_7ee9892375_99_55085284@N00.jpg,45.439658,12.325973,45.438934326171875,12.321852684020996,0.006585335824638605,0.3313920340888257,2,35,0.13671875,45.438934326171875,12.321852684020996,0.006613427773118019,0.3313920340888257,0.0,
285440456_9b3fa98113_107_55085284@N00.jpg,45.439658,12.325973,45.43399429321289,12.339385986328125,0.0022595468908548355,1.2214267022951293,15,44,0.171875,45.43399429321289,12.339385986328125,0.0023193960078060627,1.2214267022951293,0.0,
285453951_6084a38be9_113_55085284@N00.jpg,45.439658,12.325973,45.43455123901367,12.33869743347168,0.00674859993159771,1.1437399260427623,9,134,0.5234375,45.43455123901367,12.33869743347168,0.006624519359320402,1.1437399260427623,0.0,
285456328_64df4bb046_121_55085284@N00.jpg,45.439658,12.325973,45.43343734741211,12.338247299194336,0.007122146897017956,1.1813810199843122,7,174,0.6796875,45.43343734741211,12.338247299194336,0.007117211353033781,1.1813810199843122,0.0,
285479812_4961ee8b04_112_55085284@N00.jpg,45.439658,12.325973,45.4343376159668,12.339162826538086,0.008155396208167076,1.1870584411534157,1,256,1.0,45.4343376159668,12.339162826538086,0.008219662122428417,1.1870584411534157,0.0,
285500456_667be0c138_110_55085284@N00.jpg,45.439658,12.325973,45.43915939331055,12.319170951843262,0.009615356102585793,0.5335941051981236,0,0,0.0,45.43915939331055,12.319170951843262,0.009615356102585793,0.5335941051981236,0.0,
285579902_351c2cf56c_114_40829484@N00.jpg,40.742396,-73.997898,40.69438171386719,-73.92976379394531,0.008304760791361332,7.840731310574321,0,0,0.0,40.69438171386719,-73.92976379394531,0.008304760791361332,7.840731310574321,0.0,
285618728_945d16d46d_113_40829484@N00.jpg,40.742396,-73.997898,40.748531341552734,-73.98555755615234,0.010417652316391468,1.2434588917011447,0,0,0.0,40.748531341552734,-73.98555755615234,0.010417652316391468,1.2434588917011447,0.0,
285643252_64d357e3ea_99_40829484@N00.jpg,40.742396,-73.997898,40.86458206176758,-73.93106842041016,0.009342188015580177,14.70488205200987,1,256,1.0,40.86458206176758,-73.93106842041016,0.009036388248205185,14.70488205200987,0.0,
285665716_1dd5651440_110_26519935@N00.jpg,22.217046,113.844881,18.357385635375977,-64.74507904052734,0.012285574339330196,15500.831825025545,0,0,0.0,18.357385635375977,-64.74507904052734,0.012285574339330196,15500.831825025545,0.0,
285671553_e321631144_103_26519935@N00.jpg,22.205762,113.856039,22.418128967285156,114.38578796386719,0.07908253371715546,59.39152994638117,0,0,0.0,22.418128967285156,114.38578796386719,0.07908253371715546,59.39152994638117,0.0,
285702249_19e8178286_113_26519935@N00.jpg,22.199246,114.1331,22.2509708404541,113.87603759765625,0.05852330103516579,27.078290145259775,0,0,0.0,22.2509708404541,113.87603759765625,0.05852330103516579,27.078290145259775,0.0,
285714548_e10cfba187_111_26519935@N00.jpg,22.297593,114.286222,22.42864227294922,114.31222534179688,0.03570319339632988,14.815342031899995,0,0,0.0,22.42864227294922,114.31222534179688,0.03570319339632988,14.815342031899995,0.0,
285718121_7617668e61_110_26519935@N00.jpg,22.297593,114.286222,22.288787841796875,114.2877426147461,0.08122849464416504,0.9915106152532781,0,0,0.0,22.288787841796875,114.2877426147461,0.08122849464416504,0.9915106152532781,0.0,
285720441_7bbea9d27a_113_26519935@N00.jpg,22.297593,114.286222,22.36452293395996,114.37308502197266,0.11045287549495697,11.628005969391323,0,0,0.0,22.36452293395996,114.37308502197266,0.11045287549495697,11.628005969391323,0.0,
285726473_dfd62cb74e_115_26519935@N00.jpg,22.297593,114.286222,22.24286651611328,113.97920227050781,0.04835968092083931,32.17326677669749,0,0,0.0,22.24286651611328,113.97920227050781,0.04835968092083931,32.17326677669749,0.0,
285735378_24899cc094_100_26519935@N00.jpg,23.077047,112.472105,22.463565826416016,114.03173065185547,0.02259714901447296,173.847664683744,1,12,0.046875,22.463565826416016,114.03173065185547,0.030857224017381668,173.847664683744,0.0,
285745206_fddf75b966_118_26519935@N00.jpg,23.077047,112.472105,11.756957054138184,-86.31253814697266,0.007434713188558817,15635.059263221343,3,37,0.14453125,11.756957054138184,-86.31253814697266,0.007436400279402733,15635.059263221343,0.0,
285764220_cc46e5c688_99_26519935@N00.jpg,23.077047,112.472105,36.20328140258789,116.88079833984375,0.05539273843169212,1519.9683352119625,0,0,0.0,36.20328140258789,116.88079833984375,0.05539273843169212,1519.9683352119625,0.0,
285765213_ac84ac0bf0_107_26519935@N00.jpg,23.077047,112.472105,23.068517684936523,112.45777130126953,0.02439134195446968,1.746326418130824,1,54,0.2109375,23.068517684936523,112.45777130126953,0.031149081885814667,1.746326418130824,0.0,
285798145_15d18cdf00_113_91728102@N00.jpg,31.239623,121.497437,19.42833709716797,-99.16573333740234,0.003141149180009961,12904.010672638484,1,195,0.76171875,19.42833709716797,-99.16573333740234,0.0041236551478505135,12904.010672638484,0.0,
285800574_484d3820d6_122_26519935@N00.jpg,22.541891,113.935518,14.835457801818848,-89.14675903320312,0.05827564746141434,15157.840666730204,3,64,0.25,14.835457801818848,-89.14675903320312,0.05964309722185135,15157.840666730204,0.0,
285801574_cc9a0db95c_112_26519935@N00.jpg,22.541891,113.935518,13.719060897827148,100.25312805175781,0.10200133919715881,1745.4488076008545,0,0,0.0,13.719060897827148,100.25312805175781,0.10200133919715881,1745.4488076008545,0.0,
285802531_37a37d69e7_101_26519935@N00.jpg,22.541891,113.935518,37.57781219482422,126.98062133789062,0.02230384387075901,2086.0393617870395,1,77,0.30078125,37.57781219482422,126.98062133789062,0.025100747123360634,2086.0393617870395,0.0,
285803217_bcc8577b4e_111_40829484@N00.jpg,40.742396,-73.997898,40.77571487426758,-73.97098541259766,0.013726504519581795,4.3433117874243745,0,0,0.0,40.77571487426758,-73.97098541259766,0.013726504519581795,4.3433117874243745,0.0,
285808145_7c406ff190_109_26519935@N00.jpg,22.541891,113.935518,1.338333010673523,103.72766876220703,0.006226330995559692,2603.065739674923,0,0,0.0,1.338333010673523,103.72766876220703,0.006226330995559692,2603.065739674923,0.0,
285808486_1757778309_102_26519935@N00.jpg,22.541891,113.935518,31.337404251098633,120.57942962646484,0.016230279579758644,1178.4149648589705,2,141,0.55078125,31.337404251098633,120.57942962646484,0.01329724956303835,1178.4149648589705,0.0,
285816672_673e14b6fc_105_26519935@N00.jpg,22.541891,113.935518,29.568679809570312,106.58660888671875,0.008441628888249397,1071.5035182452882,2,8,0.03125,29.568679809570312,106.58660888671875,0.00871257670223713,1071.5035182452882,0.0,
285821839_1641fa6fe4_86_40829484@N00.jpg,40.742396,-73.997898,40.77404022216797,-73.9718017578125,0.017639625817537308,4.1487795045986715,0,0,0.0,40.77404022216797,-73.9718017578125,0.017639625817537308,4.1487795045986715,0.0,
285829007_ee202a9a91_63_26519935@N00.jpg,22.54197,113.931398,22.468463897705078,114.00454711914062,0.022862767800688744,11.102810410635493,0,0,0.0,22.468463897705078,114.00454711914062,0.022862767800688744,11.102810410635493,0.0,
285832370_0c392aad89_121_26519935@N00.jpg,22.54197,113.931398,25.035215377807617,121.51531219482422,0.006792750209569931,819.7620738719498,0,0,0.0,25.035215377807617,121.51531219482422,0.006792750209569931,819.7620738719498,0.0,
285837571_3121a24f4e_106_26519935@N00.jpg,22.54197,113.931398,24.43339729309082,111.50848388671875,0.06947816163301468,324.46672843996396,2,33,0.12890625,24.43339729309082,111.50848388671875,0.05423743277788162,324.46672843996396,0.0,
285838262_f3b98a0e90_107_26519935@N00.jpg,22.54197,113.931398,31.337404251098633,120.57942962646484,0.02126939594745636,1178.6349596264831,0,0,0.0,31.337404251098633,120.57942962646484,0.02126939594745636,1178.6349596264831,0.0,
285846048_b7c2947d41_104_26519935@N00.jpg,22.54197,113.931398,29.564722061157227,106.54789733886719,0.022637048736214638,1073.5500495186413,2,25,0.09765625,29.564722061157227,106.54789733886719,0.02575477585196495,1073.5500495186413,0.0,
285927868_ba489b8ec4_101_40829484@N00.jpg,40.742396,-73.997898,40.68927764892578,-74.04536437988281,0.05970761179924011,7.133775435363543,2,72,0.28125,40.689247131347656,-74.04461669921875,0.060145795345306396,7.101453638065764,0.0323217972977794,
285969802_5d58e1175f_99_40829484@N00.jpg,40.742396,-73.997898,40.699039459228516,-74.03971862792969,0.04530516266822815,5.971923909029978,7,248,0.96875,40.699039459228516,-74.03971862792969,0.04420008882880211,5.971923909029978,0.0,
286007299_28f65c60d0_122_41894169878@N01.jpg,40.023292,-105.256158,34.16852569580078,-118.05401611328125,0.007385645993053913,1306.6032401989946,3,62,0.2421875,34.16852569580078,-118.05401611328125,0.00768668157979846,1306.6032401989946,0.0,
286008256_a56add50f7_103_41894169878@N01.jpg,40.021419,-105.263174,40.65157699584961,-73.71601867675781,0.013417876325547695,2660.4094182611066,2,256,1.0,40.65157699584961,-73.71601867675781,0.012149015441536903,2660.4094182611066,0.0,
286044564_697a4aa121_105_40829484@N00.jpg,40.742396,-73.997898,40.75359344482422,-73.98079681396484,0.004682903178036213,1.9041054304164435,2,256,1.0,40.75359344482422,-73.98079681396484,0.004907223861664534,1.9041054304164435,0.0,
286051680_edd8064cba_102_40829484@N00.jpg,40.742396,-73.997898,40.75607681274414,-73.98700714111328,0.007030590437352657,1.7764697376810812,1,16,0.0625,40.75607681274414,-73.98700714111328,0.006952243857085705,1.7764697376810812,0.0,
286063873_6fea31a517_102_40829484@N00.jpg,40.742396,-73.997898,40.75912094116211,-73.97454833984375,0.0026991236954927444,2.7068938056551595,1,256,1.0,40.75807189941406,-73.97514343261719,0.0030075563117861748,2.5908276080849553,0.1160661975702042,
286111494_b07b49f1ca_116_40829484@N00.jpg,40.742396,-73.997898,40.71167755126953,-74.00921630859375,0.004053136799484491,3.5463969281172063,5,208,0.8125,40.71167755126953,-74.00921630859375,0.004461655393242836,3.5463969281172063,0.0,
286143663_e7f4c4fcfb_113_40829484@N00.jpg,40.742396,-73.997898,40.71220016479492,-74.00711059570312,0.007385621313005686,3.4462046527328893,2,256,1.0,40.71220016479492,-74.00711059570312,0.007371087558567524,3.4462046527328893,0.0,
286256408_3050aa937d_118_36093984@N00.jpg,47.692056,19.049756,53.13853073120117,25.1971435546875,0.07299035042524338,745.4030038981948,0,0,0.0,53.13853073120117,25.1971435546875,0.07299035042524338,745.4030038981948,0.0,
286611398_7808877a8c_122_40829484@N00.jpg,40.742396,-73.997898,40.704166412353516,-74.0155029296875,0.009443727321922779,4.502393849393131,1,154,0.6015625,40.704166412353516,-74.0155029296875,0.008612039498984814,4.502393849393131,0.0,
286742784_28329e01c3_121_26519935@N00.jpg,17.968282,102.609128,19.891691207885742,102.14160919189453,0.026590634137392044,219.45324188872948,5,32,0.125,19.891691207885742,102.14160919189453,0.025150654837489128,219.45324188872948,0.0,
286743654_5ed9e4a671_119_26519935@N00.jpg,17.968282,102.609128,17.96573829650879,102.6108627319336,0.019276119768619537,0.3371499724111723,1,176,0.6875,21.142080307006836,94.90367889404297,0.017781134694814682,880.953797586349,-880.6166476139377,
286747536_5b5f03e94e_104_26519935@N00.jpg,17.968282,102.609128,25.528308868408203,84.8620834350586,0.14077971875667572,2013.7846686736175,0,0,0.0,25.528308868408203,84.8620834350586,0.14077971875667572,2013.7846686736175,0.0,
286748837_a27ac7e210_113_26519935@N00.jpg,13.74989,100.494861,17.880666732788086,102.74383544921875,0.03953010216355324,518.4953971432183,3,144,0.5625,17.579883575439453,99.21478271484375,0.0360131710767746,447.3758825611683,71.11951458204999,
286751771_30af2236db_102_26519935@N00.jpg,13.74989,100.494861,13.704146385192871,100.50961303710938,0.02498735673725605,5.330231780951795,1,4,0.015625,13.704146385192871,100.50961303710938,0.024891817942261696,5.330231780951795,0.0,
286765553_9851c71165_121_26519935@N00.jpg,18.180512,104.486074,15.83139705657959,107.86617279052734,0.21274873614311218,444.27941583919306,0,0,0.0,15.83139705657959,107.86617279052734,0.21274873614311218,444.27941583919306,0.0,
286769247_8e684fff98_114_26519935@N00.jpg,18.049582,104.559202,20.775375366210938,102.64732360839844,0.10362262278795242,363.3981061070596,0,0,0.0,20.775375366210938,102.64732360839844,0.10362262278795242,363.3981061070596,0.0,
286793704_24cb6a812f_118_26519935@N00.jpg,2.851662,104.152364,27.11781120300293,33.895912170410156,0.0136733902618289,7912.278142523604,1,256,1.0,27.11781120300293,33.895912170410156,0.01635603979229927,7912.278142523604,0.0,
286797163_54787efcf5_107_23601949@N00.jpg,38.889596,-77.035403,38.88962936401367,-77.04608917236328,0.00625573331490159,0.9248899618779667,3,69,0.26953125,38.888893127441406,-77.01394653320312,0.005054075736552477,1.8586992904894393,-0.9338093286114726,
286798856_d3c6601f03_104_26519935@N00.jpg,30.609697,104.082841,11.902291297912598,102.40528106689453,0.03526032343506813,2087.32931834007,0,0,0.0,11.902291297912598,102.40528106689453,0.03526032343506813,2087.32931834007,0.0,
287555085_10dd05242d_100_59398218@N00.jpg,12.653068,-7.987232,9.403676986694336,-0.8419129848480225,0.062046077102422714,859.364472744414,2,58,0.2265625,9.403676986694336,-0.8419129848480225,0.053875282406806946,859.364472744414,0.0,
287790046_7fafc2dfa4_102_41894169878@N01.jpg,42.358246,-71.068485,42.3599853515625,-71.05903625488281,0.01365912426263094,0.8000944560541733,1,120,0.46875,42.3599853515625,-71.05903625488281,0.013306844979524612,0.8000944560541733,0.0,
287819657_fd6827379c_108_40279823@N00.jpg,13.738968,100.504474,16.432214736938477,102.83700561523438,0.04796598106622696,390.3654383845795,2,224,0.875,16.432214736938477,102.83700561523438,0.051817867904901505,390.3654383845795,0.0,
288009071_11b5e29ebf_104_36093984@N00.jpg,45.433921,12.339212,15.918310165405273,75.68500518798828,0.04513653740286827,6685.470871737366,4,93,0.36328125,15.918310165405273,75.68500518798828,0.020177988335490227,6685.470871737366,0.0,
288046204_4fb54a4368_102_36093984@N00.jpg,45.446809,12.346487,13.699444770812988,-89.20074462890625,0.0043324632570147514,9801.598840809946,5,30,0.1171875,13.699444770812988,-89.20074462890625,0.004887767136096954,9801.598840809946,0.0,
288106993_1c35e6c3bf_110_40279823@N00.jpg,13.738968,100.504474,5.4166059494018555,100.3371353149414,0.008089789189398289,925.5872409000269,1,144,0.5625,5.4166059494018555,100.3371353149414,0.008964458480477333,925.5872409000269,0.0,
288111574_2f2c8c6937_115_40279823@N00.jpg,13.738968,100.504474,15.878789901733398,108.33343505859375,0.01969870738685131,874.5150912591391,1,144,0.5625,15.878789901733398,108.33343505859375,0.019554341211915016,874.5150912591391,0.0,
288143973_01b39862cb_122_29251780@N00.jpg,26.859758,-80.103721,28.06141471862793,-80.64379119873047,0.025935141369700432,143.85113946881066,0,0,0.0,28.06141471862793,-80.64379119873047,0.025935141369700432,143.85113946881066,0.0,
288717277_d983b3276d_115_50994135@N00.jpg,55.835192,-4.476177,53.34809112548828,-2.0554730892181396,0.02293694019317627,317.45167272952915,1,224,0.875,54.92596435546875,-1.7888720035552979,0.02708601765334606,197.56833909635282,119.88333363317633,
289093671_c8de61c0c8_114_40279823@N00.jpg,13.738968,100.504474,24.060806274414062,120.43538665771484,0.008013401180505753,2385.9514961168315,1,60,0.234375,24.060806274414062,120.43538665771484,0.007760447449982166,2385.9514961168315,0.0,
289256558_d2a0d32413_117_40829484@N00.jpg,34.055414,-118.249626,34.05354690551758,-118.25605010986328,0.020910130813717842,0.6271845370550226,4,148,0.578125,34.05354690551758,-118.25605010986328,0.02152988500893116,0.6271845370550226,0.0,
289319507_0d2aea8d9d_101_67879480@N00.jpg,38.393338,69.31755,34.499542236328125,69.86387634277344,0.17208319902420044,435.7171004462956,3,105,0.41015625,34.499542236328125,69.86387634277344,0.23556052148342133,435.7171004462956,0.0,
289341468_02bbce2d57_112_67879480@N00.jpg,38.532053,68.536148,32.050498962402344,48.83087921142578,0.07346127927303314,1923.2418818396056,0,0,0.0,32.050498962402344,48.83087921142578,0.07346127927303314,1923.2418818396056,0.0,
289457546_4d26ecea09_101_70323761@N00.jpg,40.971797,-72.55944,39.13852310180664,-77.7163314819336,0.0172641072422266,483.83142511223093,0,0,0.0,39.13852310180664,-77.7163314819336,0.0172641072422266,483.83142511223093,0.0,
289475656_ebbafabb97_118_90168643@N00.jpg,51.059091,13.737716,51.053890228271484,13.7384672164917,0.057145312428474426,0.5806787714908397,1,208,0.8125,51.053890228271484,13.7384672164917,0.05653003230690956,0.5806787714908397,0.0,
289499586_853488cc41_109_90168643@N00.jpg,51.059091,13.737716,51.05379104614258,13.736278533935547,0.0330481119453907,0.5978312233217554,1,96,0.375,51.05379104614258,13.736278533935547,0.027806691825389862,0.5978312233217554,0.0,
289817979_3dadca35ab_122_32377115@N00.jpg,59.334371,18.070106,59.90468215942383,10.684807777404785,0.016689622774720192,419.9035618410209,2,208,0.8125,59.90468215942383,10.684807777404785,0.014999492093920708,419.9035618410209,0.0,
289818138_15ff22a22a_120_32377115@N00.jpg,59.334371,18.070106,60.167213439941406,24.955486297607422,0.012249032966792583,396.45188407787754,0,0,0.0,60.167213439941406,24.955486297607422,0.012249032966792583,396.45188407787754,0.0,
289894857_86bc94b30b_113_40829484@N00.jpg,33.886377,-115.802764,33.92649841308594,-116.1875,0.08117717504501343,35.78502816262299,1,24,0.09375,33.92649841308594,-116.1875,0.08109643310308456,35.78502816262299,0.0,
289905365_881829d146_111_77392231@N00.jpg,37.518576,-119.600815,34.24075698852539,-116.96654510498047,0.0935794785618782,434.8902200623875,0,0,0.0,34.24075698852539,-116.96654510498047,0.0935794785618782,434.8902200623875,0.0,
290066749_a05f4eb5a4_108_77392231@N00.jpg,37.726054,-119.573585,37.7274169921875,-119.57524108886719,0.04436198249459267,0.21019961059654008,0,0,0.0,37.7274169921875,-119.57524108886719,0.04436198249459267,0.21019961059654008,0.0,
290101458_8176685be6_107_77392231@N00.jpg,37.727649,-119.573682,36.505218505859375,-118.6083984375,0.1149148941040039,160.62785474683145,1,132,0.515625,36.505218505859375,-118.6083984375,0.08976338058710098,160.62785474683145,0.0,
290336790_0aaced9e4e_102_40829484@N00.jpg,33.886377,-115.802764,34.106075286865234,-115.66503143310547,0.050196826457977295,27.532130502408965,0,0,0.0,34.106075286865234,-115.66503143310547,0.050196826457977295,27.532130502408965,0.0,
290760846_151236205f_118_40829484@N00.jpg,36.08906,-112.104492,36.05772399902344,-112.1393051147461,0.02507583238184452,4.6830179275256345,0,0,0.0,36.05772399902344,-112.1393051147461,0.02507583238184452,4.6830179275256345,0.0,
290785610_1af3a0f247_121_20194767@N00.jpg,43.767886,11.255278,43.76722717285156,11.253433227539062,0.014486938714981079,0.16525947845752725,5,166,0.6484375,43.76722717285156,11.253433227539062,0.014400429092347622,0.16525947845752725,0.0,
290914956_1ec4b2873f_110_73293249@N00.jpg,46.034456,7.343308,66.85892486572266,-108.006591796875,0.1937081664800644,6335.105985843086,0,0,0.0,66.85892486572266,-108.006591796875,0.1937081664800644,6335.105985843086,0.0,
291334106_9a29fcb285_109_26519935@N00.jpg,30.65209,103.978815,30.763179779052734,103.96379089355469,0.03263632953166962,12.435866305067291,0,0,0.0,30.763179779052734,103.96379089355469,0.03263632953166962,12.435866305067291,0.0,
291343966_e0ebdd5dda_112_26519935@N00.jpg,30.65209,103.978815,31.325851440429688,120.62613677978516,0.01917749084532261,1587.147723953668,0,0,0.0,31.325851440429688,120.62613677978516,0.01917749084532261,1587.147723953668,0.0,
291345009_033d0ede00_112_26519935@N00.jpg,30.65209,103.978815,31.30517578125,120.61168670654297,0.04500732570886612,1585.8422649060349,2,208,0.8125,31.30517578125,120.61168670654297,0.048791591078042984,1585.8422649060349,0.0,
291345377_89a0631b65_116_26519935@N00.jpg,30.65209,103.978815,38.89744567871094,115.4608154296875,0.007180139888077974,1390.8832965393883,1,240,0.9375,38.89744567871094,115.4608154296875,0.0073691182769834995,1390.8832965393883,0.0,
291354817_ee17cf4a77_103_26519935@N00.jpg,30.643672,104.072885,29.568679809570312,106.58660888671875,0.01651454158127308,269.7275671949048,1,28,0.109375,29.568679809570312,106.58660888671875,0.01991451159119606,269.7275671949048,0.0,
291368246_f4f81d52ab_100_26519935@N00.jpg,30.650096,104.039411,30.246313095092773,120.13893127441406,0.015470528975129128,1542.6342651952352,5,69,0.26953125,30.246313095092773,120.13893127441406,0.013305937871336937,1542.6342651952352,0.0,
291381361_326c05ff9d_107_26519935@N00.jpg,30.609697,104.082841,29.988666534423828,120.58183288574219,0.008176922798156738,1584.09333392473,0,0,0.0,29.988666534423828,120.58183288574219,0.008176922798156738,1584.09333392473,0.0,
291382548_3dddcbad28_102_26519935@N00.jpg,30.609697,104.082841,29.988666534423828,120.58183288574219,0.020083539187908173,1584.09333392473,0,0,0.0,29.988666534423828,120.58183288574219,0.020083539187908173,1584.09333392473,0.0,
291415755_7bb9a41740_112_40829484@N00.jpg,37.487935,-110.698242,36.88167953491211,-111.52118682861328,0.20214851200580597,99.29325229745321,0,0,0.0,36.88167953491211,-111.52118682861328,0.20214851200580597,99.29325229745321,0.0,
291478236_f5a8c90125_107_59555137@N00.jpg,27.176316,78.04902,27.173402786254883,78.04215240478516,0.024804426357150078,0.7526285012579762,3,132,0.515625,27.17405891418457,78.04173278808594,0.03042014315724373,0.7632975683362005,-0.010669067078224348,
291478703_9c81fe7a5c_106_59555137@N00.jpg,27.176316,78.04902,28.320289611816406,78.4994888305664,0.022452889010310173,134.70677092038687,1,120,0.46875,28.320289611816406,78.4994888305664,0.02327932044863701,134.70677092038687,0.0,
291479848_afb65277c4_108_59555137@N00.jpg,25.936434,80.81294,27.09493637084961,77.66270446777344,0.18905803561210632,338.86741956851097,1,208,0.8125,27.09493637084961,77.66270446777344,0.18543867766857147,338.86741956851097,0.0,
291580562_26169a9817_118_40279823@N00.jpg,13.770064,100.515632,13.96605396270752,100.43701171875,0.012333082035183907,23.38750070913035,1,240,0.9375,13.96605396270752,100.43701171875,0.01297504361718893,23.38750070913035,0.0,
291752231_d0312570a2_113_73091266@N00.jpg,-18.547894,24.077224,30.471750259399414,-86.62230682373047,0.05834985896945,12982.27613856839,1,48,0.1875,30.471750259399414,-86.62230682373047,0.053320836275815964,12982.27613856839,0.0,
291804428_00e9d904a5_106_40829484@N00.jpg,36.434541,-116.965942,36.60755920410156,-117.11897277832031,0.05086785554885864,23.60367691140016,0,0,0.0,36.60755920410156,-117.11897277832031,0.05086785554885864,23.60367691140016,0.0,
292278394_c1bf15cbc0_114_26519935@N00.jpg,30.625135,104.100522,30.6662654876709,104.0683364868164,0.020613959059119225,5.513383839139374,5,154,0.6015625,30.670000076293945,104.0710220336914,0.021605422720313072,5.731659521796937,-0.2182756826575627,
292327652_740a760e95_122_26519935@N00.jpg,26.207198,116.92337,30.30168914794922,119.12713623046875,0.08419539779424667,503.8254235832974,3,60,0.234375,30.30168914794922,119.12713623046875,0.04946955293416977,503.8254235832974,0.0,
292332574_7cfbec67fa_110_26519935@N00.jpg,26.207198,116.92337,36.20328140258789,116.88079833984375,0.06044496223330498,1111.5226308936076,3,63,0.24609375,29.947200775146484,119.91989135742188,0.034245844930410385,509.2289461568822,602.2936847367254,
292334908_af19a7b6e7_112_26519935@N00.jpg,26.207198,116.92337,26.44229507446289,106.65287017822266,0.0743635892868042,1023.6573335457985,5,187,0.73046875,26.44229507446289,106.65287017822266,0.05977238714694977,1023.6573335457985,0.0,
292340408_d6f6ca7218_120_26519935@N00.jpg,26.207198,116.92337,32.789581298828125,74.80316162109375,0.05773181468248367,4114.427841893838,1,40,0.15625,32.789581298828125,74.80316162109375,0.06729509681463242,4114.427841893838,0.0,
292342480_6ed9e93e13_109_26519935@N00.jpg,26.207198,116.92337,25.963476181030273,107.02056884765625,0.16234029829502106,989.1120074439061,4,204,0.796875,25.963476181030273,107.02056884765625,0.13435117900371552,989.1120074439061,0.0,
292350581_c5e1d5e1cd_107_26519935@N00.jpg,26.207198,116.92337,24.926294326782227,117.0098876953125,0.07696583867073059,142.6943114741236,7,27,0.10546875,24.926294326782227,117.0098876953125,0.06848359107971191,142.6943114741236,0.0,
292350834_f0b66d423d_114_26519935@N00.jpg,26.207198,116.92337,29.264387130737305,82.22665405273438,0.06411231309175491,3419.388193847715,1,88,0.34375,29.264387130737305,82.22665405273438,0.04909752309322357,3419.388193847715,0.0,
292356202_200500aaec_102_26519935@N00.jpg,26.207198,116.92337,22.583581924438477,103.77685546875,0.1461651623249054,1390.1267237789716,0,0,0.0,22.583581924438477,103.77685546875,0.1461651623249054,1390.1267237789716,0.0,
292357478_d95ad3b7f3_122_26519935@N00.jpg,26.207198,116.92337,2.9395289421081543,105.77337646484375,0.005880372133105993,2847.716474442049,2,44,0.171875,9.934357643127441,106.34192657470703,0.006662089377641678,2124.584644613983,723.1318298280657,
292359141_3b4dfaaa92_118_26519935@N00.jpg,26.207198,116.92337,44.84418869018555,44.84418869018555,0.00832479540258646,6618.880394853591,5,120,0.46875,44.84418869018555,44.84418869018555,0.009299240075051785,6618.880394853591,0.0,
292381592_244fe37ea0_120_26519935@N00.jpg,26.207198,116.92337,33.6168327331543,120.08716583251953,0.06710570305585861,878.3834762891316,5,60,0.234375,24.912050247192383,121.03912353515625,0.03949843347072601,437.23115818333594,441.1523181057957,
292381692_483ff2049f_99_26519935@N00.jpg,26.207198,116.92337,33.6168327331543,120.08716583251953,0.05376372113823891,878.3834762891316,4,154,0.6015625,33.6168327331543,120.08716583251953,0.043546851724386215,878.3834762891316,0.0,
292579393_d66b3b6fc0_99_40829484@N00.jpg,38.039438,-119.520263,37.71580505371094,-119.67738342285156,0.03169390559196472,38.53817691674012,0,0,0.0,37.71580505371094,-119.67738342285156,0.03169390559196472,38.53817691674012,0.0,
292915505_66d1f339c4_118_63163416@N00.jpg,37.951981,27.348833,37.94797134399414,27.36751937866211,0.05700376257300377,1.6980500577062998,1,9,0.03515625,37.94797134399414,27.36751937866211,0.06176047399640083,1.6980500577062998,0.0,
292917266_463ac3710c_105_63163416@N00.jpg,37.951981,27.348833,37.93973159790039,27.341365814208984,0.0450642853975296,1.5112840848379683,2,144,0.5625,37.93973159790039,27.341365814208984,0.05504550412297249,1.5112840848379683,0.0,
292993389_9b2f509aeb_111_63163416@N00.jpg,39.904732,32.857789,37.87006378173828,32.50067901611328,0.18389910459518433,228.3459874318579,0,0,0.0,37.87006378173828,32.50067901611328,0.18389910459518433,228.3459874318579,0.0,
293019792_56506278d5_113_40829484@N00.jpg,36.882916,-121.830139,36.15938949584961,-121.67212677001953,0.034962933510541916,81.68223608915126,0,0,0.0,36.15938949584961,-121.67212677001953,0.034962933510541916,81.68223608915126,0.0,
293034279_33e7ceace9_116_26519935@N00.jpg,22.4169,114.309053,22.209814071655273,114.12734985351562,0.03563996031880379,29.658310863603482,0,0,0.0,22.209814071655273,114.12734985351562,0.03563996031880379,29.658310863603482,0.0,
293044256_191c0cac68_101_26519935@N00.jpg,22.4169,114.309053,22.3765869140625,114.33866119384766,0.05322222784161568,5.418434142467923,0,0,0.0,22.3765869140625,114.33866119384766,0.05322222784161568,5.418434142467923,0.0,
293182847_8fe959364d_114_40829484@N00.jpg,37.300275,-112.977905,37.20408248901367,-112.98442840576172,0.08249731361865997,10.711706178031454,0,0,0.0,37.20408248901367,-112.98442840576172,0.08249731361865997,10.711706178031454,0.0,
293328307_21a68a26b3_109_40829484@N00.jpg,40.706246,-74.001781,40.749183654785156,-73.98405456542969,0.004909806419163942,5.002665419417361,2,224,0.875,40.749183654785156,-73.98405456542969,0.0049756839871406555,5.002665419417361,0.0,
293483594_205c1b5bb5_101_41894197861@N01.jpg,37.983107,23.722229,37.69090270996094,26.943111419677734,0.016596997156739235,284.69455427487276,0,0,0.0,37.69090270996094,26.943111419677734,0.016596997156739235,284.69455427487276,0.0,
293518153_3ebb3a72e5_112_36093984@N00.jpg,42.376101,-71.115843,42.40723419189453,-71.30126953125,0.021951064467430115,15.616419870428667,3,30,0.1171875,42.40723419189453,-71.30126953125,0.03145860880613327,15.616419870428667,0.0,
293747082_9f2cb6dfec_100_26519935@N00.jpg,31.106008,102.865934,-44.6723747253418,167.9244842529297,0.044510409235954285,10687.042224154662,0,0,0.0,-44.6723747253418,167.9244842529297,0.044510409235954285,10687.042224154662,0.0,
293750217_f7ce5e19f4_119_26519935@N00.jpg,31.106008,102.865934,42.66482925415039,0.19105899333953857,0.04013918340206146,8646.744764632089,1,256,1.0,42.66482925415039,0.19105899333953857,0.04510857164859772,8646.744764632089,0.0,
293752896_67dcaca262_106_36093984@N00.jpg,41.392586,2.202844,41.38566207885742,2.1991961002349854,0.038244135677814484,0.8278672871721013,5,71,0.27734375,41.38566207885742,2.1991961002349854,0.035808440297842026,0.8278672871721013,0.0,
294091761_045b3e7249_115_90168643@N00.jpg,38.714715,-9.134445,47.49825668334961,19.041109085083008,0.0025497807655483484,2469.6121343797977,2,117,0.45703125,48.80374526977539,2.1248669624328613,0.002825189847499132,1437.7098071839298,1031.9023271958679,
294433607_69e288a037_120_90168643@N00.jpg,38.802794,-9.371337,43.38583755493164,-4.2922210693359375,0.013001518324017525,663.6985679654182,2,240,0.9375,43.38583755493164,-4.2922210693359375,0.01460434403270483,663.6985679654182,0.0,
294518267_c98209997d_115_90168643@N00.jpg,38.894239,-9.326019,38.938079833984375,-9.327585220336914,0.05359141156077385,4.876767970570712,5,17,0.06640625,38.938079833984375,-9.327585220336914,0.054164063185453415,4.876767970570712,0.0,
294547619_c14b4d60a6_111_77235581@N00.jpg,58.207066,-6.383743,48.442752838134766,2.1763648986816406,0.002074665855616331,1223.3715087976589,1,121,0.47265625,45.65597152709961,10.234149932861328,0.002656565746292472,1791.5532834777553,-568.1817746800964,
294548303_3949fa1650_110_77235581@N00.jpg,58.210197,-6.394686,53.631202697753906,-2.648477077484131,0.02341502532362938,559.9069054089393,0,0,0.0,53.631202697753906,-2.648477077484131,0.02341502532362938,559.9069054089393,0.0,
294552061_7ddb16fe09_116_77235581@N00.jpg,58.222449,-6.369752,59.98333740234375,-1.3283580541610718,0.03982539847493172,347.9926621797625,0,0,0.0,59.98333740234375,-1.3283580541610718,0.03982539847493172,347.9926621797625,0.0,
294603562_c48f3ad171_111_90168643@N00.jpg,40.960974,-5.663452,40.952880859375,-4.131394863128662,0.039663683623075485,128.65570677161122,3,135,0.52734375,40.952880859375,-4.131394863128662,0.04145685210824013,128.65570677161122,0.0,
294802557_c120835832_120_90168643@N00.jpg,38.75328,-9.123115,38.69539260864258,-9.206542015075684,0.038630153983831406,9.685622916810683,2,166,0.6484375,38.69539260864258,-9.206542015075684,0.04396028444170952,9.685622916810683,0.0,
294803916_651221c01e_110_90168643@N00.jpg,43.380598,-8.400421,43.38908004760742,-8.404541015625,0.08340596407651901,1.0002036242470174,0,0,0.0,43.38908004760742,-8.404541015625,0.08340596407651901,1.0002036242470174,0.0,
295901844_8896db7999_100_29251780@N00.jpg,28.427335,-82.631607,33.54155349731445,-81.7115249633789,0.08175647258758545,575.390878500165,0,0,0.0,33.54155349731445,-81.7115249633789,0.08175647258758545,575.390878500165,0.0,
296074178_889d86b654_119_29251780@N00.jpg,29.595252,-81.184158,32.125614166259766,-80.79534149169922,0.07792244106531143,283.8001667167514,1,30,0.1171875,32.125614166259766,-80.79534149169922,0.0728900283575058,283.8001667167514,0.0,
296074920_7d1ad6e8c1_112_29251780@N00.jpg,29.595252,-81.184158,43.106346130371094,-75.3397216796875,0.00791935808956623,1589.8546293579448,1,256,1.0,21.705881118774414,-157.9974365234375,0.010266927070915699,7613.7765813762435,-6023.921952018299,
297480819_247ee47039_99_32377115@N00.jpg,51.507473,-0.127952,51.50800704956055,-0.12756499648094177,0.005025853402912617,0.06514451136509146,0,0,0.0,51.50800704956055,-0.12756499648094177,0.005025853402912617,0.06514451136509146,0.0,
297481414_c38502448f_103_32377115@N00.jpg,51.510131,-0.134775,51.510196685791016,-0.13237600028514862,0.0059979939833283424,0.16618366465892614,3,42,0.1640625,51.5102653503418,-0.13318699598312378,0.006231445353478193,0.11090866995562478,0.05527499470330137,
297496991_46905b8e0b_113_32377115@N00.jpg,51.508168,-0.098297,51.508262634277344,-0.07766599953174591,0.006888195406645536,1.4278708384238683,1,256,1.0,51.4034423828125,-0.337678998708725,0.007571771740913391,20.265918063003454,-18.838047224579586,
297500774_0693a9f269_119_32377115@N00.jpg,51.505163,-0.08038,51.5046272277832,-0.07969299703836441,0.00398540124297142,0.07622450682477211,1,256,1.0,51.50475311279297,-0.07862000167369843,0.0038634375669062138,0.13006211818958363,-0.05383761136481152,
297625622_841095a90d_113_70323761@N00.jpg,51.437704,-0.213514,40.75569152832031,-73.84819030761719,0.005140454042702913,5553.668251764393,5,111,0.43359375,40.75559616088867,-73.8469467163086,0.005748001392930746,5553.59301852465,0.07523323974328378,
297636665_27042e8d0d_109_41894169878@N01.jpg,10.53853,-83.505277,28.73635482788086,-81.47323608398438,0.004573377780616283,2034.5385267905558,0,0,0.0,28.73635482788086,-81.47323608398438,0.004573377780616283,2034.5385267905558,0.0,
297636942_5fc22bab68_102_41894169878@N01.jpg,10.53853,-83.505277,5.866890907287598,117.9502944946289,0.003380454843863845,17019.983956815566,2,143,0.55859375,5.866890907287598,117.9502944946289,0.004334162455052137,17019.983956815566,0.0,
297637883_7cd24a2ae9_118_41894169878@N01.jpg,9.398258,-84.163255,-16.251758575439453,145.31796264648438,0.015918035060167313,14608.925506599548,1,160,0.625,-33.84341812133789,151.24122619628906,0.01751619391143322,13765.141786742337,843.7837198572106,
298076561_2439ad2cf1_114_26519935@N00.jpg,22.271782,114.148979,22.270877838134766,114.14909362792969,0.05679847672581673,0.10122789521890442,1,3,0.01171875,22.270877838134766,114.14909362792969,0.05660807713866234,0.10122789521890442,0.0,
298078707_0e8fd51a29_110_26519935@N00.jpg,22.271782,114.148979,22.271440505981445,114.14889526367188,0.06712929159402847,0.03893777547818021,1,14,0.0546875,22.271440505981445,114.14889526367188,0.0628867819905281,0.03893777547818021,0.0,
298083174_4f9e44fe7e_105_26519935@N00.jpg,39.924679,116.382722,40.668399810791016,-73.96424865722656,0.017154300585389137,10992.52189005239,2,256,1.0,40.668399810791016,-73.96424865722656,0.019511383026838303,10992.52189005239,0.0,
298086455_f72b243079_104_26519935@N00.jpg,39.92277,116.390275,39.91995620727539,116.39048767089844,0.016832252964377403,0.31340510460958304,1,256,1.0,39.91995620727539,116.39048767089844,0.016212163493037224,0.31340510460958304,0.0,
298089019_a5cb8421fb_119_26519935@N00.jpg,39.92277,116.390275,36.6380615234375,101.75965881347656,0.07469727843999863,1326.4958020060508,0,0,0.0,36.6380615234375,101.75965881347656,0.07469727843999863,1326.4958020060508,0.0,
298098610_3a26acfe01_119_26519935@N00.jpg,39.916319,116.390361,39.91735076904297,116.39111328125,0.017584828659892082,0.13144818879348663,1,44,0.171875,39.918601989746094,116.39119720458984,0.017239416018128395,0.2636839278669685,-0.13223573907348185,
298119508_1d55a71e85_122_26519935@N00.jpg,29.53844,103.770847,37.20305633544922,112.1759033203125,0.05069760978221893,1154.6146218641113,5,41,0.16015625,37.20305633544922,112.1759033203125,0.06185457855463028,1154.6146218641113,0.0,
298124378_a58cd06eb8_117_26519935@N00.jpg,29.53844,103.770847,27.649776458740234,117.9440689086914,0.17175422608852386,1398.697708404245,1,256,1.0,27.649776458740234,117.9440689086914,0.17399221658706665,1398.697708404245,0.0,
298124944_58af6da759_121_26519935@N00.jpg,29.53844,103.770847,27.414030075073242,111.53713989257812,0.0880361869931221,794.795824212786,0,0,0.0,27.414030075073242,111.53713989257812,0.0880361869931221,794.795824212786,0.0,
298125945_fb835694a7_116_26519935@N00.jpg,29.53844,103.770847,29.573333740234375,103.39183044433594,0.15981970727443695,36.86541892663905,1,160,0.625,29.573333740234375,103.39183044433594,0.16336257755756378,36.86541892663905,0.0,
298479873_76bb28a920_109_70323761@N00.jpg,51.513349,-0.158379,55.86123275756836,-4.250770092010498,0.002257705433294177,553.2695922217558,1,224,0.875,53.42035675048828,-2.933670997619629,0.00281154690310359,283.34909596670946,269.9204962550464,
298700608_c876f0a434_104_70323761@N00.jpg,51.495946,-0.176247,51.496559143066406,-0.17568400502204895,0.026924708858132362,0.07853204581225658,1,256,1.0,51.496559143066406,-0.17568400502204895,0.027327606454491615,0.07853204581225658,0.0,
299868653_a3a16589d9_105_26519935@N00.jpg,22.361585,114.363212,22.3765869140625,114.33866119384766,0.08808846771717072,3.02585813311466,1,30,0.1171875,22.515897750854492,114.2716064453125,0.0844397097826004,19.572044687133612,-16.546186554018952,
299889157_ea931daed6_119_26519935@N00.jpg,30.659916,104.065074,25.48295021057129,121.2890625,0.006629142910242081,1782.9194750814465,5,185,0.72265625,24.43339729309082,111.50848388671875,0.007440211251378059,1008.3438890676754,774.5755860137712,
299892658_40c1b3768d_117_26519935@N00.jpg,30.659916,104.065074,20.85744857788086,106.67861938476562,0.012112614698708057,1120.8429941430259,2,256,1.0,20.25430679321289,105.97798156738281,0.014850295148789883,1172.8103190245104,-51.9673248814845,
300439734_5af9f6ee0a_113_70323761@N00.jpg,51.196241,-1.781898,51.35420227050781,-2.0014209747314453,0.007290187291800976,23.27432615964144,1,224,0.875,52.532196044921875,-2.4194109439849854,0.007447314914315939,154.86560353732534,-131.5912773776839,
300463035_4ef19e4bb3_122_57253263@N00.jpg,41.658409,-70.113668,41.93025207519531,-70.02767181396484,0.04584714397788048,31.056928387328078,1,72,0.28125,41.93025207519531,-70.02767181396484,0.04560057818889618,31.056928387328078,0.0,
300892338_0a2ad9e7c9_109_90168643@N00.jpg,16.941214,-89.890136,-25.54697036743164,-49.22789001464844,0.02236439473927021,6455.931696125942,1,165,0.64453125,-25.54697036743164,-49.22789001464844,0.016109375283122063,6455.931696125942,0.0,
301013453_653137458a_109_70323761@N00.jpg,51.502264,-0.141481,51.50267028808594,-0.13876399397850037,0.00991040002554655,0.19341274666389896,13,153,0.59765625,51.50267028808594,-0.13876399397850037,0.010461501777172089,0.19341274666389896,0.0,
301042216_72d44a9d9c_115_69212252@N00.jpg,41.939621,-87.639763,41.59749984741211,-72.98433685302734,0.002533355727791786,1214.546691768454,3,255,0.99609375,43.00044250488281,-89.35498046875,0.003485019551590085,183.5847362611006,1030.9619555073532,
301384364_5e5a5f9794_118_14491548@N00.jpg,47.994287,11.340551,47.69391632080078,9.268807411193848,0.035950787365436554,158.17242595262576,1,6,0.0234375,47.69391632080078,9.268807411193848,0.03788931295275688,158.17242595262576,0.0,
301559998_82fa3441c5_114_16836474@N00.jpg,4.855627,-74.070596,4.858534812927246,-74.01806640625,0.22997286915779114,5.829031784548319,5,60,0.234375,4.858534812927246,-74.01806640625,0.2692076861858368,5.829031784548319,0.0,
301608526_a4746d6083_122_14491548@N00.jpg,47.994287,11.340551,46.27760696411133,6.169723987579346,0.05406884476542473,435.10144670220257,9,84,0.328125,48.07653045654297,11.133620262145996,0.06579189747571945,17.898552416126346,417.20289428607623,
302324526_768cacd8b9_101_69212252@N00.jpg,41.951878,-87.641147,41.78719711303711,-87.59349822998047,0.025785552337765694,18.73193104303326,1,48,0.1875,41.78719711303711,-87.59349822998047,0.027107948437333107,18.73193104303326,0.0,
302325684_c68b8d7c42_119_69212252@N00.jpg,41.955708,-87.660298,39.8281135559082,-86.18392181396484,0.006565941497683525,267.1403543914596,2,167,0.65234375,42.92928695678711,-78.88226318359375,0.008722652681171894,728.0410088676136,-460.90065447615405,
302389868_638305176e_108_44972214@N00.jpg,41.49212,-71.315174,51.76176452636719,3.8470048904418945,0.013579113408923149,5590.419359244571,1,60,0.234375,51.76176452636719,3.8470048904418945,0.02793784998357296,5590.419359244571,0.0,
302413540_7294dc0ece_119_79756109@N00.jpg,40.759074,-73.979852,36.13187789916992,-115.15061950683594,0.0023805724922567606,3588.994498624228,1,21,0.08203125,36.13156509399414,-115.15100860595703,0.002519424771890044,3589.039576156868,-0.04507753263987979,
302756957_7c93b5d0d1_119_29251780@N00.jpg,26.714851,-80.03407,33.0,-117.91533660888672,0.005287380423396826,3699.0173138793043,7,160,0.625,33.0,-117.91533660888672,0.0055586486123502254,3699.0173138793043,0.0,
302797486_114c5506fc_103_29251780@N00.jpg,26.712915,-80.078315,28.065200805664062,-80.6383285522461,0.10494206100702286,160.2097407429974,5,151,0.58984375,28.065200805664062,-80.6383285522461,0.10285533219575882,160.2097407429974,0.0,
302833129_91f3c21d77_99_29251780@N00.jpg,26.712915,-80.078315,25.54991340637207,-76.67933654785156,0.02389860525727272,363.10747141045397,5,196,0.765625,25.54991340637207,-76.67933654785156,0.02241087146103382,363.10747141045397,0.0,
302837819_b557f24ea0_116_29251780@N00.jpg,26.712915,-80.078315,27.37310028076172,-80.33126068115234,0.014776766300201416,77.56597452007493,2,130,0.5078125,27.37310028076172,-80.33126068115234,0.01046108640730381,77.56597452007493,0.0,
302839039_c737409fe2_109_29251780@N00.jpg,26.712915,-80.078315,28.078500747680664,-80.60783386230469,0.01752587966620922,160.59243266777523,0,0,0.0,28.078500747680664,-80.60783386230469,0.01752587966620922,160.59243266777523,0.0,
302978730_c3ea2284cd_104_29251780@N00.jpg,24.55817,-81.804521,26.459583282470703,-80.0738525390625,0.005154091864824295,273.60953441769027,6,212,0.828125,12.525741577148438,-70.03423309326172,0.004984215367585421,1822.5527007160358,-1548.9431662983457,
302979209_c2364549dc_101_29251780@N00.jpg,24.55817,-81.804521,18.340551376342773,-64.93150329589844,0.0031833637040108442,1876.175515522498,0,0,0.0,18.340551376342773,-64.93150329589844,0.0031833637040108442,1876.175515522498,0.0,
303171152_7cdd32c4a1_110_29251780@N00.jpg,29.162355,-81.139526,28.410900115966797,-81.46189880371094,0.1375029981136322,89.26877152899534,0,0,0.0,28.410900115966797,-81.46189880371094,0.1375029981136322,89.26877152899534,0.0,
303229002_4c9b1bebbb_118_29251780@N00.jpg,26.982387,-80.084066,26.717782974243164,-82.2601089477539,0.06310686469078064,217.87217466624577,0,0,0.0,26.717782974243164,-82.2601089477539,0.06310686469078064,217.87217466624577,0.0,
303372074_b64bbd9eae_114_14491548@N00.jpg,52.518636,13.375811,52.51771926879883,13.374025344848633,0.010819672606885433,0.15807977781229413,1,6,0.0234375,52.51771926879883,13.374025344848633,0.010758591815829277,0.15807977781229413,0.0,
303877439_02b9258151_106_70323761@N00.jpg,51.508061,-0.096484,52.191837310791016,-1.7070649862289429,0.07256118208169937,134.231070288155,1,256,1.0,52.191837310791016,-1.7070649862289429,0.07426399737596512,134.231070288155,0.0,
304015978_c1878777d3_111_90833046@N00.jpg,44.915559,-93.210797,42.538719177246094,-76.60803985595703,0.07219178229570389,1357.4769588267295,0,0,0.0,42.538719177246094,-76.60803985595703,0.07219178229570389,1357.4769588267295,0.0,
304304112_b5119e53ab_114_96387799@N00.jpg,51.47061,-0.212302,-43.494773864746094,172.606201171875,0.012003629468381405,18978.085599557147,1,40,0.15625,-43.494773864746094,172.606201171875,0.011703550815582275,18978.085599557147,0.0,
304383676_2ec5635cb9_120_78221228@N00.jpg,-34.603258,-58.39817,-26.140796661376953,28.02398681640625,0.11065102368593216,8090.974530508845,1,126,0.4921875,-26.140796661376953,28.02398681640625,0.10040704905986786,8090.974530508845,0.0,
304434983_c22edaa570_119_36093984@N00.jpg,46.619025,19.28667,54.107887268066406,11.908790588378906,0.015187185257673264,982.3386917778726,2,135,0.52734375,54.107887268066406,11.908790588378906,0.014903787523508072,982.3386917778726,0.0,
304568404_47b23663e5_108_65367662@N00.jpg,37.310104,-121.87374,34.180992126464844,-118.99120330810547,0.02257620356976986,434.3849397141517,0,0,0.0,34.180992126464844,-118.99120330810547,0.02257620356976986,434.3849397141517,0.0,
304913821_4978cbd643_103_40279823@N00.jpg,10.357644,106.367912,9.934357643127441,106.34192657470703,0.04590339958667755,47.15322075308298,6,219,0.85546875,9.934357643127441,106.34192657470703,0.048958901315927505,47.15322075308298,0.0,
304916397_c365a931b6_119_14491548@N00.jpg,59.716858,30.393848,51.79937744140625,-1.6417690515518188,0.004138613119721413,2161.866516993817,3,99,0.38671875,51.55796813964844,-0.6874169707298279,0.0055657257325947285,2125.3938008617074,36.47271613210978,
305158305_be21c1299c_114_65367662@N00.jpg,50.429573,30.555252,58.40814208984375,21.993770599365234,0.009343188256025314,1044.094257675595,0,0,0.0,58.40814208984375,21.993770599365234,0.009343188256025314,1044.094257675595,0.0,
305203315_717cab46da_115_65367662@N00.jpg,50.455235,30.519655,57.18537139892578,39.41564178466797,0.022014785557985306,947.6209047092979,1,180,0.703125,57.18537139892578,39.41564178466797,0.013951259665191174,947.6209047092979,0.0,
305488237_45eb6268d1_101_23812473@N00.jpg,40.741014,-73.998413,40.648704528808594,-74.06491088867188,0.06830430030822754,11.695605000440963,3,132,0.515625,40.648704528808594,-74.06491088867188,0.06984711438417435,11.695605000440963,0.0,
305497323_d4bcef285a_115_23812473@N00.jpg,40.741014,-73.998413,40.77113342285156,-73.9721908569336,0.008970961906015873,4.011854448281018,16,187,0.73046875,40.77113342285156,-73.9721908569336,0.008142637088894844,4.011854448281018,0.0,
305499592_c99ead92d2_115_23812473@N00.jpg,40.741014,-73.998413,40.77113342285156,-73.9721908569336,0.013176943175494671,4.011854448281018,2,40,0.15625,40.77113342285156,-73.9721908569336,0.012510516680777073,4.011854448281018,0.0,
305504782_d794609cbe_119_23812473@N00.jpg,40.741014,-73.998413,40.70718765258789,-74.01113891601562,0.0160424392670393,3.91121866369543,5,256,1.0,40.70718765258789,-74.01113891601562,0.01594897359609604,3.91121866369543,0.0,
305506494_c38897a13d_111_23812473@N00.jpg,40.741014,-73.998413,40.705665588378906,-73.99633026123047,0.02145281434059143,3.9344862246239884,7,26,0.1015625,40.705665588378906,-73.99633026123047,0.021771563217043877,3.9344862246239884,0.0,
305507456_57d6ceadca_122_23812473@N00.jpg,40.741014,-73.998413,40.72179412841797,-73.99373626708984,0.004581814166158438,2.1731821234519484,2,18,0.0703125,40.72179412841797,-73.99373626708984,0.004741252865642309,2.1731821234519484,0.0,
305510707_8d657a0a89_102_23812473@N00.jpg,40.741014,-73.998413,39.75017166137695,-104.9465103149414,0.006031265947967768,2615.3463458363667,1,100,0.390625,39.75017166137695,-104.9465103149414,0.0076185232028365135,2615.3463458363667,0.0,
305521085_c5d30d6203_103_23812473@N00.jpg,40.741014,-73.998413,40.683528900146484,-73.9760513305664,0.0014165261527523398,6.664139262348417,0,0,0.0,40.683528900146484,-73.9760513305664,0.0014165261527523398,6.664139262348417,0.0,
305950743_2fc35f549b_108_14491548@N00.jpg,59.936784,30.302524,55.75141906738281,37.61805725097656,0.01579340547323227,634.9231849496555,20,100,0.390625,55.75141906738281,37.61805725097656,0.01653202809393406,634.9231849496555,0.0,
306024743_6b2fc59454_114_41894169878@N01.jpg,42.375392,-71.121765,42.37504196166992,-71.11642456054688,0.006015785038471222,0.44041383652506155,14,174,0.6796875,42.37504196166992,-71.11642456054688,0.0066388496197760105,0.44041383652506155,0.0,
306029104_0910586ee0_100_41894169878@N01.jpg,42.361049,-71.067938,32.926971435546875,-117.04853820800781,0.016095692291855812,4128.887831299666,1,256,1.0,32.926971435546875,-117.04853820800781,0.016300823539495468,4128.887831299666,0.0,
306434963_831a0feca5_101_14491548@N00.jpg,59.949337,30.313339,59.57977294921875,30.13719367980957,0.005750884767621756,42.2606827341099,1,9,0.03515625,59.57977294921875,30.13719367980957,0.005854265298694372,42.2606827341099,0.0,
306524237_390444f1f4_100_67879480@N00.jpg,40.166412,44.291725,35.685264587402344,-121.16923522949219,0.0047227926552295685,11450.513619441244,1,256,1.0,35.685264587402344,-121.16923522949219,0.005135827232152224,11450.513619441244,0.0,
306989488_e5d3e9399e_120_73293249@N00.jpg,46.048421,7.305136,45.739742279052734,6.71287202835083,0.038829244673252106,57.262280569668384,0,0,0.0,45.739742279052734,6.71287202835083,0.038829244673252106,57.262280569668384,0.0,
307082113_8833974963_110_96019796@N00.jpg,51.768158,-2.85387,51.5787239074707,-3.2204959392547607,0.07388167083263397,32.90654011976598,0,0,0.0,51.5787239074707,-3.2204959392547607,0.07388167083263397,32.90654011976598,0.0,
307411664_69c7675ea8_116_36093984@N00.jpg,47.190879,18.409309,47.90488815307617,20.379852294921875,0.04662390798330307,167.8523668397589,2,15,0.05859375,47.90488815307617,20.379852294921875,0.04635839909315109,167.8523668397589,0.0,
307443629_7b84f4462e_115_73293249@N00.jpg,46.108415,7.158605,46.494789123535156,9.904518127441406,0.03555786982178688,215.26103733205915,1,60,0.234375,46.494789123535156,9.904518127441406,0.03915708512067795,215.26103733205915,0.0,
307466416_4aa61f6b96_103_73293249@N00.jpg,51.501821,-0.140655,51.507568359375,-0.12599900364875793,0.00209192861802876,1.1989210150023906,1,24,0.09375,51.5076789855957,-0.12593500316143036,0.0019760371651500463,1.209251679731623,-0.010330664729232497,
307472789_077958d9db_99_73293249@N00.jpg,45.953275,7.15554,46.37025833129883,7.884603023529053,0.037227433174848557,72.81878880540877,0,0,0.0,46.37025833129883,7.884603023529053,0.037227433174848557,72.81878880540877,0.0,
307479010_e9c2c94057_112_73293249@N00.jpg,45.953275,7.15554,42.58522033691406,-70.69264221191406,0.005875109229236841,5954.3641547806665,0,0,0.0,42.58522033691406,-70.69264221191406,0.005875109229236841,5954.3641547806665,0.0,
307490551_2c861abb2d_106_73293249@N00.jpg,46.077134,7.006487,46.51655578613281,12.974424362182617,0.020288707688450813,460.9832769030207,0,0,0.0,46.51655578613281,12.974424362182617,0.020288707688450813,460.9832769030207,0.0,
307499425_ed6d8712bd_111_73293249@N00.jpg,45.990555,7.245458,42.64557647705078,1.4297670125961304,0.056288737803697586,593.3722192348972,0,0,0.0,42.64557647705078,1.4297670125961304,0.056288737803697586,593.3722192348972,0.0,
307515621_3ef10398a0_116_73293249@N00.jpg,51.501821,-0.140655,51.5625,-0.1636359989643097,0.01987684890627861,6.931935544088139,0,0,0.0,51.5625,-0.1636359989643097,0.01987684890627861,6.931935544088139,0.0,
308675601_ee0f012b14_111_40279823@N00.jpg,15.878047,108.337898,9.56825065612793,100.00511169433594,0.04828596115112305,1143.7328427849693,1,143,0.55859375,9.56825065612793,100.00511169433594,0.057583630084991455,1143.7328427849693,0.0,
308676906_00ba56c7fa_116_40279823@N00.jpg,15.878047,108.337898,19.53066635131836,103.7689208984375,0.039064671844244,631.73385261351,2,164,0.640625,21.183900833129883,106.0560073852539,0.04220270365476608,637.1063060147725,-5.372453401262533,
308681880_613918ce15_103_40279823@N00.jpg,15.878047,108.337898,12.249870300292969,109.19602966308594,0.009023156017065048,413.9130684048297,3,224,0.875,12.249870300292969,109.19602966308594,0.009915795177221298,413.9130684048297,0.0,
309704992_7ab0877ac0_123_57253263@N00.jpg,42.355468,-71.066431,41.09482955932617,-73.85955810546875,0.017491048201918602,270.86803438028636,0,0,0.0,41.09482955932617,-73.85955810546875,0.017491048201918602,270.86803438028636,0.0,
310237580_1d3f41549c_122_40279823@N00.jpg,16.466871,107.581558,21.198335647583008,94.90127563476562,0.013683685101568699,1433.7248222114047,2,210,0.8203125,21.198335647583008,94.90127563476562,0.016416599974036217,1433.7248222114047,0.0,
311054952_674638c66a_105_26519935@N00.jpg,22.25391,114.203224,22.271440505981445,114.14889526367188,0.06357808411121368,5.920849064201387,2,148,0.578125,22.271440505981445,114.14889526367188,0.057459015399217606,5.920849064201387,0.0,
311067603_d0a5673a82_101_26519935@N00.jpg,40.463992,116.604595,40.354000091552734,116.00738525390625,0.014033972285687923,52.02257548895772,3,80,0.3125,40.354000091552734,116.00738525390625,0.009219978004693985,52.02257548895772,0.0,
311073152_badfe7e46b_101_26519935@N00.jpg,40.463992,116.604595,40.43080520629883,116.56470489501953,0.07948103547096252,5.001154867729243,1,18,0.0703125,40.43080520629883,116.56470489501953,0.08069784194231033,5.001154867729243,0.0,
311083705_0ee69eb112_104_26519935@N00.jpg,40.463992,116.604595,40.354000091552734,116.00738525390625,0.0829872265458107,52.02257548895772,0,0,0.0,40.354000091552734,116.00738525390625,0.0829872265458107,52.02257548895772,0.0,
311084772_b895f9a716_104_26519935@N00.jpg,40.463992,116.604595,16.428180694580078,107.56851196289062,0.031014077365398407,2810.9687772414513,3,99,0.38671875,16.428180694580078,107.56851196289062,0.021047551184892654,2810.9687772414513,0.0,
311085054_d562fad314_102_26519935@N00.jpg,40.463992,116.604595,40.354000091552734,116.00738525390625,0.15031667053699493,52.02257548895772,2,18,0.0703125,40.354000091552734,116.00738525390625,0.14630399644374847,52.02257548895772,0.0,
311102429_2ecb130702_116_26519935@N00.jpg,30.250466,120.1373,30.249576568603516,120.12245178222656,0.023100871592760086,1.4296591840463375,1,256,1.0,30.249576568603516,120.12245178222656,0.02668357826769352,1.4296591840463375,0.0,
311119842_0449243a54_113_26519935@N00.jpg,37.577099,126.99337,37.57781219482422,126.98062133789062,0.020732352510094643,1.1262763841958763,0,0,0.0,37.57781219482422,126.98062133789062,0.020732352510094643,1.1262763841958763,0.0,
311123106_3fc50c0fe1_103_26519935@N00.jpg,37.577099,126.99337,35.82296371459961,128.73606872558594,0.008820301853120327,249.3559431547498,0,0,0.0,35.82296371459961,128.73606872558594,0.008820301853120327,249.3559431547498,0.0,
311124443_13c7e73219_93_26519935@N00.jpg,37.577099,126.99337,35.82296371459961,128.73606872558594,0.021189136430621147,249.3559431547498,0,0,0.0,35.82296371459961,128.73606872558594,0.021189136430621147,249.3559431547498,0.0,
311132094_2b10422e48_118_26519935@N00.jpg,37.74262,127.04916,37.647945404052734,127.056884765625,0.0425129234790802,10.549266956297721,3,94,0.3671875,37.647945404052734,127.056884765625,0.046463701874017715,10.549266956297721,0.0,
311133604_5ca572f3ae_114_26519935@N00.jpg,37.74262,127.04916,37.647945404052734,127.056884765625,0.018147513270378113,10.549266956297721,3,222,0.8671875,37.647945404052734,127.056884765625,0.021226564422249794,10.549266956297721,0.0,
311141637_ff3945b707_114_26519935@N00.jpg,37.578596,126.976547,37.57781219482422,126.98062133789062,0.03285161033272743,0.3694756524776176,0,0,0.0,37.57781219482422,126.98062133789062,0.03285161033272743,0.3694756524776176,0.0,
311141742_9d5055d86d_117_26519935@N00.jpg,37.578596,126.976547,37.57781219482422,126.98062133789062,0.035188477486371994,0.3694756524776176,11,54,0.2109375,37.57908630371094,126.97694396972656,0.03593093901872635,0.06477756936437663,0.304698083113241,
311146330_6696ab998a_107_26519935@N00.jpg,37.578596,126.976547,37.57781219482422,126.98062133789062,0.019873620942234993,0.3694756524776176,1,256,1.0,37.57781219482422,126.98062133789062,0.021741481497883797,0.3694756524776176,0.0,
311344213_4b003f4ab1_114_63163416@N00.jpg,28.597936,77.19552,28.524642944335938,77.18555450439453,0.08799030631780624,8.207735679997668,1,80,0.3125,28.524642944335938,77.18555450439453,0.08675076067447662,8.207735679997668,0.0,
311356405_888847cc3b_121_63163416@N00.jpg,28.597936,77.19552,28.52425193786621,77.18556213378906,0.04765578731894493,8.250820887648425,0,0,0.0,28.52425193786621,77.18556213378906,0.04765578731894493,8.250820887648425,0.0,
311358416_4918564efb_122_63163416@N00.jpg,28.597936,77.19552,28.613082885742188,77.21886444091797,0.037337880581617355,2.8337755792106396,1,2,0.0078125,28.613082885742188,77.21886444091797,0.03777313604950905,2.8337755792106396,0.0,
311358990_64f7221663_115_63163416@N00.jpg,28.597936,77.19552,28.682247161865234,77.20227813720703,0.05950552970170975,9.398156543032512,7,48,0.1875,28.682247161865234,77.20227813720703,0.05702795088291168,9.398156543032512,0.0,
311360474_ac0cadafc2_122_63163416@N00.jpg,28.597936,77.19552,28.625457763671875,77.21434783935547,0.045454591512680054,3.569768725191627,4,199,0.77734375,28.625457763671875,77.21434783935547,0.051135387271642685,3.569768725191627,0.0,
311360802_ff06007ced_116_63163416@N00.jpg,28.597936,77.19552,28.65483283996582,77.23316955566406,0.038794852793216705,7.316415428870755,1,99,0.38671875,28.65483283996582,77.23316955566406,0.03809397667646408,7.316415428870755,0.0,
311623947_c2b9d24cbb_121_81421684@N00.jpg,39.903036,116.449048,48.888980865478516,2.2410800457000732,0.016051307320594788,8222.773483359158,4,17,0.06640625,48.888980865478516,2.2410800457000732,0.014265869744122028,8222.773483359158,0.0,
311844576_b892887d11_110_26519935@N00.jpg,31.303635,120.610399,31.319557189941406,120.61420440673828,0.03638424724340439,1.8070011202046894,2,208,0.8125,31.319557189941406,120.61420440673828,0.03735719621181488,1.8070011202046894,0.0,
311859432_167e663853_113_26519935@N00.jpg,31.303635,120.610399,31.337404251098633,120.57942962646484,0.03822430223226547,4.7701232713274555,2,18,0.0703125,31.337404251098633,120.57942962646484,0.04254230484366417,4.7701232713274555,0.0,
311861136_07c82ca7bb_100_26519935@N00.jpg,31.303635,120.610399,31.30517578125,120.61168670654297,0.04133224114775658,0.21052422870151852,3,67,0.26171875,31.30517578125,120.61168670654297,0.03897309675812721,0.21052422870151852,0.0,
311937210_3b4a9ca55c_84_63163416@N00.jpg,26.911967,75.788755,27.56245994567871,76.60835266113281,0.03735022246837616,108.61670227784346,3,23,0.08984375,27.56245994567871,76.60835266113281,0.03786451742053032,108.61670227784346,0.0,
311938754_ed8aac2fcb_108_63163416@N00.jpg,26.911967,75.788755,26.986162185668945,75.85057067871094,0.012657436542212963,10.27654100347607,0,0,0.0,26.986162185668945,75.85057067871094,0.012657436542212963,10.27654100347607,0.0,
311941457_d07a25e697_100_63163416@N00.jpg,26.911967,75.788755,26.985809326171875,75.85016632080078,0.043777719140052795,10.221154095016459,2,21,0.08203125,27.850496292114258,75.26669311523438,0.036312781274318695,116.39572558487899,-106.17457148986253,
311969092_71d58e54a7_104_63163416@N00.jpg,26.911967,75.788755,26.49638557434082,74.61776733398438,0.024847006425261497,125.16205300723712,7,130,0.5078125,26.49638557434082,74.61776733398438,0.025013381615281105,125.16205300723712,0.0,
311981485_bcee64c520_109_63163416@N00.jpg,26.911967,75.788755,18.28022003173828,99.477783203125,0.007635579910129309,2608.770445297303,0,0,0.0,18.28022003173828,99.477783203125,0.007635579910129309,2608.770445297303,0.0,
311988435_13e2732af9_121_14491548@N00.jpg,51.502612,-0.119562,35.33772659301758,139.6466064453125,0.010579638183116913,9593.038236214365,0,0,0.0,35.33772659301758,139.6466064453125,0.010579638183116913,9593.038236214365,0.0,
312064670_2837e06a5e_101_63163416@N00.jpg,27.205327,78.015031,27.181297302246094,78.02202606201172,0.03131907060742378,2.760099237538785,0,0,0.0,27.181297302246094,78.02202606201172,0.03131907060742378,2.760099237538785,0.0,
312074887_3959d46b98_122_63163416@N00.jpg,27.205327,78.015031,27.181297302246094,78.02202606201172,0.029973037540912628,2.760099237538785,4,89,0.34765625,27.181297302246094,78.02202606201172,0.02629782259464264,2.760099237538785,0.0,
312179336_340ace22c6_104_36093984@N00.jpg,47.494893,19.092178,44.471431732177734,26.078968048095703,0.03785919398069382,635.5973681754651,0,0,0.0,44.471431732177734,26.078968048095703,0.03785919398069382,635.5973681754651,0.0,
312226565_b4ef600938_100_65367662@N00.jpg,49.58907,34.556637,53.33815002441406,83.78929138183594,0.010505769401788712,3367.370349065684,3,144,0.5625,53.33815002441406,83.78929138183594,0.018899358808994293,3367.370349065684,0.0,
312264410_465686cbdc_102_44067110@N00.jpg,51.5277,-0.132963,50.11185073852539,8.674633979797363,0.0021636977326124907,637.9997431531054,0,0,0.0,50.11185073852539,8.674633979797363,0.0021636977326124907,637.9997431531054,0.0,
312273876_9aebaaeebf_103_63163416@N00.jpg,39.904732,32.857789,37.87006378173828,32.50067901611328,0.019762486219406128,228.3459874318579,1,14,0.0546875,37.87006378173828,32.50067901611328,0.02646687813103199,228.3459874318579,0.0,
312284276_3ee74eccea_104_63163416@N00.jpg,39.904732,32.857789,41.685218811035156,26.54296875,0.08251252770423889,567.0830633594896,2,8,0.03125,41.685218811035156,26.54296875,0.07891488075256348,567.0830633594896,0.0,
312323211_66bab4f84a_102_65367662@N00.jpg,49.475876,34.380257,41.2158317565918,-86.09388732910156,0.02133757434785366,8378.203474286089,2,7,0.02734375,41.2158317565918,-86.09388732910156,0.02238219976425171,8378.203474286089,0.0,
312373401_c60ffb3571_107_90168643@N00.jpg,45.411707,11.888923,44.41780471801758,12.199295043945312,0.02641214244067669,113.18684726180764,0,0,0.0,44.41780471801758,12.199295043945312,0.02641214244067669,113.18684726180764,0.0,
312397327_71e9d7864f_111_65367662@N00.jpg,37.300163,-121.77647,51.35200500488281,-0.3204270005226135,0.010058170184493065,8633.368573782893,1,160,0.625,47.38490676879883,8.574373245239258,0.009686886332929134,9387.05308801488,-753.6845142319871,
312544137_40bfa19cb6_117_65367662@N00.jpg,39.44017,-120.23025,37.926570892333984,-119.45596313476562,0.10646937787532806,181.22541600896508,0,0,0.0,37.926570892333984,-119.45596313476562,0.10646937787532806,181.22541600896508,0.0,
312579751_048cb85e3c_108_43935788@N00.jpg,25.611035,-80.39679,25.610492706298828,-80.39778900146484,0.0307181254029274,0.11691964743531841,3,177,0.69140625,25.610492706298828,-80.39778900146484,0.028911611065268517,0.11691964743531841,0.0,
312725428_8d9bd5f896_105_65367662@N00.jpg,36.97345,-122.02718,48.91054153442383,-122.80723571777344,0.01923493668437004,1328.843908404481,1,4,0.015625,48.91054153442383,-122.80723571777344,0.019784368574619293,1328.843908404481,0.0,
312885025_798ef04321_111_30554981@N00.jpg,22.381833,114.27415,22.238258361816406,114.15550231933594,0.021304607391357422,20.09595727003842,0,0,0.0,22.238258361816406,114.15550231933594,0.021304607391357422,20.09595727003842,0.0,
312898684_4385459f7a_107_40279823@N00.jpg,21.033397,105.850524,21.033300399780273,105.8499984741211,0.0118928337469697,0.05559004703309504,4,170,0.6640625,22.539670944213867,104.29278564453125,0.01345939189195633,232.20748921894756,-232.15189917191447,
312937332_c7efd230be_108_40279823@N00.jpg,21.033397,105.850524,15.878789901733398,108.33343505859375,0.01547319907695055,630.1131079773563,3,16,0.0625,15.878789901733398,108.33343505859375,0.016407335177063942,630.1131079773563,0.0,
312955212_9de3821a61_118_26519935@N00.jpg,36.067139,120.325613,36.069358825683594,120.3076171875,0.1436903327703476,1.636203405150779,0,0,0.0,36.069358825683594,120.3076171875,0.1436903327703476,1.636203405150779,0.0,
312963424_831cf21e8b_100_26519935@N00.jpg,36.067139,120.325613,36.069358825683594,120.3076171875,0.03765194118022919,1.636203405150779,3,256,1.0,36.069358825683594,120.3076171875,0.038142476230859756,1.636203405150779,0.0,
312971075_c6246ba06a_112_26519935@N00.jpg,36.059507,120.356683,40.814849853515625,111.64581298828125,0.008505804464221,924.0341952594168,2,256,1.0,40.814849853515625,111.64581298828125,0.009499560110270977,924.0341952594168,0.0,
312972771_87bf6937a2_117_26519935@N00.jpg,36.068388,120.35222,23.19792366027832,113.35276794433594,0.01911047473549843,1581.7276008010497,1,49,0.19140625,44.52086639404297,-88.44303131103516,0.01230267621576786,10596.09719199294,-9014.36959119189,
312972994_fffc6410ed_122_26519935@N00.jpg,36.068388,120.35222,30.581031799316406,114.27120208740234,0.042207270860672,831.1873122435026,1,112,0.4375,30.581031799316406,114.27120208740234,0.029646629467606544,831.1873122435026,0.0,
314039220_7045707399_115_26519935@N00.jpg,36.066445,120.33986,34.48844528198242,108.720703125,0.020574534311890602,1068.5550137771422,0,0,0.0,34.48844528198242,108.720703125,0.020574534311890602,1068.5550137771422,0.0,
314040879_b451d04e90_107_26519935@N00.jpg,36.057842,120.331792,36.04708480834961,120.28260803222656,0.18114258348941803,4.580517934247711,6,42,0.1640625,36.04708480834961,120.28260803222656,0.17971254885196686,4.580517934247711,0.0,
314072056_7f36a76325_105_26519935@N00.jpg,36.057495,120.333509,-27.586406707763672,-48.5511360168457,0.05350847169756889,18606.262196002866,0,0,0.0,-27.586406707763672,-48.5511360168457,0.05350847169756889,18606.262196002866,0.0,
314082998_2258bffbf3_100_26519935@N00.jpg,36.050625,120.345869,18.65073585510254,110.28524780273438,0.1473471224308014,2171.729494721222,0,0,0.0,18.65073585510254,110.28524780273438,0.1473471224308014,2171.729494721222,0.0,
314092579_78da2a1cbe_114_26519935@N00.jpg,36.055066,120.363378,36.05867385864258,120.36861419677734,0.148722842335701,0.6184676793530457,0,0,0.0,36.05867385864258,120.36861419677734,0.148722842335701,0.6184676793530457,0.0,
314100488_395a717328_99_26519935@N00.jpg,36.055066,120.363378,31.578535079956055,121.1572265625,0.05767126753926277,503.13542374110153,2,81,0.31640625,31.578535079956055,121.1572265625,0.05741138011217117,503.13542374110153,0.0,
315104294_3e27ac2fb6_109_23812473@N00.jpg,19.109568,-99.75809,64.72982788085938,-23.801536560058594,0.04798305407166481,7427.93754360648,0,0,0.0,64.72982788085938,-23.801536560058594,0.04798305407166481,7427.93754360648,0.0,
315107666_4aa66be92a_106_23812473@N00.jpg,19.109568,-99.75809,-16.344520568847656,-68.1239013671875,0.08427059650421143,5244.8012872150875,0,0,0.0,-16.344520568847656,-68.1239013671875,0.08427059650421143,5244.8012872150875,0.0,
315129281_f86846ac95_88_55852171@N00.jpg,39.919668,116.390544,39.91625213623047,116.39019012451172,0.023715892806649208,0.38102432316544854,1,4,0.015625,39.91625213623047,116.39019012451172,0.02371499128639698,0.38102432316544854,0.0,
315157719_2af2fd3c23_102_23812473@N00.jpg,-34.584605,-58.404693,21.364309310913086,-157.95384216308594,0.017916658893227577,12177.005425909148,7,47,0.18359375,21.364309310913086,-157.95384216308594,0.02290404587984085,12177.005425909148,0.0,
315172335_1bc5ade875_120_23812473@N00.jpg,-49.087808,-72.902526,-49.26190948486328,-72.9778823852539,0.06189655885100365,20.11933638381537,0,0,0.0,-49.26190948486328,-72.9778823852539,0.06189655885100365,20.11933638381537,0.0,
315172845_58ee049f80_104_23812473@N00.jpg,-49.087808,-72.902526,45.99159240722656,7.013397216796875,0.03286701813340187,13080.671952140892,0,0,0.0,45.99159240722656,7.013397216796875,0.03286701813340187,13080.671952140892,0.0,
315213452_d9235079bb_101_49777280@N00.jpg,41.446329,-8.297166,43.80683135986328,11.2931489944458,0.00840278435498476,1620.189596033845,2,187,0.73046875,43.80683135986328,11.2931489944458,0.008359634317457676,1620.189596033845,0.0,
315217856_1a3f8afbb5_109_49777280@N00.jpg,41.149383,-8.610105,41.1469612121582,-8.612078666687012,0.01922554522752762,0.3159549422014975,0,0,0.0,41.1469612121582,-8.612078666687012,0.01922554522752762,0.3159549422014975,0.0,
315247273_171bd98ba3_101_23812473@N00.jpg,45.926319,6.867828,45.928707122802734,7.872734069824219,0.03115948475897312,77.72311896820275,1,192,0.75,45.928707122802734,7.872734069824219,0.03142259269952774,77.72311896820275,0.0,
315248304_34cc3e6aea_103_49777280@N00.jpg,41.149383,-8.610105,41.140541076660156,-8.612303733825684,0.018692268058657646,1.000268311000576,0,0,0.0,41.140541076660156,-8.612303733825684,0.018692268058657646,1.000268311000576,0.0,
315250382_760c517fb2_113_23812473@N00.jpg,43.115645,-2.625732,45.30825424194336,5.855533123016357,0.046174921095371246,718.156197180477,0,0,0.0,45.30825424194336,5.855533123016357,0.046174921095371246,718.156197180477,0.0,
315251374_21f8ef4ba5_115_49777280@N00.jpg,41.149383,-8.610105,41.13800811767578,-8.61113452911377,0.040984928607940674,1.2677655173823623,0,0,0.0,41.13800811767578,-8.61113452911377,0.040984928607940674,1.2677655173823623,0.0,
315252341_69577b3902_102_49777280@N00.jpg,41.149383,-8.610105,41.1469612121582,-8.612078666687012,0.012332374230027199,0.3159549422014975,2,256,1.0,41.1469612121582,-8.612078666687012,0.012412265874445438,0.3159549422014975,0.0,
315483979_24b5e5f599_102_23812473@N00.jpg,20.180287,-99.940567,39.93121337890625,-105.28197479248047,0.05097004771232605,2254.3887356987984,2,144,0.5625,39.93121337890625,-105.28197479248047,0.05006226524710655,2254.3887356987984,0.0,
315519262_c1e9631fd8_102_40829484@N00.jpg,37.599,-112.201995,37.224998474121094,-112.8931655883789,0.08055663108825684,73.8640694714506,0,0,0.0,37.224998474121094,-112.8931655883789,0.08055663108825684,73.8640694714506,0.0,
315520274_8bbc052e35_122_40829484@N00.jpg,37.599,-112.201995,37.47260284423828,-112.24021911621094,0.05113287270069122,14.453212294058403,3,56,0.21875,37.47260284423828,-112.24021911621094,0.0543903224170208,14.453212294058403,0.0,
315560086_e902f940fc_112_40829484@N00.jpg,36.5626,-118.613891,37.513893127441406,-119.59703826904297,0.07338433712720871,137.1264079834573,1,12,0.046875,37.513893127441406,-119.59703826904297,0.06875081360340118,137.1264079834573,0.0,
315753950_bc46de165c_122_40829484@N00.jpg,37.83975,-122.275428,37.810630798339844,-122.41067504882812,0.022734537720680237,12.31231617530608,1,50,0.1953125,37.810630798339844,-122.41067504882812,0.023205356672406197,12.31231617530608,0.0,
315759267_35fd36ae65_110_40829484@N00.jpg,37.83975,-122.275428,37.811378479003906,-122.47747039794922,0.020969480276107788,18.023811827003517,0,0,0.0,37.811378479003906,-122.47747039794922,0.020969480276107788,18.023811827003517,0.0,
315876761_b49e569d85_105_14491548@N00.jpg,51.499459,-0.127705,51.49959945678711,-0.12770000100135803,0.009485887363553047,0.015621936666845474,4,22,0.0859375,51.49959945678711,-0.12770000100135803,0.009496490471065044,0.015621936666845474,0.0,
316023053_eaa23bcac8_112_44067110@N00.jpg,51.453233,-2.597427,52.633087158203125,-1.1346060037612915,0.02253989689052105,164.9806783313035,4,66,0.2578125,52.633087158203125,-1.1346060037612915,0.02110540121793747,164.9806783313035,0.0,
316318011_d59b353f3d_120_40829484@N00.jpg,36.202174,-115.054321,36.115516662597656,-115.1728744506836,0.017226090654730797,14.357288067011192,2,114,0.4453125,36.115909576416016,-115.17328643798828,0.017845703288912773,14.355478999861003,0.0018090671501891364,
316347031_1fa8e0536e_100_40829484@N00.jpg,36.202174,-115.054321,36.11506652832031,-115.1728515625,0.011907217092812061,14.38943159986276,1,48,0.1875,36.11506652832031,-115.1728515625,0.011903829872608185,14.38943159986276,0.0,
316353792_55ef83667a_120_40829484@N00.jpg,36.202174,-115.054321,36.11399841308594,-115.17333221435547,0.014120986685156822,14.501462916273196,0,0,0.0,36.11399841308594,-115.17333221435547,0.014120986685156822,14.501462916273196,0.0,
316397021_e9231f4657_109_14542551@N00.jpg,47.714381,106.952934,38.48045349121094,-119.9942626953125,0.026003526523709297,9364.436091232006,1,78,0.3046875,34.37675476074219,-117.6913833618164,0.03470916301012039,9863.435800922613,-498.9997096906063,
316435572_ccd3cd4445_106_26519935@N00.jpg,39.916319,116.390361,39.91625213623047,116.39019012451172,0.017301559448242188,0.016360084133143903,1,6,0.0234375,39.91625213623047,116.39019012451172,0.01733243651688099,0.016360084133143903,0.0,
316438842_4a7d42d893_115_26519935@N00.jpg,39.916319,116.390361,39.91625213623047,116.39019012451172,0.01669897884130478,0.016360084133143903,1,208,0.8125,39.91625213623047,116.39019012451172,0.01750221662223339,0.016360084133143903,0.0,
316441398_222dace3de_110_26519935@N00.jpg,39.916319,116.390361,39.91625213623047,116.39019012451172,0.019197626039385796,0.016360084133143903,1,104,0.40625,39.91625213623047,116.39019012451172,0.0194513201713562,0.016360084133143903,0.0,
316465518_480017c4bb_122_26519935@N00.jpg,39.916319,116.390361,39.918601989746094,116.39119720458984,0.0219716876745224,0.2636839278669685,5,101,0.39453125,39.918601989746094,116.39119720458984,0.02096744440495968,0.2636839278669685,0.0,
316468038_a4ca420b4d_107_26519935@N00.jpg,39.998032,116.269211,39.918601989746094,116.39119720458984,0.013738827779889107,13.642188682652261,10,56,0.21875,39.918601989746094,116.39119720458984,0.013514739461243153,13.642188682652261,0.0,
316491961_14031ef765_120_26519935@N00.jpg,39.998032,116.269211,39.997257232666016,116.27122497558594,0.12400457262992859,0.19197322421919544,0,0,0.0,39.997257232666016,116.27122497558594,0.12400457262992859,0.19197322421919544,0.0,
316621970_3a09e9f9d3_119_55852171@N00.jpg,22.297454,114.172539,22.281471252441406,114.15644836425781,0.011430916376411915,2.4288191042941674,1,256,1.0,22.281471252441406,114.15644836425781,0.01063591055572033,2.4288191042941674,0.0,
31700873_d7c4159106_22_25159586@N00.jpg,34.68808,135.839852,34.68450927734375,135.84268188476562,0.045960068702697754,0.4739153976179357,0,0,0.0,34.68450927734375,135.84268188476562,0.045960068702697754,0.4739153976179357,0.0,
317081316_e7f55d0c37_118_26519935@N00.jpg,39.881651,116.406283,39.87944412231445,116.40666961669922,0.023202253505587578,0.2476015071795156,1,8,0.03125,39.87944412231445,116.40666961669922,0.023097511380910873,0.2476015071795156,0.0,
317107251_7cda0f58d3_120_26519935@N00.jpg,31.236508,121.488103,31.23929786682129,121.49419403076172,0.042143117636442184,0.6569570612627162,0,0,0.0,31.23929786682129,121.49419403076172,0.042143117636442184,0.6569570612627162,0.0,
317112012_8b80ccd894_101_26519935@N00.jpg,31.226307,121.491193,30.745376586914062,120.48774719238281,0.01470731757581234,109.5882482694651,3,64,0.25,30.745376586914062,120.48774719238281,0.016711384057998657,109.5882482694651,0.0,
317138551_927e4aeb8f_120_40279823@N00.jpg,22.532695,103.365211,22.583581924438477,103.77685546875,0.1436849981546402,42.647812605899645,6,150,0.5859375,22.583581924438477,103.77685546875,0.1825544536113739,42.647812605899645,0.0,
317935751_97236482d0_125_77392231@N00.jpg,37.895548,-122.123551,40.075836181640625,-75.88239288330078,0.0023197345435619354,3958.912221907673,0,0,0.0,40.075836181640625,-75.88239288330078,0.0023197345435619354,3958.912221907673,0.0,
318232750_4c19f412af_126_44067110@N00.jpg,55.952141,-3.204472,55.95541763305664,-3.180885076522827,0.01325387042015791,1.5129037295999341,4,19,0.07421875,55.95541763305664,-3.180885076522827,0.013125219382345676,1.5129037295999341,0.0,
318403045_6d73f5dafc_132_59555137@N00.jpg,13.434954,103.88925,13.441047668457031,103.8592529296875,0.026603931561112404,3.314211556429008,0,0,0.0,13.441047668457031,103.8592529296875,0.026603931561112404,3.314211556429008,0.0,
318708432_5c210fea5b_137_44067110@N00.jpg,55.981858,-3.178091,56.456966400146484,-2.9680140018463135,0.14370545744895935,54.40280690174604,0,0,0.0,56.456966400146484,-2.9680140018463135,0.14370545744895935,54.40280690174604,0.0,
318716569_f42c716dee_133_44067110@N00.jpg,51.507519,0.028505,48.834407806396484,9.15233039855957,0.040989600121974945,713.9040312218777,0,0,0.0,48.834407806396484,9.15233039855957,0.040989600121974945,713.9040312218777,0.0,
318802324_c8b0ad8ee7_135_44067110@N00.jpg,38.707536,-9.136447,38.72599792480469,-9.15090274810791,0.012434559874236584,2.4056712073520172,3,59,0.23046875,38.72599792480469,-9.15090274810791,0.012089100666344166,2.4056712073520172,0.0,
318834499_0aeaf2b771_137_44067110@N00.jpg,42.880602,-8.545055,40.86444091796875,-73.9319076538086,0.0032249032519757748,5278.062718135035,2,150,0.5859375,40.86444091796875,-73.9319076538086,0.0042639742605388165,5278.062718135035,0.0,
318855058_b978d151af_138_44067110@N00.jpg,43.303136,-8.379747,42.88930892944336,-8.493708610534668,0.15306968986988068,46.93664995478546,0,0,0.0,42.88930892944336,-8.493708610534668,0.15306968986988068,46.93664995478546,0.0,
318859803_62d6cf66cb_137_44067110@N00.jpg,43.386052,-8.408388,36.51543045043945,-121.9478988647461,0.01923402212560177,8883.830927335039,0,0,0.0,36.51543045043945,-121.9478988647461,0.01923402212560177,8883.830927335039,0.0,
319429646_003ee8419e_129_59398218@N00.jpg,12.653068,-7.987232,31.63132095336914,-8.012470245361328,0.011317870579659939,2110.289938780284,0,0,0.0,31.63132095336914,-8.012470245361328,0.011317870579659939,2110.289938780284,0.0,
320605480_0ca83a4301_138_82927779@N00.jpg,-32.473008,19.276388,-32.5182991027832,19.174196243286133,0.18401692807674408,10.826719642131794,6,104,0.40625,-32.5182991027832,19.174196243286133,0.20741945505142212,10.826719642131794,0.0,
320631397_d6abc1ed08_129_82927779@N00.jpg,-32.514127,19.31323,-21.708791732788086,122.22908020019531,0.028323812410235405,9856.541206497595,3,224,0.875,-21.708791732788086,122.22908020019531,0.022337131202220917,9856.541206497595,0.0,
321654432_0828d5a11b_124_44067110@N00.jpg,23.182283,75.785763,19.021875381469727,74.70874786376953,0.051735080778598785,475.9091074206689,5,72,0.28125,19.021875381469727,74.70874786376953,0.03944844752550125,475.9091074206689,0.0,
321720530_f2a31b2549_128_81421684@N00.jpg,39.91306,116.45688,43.64249038696289,-79.38685607910156,0.00745399808511138,10589.101103835152,1,176,0.6875,43.64249038696289,-79.38685607910156,0.007752502802759409,10589.101103835152,0.0,
322323250_b8d7f1bdb1_141_82981539@N00.jpg,37.736919,-25.50373,37.776145935058594,-25.459680557250977,0.1553548127412796,5.832844579489047,5,59,0.23046875,37.776145935058594,-25.459680557250977,0.11758891493082047,5.832844579489047,0.0,
322333600_3a75379421_125_82981539@N00.jpg,37.846663,-25.215339,-26.404659271240234,-54.620819091796875,0.012843077071011066,7774.949202294648,1,240,0.9375,-26.404659271240234,-54.620819091796875,0.016591975465416908,7774.949202294648,0.0,
322343421_84d421d813_126_82981539@N00.jpg,37.763115,-25.341339,37.75999450683594,-25.310955047607422,0.06517114490270615,2.6934078386357028,0,0,0.0,37.75999450683594,-25.310955047607422,0.06517114490270615,2.6934078386357028,0.0,
322354508_adc72a420a_123_82981539@N00.jpg,37.839072,-25.792121,37.855613708496094,-25.787906646728516,0.207746222615242,1.8762098198074795,1,42,0.1640625,37.855613708496094,-25.787906646728516,0.2052030712366104,1.8762098198074795,0.0,
323391576_bf3011f5f8_127_78221228@N00.jpg,-42.922617,-71.315002,-39.19727325439453,175.57696533203125,0.08201778680086136,8674.783429897196,0,0,0.0,-39.19727325439453,175.57696533203125,0.08201778680086136,8674.783429897196,0.0,
323780075_7a574dbf0e_136_26519935@N00.jpg,22.287944,114.207644,22.289518356323242,113.94053649902344,0.02469659596681595,27.48246091828578,0,0,0.0,22.289518356323242,113.94053649902344,0.02469659596681595,27.48246091828578,0.0,
323788192_26c8dd9de1_141_26519935@N00.jpg,22.287944,114.207644,22.271440505981445,114.14889526367188,0.03935450688004494,6.31728916866661,1,160,0.625,22.271440505981445,114.14889526367188,0.03940919414162636,6.31728916866661,0.0,
323789319_21c25468b0_137_26519935@N00.jpg,22.287944,114.207644,22.270877838134766,114.14909362792969,0.01947283372282982,6.3162878893138075,0,0,0.0,22.270877838134766,114.14909362792969,0.01947283372282982,6.3162878893138075,0.0,
323789434_8eb1149c93_136_26519935@N00.jpg,22.287944,114.207644,22.239011764526367,114.152099609375,0.01844445988535881,7.891480481258185,1,20,0.078125,22.239011764526367,114.152099609375,0.016109224408864975,7.891480481258185,0.0,
323807444_e6405c7bea_124_26519935@N00.jpg,22.24954,113.924703,22.24907112121582,113.91404724121094,0.2656610608100891,1.0978873730781125,0,0,0.0,22.24907112121582,113.91404724121094,0.2656610608100891,1.0978873730781125,0.0,
323811411_76bfb23e45_144_26519935@N00.jpg,22.255101,113.905992,22.254024505615234,113.90498352050781,0.020365118980407715,0.1584285128006075,0,0,0.0,22.254024505615234,113.90498352050781,0.020365118980407715,0.1584285128006075,0.0,
323812702_56b1893e47_129_26519935@N00.jpg,22.255101,113.905992,22.254024505615234,113.90498352050781,0.33518603444099426,0.1584285128006075,1,25,0.09765625,22.254024505615234,113.90498352050781,0.3445057272911072,0.1584285128006075,0.0,
323834637_eeedb25a52_134_26519935@N00.jpg,22.283457,114.170136,22.293176651000977,114.17186737060547,0.01897597871720791,1.095359404167458,0,0,0.0,22.293176651000977,114.17186737060547,0.01897597871720791,1.095359404167458,0.0,
323845269_1f2dc85f2a_124_26519935@N00.jpg,22.283457,114.157991,40.75999069213867,-73.9753646850586,0.0034343695733696222,12954.704051956283,3,183,0.71484375,40.75999069213867,-73.9753646850586,0.0035369284451007843,12954.704051956283,0.0,
323879276_dae64e1893_137_26519935@N00.jpg,22.45728,114.245195,22.472270965576172,114.23188781738281,0.02344762347638607,2.1560211699034135,0,0,0.0,22.472270965576172,114.23188781738281,0.02344762347638607,2.1560211699034135,0.0,
323905120_1bfd67e6da_140_26519935@N00.jpg,22.497966,114.279527,22.422086715698242,114.32484436035156,0.08502795547246933,9.6372134886493,0,0,0.0,22.422086715698242,114.32484436035156,0.08502795547246933,9.6372134886493,0.0,
324342504_edbb367300_138_32649801@N00.jpg,31.238637,121.448364,31.217205047607422,121.4703369140625,0.012639683671295643,3.169286514740741,6,28,0.109375,31.217205047607422,121.4703369140625,0.0129699083045125,3.169286514740741,0.0,
324529067_8ca2d59f90_144_26519935@N00.jpg,25.807,118.836107,25.60650062561035,100.26766967773438,0.12832185626029968,1858.9527356971414,2,65,0.25390625,25.60650062561035,100.26766967773438,0.13793960213661194,1858.9527356971414,0.0,
324530185_2ecaca40be_138_26519935@N00.jpg,25.807,118.836107,24.926294326782227,117.0098876953125,0.05497334152460098,207.98194308887778,2,240,0.9375,24.926294326782227,117.0098876953125,0.055440858006477356,207.98194308887778,0.0,
324539671_9f76fbc471_140_26519935@N00.jpg,25.807,118.836107,24.926294326782227,117.0098876953125,0.034678585827350616,207.98194308887778,0,0,0.0,24.926294326782227,117.0098876953125,0.034678585827350616,207.98194308887778,0.0,
324563776_cb60ff71f3_143_26519935@N00.jpg,25.807,118.836107,24.5603084564209,121.22966766357422,0.0521092563867569,277.8893203845884,5,106,0.4140625,24.5603084564209,121.22966766357422,0.04989456385374069,277.8893203845884,0.0,
324575129_b182fc4266_136_26519935@N00.jpg,25.807,118.836107,24.926294326782227,117.0098876953125,0.10538690537214279,207.98194308887778,0,0,0.0,24.926294326782227,117.0098876953125,0.10538690537214279,207.98194308887778,0.0,
32475180_a217d82b2e_21_14542551@N00.jpg,47.752482,106.243629,41.84296417236328,75.0750732421875,0.4071589410305023,2526.672836889971,2,10,0.0390625,41.84296417236328,75.0750732421875,0.4122963845729828,2526.672836889971,0.0,
326109501_3966b437eb_134_56249023@N00.jpg,-41.198548,-71.312599,-41.05592346191406,-71.56399536132812,0.05251270905137062,26.360644321133414,0,0,0.0,-41.05592346191406,-71.56399536132812,0.05251270905137062,26.360644321133414,0.0,
326500513_aa55fcb368_136_90672364@N00.jpg,51.573278,-0.223867,51.734920501708984,-0.45837798714637756,0.005922592710703611,24.18236908004817,0,0,0.0,51.734920501708984,-0.45837798714637756,0.005922592710703611,24.18236908004817,0.0,
326543147_79a3ad6aaf_136_69641014@N00.jpg,42.384811,-71.086628,40.62900161743164,-74.01734161376953,0.007506069261580706,312.49634135990135,1,18,0.0703125,40.62900161743164,-74.01734161376953,0.008298108354210854,312.49634135990135,0.0,
326593080_54cb5db230_141_50994135@N00.jpg,55.869255,-4.281857,55.87224578857422,-4.288518905639648,0.029310090467333794,0.532292541813453,1,256,1.0,55.87224578857422,-4.288518905639648,0.029214005917310715,0.532292541813453,0.0,
32680386_660c626f40_23_49503208420@N01.jpg,45.434237,12.343182,45.43915939331055,12.319170951843262,0.0064597888849675655,1.9517860819882018,1,256,1.0,45.43915939331055,12.319170951843262,0.006207065656781197,1.9517860819882018,0.0,
32681131_d608cf3ebb_22_49503208420@N01.jpg,45.431105,12.342882,45.41558074951172,12.373120307922363,0.0035891886800527573,2.9238688605116683,3,210,0.8203125,45.43015670776367,12.358223915100098,0.002896516118198633,1.2018200053097752,1.722048855201893,
326979976_10e3267c51_138_12814307@N00.jpg,50.870382,4.352753,51.06243896484375,4.57965087890625,0.016474207863211632,26.61831916404839,3,256,1.0,49.249725341796875,-122.80416870117188,0.0210370272397995,7805.190086034646,-7778.5717668705975,
327009343_c2fdc0efb1_139_17362713@N00.jpg,12.925599,100.891571,16.432214736938477,102.83700561523438,0.011780988425016403,442.5045714729829,8,131,0.51171875,16.432214736938477,102.83700561523438,0.020291831344366074,442.5045714729829,0.0,
327432162_204be99904_142_50994135@N00.jpg,55.857226,-4.282822,55.85711669921875,-4.287414073944092,0.08288780599832535,0.28684483096316954,0,0,0.0,55.85711669921875,-4.287414073944092,0.08288780599832535,0.28684483096316954,0.0,
327924262_868dd2652e_143_73293249@N00.jpg,45.919806,7.098764,45.86192321777344,7.072277069091797,0.03760223090648651,6.754850527975478,1,24,0.09375,45.86192321777344,7.072277069091797,0.03881725296378136,6.754850527975478,0.0,
328477750_178f6ceb9d_129_56249023@N00.jpg,-16.328541,-71.596355,20.737974166870117,-99.93936157226562,0.01620505563914776,5153.052661307019,2,24,0.09375,20.737974166870117,-99.93936157226562,0.015867840498685837,5153.052661307019,0.0,
329033253_8619c37f63_131_40425693@N00.jpg,45.652208,13.772263,45.6507682800293,13.769989013671875,0.013399386778473854,0.23847412315464553,2,10,0.0390625,45.6507682800293,13.769989013671875,0.012663502246141434,0.23847412315464553,0.0,
329515006_b5e4d0e03e_146_41315423@N00.jpg,39.949527,-75.162491,39.94998550415039,-75.16411590576172,0.0038930466398596764,0.14759690435737347,1,256,1.0,39.94998550415039,-75.16411590576172,0.004043459426611662,0.14759690435737347,0.0,
329628192_642639b46a_149_93455345@N00.jpg,49.843296,24.026412,50.062068939208984,19.937610626220703,0.008625657297670841,293.5064113459943,2,170,0.6640625,50.062068939208984,19.937610626220703,0.009331053122878075,293.5064113459943,0.0,
329826737_54f313ac5c_143_75452460@N00.jpg,47.101446,14.552764,47.63309860229492,15.83404541015625,0.04933775216341019,113.16263195083866,1,2,0.0078125,47.63309860229492,15.83404541015625,0.049238089472055435,113.16263195083866,0.0,
330411830_d36fb5d630_130_41315423@N00.jpg,41.426977,-84.551564,42.45880126953125,-81.99542999267578,0.04245610162615776,240.52426645789274,1,208,0.8125,42.45880126953125,-81.99542999267578,0.03839581832289696,240.52426645789274,0.0,
331224721_11264851e6_129_93455345@N00.jpg,46.042735,4.074554,39.33454513549805,-89.47785186767578,0.012657874263823032,7224.895296345822,4,197,0.76953125,46.87245559692383,15.926313400268555,0.014873570762574673,911.6546335728883,6313.240662772934,
331904753_3c23f1e10b_132_29251780@N00.jpg,51.677026,-4.702148,51.566612243652344,-4.005888938903809,0.01644766330718994,49.60951836582796,0,0,0.0,51.566612243652344,-4.005888938903809,0.01644766330718994,49.60951836582796,0.0,
331988145_2303e98396_151_77235581@N00.jpg,58.189098,-6.376533,56.03992462158203,-4.397621154785156,0.03344399109482765,267.1518614074266,3,16,0.0625,55.54868698120117,-5.330513954162598,0.028771469369530678,300.39448254463906,-33.24262113721244,
331988444_6b59134d37_90_77235581@N00.jpg,58.189098,-6.376533,48.84116744995117,-3.005666971206665,0.024593593552708626,1062.7282410516355,0,0,0.0,48.84116744995117,-3.005666971206665,0.024593593552708626,1062.7282410516355,0.0,
331989316_22825d7df5_159_77235581@N00.jpg,58.202872,-6.379451,58.209102630615234,-6.391489028930664,0.018391480669379234,0.9886193307079592,0,0,0.0,58.209102630615234,-6.391489028930664,0.018391480669379234,0.9886193307079592,0.0,
331991850_3be29ce4b1_139_77235581@N00.jpg,58.202872,-6.379451,57.14545822143555,-2.0734970569610596,0.07892542332410812,281.6715022133565,0,0,0.0,57.14545822143555,-2.0734970569610596,0.07892542332410812,281.6715022133565,0.0,
331993063_b9b9a70875_153_77235581@N00.jpg,58.202872,-6.379451,58.206443786621094,-6.390438079833984,0.03520665690302849,0.7563681778940674,0,0,0.0,58.206443786621094,-6.390438079833984,0.03520665690302849,0.7563681778940674,0.0,
332061179_f2c42f7ff6_144_12814307@N00.jpg,51.010588,4.490629,51.569854736328125,4.6369171142578125,0.0077103679068386555,63.014205625223155,0,0,0.0,51.569854736328125,4.6369171142578125,0.0077103679068386555,63.014205625223155,0.0,
332261255_cc04fb370e_161_70323761@N00.jpg,40.704468,-74.013825,40.70720672607422,-74.01072692871094,0.0067112562246620655,0.4011708305349516,2,143,0.55859375,40.70720672607422,-74.01072692871094,0.008501742035150528,0.4011708305349516,0.0,
333575403_832eb341a4_158_65367662@N00.jpg,40.08812,-88.19146,42.980648040771484,-85.59040069580078,0.054446037858724594,387.666144344169,0,0,0.0,42.980648040771484,-85.59040069580078,0.054446037858724594,387.666144344169,0.0,
333674019_429b54011c_152_65367662@N00.jpg,36.877422,-119.23599,41.46613311767578,-76.57685089111328,0.0023697863798588514,3675.0870830181047,0,0,0.0,41.46613311767578,-76.57685089111328,0.0023697863798588514,3675.0870830181047,0.0,
333674821_06bc2c7d00_162_65367662@N00.jpg,36.877422,-119.23599,38.81911849975586,-120.93440246582031,0.04482327029109001,262.3894286051052,0,0,0.0,38.81911849975586,-120.93440246582031,0.04482327029109001,262.3894286051052,0.0,
333699879_2e07508ba8_162_65367662@N00.jpg,37.74737,-122.42168,37.826175689697266,-122.422119140625,0.03452862426638603,8.762889962155434,0,0,0.0,37.826175689697266,-122.422119140625,0.03452862426638603,8.762889962155434,0.0,
334389684_dae184d0db_138_65367662@N00.jpg,49.475876,34.380257,51.842193603515625,-4.149655818939209,0.003815895179286599,2696.734373958124,1,256,1.0,51.842193603515625,-4.149655818939209,0.00433112308382988,2696.734373958124,0.0,
334792185_fd30ad4097_152_65367662@N00.jpg,37.300163,-121.77647,50.06942367553711,22.23435401916504,0.0022217053920030594,9678.907658597878,1,176,0.6875,50.06942367553711,22.23435401916504,0.003529560985043645,9678.907658597878,0.0,
334797817_910e96579f_137_65367662@N00.jpg,37.300163,-121.77647,39.871917724609375,-75.67549896240234,0.0030280197970569134,3972.708095319841,1,240,0.9375,32.8891716003418,-116.95709991455078,0.004059571772813797,657.6863988940886,3315.0216964257525,
335333478_fa15203a19_136_65367662@N00.jpg,36.72389,-118.95335,30.43150520324707,-98.3453140258789,0.008383759297430515,2028.2365338348752,2,130,0.5078125,30.43150520324707,-98.3453140258789,0.010179094038903713,2028.2365338348752,0.0,
335482816_c5488ff1f3_153_65367662@N00.jpg,36.7371,-118.96593,37.50318908691406,-119.60111236572266,0.12326541543006897,102.11799195356177,0,0,0.0,37.50318908691406,-119.60111236572266,0.12326541543006897,102.11799195356177,0.0,
335764761_c14a735348_163_96388182@N00.jpg,42.32538,-83.451172,50.957130432128906,-114.02495574951172,0.003660887945443392,2501.076043489693,7,92,0.359375,53.88521957397461,-122.67488098144531,0.005077024456113577,3132.6409806678166,-631.5649371781237,
33582773_435577ae9d_22_39303693@N00.jpg,46.669667,-86.16038,37.675567626953125,-6.584329128265381,0.004247745499014854,6351.686513439895,0,0,0.0,37.675567626953125,-6.584329128265381,0.004247745499014854,6351.686513439895,0.0,
335923946_80b5325ec7_157_65367662@N00.jpg,38.91044,-77.440865,38.911808013916016,-77.44331359863281,0.08375082165002823,0.2608148124842641,1,80,0.3125,38.911808013916016,-77.44331359863281,0.08063418418169022,0.2608148124842641,0.0,
336153115_152dd86e9c_148_65367662@N00.jpg,40.53445,-121.56876,40.494659423828125,-121.42456817626953,0.03601843863725662,12.967437791550465,1,96,0.375,40.494659423828125,-121.42456817626953,0.03690766543149948,12.967437791550465,0.0,
336185727_047a25844c_144_56249023@N00.jpg,-47.031934,-67.259674,42.66482925415039,0.19105899333953857,0.02041000872850418,11973.51735690943,0,0,0.0,42.66482925415039,0.19105899333953857,0.02041000872850418,11973.51735690943,0.0,
336307891_b6b4111e66_79_65367662@N00.jpg,30.627573,-96.33164,30.106300354003906,-97.21947479248047,0.04219309240579605,103.02895002296867,2,15,0.05859375,30.319135665893555,-96.35563659667969,0.036726899445056915,34.373729419355605,68.65522060361306,
336376469_e71d5842e1_142_65367662@N00.jpg,37.414345,-122.04613,39.661888122558594,-119.8801498413086,0.051696136593818665,312.9428974212135,1,256,1.0,39.661888122558594,-119.8801498413086,0.04256008565425873,312.9428974212135,0.0,
336439856_7a3a838edc_166_50994135@N00.jpg,55.857226,-4.282822,55.859622955322266,-4.290719032287598,0.07351518422365189,0.5602858982004757,0,0,0.0,55.859622955322266,-4.290719032287598,0.07351518422365189,0.5602858982004757,0.0,
336442517_63e1115399_154_50994135@N00.jpg,55.860121,-4.253321,55.861148834228516,-4.250741958618164,0.02704593352973461,0.19739386663795422,3,62,0.2421875,55.861148834228516,-4.250741958618164,0.02813832461833954,0.19739386663795422,0.0,
336466397_0a77c852fc_133_65367662@N00.jpg,37.414345,-122.04613,33.98130416870117,-117.64131164550781,0.10769917815923691,551.1740040318122,1,50,0.1953125,33.98130416870117,-117.64131164550781,0.10747125744819641,551.1740040318122,0.0,
336484296_4fd70f5079_129_65367662@N00.jpg,37.414345,-122.04613,39.843997955322266,-85.90553283691406,0.05316508188843727,3129.6333225565113,1,21,0.08203125,38.81237030029297,-76.8755874633789,0.05302095785737038,3914.2460460548823,-784.612723498371,
336704316_7a59701ccd_144_65367662@N00.jpg,39.44017,-120.23025,37.2958984375,-7.550099849700928,0.005313789006322622,9060.918478630023,0,0,0.0,37.2958984375,-7.550099849700928,0.005313789006322622,9060.918478630023,0.0,
337041068_b82764feb7_166_94949650@N00.jpg,13.4327,103.880023,20.892175674438477,-88.14399719238281,0.06694666296243668,15978.612699961159,0,0,0.0,20.892175674438477,-88.14399719238281,0.06694666296243668,15978.612699961159,0.0,
337062989_edf9b3dd9c_129_94949650@N00.jpg,10.766953,106.702308,10.759180068969727,106.6624984741211,0.03438669070601463,4.433808423580748,8,124,0.484375,10.759180068969727,106.6624984741211,0.03357745707035065,4.433808423580748,0.0,
337063030_7969a7b51c_160_65367662@N00.jpg,36.45843,-121.92146,37.22900390625,-122.09962463378906,0.015846634283661842,87.13839383157453,0,0,0.0,37.22900390625,-122.09962463378906,0.015846634283661842,87.13839383157453,0.0,
337118406_ace0f9b03d_147_65367662@N00.jpg,36.74989,-118.83773,37.74153518676758,-119.58489227294922,0.017441822215914726,128.57792911251062,1,36,0.140625,37.724021911621094,-119.6309814453125,0.01781322807073593,129.08910476790535,-0.5111756553947373,
337320907_65d68400bb_137_65367662@N00.jpg,36.553776,-117.0401,32.08650588989258,-106.4845199584961,0.03390464186668396,1088.3302523772322,1,45,0.17578125,32.08650588989258,-106.4845199584961,0.0382981114089489,1088.3302523772322,0.0,
337519612_a20759c2a7_139_63163416@N00.jpg,30.051636,31.237993,25.37628936767578,55.30792236328125,0.005887490697205067,2420.8677665983996,4,45,0.17578125,25.37628936767578,55.30792236328125,0.007194817997515202,2420.8677665983996,0.0,
337520827_afa3753336_130_63163416@N00.jpg,30.051636,31.237993,33.605934143066406,-7.631591796875,0.02193189226090908,3672.005895942105,2,39,0.15234375,33.605934143066406,-7.631591796875,0.02347966469824314,3672.005895942105,0.0,
337534295_8a12d1be27_145_65367662@N00.jpg,38.13896,-122.23405,49.24620056152344,6.139211177825928,0.01272640936076641,9054.175475148139,1,132,0.515625,49.24620056152344,6.139211177825928,0.010264487937092781,9054.175475148139,0.0,
337601077_c468d9e781_156_77235581@N00.jpg,58.202872,-6.379451,55.634925842285156,-4.823855876922607,0.03870106860995293,300.72637904892935,1,18,0.0703125,57.49650192260742,-1.7755789756774902,0.04089917987585068,283.4509223360805,17.275456712848836,
337601216_800d8377a6_158_77235581@N00.jpg,58.202872,-6.379451,54.64474105834961,-5.530546188354492,0.06408695131540298,399.0672600708562,0,0,0.0,54.64474105834961,-5.530546188354492,0.06408695131540298,399.0672600708562,0.0,
337622802_7021e7ceb8_152_77235581@N00.jpg,58.204285,-6.372027,57.3341178894043,-6.061018943786621,0.07293704897165298,98.50021313513672,0,0,0.0,57.3341178894043,-6.061018943786621,0.07293704897165298,98.50021313513672,0.0,
337630068_6939be9c3b_147_77235581@N00.jpg,58.202872,-6.379451,55.9930534362793,-3.2952969074249268,0.020916059613227844,308.28713703073606,0,0,0.0,55.9930534362793,-3.2952969074249268,0.020916059613227844,308.28713703073606,0.0,
337674214_b1650f1de4_143_65367662@N00.jpg,38.188816,-119.99902,39.29896926879883,-120.31196594238281,0.03975486382842064,126.39173847627642,0,0,0.0,39.29896926879883,-120.31196594238281,0.03975486382842064,126.39173847627642,0.0,
337766077_ecb1634894_164_65367662@N00.jpg,37.715874,-119.6466,61.3593864440918,23.851490020751953,0.022275764495134354,8515.17476089135,0,0,0.0,61.3593864440918,23.851490020751953,0.022275764495134354,8515.17476089135,0.0,
337850202_0481d003e7_129_65367662@N00.jpg,37.715874,-119.6466,61.441650390625,23.82857322692871,0.011158536188304424,8506.5797475928,1,143,0.55859375,61.441650390625,23.82857322692871,0.014276857487857342,8506.5797475928,0.0,
337866907_3f69c49d11_160_65367662@N00.jpg,37.30839,-121.8022,34.900699615478516,-92.49910736083984,0.003716950071975589,2635.5733442277724,1,165,0.64453125,34.900699615478516,-92.49910736083984,0.0051484620198607445,2635.5733442277724,0.0,
337931775_5f954d8993_143_65367662@N00.jpg,42.169003,-123.54675,39.2290153503418,-123.38788604736328,0.06990185379981995,327.18617928647075,0,0,0.0,39.2290153503418,-123.38788604736328,0.06990185379981995,327.18617928647075,0.0,
337941296_63bf00d2ec_141_65367662@N00.jpg,42.169003,-123.54675,10.039175033569336,125.02647399902344,0.05671937018632889,10964.163536157805,0,0,0.0,10.039175033569336,125.02647399902344,0.05671937018632889,10964.163536157805,0.0,
337950622_c8b0ce2612_146_65367662@N00.jpg,42.169003,-123.54675,32.17713928222656,-104.4427261352539,0.14358976483345032,2017.4010674008016,0,0,0.0,32.17713928222656,-104.4427261352539,0.14358976483345032,2017.4010674008016,0.0,
337962444_9d38a2e1b4_143_65367662@N00.jpg,42.938328,-122.09758,42.93946075439453,-122.1738052368164,0.15425226092338562,6.206299306595353,0,0,0.0,42.93946075439453,-122.1738052368164,0.15425226092338562,6.206299306595353,0.0,
337999539_44b51e67e5_158_65367662@N00.jpg,37.30839,-121.8022,19.25550651550293,72.97369384765625,0.01667667180299759,13537.712247815261,1,256,1.0,19.25550651550293,72.97369384765625,0.018383370712399483,13537.712247815261,0.0,
338070970_d926da275d_126_65367662@N00.jpg,37.8088,-122.42355,37.80649948120117,-122.43550109863281,0.0407402440905571,1.0806441611632567,1,12,0.046875,37.80649948120117,-122.43550109863281,0.0397040955722332,1.0806441611632567,0.0,
338134217_b6ba0b28e3_129_65367662@N00.jpg,36.595135,-118.72169,34.19602584838867,-118.02278900146484,0.12281430512666702,274.1852995733112,0,0,0.0,34.19602584838867,-118.02278900146484,0.12281430512666702,274.1852995733112,0.0,
338236169_95bd4c9529_128_65367662@N00.jpg,36.78169,-118.63223,44.81829833984375,34.89543151855469,0.014610608108341694,10559.431772751042,4,224,0.875,44.81829833984375,34.89543151855469,0.02058323100209236,10559.431772751042,0.0,
338579734_19955c5055_155_63163416@N00.jpg,30.051636,31.237993,39.90595626831055,41.27765655517578,0.008974514901638031,1425.325916742091,1,256,1.0,39.90595626831055,41.27765655517578,0.010951877571642399,1425.325916742091,0.0,
338584174_bf1940c300_123_63163416@N00.jpg,30.051636,31.237993,33.51136016845703,36.306671142578125,0.024496231228113174,614.2865619979134,1,256,1.0,33.51136016845703,36.306671142578125,0.024551916867494583,614.2865619979134,0.0,
338612532_488a7843f5_124_65367662@N00.jpg,36.74989,-118.83773,37.86577224731445,-120.1258544921875,0.05275780335068703,168.44544873637753,1,6,0.0234375,37.86577224731445,-120.1258544921875,0.052363090217113495,168.44544873637753,0.0,
338641330_f63a44088b_150_65367662@N00.jpg,36.78665,-118.66296,41.45147705078125,-78.56666564941406,0.002462616190314293,3466.351677879148,0,0,0.0,41.45147705078125,-78.56666564941406,0.002462616190314293,3466.351677879148,0.0,
338647100_b0eaed8918_166_63163416@N00.jpg,30.051636,31.237993,33.51136016845703,36.306671142578125,0.06493870913982391,614.2865619979134,8,44,0.171875,33.51136016845703,36.306671142578125,0.07200220972299576,614.2865619979134,0.0,
338771297_34e5146dda_133_65367662@N00.jpg,37.309013,-119.03068,38.29903030395508,-119.7411880493164,0.042384546250104904,126.5505191035519,1,54,0.2109375,38.29903030395508,-119.7411880493164,0.04766792058944702,126.5505191035519,0.0,
338783972_00d0ac0448_124_65367662@N00.jpg,36.851604,-118.95034,38.23423767089844,-119.72209930419922,0.025530902668833733,168.12447795808828,1,77,0.30078125,37.88187026977539,-119.34603118896484,0.03332268074154854,119.77832961078896,48.34614834729932,
338813171_2b5abca5bc_148_65367662@N00.jpg,40.83422,-122.75927,60.29940414428711,24.621145248413086,0.009982431307435036,8383.06964547584,0,0,0.0,60.29940414428711,24.621145248413086,0.009982431307435036,8383.06964547584,0.0,
338819884_0303305b54_126_65367662@N00.jpg,40.83422,-122.75927,44.235084533691406,-71.2503662109375,0.0059381891041994095,4167.860121525485,1,88,0.34375,44.235084533691406,-71.2503662109375,0.01255337055772543,4167.860121525485,0.0,
338860529_edc2bb9876_127_63163416@N00.jpg,29.8984,31.193532,29.868921279907227,31.21661949157715,0.020865995436906815,3.9622059465501276,0,0,0.0,29.868921279907227,31.21661949157715,0.020865995436906815,3.9622059465501276,0.0,
338864024_9c2f3c6f04_153_65367662@N00.jpg,37.32557,-121.86358,32.735958099365234,-117.14900970458984,0.009837263263761997,666.665089695408,1,44,0.171875,32.73563003540039,-117.14912414550781,0.008329102769494057,666.686846856234,-0.021757160825927713,
338866914_c692fd3706_149_63163416@N00.jpg,29.929423,31.236963,25.69892692565918,32.64235305786133,0.0448932871222496,490.279376081493,1,192,0.75,25.69892692565918,32.64235305786133,0.035298895090818405,490.279376081493,0.0,
338875021_a171956837_151_65367662@N00.jpg,36.422344,-116.84299,36.324668884277344,-116.84963989257812,0.05833917856216431,10.877298345658232,0,0,0.0,36.324668884277344,-116.84963989257812,0.05833917856216431,10.877298345658232,0.0,
338972365_43e184797c_158_63163416@N00.jpg,30.016192,31.205377,29.976430892944336,31.13622283935547,0.06961064040660858,7.993631184619711,0,0,0.0,29.976430892944336,31.13622283935547,0.06961064040660858,7.993631184619711,0.0,
339209475_006c434ba6_129_65367662@N00.jpg,37.30839,-121.8022,30.193397521972656,-97.61173248291016,0.006843077018857002,2364.245741550355,1,256,1.0,34.43416976928711,-103.79891204833984,0.007577062584459782,1650.6839205019817,713.5618210483733,
339313032_980ff766b2_127_65367662@N00.jpg,36.157833,-115.15457,36.11272048950195,-115.17298126220703,0.011076407507061958,5.28175293939973,0,0,0.0,36.11272048950195,-115.17298126220703,0.011076407507061958,5.28175293939973,0.0,
339330889_e49a4a6cb0_130_90833046@N00.jpg,44.982133,-93.152003,42.98053741455078,-85.58812713623047,0.03443407639861107,644.5217302833074,1,160,0.625,42.98053741455078,-85.58812713623047,0.04231421276926994,644.5217302833074,0.0,
339337656_ac1cd0d248_127_90833046@N00.jpg,44.982133,-93.152003,46.850257873535156,-96.86006164550781,0.010401764884591103,354.1041728014894,1,132,0.515625,46.850257873535156,-96.86006164550781,0.01372524257749319,354.1041728014894,0.0,
339341033_08806bca61_162_90833046@N00.jpg,44.982133,-93.152003,44.76545715332031,-93.19197845458984,0.06418763101100922,24.298340478848722,1,98,0.3828125,44.76545715332031,-93.19197845458984,0.058455053716897964,24.298340478848722,0.0,
339341215_e9469c0cb1_162_90833046@N00.jpg,44.982133,-93.152003,51.04618453979492,-114.03001403808594,0.04489709809422493,1685.541712913063,2,219,0.85546875,51.04618453979492,-114.03001403808594,0.04196098819375038,1685.541712913063,0.0,
339342415_d63d054a25_135_65367662@N00.jpg,36.129,-112.03994,35.98055648803711,-113.81637573242188,0.13916583359241486,160.54325033177759,0,0,0.0,35.98055648803711,-113.81637573242188,0.13916583359241486,160.54325033177759,0.0,
339345948_d8367fb466_129_90833046@N00.jpg,44.982133,-93.152003,43.7687873840332,142.47816467285156,0.022781990468502045,8720.591410124618,0,0,0.0,43.7687873840332,142.47816467285156,0.022781990468502045,8720.591410124618,0.0,
339349158_4db1d1ae02_164_90833046@N00.jpg,45.127925,-93.137111,51.734920501708984,-0.45837798714637756,0.004062640480697155,6403.48785962002,0,0,0.0,51.734920501708984,-0.45837798714637756,0.004062640480697155,6403.48785962002,0.0,
339357558_4be0580fa8_141_65367662@N00.jpg,36.129,-112.03994,36.05790328979492,-112.1399154663086,0.030263526365160942,11.966316635601174,0,0,0.0,36.05790328979492,-112.1399154663086,0.030263526365160942,11.966316635601174,0.0,
339372756_fe25417821_124_65367662@N00.jpg,35.46359,-116.05033,33.84247589111328,-115.76285552978516,0.05092795193195343,182.1674214288132,1,91,0.35546875,34.01951217651367,-116.18110656738281,0.06450507044792175,161.01829325396497,21.149128174848244,
339445735_036ccf1dc0_136_63163416@N00.jpg,30.016192,31.205377,8.307811737060547,77.23079681396484,0.0032498070504516363,5353.9896480550315,0,0,0.0,8.307811737060547,77.23079681396484,0.0032498070504516363,5353.9896480550315,0.0,
339475362_b294375952_138_65367662@N00.jpg,37.310104,-121.87374,37.64291763305664,-119.87980651855469,0.03501136973500252,179.79986828162853,1,4,0.015625,37.64291763305664,-119.87980651855469,0.04504004493355751,179.79986828162853,0.0,
339479847_8d444a33ea_138_63163416@N00.jpg,31.213021,29.946069,43.73433303833008,7.421666145324707,0.014452120289206505,2413.9219026977676,2,223,0.87109375,36.80072784423828,3.04945707321167,0.015507768839597702,2546.655090080062,-132.73318738229455,
339490370_19c934edea_149_65367662@N00.jpg,37.715874,-119.6466,39.29896926879883,-120.31196594238281,0.05919026955962181,185.30698434214068,3,230,0.8984375,39.29896926879883,-120.31196594238281,0.06227760389447212,185.30698434214068,0.0,
339511213_52d45964c2_158_65367662@N00.jpg,36.591274,-121.91511,36.56877899169922,-121.96505737304688,0.13173313438892365,5.113471631897359,1,81,0.31640625,36.56877899169922,-121.96505737304688,0.15044188499450684,5.113471631897359,0.0,
339587579_cb2e47bc03_165_63163416@N00.jpg,25.691502,32.634801,25.718647003173828,32.6568603515625,0.07402196526527405,3.741048670040729,1,240,0.9375,25.718647003173828,32.6568603515625,0.07251295447349548,3.741048670040729,0.0,
339656972_e7d6cef70e_146_63163416@N00.jpg,36.852153,35.347137,34.97999572753906,-89.78826904296875,0.033148378133773804,10220.976385541813,1,88,0.34375,34.97999572753906,-89.78826904296875,0.03717392683029175,10220.976385541813,0.0,
340336439_b5293392d2_156_59555137@N00.jpg,13.434954,103.88925,13.441047668457031,103.8592529296875,0.0255991593003273,3.314211556429008,1,21,0.08203125,13.441047668457031,103.8592529296875,0.022309983149170876,3.314211556429008,0.0,
340961169_8924dbe369_154_21341800@N00.jpg,28.620692,77.192687,28.465673446655273,76.97433471679688,0.027016019448637962,27.423281690128196,5,177,0.69140625,28.465673446655273,76.97433471679688,0.02787857875227928,27.423281690128196,0.0,
341001806_63aa64f9c8_152_21341800@N00.jpg,12.415118,-1.576538,11.630715370178223,-1.0581200122833252,0.0426555797457695,103.85755350988818,2,256,1.0,12.491303443908691,-16.532363891601562,0.0384882427752018,1623.6937660202589,-1519.8362125103706,
341010404_a451def017_134_30571787@N00.jpg,46.467955,10.375857,63.402591705322266,13.078192710876465,0.03572815656661987,1890.5343877157845,0,0,0.0,63.402591705322266,13.078192710876465,0.03572815656661987,1890.5343877157845,0.0,
342755334_4bd9ecb33c_156_90833046@N00.jpg,44.884899,-93.313064,41.81779861450195,-88.07110595703125,0.009542074985802174,543.820927646761,0,0,0.0,41.81779861450195,-88.07110595703125,0.009542074985802174,543.820927646761,0.0,
342757465_f8a747384f_149_90833046@N00.jpg,44.885461,-93.314132,41.6080436706543,-93.6729507446289,0.015338289551436901,365.5885390064616,0,0,0.0,41.6080436706543,-93.6729507446289,0.015338289551436901,365.5885390064616,0.0,
343061785_3cbb02e134_154_39595541@N00.jpg,25.076095,-77.361205,21.098594665527344,-75.932861328125,0.015499857254326344,465.77168969662625,1,165,0.64453125,20.582738876342773,-87.1192398071289,0.017585039138793945,1117.400362285611,-651.6286725889847,
343824041_13cba6597f_161_59398218@N00.jpg,12.653068,-7.987232,-12.532193183898926,-38.76577377319336,0.02242255210876465,4400.62748719868,2,240,0.9375,-8.613609313964844,151.32293701171875,0.02827722392976284,17710.755625566795,-13310.128138368116,
343826237_57941e9a77_166_59398218@N00.jpg,12.653068,-7.987232,14.721293449401855,-17.478389739990234,0.13239867985248566,1050.7446330641242,4,196,0.765625,14.721293449401855,-17.478389739990234,0.13049264252185822,1050.7446330641242,0.0,
344778471_22fadc7c34_141_53364390@N00.jpg,38.207027,-107.518043,37.90597152709961,-107.81199645996094,0.060610949993133545,42.225985169764655,0,0,0.0,37.90597152709961,-107.81199645996094,0.060610949993133545,42.225985169764655,0.0,
34489106_b6bb027a4c_23_49503208420@N01.jpg,-23.546363,-65.398178,-23.58415985107422,-65.39989471435547,0.08236624300479889,4.2064644853399775,0,0,0.0,-23.58415985107422,-65.39989471435547,0.08236624300479889,4.2064644853399775,0.0,
345088316_eb58c4520f_165_23812473@N00.jpg,19.457528,-96.961898,49.38755416870117,22.315013885498047,0.019184434786438942,10308.871339357267,1,120,0.46875,49.38755416870117,22.315013885498047,0.019110320135951042,10308.871339357267,0.0,
345096189_312c967d69_148_23812473@N00.jpg,19.513521,-96.873321,-16.978158950805664,-49.06614303588867,0.025295812636613846,6613.273757961761,6,20,0.078125,-24.286039352416992,-52.09707260131836,0.03072039783000946,6872.263609460114,-258.98985149835335,
345111273_895a2901e6_142_23812473@N00.jpg,25.728003,-80.26371,25.067062377929688,-80.47124481201172,0.04797814413905144,76.39268750540258,4,100,0.390625,25.067062377929688,-80.47124481201172,0.042396560311317444,76.39268750540258,0.0,
345113591_9839a3e329_152_23812473@N00.jpg,25.728003,-80.26371,14.520773887634277,121.01850891113281,0.013517712242901325,14981.37112005591,1,208,0.8125,14.520773887634277,121.01850891113281,0.01991214230656624,14981.37112005591,0.0,
345193913_8abc25e892_135_59398218@N00.jpg,12.653068,-7.987232,11.269998550415039,-1.2304680347442627,0.07469205558300018,750.8847475270538,2,256,1.0,11.269998550415039,-1.2304680347442627,0.07572276890277863,750.8847475270538,0.0,
345197484_5387135658_133_59398218@N00.jpg,12.653068,-7.987232,11.630715370178223,-1.0581200122833252,0.1331687569618225,761.7459458611163,4,102,0.3984375,11.630715370178223,-1.0581200122833252,0.08229491114616394,761.7459458611163,0.0,
345199822_8f751df0e5_145_59398218@N00.jpg,12.653068,-7.987232,13.352832794189453,-16.76099967956543,0.06520315259695053,953.7094218942929,5,180,0.703125,13.352832794189453,-16.76099967956543,0.059846438467502594,953.7094218942929,0.0,
345230156_93f79eb60b_159_56776080@N00.jpg,51.938814,-3.883752,51.85428237915039,-4.3084211349487305,0.08575629442930222,30.617801405156236,4,129,0.50390625,52.15263748168945,-3.4238710403442383,0.0804167240858078,39.426314062082476,-8.80851265692624,
345997958_ba807942a4_160_78225438@N00.jpg,47.377785,8.53945,47.374488830566406,8.54211139678955,0.023657301440835,0.417727265085285,19,106,0.4140625,47.374488830566406,8.54211139678955,0.02270122617483139,0.417727265085285,0.0,
346354744_93c1c3b09b_150_82981539@N00.jpg,35.68686,51.406059,37.911495208740234,22.89052963256836,0.012197591364383698,2541.0721811967064,1,256,1.0,37.911495208740234,22.89052963256836,0.014428491704165936,2541.0721811967064,0.0,
346356176_9f97095a9f_125_82981539@N00.jpg,35.68686,51.406059,29.989124298095703,52.87504577636719,0.0168233010917902,648.2274834623536,2,60,0.234375,29.989124298095703,52.87504577636719,0.02682507038116455,648.2274834623536,0.0,
346848851_e2ac3b09e3_139_78225438@N00.jpg,41.403491,2.173345,41.40315246582031,2.174433946609497,0.0190010666847229,0.09831493437619675,0,0,0.0,41.40315246582031,2.174433946609497,0.0190010666847229,0.09831493437619675,0.0,
346871888_d03545a716_137_97332629@N00.jpg,38.616199,-109.619092,36.74681854248047,-111.7429428100586,0.055842336267232895,279.5191508363643,0,0,0.0,36.74681854248047,-111.7429428100586,0.055842336267232895,279.5191508363643,0.0,
346949135_b0b1d403a7_164_97332629@N00.jpg,36.153053,-109.526309,36.144935607910156,-109.46640014648438,0.12781409919261932,5.454326030283054,0,0,0.0,36.144935607910156,-109.46640014648438,0.12781409919261932,5.454326030283054,0.0,
347024285_88f9525930_146_97332629@N00.jpg,35.326881,-112.875316,35.34422302246094,-112.95884704589844,0.07432255148887634,7.818678790117884,2,116,0.453125,35.34422302246094,-112.95884704589844,0.08184736967086792,7.818678790117884,0.0,
347065865_75ad1062ea_145_77235581@N00.jpg,58.417268,-6.436271,53.557491302490234,-10.134757995605469,0.02728079818189144,587.0957220644739,0,0,0.0,53.557491302490234,-10.134757995605469,0.02728079818189144,587.0957220644739,0.0,
347071959_33469e3cdb_158_77235581@N00.jpg,58.420527,-6.440906,55.85850143432617,-6.103590965270996,0.06543216854333878,285.6096570476676,0,0,0.0,55.85850143432617,-6.103590965270996,0.06543216854333878,285.6096570476676,0.0,
347082248_cdacd5022d_150_77235581@N00.jpg,58.269178,-6.786031,57.68244171142578,-6.3396148681640625,0.05000927299261093,70.35173345994393,0,0,0.0,57.68244171142578,-6.3396148681640625,0.05000927299261093,70.35173345994393,0.0,
347083732_b50c07089e_144_77235581@N00.jpg,58.202872,-6.379451,65.07162475585938,-22.731399536132812,0.02042210102081299,1146.933307251301,0,0,0.0,65.07162475585938,-22.731399536132812,0.02042210102081299,1146.933307251301,0.0,
347095082_65d1b5836c_148_77235581@N00.jpg,58.202872,-6.379451,57.03447341918945,-5.8454132080078125,0.024572748690843582,133.75476740274405,0,0,0.0,57.03447341918945,-5.8454132080078125,0.024572748690843582,133.75476740274405,0.0,
347100708_81e1b0a015_148_77235581@N00.jpg,58.18627,-6.367864,55.59115219116211,-5.079802989959717,0.0961071252822876,298.96857587385836,1,10,0.0390625,55.59115219116211,-5.079802989959717,0.14184145629405975,298.96857587385836,0.0,
347103682_ee47f3bfee_139_97332629@N00.jpg,36.101093,-115.180749,36.01601028442383,-114.73796081542969,0.05433465912938118,40.911933754602806,0,0,0.0,36.01601028442383,-114.73796081542969,0.05433465912938118,40.911933754602806,0.0,
347104027_f910f82213_165_77235581@N00.jpg,58.199457,-6.384944,59.28968811035156,-2.6001110076904297,0.21511709690093994,249.70498540400962,0,0,0.0,59.28968811035156,-2.6001110076904297,0.21511709690093994,249.70498540400962,0.0,
347106063_8a0839eb22_128_77235581@N00.jpg,58.212566,-6.388185,52.220699310302734,-4.232245922088623,0.033495619893074036,680.0655572899982,7,62,0.2421875,52.220699310302734,-4.232245922088623,0.037280987948179245,680.0655572899982,0.0,
347106949_786cd159da_44_77235581@N00.jpg,58.202872,-6.379451,55.634925842285156,-4.823855876922607,0.06706447154283524,300.72637904892935,1,78,0.3046875,55.634925842285156,-4.823855876922607,0.03342103958129883,300.72637904892935,0.0,
347107471_ba3adc42b9_141_77235581@N00.jpg,58.202872,-6.379451,63.08837127685547,25.8610897064209,0.01086675189435482,1817.232664796152,1,256,1.0,70.09583282470703,29.413232803344727,0.013224597088992596,2129.5390876103984,-312.3064228142464,
347134461_ab027237bb_125_82981539@N00.jpg,35.68686,51.406059,29.616594314575195,52.545997619628906,0.14990414679050446,683.3513316451052,1,90,0.3515625,29.616594314575195,52.545997619628906,0.12486502528190613,683.3513316451052,0.0,
347135285_c534b1d869_137_82981539@N00.jpg,35.68686,51.406059,42.50855255126953,1.5235799551010132,0.012108310125768185,4307.831426404428,3,243,0.94921875,43.85860061645508,18.429500579833984,0.01318262331187725,2938.666034813071,1369.1653915913575,
347136001_f9e3fe6361_135_82981539@N00.jpg,35.68686,51.406059,10.779264450073242,106.69869995117188,0.0037680678069591522,6194.486313260371,0,0,0.0,10.779264450073242,106.69869995117188,0.0037680678069591522,6194.486313260371,0.0,
347136171_df57214040_130_82981539@N00.jpg,35.68686,51.406059,44.494544982910156,34.172115325927734,0.01766558550298214,1757.3980587070357,2,104,0.40625,39.57182312011719,29.35546875,0.017765546217560768,1983.9199139764075,-226.52185526937183,
347767503_033d078b65_126_59555137@N00.jpg,13.434954,103.88925,13.58191967010498,104.853515625,0.048942532390356064,105.52827402322863,0,0,0.0,13.58191967010498,104.853515625,0.048942532390356064,105.52827402322863,0.0,
347895125_caddff80cb_131_93455345@N00.jpg,51.501904,-0.129089,51.5074348449707,-0.07623899728059769,0.009486271068453789,3.709271609716552,9,252,0.984375,51.5074348449707,-0.07623899728059769,0.009386064484715462,3.709271609716552,0.0,
347965385_bdc45bd7fd_140_23812473@N00.jpg,19.535358,-99.263631,40.82627868652344,14.42230224609375,0.06458501517772675,10440.295538921811,6,47,0.18359375,40.82627868652344,14.42230224609375,0.0594097338616848,10440.295538921811,0.0,
347978703_5cff6b1b87_135_23812473@N00.jpg,19.535358,-99.263631,-30.60371208190918,151.81784057617188,0.025544535368680954,12862.266318606875,3,98,0.3828125,-30.60371208190918,151.81784057617188,0.037711068987846375,12862.266318606875,0.0,
347985886_64911b5156_146_23812473@N00.jpg,19.535358,-99.263631,-30.60371208190918,151.81784057617188,0.03899121284484863,12862.266318606875,2,140,0.546875,-30.60371208190918,151.81784057617188,0.059608038514852524,12862.266318606875,0.0,
348145656_d75a68a9ff_154_97332629@N00.jpg,36.460087,-116.871013,-22.892621994018555,-68.214111328125,0.060128163546323776,8343.333527761177,8,31,0.12109375,-22.892621994018555,-68.214111328125,0.04903806746006012,8343.333527761177,0.0,
348200325_c56462f293_150_97332629@N00.jpg,37.874175,-119.422073,38.89450454711914,-119.98486328125,0.015743151307106018,123.60526347819766,1,144,0.5625,38.89450454711914,-119.98486328125,0.01713799685239792,123.60526347819766,0.0,
348217623_bf026eba9d_151_97332629@N00.jpg,37.874175,-119.422073,31.4417667388916,-109.91617584228516,0.007022497709840536,1124.7405247636245,3,45,0.17578125,31.4417667388916,-109.91617584228516,0.00888234842568636,1124.7405247636245,0.0,
348310302_d0203f7731_55_97332629@N00.jpg,37.778804,-122.420053,37.802223205566406,-122.41880798339844,0.009477835148572922,2.606397533558039,11,119,0.46484375,37.802223205566406,-122.41880798339844,0.009605933912098408,2.606397533558039,0.0,
348315378_8f9a48cbc9_135_97332629@N00.jpg,37.778804,-122.420053,28.671119689941406,-81.33712768554688,0.017697695642709732,3919.7358995608884,6,198,0.7734375,34.97999572753906,-89.78826904296875,0.017521394416689873,2923.005335927767,996.7305636331212,
348358141_509391a62e_151_97332629@N00.jpg,37.778804,-122.420053,37.788421630859375,-122.40850830078125,0.006120676174759865,1.474115011045915,8,63,0.24609375,37.788421630859375,-122.40850830078125,0.006225851364433765,1.474115011045915,0.0,
348424445_99ce2d52aa_146_85971448@N00.jpg,47.609287,-122.342419,47.60733413696289,-122.34149932861328,0.015309645794332027,0.22783112950303175,4,58,0.2265625,47.60733413696289,-122.34149932861328,0.014774572104215622,0.22783112950303175,0.0,
348471300_a35546a400_160_44067110@N00.jpg,40.465313,-3.568091,45.626522064208984,8.712328910827637,0.02559920959174633,1149.3549946149965,1,88,0.34375,51.87950134277344,-0.37583300471305847,0.026365160942077637,1292.452627903715,-143.0976332887185,
348819402_93e7b4a83d_130_51162504@N00.jpg,34.036906,-118.67702,34.034950256347656,-118.67848205566406,0.05299528315663338,0.25581815468870106,0,0,0.0,34.034950256347656,-118.67848205566406,0.05299528315663338,0.25581815468870106,0.0,
348845700_71b36e2bd3_162_36887937@N00.jpg,46.058091,7.000555,51.53095245361328,-115.09681701660156,0.006018387619405985,7835.427024019253,2,128,0.5,51.53095245361328,-115.09681701660156,0.010369978845119476,7835.427024019253,0.0,
349077619_5a2bcf81fe_131_97332629@N00.jpg,37.778804,-122.420053,36.62992477416992,-121.82164001464844,0.015270082280039787,138.30605551761758,7,81,0.31640625,36.62992477416992,-121.82164001464844,0.014226808212697506,138.30605551761758,0.0,
349098747_0d543cdd4f_153_70323761@N00.jpg,40.720148,-74.00875,40.75227355957031,-73.9780044555664,0.0035518596414476633,4.412612581873184,1,256,1.0,40.75220489501953,-73.97789764404297,0.0033173970878124237,4.411731249249236,0.0008813326239476282,
349099483_d20ab7922f_136_97332629@N00.jpg,36.600817,-121.890392,35.66303253173828,-121.25861358642578,0.022493047639727592,118.71303069459834,0,0,0.0,35.66303253173828,-121.25861358642578,0.022493047639727592,118.71303069459834,0.0,
349177239_5fd6f4dfff_165_97332629@N00.jpg,34.136211,-118.351593,34.10149002075195,-118.32978057861328,0.0042630829848349094,4.351745432808553,0,0,0.0,34.10149002075195,-118.32978057861328,0.0042630829848349094,4.351745432808553,0.0,
349187019_7618ae1b96_125_51162504@N00.jpg,34.595981,-120.140819,34.59541702270508,-120.14073181152344,0.1772546023130417,0.06321727038545273,1,18,0.0703125,34.59541702270508,-120.14073181152344,0.1910197138786316,0.06321727038545273,0.0,
349187181_4276f70c6c_153_51162504@N00.jpg,34.595981,-120.140819,37.768917083740234,-122.51145935058594,0.025501925498247147,411.96481836508826,0,0,0.0,37.768917083740234,-122.51145935058594,0.025501925498247147,411.96481836508826,0.0,
349329351_1740d6876d_166_97332629@N00.jpg,33.988206,-118.47536,40.58283233642578,-73.65830993652344,0.0412336029112339,3988.3967586554727,1,28,0.109375,40.58283233642578,-73.65830993652344,0.05104786902666092,3988.3967586554727,0.0,
349348047_5925bfb832_151_51162504@N00.jpg,36.372662,-121.903138,36.37217712402344,-121.9023666381836,0.24747370183467865,0.08761514778172738,0,0,0.0,36.37217712402344,-121.9023666381836,0.24747370183467865,0.08761514778172738,0.0,
349379377_0d39acc271_139_51162504@N00.jpg,35.372814,-120.862827,48.83760452270508,-3.4819788932800293,0.020214149728417397,8796.204639873162,0,0,0.0,48.83760452270508,-3.4819788932800293,0.020214149728417397,8796.204639873162,0.0,
349388044_f3b4ec17fc_145_97332629@N00.jpg,33.803774,-117.920594,48.87016677856445,2.7791659832000732,0.03185572475194931,9112.618137599877,5,49,0.19140625,48.87016677856445,2.7791659832000732,0.029497869312763214,9112.618137599877,0.0,
349388449_84a9d2f8b5_128_51162504@N00.jpg,35.372814,-120.862827,-34.63786697387695,19.220752716064453,0.06315260380506516,16403.62729027704,0,0,0.0,-34.63786697387695,19.220752716064453,0.06315260380506516,16403.62729027704,0.0,
349413978_576523fec7_151_97324495@N00.jpg,52.370778,4.898185,39.99666976928711,-74.78936767578125,0.0004434050351846963,5965.192109199725,2,244,0.953125,39.99666976928711,-74.78936767578125,0.00041371482075192034,5965.192109199725,0.0,
349414528_8ed48e248f_161_97332629@N00.jpg,33.803774,-117.920594,39.750633239746094,-104.94711303710938,0.03334541991353035,1329.328190840275,3,98,0.3828125,39.750633239746094,-104.94711303710938,0.027632977813482285,1329.328190840275,0.0,
349418618_7043cdcaab_140_97324495@N00.jpg,52.370778,4.898185,42.143917083740234,-77.05684661865234,0.0005895140348002315,5949.363428992335,0,0,0.0,42.143917083740234,-77.05684661865234,0.0005895140348002315,5949.363428992335,0.0,
349421087_641b26de2f_134_97324495@N00.jpg,52.370778,4.898185,37.89387130737305,-84.2698974609375,0.006047242786735296,6719.93798282334,4,226,0.8828125,37.89387130737305,-84.2698974609375,0.007820685394108295,6719.93798282334,0.0,
349445487_7716d67489_128_97332629@N00.jpg,33.803774,-117.920594,34.13773727416992,-118.35442352294922,0.011597820557653904,54.58483431127359,1,144,0.5625,34.13773727416992,-118.35442352294922,0.014266383834183216,54.58483431127359,0.0,
349445497_ce22d1acd9_128_97332629@N00.jpg,33.803774,-117.920594,33.80530548095703,-117.91992950439453,0.02154560387134552,0.18102307819452973,1,169,0.66015625,33.80530548095703,-117.91992950439453,0.021126139909029007,0.18102307819452973,0.0,
349445500_6927323be0_160_97332629@N00.jpg,33.803774,-117.920594,33.80609893798828,-117.9198989868164,0.006631174124777317,0.2663779414488025,0,0,0.0,33.80609893798828,-117.9198989868164,0.006631174124777317,0.2663779414488025,0.0,
349459030_5fb6ba67cc_137_97332629@N00.jpg,33.803774,-117.920594,28.418861389160156,-81.58138275146484,0.017712265253067017,3492.6288432963265,1,12,0.046875,28.418861389160156,-81.58138275146484,0.0183324683457613,3492.6288432963265,0.0,
349461403_6756b23744_129_82981539@N00.jpg,29.610028,52.534217,29.616594314575195,52.545997619628906,0.19760261476039886,1.352800047462019,1,40,0.15625,29.616594314575195,52.545997619628906,0.1668572723865509,1.352800047462019,0.0,
349601127_76086026e4_161_97332629@N00.jpg,32.685511,-114.625511,33.721126556396484,-116.21942901611328,0.053131114691495895,187.75398092696736,0,0,0.0,33.721126556396484,-116.21942901611328,0.053131114691495895,187.75398092696736,0.0,
349908832_ab866096b1_135_44067110@N00.jpg,40.409475,-3.705752,39.858299255371094,-4.023227214813232,0.010609080083668232,66.96745979388574,3,71,0.27734375,39.858299255371094,-4.023227214813232,0.013381266966462135,66.96745979388574,0.0,
350562918_307456dab6_131_41894169878@N01.jpg,39.610978,-104.811029,39.528507232666016,-80.34220123291016,0.014835063368082047,2090.8256943286697,3,160,0.625,39.528507232666016,-80.34220123291016,0.019493309780955315,2090.8256943286697,0.0,
350614755_a4466bd674_163_97332629@N00.jpg,32.685511,-114.625511,34.75783157348633,-115.20486450195312,0.020416753366589546,236.57796047313764,2,208,0.8125,34.75783157348633,-115.20486450195312,0.021476147696375847,236.57796047313764,0.0,
350650388_e5f7983265_149_51162504@N00.jpg,36.555343,-121.923201,36.55508804321289,-121.92400360107422,0.10935588926076889,0.07709129287615517,0,0,0.0,36.55508804321289,-121.92400360107422,0.10935588926076889,0.07709129287615517,0.0,
350676468_5055e50f16_152_51162504@N00.jpg,36.959391,-122.018365,37.809993743896484,-122.41035461425781,0.019321514293551445,100.72402304576744,0,0,0.0,37.809993743896484,-122.41035461425781,0.019321514293551445,100.72402304576744,0.0,
350676593_d32a66985b_163_51162504@N00.jpg,36.959391,-122.018365,37.810630798339844,-122.41067504882812,0.023160764947533607,100.80022453348984,1,160,0.625,37.81072235107422,-122.41072845458984,0.026459820568561554,100.81139909725287,-0.01117456376303494,
350677023_e48c1fd4b0_154_51162504@N00.jpg,36.959391,-122.018365,37.809993743896484,-122.41035461425781,0.023228278383612633,100.72402304576744,1,6,0.0234375,37.809993743896484,-122.41035461425781,0.023181596770882607,100.72402304576744,0.0,
350685500_322365b21a_145_97332629@N00.jpg,33.492994,-111.923196,30.4489688873291,-97.949462890625,0.015632037073373795,1359.6713140689574,5,256,1.0,30.174415588378906,-93.23112487792969,0.015710052102804184,1801.3024327744956,-441.63111870553826,
350691632_fbecef0860_148_51162504@N00.jpg,37.806571,-122.440288,37.809993743896484,-122.41035461425781,0.011884682811796665,2.657091346511119,0,0,0.0,37.809993743896484,-122.41035461425781,0.011884682811796665,2.657091346511119,0.0,
350709146_68c87e6784_158_97332629@N00.jpg,40.702187,-74.01457,40.57451629638672,-73.98016357421875,0.02719227410852909,14.490164524366396,0,0,0.0,40.57451629638672,-73.98016357421875,0.02719227410852909,14.490164524366396,0.0,
350752818_0726a9f845_143_51162504@N00.jpg,37.805367,-122.456424,37.805747985839844,-122.4470443725586,0.017606273293495178,0.8251329526027098,1,112,0.4375,37.805747985839844,-122.4470443725586,0.018627924844622612,0.8251329526027098,0.0,
350754522_ab827b3e19_166_51162504@N00.jpg,37.805367,-122.456424,37.87187194824219,-122.31937408447266,0.01658669114112854,14.12549956944118,0,0,0.0,37.87187194824219,-122.31937408447266,0.01658669114112854,14.12549956944118,0.0,
350755394_993aec6f8d_156_51162504@N00.jpg,37.807359,-122.46947,37.757450103759766,-122.25105285644531,0.03084385208785534,19.981139720481984,0,0,0.0,37.757450103759766,-122.25105285644531,0.03084385208785534,19.981139720481984,0.0,
350802150_42a9869fd6_124_91062007@N00.jpg,36.857583,-75.976928,36.85477066040039,-75.97552490234375,0.08373357355594635,0.3367148552544577,0,0,0.0,36.85477066040039,-75.97552490234375,0.08373357355594635,0.3367148552544577,0.0,
35212492_08b78db8e6_33_63163416@N00.jpg,26.210278,50.579767,32.92253875732422,35.06887435913086,0.01773582026362419,1673.0450366351342,0,0,0.0,32.92253875732422,35.06887435913086,0.01773582026362419,1673.0450366351342,0.0,
35212493_ee924191ef_26_63163416@N00.jpg,26.210278,50.579767,25.321800231933594,55.3755989074707,0.0372367799282074,490.27548711956416,0,0,0.0,25.321800231933594,55.3755989074707,0.0372367799282074,490.27548711956416,0.0,
352380518_202b75e610_152_85971448@N00.jpg,35.985368,-111.960811,36.11568832397461,-112.17315673828125,0.041185010224580765,23.967058748870933,1,16,0.0625,36.11568832397461,-112.17315673828125,0.038206759840250015,23.967058748870933,0.0,
353494958_4a7e189527_132_16836474@N00.jpg,4.644867,-75.570487,-22.68276596069336,-45.65643310546875,0.0804031565785408,4449.447436874862,1,64,0.25,-22.68276596069336,-45.65643310546875,0.09289707988500595,4449.447436874862,0.0,
35352930_f691e0f1e2_30_49503208420@N01.jpg,41.371977,2.177782,37.550392150878906,122.26934051513672,0.00039512314833700657,9340.460226234354,0,0,0.0,37.550392150878906,122.26934051513672,0.00039512314833700657,9340.460226234354,0.0,
35356357_91e38ed1a0_22_42485416@N00.jpg,57.629228,-6.333618,57.45233917236328,-6.679687023162842,0.0338595025241375,28.520361647941538,1,70,0.2734375,60.8272590637207,-0.840624988079071,0.02327960915863514,473.08832582676325,-444.56796417882174,
35357914_00d3f6dea5_28_42485416@N00.jpg,55.959194,-3.216247,55.95098876953125,-3.201205015182495,0.01104541402310133,1.307388673883582,0,0,0.0,55.95098876953125,-3.201205015182495,0.01104541402310133,1.307388673883582,0.0,
356103045_cd2d647b58_140_64855637@N00.jpg,36.618184,-121.901893,36.61868667602539,-121.90255737304688,0.044525422155857086,0.08148642858687404,0,0,0.0,36.61868667602539,-121.90255737304688,0.044525422155857086,0.08148642858687404,0.0,
356532015_cb096e7877_160_40084555@N00.jpg,38.724358,-123.462982,36.51187515258789,-121.9427719116211,0.03389221802353859,280.08212643002634,0,0,0.0,36.51187515258789,-121.9427719116211,0.03389221802353859,280.08212643002634,0.0,
356783671_5fddafe1da_162_82981539@N00.jpg,29.76691,52.838401,29.989124298095703,52.87504577636719,0.47497299313545227,24.960458344708684,0,0,0.0,29.989124298095703,52.87504577636719,0.47497299313545227,24.960458344708684,0.0,
356872603_fc07a113a8_133_99437479@N00.jpg,22.275118,114.165973,22.281232833862305,114.16116333007812,0.011004121042788029,0.8409720209245035,2,224,0.875,22.281232833862305,114.16116333007812,0.010432416573166847,0.8409720209245035,0.0,
356973252_d7272bf5c8_156_77235581@N00.jpg,58.202872,-6.379451,53.39251708984375,-6.068973064422607,0.020199058577418327,535.238174970879,1,160,0.625,53.39251708984375,-6.068973064422607,0.018743863329291344,535.238174970879,0.0,
356976135_56963fa6ca_155_77235581@N00.jpg,58.202872,-6.379451,37.739837646484375,-25.663976669311523,0.01980339176952839,2669.112163775183,0,0,0.0,37.739837646484375,-25.663976669311523,0.01980339176952839,2669.112163775183,0.0,
356978165_0d19c2efe7_139_77235581@N00.jpg,58.202872,-6.379451,55.42469024658203,-5.60182523727417,0.05059004947543144,312.5190927328519,1,8,0.03125,55.42469024658203,-5.60182523727417,0.046782948076725006,312.5190927328519,0.0,
356988501_85bd1470bb_139_77235581@N00.jpg,58.202872,-6.379451,54.64474105834961,-5.530546188354492,0.03652377054095268,399.0672600708562,0,0,0.0,54.64474105834961,-5.530546188354492,0.03652377054095268,399.0672600708562,0.0,
356991880_907a95a8af_148_77235581@N00.jpg,58.202872,-6.379451,57.737884521484375,-5.7702250480651855,0.042371030896902084,62.960989973093675,1,4,0.015625,57.431846618652344,-5.811553001403809,0.036598943173885345,92.09464521233565,-29.133655239241975,
356997367_51e59b12bf_127_77235581@N00.jpg,58.207914,-6.389622,55.755859375,-6.286754131317139,0.04107683524489403,272.72755354468023,5,35,0.13671875,55.755859375,-6.286754131317139,0.03919443115592003,272.72755354468023,0.0,
357002597_39f66b9179_144_77235581@N00.jpg,58.209892,-6.396188,56.62443161010742,-6.069708824157715,0.13414601981639862,177.37546501706984,2,10,0.0390625,56.62443161010742,-6.069708824157715,0.13372588157653809,177.37546501706984,0.0,
357006410_56c2255710_146_77235581@N00.jpg,58.211209,-6.388421,55.8642692565918,-5.41480016708374,0.025953371077775955,267.5257564740487,3,29,0.11328125,57.48120880126953,-4.228320121765137,0.026965197175741196,151.41308736467124,116.11266910937746,
357006445_59e324334e_147_77235581@N00.jpg,58.202872,-6.379451,58.196311950683594,-6.388720989227295,0.10716379433870316,0.9094696815203579,1,21,0.08203125,57.03447341918945,-5.8454132080078125,0.08993258327245712,133.75476740274405,-132.8452977212237,
357007889_8ca0c33de8_164_77235581@N00.jpg,58.202872,-6.379451,52.46476745605469,1.7461609840393066,0.11298884451389313,818.1177571447993,7,69,0.26953125,52.46476745605469,1.7461609840393066,0.06810320168733597,818.1177571447993,0.0,
357017194_3b8461275c_129_77235581@N00.jpg,58.189098,-6.376533,55.97467041015625,-6.00414514541626,0.07781767845153809,247.258498049575,0,0,0.0,55.97467041015625,-6.00414514541626,0.07781767845153809,247.258498049575,0.0,
357019041_c9d985b9eb_134_77235581@N00.jpg,58.160334,-6.531543,55.81399917602539,-2.04183292388916,0.04200726002454758,376.75008751615303,1,80,0.3125,55.81399917602539,-2.04183292388916,0.04149143397808075,376.75008751615303,0.0,
357019239_3aa477b691_146_77235581@N00.jpg,58.165405,-6.551456,57.68391799926758,-6.3435750007629395,0.03671235963702202,54.92805850779951,1,14,0.0546875,57.68391799926758,-6.3435750007629395,0.03710414841771126,54.92805850779951,0.0,
357019994_8888cfc0d6_162_77235581@N00.jpg,58.179347,-6.548709,55.97467041015625,-6.00414514541626,0.07279510051012039,247.34626156259165,0,0,0.0,55.97467041015625,-6.00414514541626,0.07279510051012039,247.34626156259165,0.0,
357552352_8c2b86b617_141_25159586@N00.jpg,36.038682,139.38105,35.69049835205078,139.6999969482422,0.004814168903976679,48.21829830691653,7,136,0.53125,35.69049835205078,139.6999969482422,0.004863770678639412,48.21829830691653,0.0,
357717829_4199f06c73_141_65367662@N00.jpg,19.416897,-155.27304,19.342405319213867,-154.99459838867188,0.006732726935297251,30.358909374898342,1,256,1.0,19.342405319213867,-154.99459838867188,0.008748035877943039,30.358909374898342,0.0,
357924605_e33e305025_137_65367662@N00.jpg,19.639597,-155.99265,20.791343688964844,-156.0453338623047,0.006039428990334272,128.1864913629638,2,256,1.0,20.791343688964844,-156.0453338623047,0.0068916939198970795,128.1864913629638,0.0,
358495984_cd62fe9a72_141_65367662@N00.jpg,19.639597,-155.99265,43.49882125854492,10.303351402282715,0.02188967727124691,12856.286727031034,0,0,0.0,43.49882125854492,10.303351402282715,0.02188967727124691,12856.286727031034,0.0,
358585774_25ffe85e36_123_70323761@N00.jpg,40.705603,-74.013304,40.7528076171875,-73.9771728515625,0.0037677884101867676,6.067985804047406,1,256,1.0,40.7528076171875,-73.9771728515625,0.003422825364395976,6.067985804047406,0.0,
358738142_5455a8226d_149_90833046@N00.jpg,44.461758,-93.183803,40.122650146484375,-82.92977905273438,0.0118553526699543,970.6298689196458,0,0,0.0,40.122650146484375,-82.92977905273438,0.0118553526699543,970.6298689196458,0.0,
358741568_7b56f43731_136_90833046@N00.jpg,44.459354,-93.18022,29.738056182861328,-98.1036148071289,0.008339248597621918,1693.3163637420748,2,256,1.0,29.738056182861328,-98.1036148071289,0.009376050904393196,1693.3163637420748,0.0,
358747922_e8824d062b_146_44067110@N00.jpg,51.491525,-0.219886,51.87963104248047,-0.4172219932079315,0.003414371982216835,45.2488752265034,1,18,0.0703125,51.87963104248047,-0.4172219932079315,0.0035224054008722305,45.2488752265034,0.0,
358935354_417e509592_157_96388182@N00.jpg,42.327141,-83.049945,46.2355842590332,6.117904186248779,0.024323325604200363,6717.788388616993,3,192,0.75,46.2355842590332,6.117904186248779,0.030311498790979385,6717.788388616993,0.0,
359007956_654fac93c8_162_96388182@N00.jpg,42.327141,-83.049945,46.2355842590332,6.117904186248779,0.06684560328722,6717.788388616993,4,144,0.5625,46.2355842590332,6.117904186248779,0.06510946899652481,6717.788388616993,0.0,
35934688_e7cd39c66f_21_49503208420@N01.jpg,48.11511,-1.67138,44.838680267333984,-0.5774580240249634,0.0026781836058944464,373.8175157965819,0,0,0.0,44.838680267333984,-0.5774580240249634,0.0026781836058944464,373.8175157965819,0.0,
35934775_c67025366d_30_49503208420@N01.jpg,48.11511,-1.67138,47.218257904052734,-1.551110029220581,0.009631897322833538,100.13135420004505,0,0,0.0,47.218257904052734,-1.551110029220581,0.009631897322833538,100.13135420004505,0.0,
35945303_522af26ce5_22_63163416@N00.jpg,26.210278,50.579767,29.69932746887207,34.99515151977539,0.05241154506802559,1577.695108422338,1,72,0.28125,29.754840850830078,34.99803924560547,0.06908437609672546,1578.553655721498,-0.858547299159909,
35954677_c4bc439d83_25_63163416@N00.jpg,26.210278,50.579767,17.665327072143555,75.89973449707031,0.022717032581567764,2772.825392930999,4,104,0.40625,17.665327072143555,75.89973449707031,0.024615943431854248,2772.825392930999,0.0,
359563658_08b8c21ac1_148_77235581@N00.jpg,58.202872,-6.379451,57.274261474609375,-5.738210201263428,0.05971314758062363,110.04677887063546,1,2,0.0078125,57.274261474609375,-5.738210201263428,0.06091978773474693,110.04677887063546,0.0,
359563951_8fd7ead826_136_77235581@N00.jpg,58.202872,-6.379451,57.03447341918945,-5.8454132080078125,0.056486789137125015,133.75476740274405,8,92,0.359375,57.03447341918945,-5.8454132080078125,0.06530574709177017,133.75476740274405,0.0,
359583512_c889dcbcf3_142_77235581@N00.jpg,58.204149,-6.3628,70.25057220458984,30.423847198486328,0.014797968789935112,2170.514818568006,4,26,0.1015625,70.25057220458984,30.423847198486328,0.014854862354695797,2170.514818568006,0.0,
359590913_7168b08ae4_162_36887937@N00.jpg,17.383288,78.401763,17.91180992126465,77.5255126953125,0.06420224905014038,109.88500039378505,5,250,0.9765625,17.92043113708496,77.52227783203125,0.06588153541088104,110.68721433548957,-0.8022139417045224,
359595243_d46fccbcfe_131_36887937@N00.jpg,17.382602,78.401597,55.94482421875,-3.2698049545288086,0.008510754443705082,7899.182816278697,0,0,0.0,55.94482421875,-3.2698049545288086,0.008510754443705082,7899.182816278697,0.0,
359600891_46bcff714f_155_77235581@N00.jpg,58.501049,-6.272592,58.34669876098633,-6.210558891296387,0.01715691387653351,17.538922524328015,0,0,0.0,58.34669876098633,-6.210558891296387,0.01715691387653351,17.538922524328015,0.0,
359614024_ed5b165184_166_77235581@N00.jpg,58.241518,-6.881046,37.259498596191406,-122.41400146484375,0.01204420905560255,7836.506313304624,0,0,0.0,37.259498596191406,-122.41400146484375,0.01204420905560255,7836.506313304624,0.0,
359619247_8adf54d8e1_158_77235581@N00.jpg,58.257643,-6.881518,56.0493049621582,-6.254674911499023,0.15330208837985992,248.4466028438808,0,0,0.0,56.0493049621582,-6.254674911499023,0.15330208837985992,248.4466028438808,0.0,
359621178_13b75ad380_155_77235581@N00.jpg,58.257643,-6.881518,57.04586410522461,-7.451648235321045,0.12985923886299133,138.94657835919912,0,0,0.0,57.04586410522461,-7.451648235321045,0.12985923886299133,138.94657835919912,0.0,
359623700_9a1c34d19c_130_77235581@N00.jpg,58.257643,-6.881518,51.31037139892578,12.251397132873535,0.0061706542037427425,1442.0906020830719,0,0,0.0,51.31037139892578,12.251397132873535,0.0061706542037427425,1442.0906020830719,0.0,
359625146_9eed347631_145_77235581@N00.jpg,58.257643,-6.881518,30.343151092529297,-84.74082946777344,0.010808274149894714,6485.430288010874,2,92,0.359375,30.343151092529297,-84.74082946777344,0.010936619713902473,6485.430288010874,0.0,
359625368_f7be959328_128_77235581@N00.jpg,58.257597,-6.872291,59.945106506347656,-1.3630919456481934,0.05127944424748421,366.12526018128904,2,256,1.0,59.945106506347656,-1.3630919456481934,0.05497933551669121,366.12526018128904,0.0,
359629226_3e0aa4e98b_132_77235581@N00.jpg,58.238446,-6.777276,56.19089889526367,-4.6331400871276855,0.033900704234838486,261.70224628563403,0,0,0.0,56.19089889526367,-4.6331400871276855,0.033900704234838486,261.70224628563403,0.0,
359630638_157a9609b6_133_77235581@N00.jpg,58.26911,-6.792726,53.504554748535156,-10.114524841308594,0.046144694089889526,568.6828406333725,1,20,0.078125,57.71579360961914,-7.1793928146362305,0.04222440347075462,65.61062799544146,503.07221263793105,
359638674_a2de066771_138_77235581@N00.jpg,58.124183,-6.834011,53.597068786621094,-9.734915733337402,0.056655436754226685,534.8288436016421,0,0,0.0,53.597068786621094,-9.734915733337402,0.056655436754226685,534.8288436016421,0.0,
359671200_a86f8284b9_146_77235581@N00.jpg,58.208508,-6.38797,52.061885833740234,-1.3407609462738037,0.00971039105206728,754.5250812459926,0,0,0.0,52.061885833740234,-1.3407609462738037,0.00971039105206728,754.5250812459926,0.0,
359686034_43ad44ab7e_161_77235581@N00.jpg,58.207914,-6.389622,56.5536994934082,-5.413941860198975,0.06102120876312256,193.00843633613798,4,20,0.078125,56.5536994934082,-5.413941860198975,0.07259852439165115,193.00843633613798,0.0,
359701140_96350336bd_152_77235581@N00.jpg,58.250056,-6.342372,56.188777923583984,-2.9993960857391357,0.11262087523937225,304.95186996966805,0,0,0.0,56.188777923583984,-2.9993960857391357,0.11262087523937225,304.95186996966805,0.0,
359701974_7c3bf3c78a_127_77235581@N00.jpg,58.250056,-6.342372,53.350345611572266,-110.87428283691406,0.02374584972858429,5880.503296035376,1,60,0.234375,53.350345611572266,-110.87428283691406,0.02282009832561016,5880.503296035376,0.0,
359706643_a7f9a7e778_153_77235581@N00.jpg,58.250056,-6.342372,56.37571716308594,-2.8759710788726807,0.024891037493944168,294.4950522357315,3,14,0.0546875,56.37571716308594,-2.8759710788726807,0.06605590134859085,294.4950522357315,0.0,
359731378_6bcc979eb7_155_77235581@N00.jpg,58.202872,-6.379451,57.3341178894043,-6.061018943786621,0.0560406893491745,98.42945451907144,1,8,0.03125,57.3341178894043,-6.061018943786621,0.054314956068992615,98.42945451907144,0.0,
359731656_0817bd32ab_152_77235581@N00.jpg,58.202872,-6.379451,54.80916976928711,-4.959597110748291,0.04639239236712456,387.26752872293673,1,20,0.078125,59.365745544433594,-2.437591075897217,0.04067326709628105,261.3262261377749,125.94130258516185,
359762301_84ea6179cb_153_77235581@N00.jpg,58.398608,-6.467041,45.8144416809082,-82.83966064453125,0.008186803199350834,5095.961895959539,2,28,0.109375,45.8144416809082,-82.83966064453125,0.0071664489805698395,5095.961895959539,0.0,
359767202_d79a59da10_134_77235581@N00.jpg,58.398608,-6.467041,59.945106506347656,-1.3630919456481934,0.08723080158233643,337.7428524099471,0,0,0.0,59.945106506347656,-1.3630919456481934,0.08723080158233643,337.7428524099471,0.0,
359785224_0603561ab5_163_77235581@N00.jpg,58.202872,-6.379451,43.3706169128418,140.47393798828125,0.009633162058889866,8312.348124511027,0,0,0.0,43.3706169128418,140.47393798828125,0.009633162058889866,8312.348124511027,0.0,
359862438_7842039e07_129_36887937@N00.jpg,17.452736,78.377819,14.688718795776367,77.58167266845703,0.09038980305194855,318.89781391862965,4,234,0.9140625,14.688718795776367,77.58167266845703,0.08076311647891998,318.89781391862965,0.0,
359880759_e6d8e80db9_159_36887937@N00.jpg,17.361613,78.474661,28.65483283996582,77.23316955566406,0.04755211994051933,1262.1308361098177,5,19,0.07421875,28.65483283996582,77.23316955566406,0.04006045684218407,1262.1308361098177,0.0,
359883507_902414637b_159_36887937@N00.jpg,17.360711,78.47445,17.353178024291992,78.45577239990234,0.25805625319480896,2.1519957741842415,6,201,0.78515625,17.353178024291992,78.45577239990234,0.2315969467163086,2.1519957741842415,0.0,
360127434_54f510067f_166_16836474@N00.jpg,4.648759,-75.577182,-22.428483963012695,-44.823875427246094,0.0618346631526947,4499.18623302796,0,0,0.0,-22.428483963012695,-44.823875427246094,0.0618346631526947,4499.18623302796,0.0,
360492757_61088247d6_161_87409164@N00.jpg,12.478649,106.024847,11.57177734375,104.91943359375,0.017266632989048958,156.9106276078803,0,0,0.0,11.57177734375,104.91943359375,0.017266632989048958,156.9106276078803,0.0,
360494347_c28850b60c_70_87409164@N00.jpg,13.093356,103.831787,13.099562644958496,104.12303924560547,0.10269084572792053,31.551008117637004,3,30,0.1171875,13.099562644958496,104.12303924560547,0.12596814334392548,31.551008117637004,0.0,
361277312_33759571f4_149_15376845@N00.jpg,41.313511,-72.927353,39.163326263427734,-84.54009246826172,0.006718025077134371,1013.4341012127963,1,176,0.6875,39.163326263427734,-84.54009246826172,0.006226775702089071,1013.4341012127963,0.0,
361307230_15fcbb1bb8_125_41894169878@N01.jpg,33.441321,-118.492891,44.38172149658203,9.038143157958984,0.03587690368294716,9866.502250852513,0,0,0.0,44.38172149658203,9.038143157958984,0.03587690368294716,9866.502250852513,0.0,
361308347_60a89cfc87_131_41894169878@N01.jpg,33.441321,-118.492891,35.165985107421875,-120.69356536865234,0.20620912313461304,278.6203213211605,1,10,0.0390625,35.165985107421875,-120.69356536865234,0.23046773672103882,278.6203213211605,0.0,
361326822_6f0664ed6e_160_41894169878@N01.jpg,33.441594,-118.497762,32.75494384765625,-17.017822265625,0.032267432659864426,8993.506269884923,3,21,0.08203125,32.75494384765625,-17.017822265625,0.04326455295085907,8993.506269884923,0.0,
361389143_8dcae9bc00_150_40829484@N00.jpg,49.608624,6.126422,49.61066436767578,6.131499767303467,0.09702543169260025,0.43050609053585387,0,0,0.0,49.61066436767578,6.131499767303467,0.09702543169260025,0.43050609053585387,0.0,
362741520_66bb4e9318_124_73091266@N00.jpg,-24.689525,25.863876,-1.2494239807128906,34.615745544433594,0.053023770451545715,2770.9375160036293,1,224,0.875,-1.2494239807128906,34.615745544433594,0.051459528505802155,2770.9375160036293,0.0,
362818760_43e710b2f8_107_78221228@N00.jpg,-16.391954,-71.532669,-15.611166954040527,-71.90616607666016,0.18100297451019287,95.55826569803949,1,20,0.078125,-15.611166954040527,-71.90616607666016,0.21408116817474365,95.55826569803949,0.0,
364618518_9bab134cfd_115_29251780@N00.jpg,50.36178,-4.454269,50.332149505615234,-4.5170111656188965,0.07326902449131012,5.538603192633746,2,84,0.328125,50.332149505615234,-4.5170111656188965,0.07945451885461807,5.538603192633746,0.0,
365000686_50685c18e2_123_70323761@N00.jpg,40.743135,-73.855065,40.57608413696289,-73.9810562133789,0.009356841444969177,21.400581737068617,0,0,0.0,40.57608413696289,-73.9810562133789,0.009356841444969177,21.400581737068617,0.0,
365098367_5f99e5ecaa_184_41894169878@N01.jpg,52.517102,13.389383,43.73935317993164,7.426756858825684,0.008632630109786987,1070.7877067866464,2,224,0.875,43.73935317993164,7.426756858825684,0.008606988936662674,1070.7877067866464,0.0,
365724930_17d6e028aa_152_59398218@N00.jpg,12.653068,-7.987232,12.491303443908691,-16.532363891601562,0.11679308116436005,927.5270760024334,2,129,0.50390625,12.491303443908691,-16.532363891601562,0.12841017544269562,927.5270760024334,0.0,
367209569_c725fe582a_140_82927779@N00.jpg,-29.276719,31.439883,21.33823013305664,-157.80543518066406,0.016157014295458794,18734.384078892148,0,0,0.0,21.33823013305664,-157.80543518066406,0.016157014295458794,18734.384078892148,0.0,
367224925_67dff94609_132_29251780@N00.jpg,51.662227,-2.309188,51.366912841796875,-2.5768890380859375,0.0886152982711792,37.70215201983347,0,0,0.0,51.366912841796875,-2.5768890380859375,0.0886152982711792,37.70215201983347,0.0,
367227476_ae4b1cccc8_172_29251780@N00.jpg,51.662227,-2.309188,51.6205940246582,-2.8190999031066895,0.04030637443065643,35.48991781635721,0,0,0.0,51.6205940246582,-2.8190999031066895,0.04030637443065643,35.48991781635721,0.0,
367822218_d60b5c2e46_178_14542551@N00.jpg,47.91939,106.917057,40.10042190551758,31.60965919494629,0.08865703642368317,5843.099996151216,0,0,0.0,40.10042190551758,31.60965919494629,0.08865703642368317,5843.099996151216,0.0,
367823327_e0e7dfecce_173_14542551@N00.jpg,47.91939,106.917057,49.86543273925781,73.12362670898438,0.0646495446562767,2458.935113229042,0,0,0.0,49.86543273925781,73.12362670898438,0.0646495446562767,2458.935113229042,0.0,
367823645_e7c96ade93_167_14542551@N00.jpg,47.91939,106.917057,51.51636505126953,104.18557739257812,0.0395536944270134,445.495421930031,1,8,0.03125,51.51636505126953,104.18557739257812,0.03962330147624016,445.495421930031,0.0,
368281200_58d18a37a3_74_88895879@N00.jpg,26.919008,75.796737,26.98639488220215,75.85313415527344,0.12206759303808212,9.348458274695009,0,0,0.0,26.98639488220215,75.85313415527344,0.12206759303808212,9.348458274695009,0.0,
368666514_b3a8828780_100_41894169878@N01.jpg,52.524772,13.393878,47.50069046020508,19.053049087524414,0.009949371218681335,689.1934073329786,2,256,1.0,47.50069046020508,19.053049087524414,0.009579845704138279,689.1934073329786,0.0,
369043327_64ca92b933_146_13527886@N00.jpg,34.022502,77.603302,34.54501724243164,76.152099609375,0.12459172308444977,145.43776554702958,0,0,0.0,34.54501724243164,76.152099609375,0.12459172308444977,145.43776554702958,0.0,
369060658_260ab9bc8e_187_40279823@N00.jpg,10.254789,44.903526,-17.346704483032227,13.871870040893555,0.05586737394332886,4587.514339692859,0,0,0.0,-17.346704483032227,13.871870040893555,0.05586737394332886,4587.514339692859,0.0,
369064659_3d0e0982b5_102_13527886@N00.jpg,34.022502,77.603302,-36.954280853271484,-69.378662109375,0.007215829100459814,17022.954899050066,0,0,0.0,-36.954280853271484,-69.378662109375,0.007215829100459814,17022.954899050066,0.0,
369067114_22bbca97a9_115_13527886@N00.jpg,34.022502,77.603302,37.545936584472656,73.10771179199219,0.09246828407049179,563.7235573577242,3,61,0.23828125,37.545936584472656,73.10771179199219,0.07733545452356339,563.7235573577242,0.0,
369069162_1b4e359ab8_181_13527886@N00.jpg,34.022502,77.603302,33.853919982910156,76.37413787841797,0.1806465983390808,114.93097268254691,1,24,0.09375,33.853919982910156,76.37413787841797,0.10157832503318787,114.93097268254691,0.0,
369070340_ea2cae43c6_106_13527886@N00.jpg,34.022502,77.603302,30.681257247924805,91.09736633300781,0.09297584742307663,1319.7049101574444,0,0,0.0,30.681257247924805,91.09736633300781,0.09297584742307663,1319.7049101574444,0.0,
369070502_bf3f633dbd_136_13527886@N00.jpg,34.022502,77.603302,28.119075775146484,86.60247802734375,0.08862334489822388,1078.7770570169066,0,0,0.0,28.119075775146484,86.60247802734375,0.08862334489822388,1078.7770570169066,0.0,
369072275_e6c95da063_186_13527886@N00.jpg,34.022502,77.603302,-33.82733154296875,-70.05833435058594,0.0963413342833519,17043.892906152694,3,64,0.25,-33.82733154296875,-70.05833435058594,0.08357684314250946,17043.892906152694,0.0,
369077204_c638a3516c_166_13527886@N00.jpg,34.022502,77.603302,33.853919982910156,76.37413787841797,0.09144096076488495,114.93097268254691,2,16,0.0625,33.853919982910156,76.37413787841797,0.08721397072076797,114.93097268254691,0.0,
369418843_2749cf6c0e_143_13527886@N00.jpg,31.39819,-7.635498,31.20952033996582,-7.8670501708984375,0.15385407209396362,30.39884818747153,4,75,0.29296875,31.20952033996582,-7.8670501708984375,0.16258478164672852,30.39884818747153,0.0,
369442842_a63c6a6790_159_13527886@N00.jpg,31.39819,-7.635498,44.58742141723633,-107.61396026611328,0.0409756638109684,8329.243766604277,1,2,0.0078125,44.58742141723633,-107.61396026611328,0.04042837768793106,8329.243766604277,0.0,
369454543_5c50726aab_98_13527886@N00.jpg,31.39819,-7.635498,-3.079245090484619,37.4564094543457,0.0946122258901596,6114.4685194026015,8,52,0.203125,-3.079245090484619,37.4564094543457,0.10960844904184341,6114.4685194026015,0.0,
369693214_50d0e1670c_129_75653366@N00.jpg,42.880681,-8.544616,45.045509338378906,3.8833229541778564,0.006825426127761602,1022.2716383352293,0,0,0.0,45.045509338378906,3.8833229541778564,0.006825426127761602,1022.2716383352293,0.0,
369703835_1a6f6a93f8_176_75653366@N00.jpg,42.880681,-8.544616,42.880680084228516,-8.544466018676758,0.053831182420253754,0.012221005123255635,1,256,1.0,42.880680084228516,-8.544466018676758,0.053703904151916504,0.012221005123255635,0.0,
369711791_01d1f82e99_130_75653366@N00.jpg,42.880681,-8.544616,42.880680084228516,-8.544466018676758,0.05341595411300659,0.012221005123255635,6,253,0.98828125,42.880680084228516,-8.544466018676758,0.052534982562065125,0.012221005123255635,0.0,
369714556_16fd58b7a7_98_75653366@N00.jpg,42.880681,-8.544616,42.8801155090332,-8.545303344726562,0.038548730313777924,0.08420507925101563,1,256,1.0,42.8801155090332,-8.545303344726562,0.0384182445704937,0.08420507925101563,0.0,
369809639_5ef2c6e678_171_77235581@N00.jpg,58.202872,-6.379451,35.06356430053711,-106.78034210205078,0.0014656687853857875,7313.279249956005,0,0,0.0,35.06356430053711,-106.78034210205078,0.0014656687853857875,7313.279249956005,0.0,
369809821_cda6f6e3fb_183_77235581@N00.jpg,58.202872,-6.379451,56.4172248840332,-5.474624156951904,0.03903345763683319,205.8518053577412,0,0,0.0,56.4172248840332,-5.474624156951904,0.03903345763683319,205.8518053577412,0.0,
369810745_9bdbb19083_156_77235581@N00.jpg,58.219827,-6.941385,57.8933219909668,-6.948853015899658,0.11684321612119675,36.308408923658696,0,0,0.0,57.8933219909668,-6.948853015899658,0.11684321612119675,36.308408923658696,0.0,
369814849_30fbad5cce_133_77235581@N00.jpg,58.217318,-6.392948,52.37435531616211,-9.317307472229004,0.004000777844339609,675.4076690294322,3,169,0.66015625,52.37435531616211,-9.317307472229004,0.0046609872952103615,675.4076690294322,0.0,
370008386_98b128a398_188_51162504@N00.jpg,42.660481,-70.679694,43.34403610229492,-70.46319580078125,0.07107550650835037,78.0202225422922,1,72,0.28125,43.34403610229492,-70.46319580078125,0.0723687931895256,78.0202225422922,0.0,
370013417_a565c9df1f_138_51162504@N00.jpg,42.660481,-70.679694,42.02487564086914,-70.22563934326172,0.03922923654317856,79.92294739489806,0,0,0.0,42.02487564086914,-70.22563934326172,0.03922923654317856,79.92294739489806,0.0,
370013627_154027da37_182_51162504@N00.jpg,42.660481,-70.679694,44.3383674621582,-68.05257415771484,0.08625844866037369,282.3040189958714,0,0,0.0,44.3383674621582,-68.05257415771484,0.08625844866037369,282.3040189958714,0.0,
370018459_911d2a6929_123_51162504@N00.jpg,42.660481,-70.679694,42.49565887451172,-8.862818717956543,0.011034566909074783,4942.615217291654,0,0,0.0,42.49565887451172,-8.862818717956543,0.011034566909074783,4942.615217291654,0.0,
370087164_38a67addb2_185_51162504@N00.jpg,42.660481,-70.679694,57.65203857421875,11.772836685180664,0.010171880014240742,5713.04029504773,1,208,0.8125,57.65203857421875,11.772836685180664,0.010140331462025642,5713.04029504773,0.0,
370092373_d1ae466d09_149_51162504@N00.jpg,42.660481,-70.679694,41.310184478759766,-71.86189270019531,0.05493409186601639,179.13671352473136,1,2,0.0078125,41.310184478759766,-71.86189270019531,0.05451412498950958,179.13671352473136,0.0,
370094768_5878667460_149_51162504@N00.jpg,42.660481,-70.679694,43.165653228759766,-70.59166717529297,0.08544230461120605,56.628242128242775,0,0,0.0,43.165653228759766,-70.59166717529297,0.08544230461120605,56.628242128242775,0.0,
370266582_88cb92cd17_133_75653366@N00.jpg,42.514452,-8.814876,42.87977981567383,-8.544292449951172,0.02628476358950138,46.25116632700821,1,192,0.75,42.88043975830078,-8.545130729675293,0.024784769862890244,46.28290778303381,-0.031741456025599746,
370269182_7df4880942_164_75653366@N00.jpg,42.514452,-8.814876,42.34530258178711,-8.611520767211914,0.04317830502986908,25.145984262677366,1,128,0.5,42.34530258178711,-8.611520767211914,0.041682738810777664,25.145984262677366,0.0,
370278449_93336f9827_139_75653366@N00.jpg,43.280595,-8.210906,42.880680084228516,-8.544466018676758,0.03187452629208565,52.070477555218204,1,144,0.5625,42.880680084228516,-8.544466018676758,0.028219010680913925,52.070477555218204,0.0,
370282346_965b8e2517_142_75653366@N00.jpg,43.280595,-8.210906,42.88043975830078,-8.545130729675293,0.014421912841498852,52.12142294702078,1,12,0.046875,42.88043975830078,-8.545130729675293,0.012871661223471165,52.12142294702078,0.0,
370303352_c1f7ce0a19_149_75653366@N00.jpg,42.431059,-8.643965,41.14738082885742,-8.611048698425293,0.02530926652252674,142.76477879152043,2,172,0.671875,41.14738082885742,-8.611048698425293,0.024654757231473923,142.76477879152043,0.0,
370303667_34ebc515a2_153_75653366@N00.jpg,42.431059,-8.643965,41.44512176513672,-8.294239044189453,0.04615648835897446,113.38323624099068,2,38,0.1484375,41.44512176513672,-8.294239044189453,0.051653604954481125,113.38323624099068,0.0,
370429117_653311e80c_35_75653366@N00.jpg,43.366498,-8.401107,51.381080627441406,-2.359668016433716,0.010162643156945705,999.7673800659989,0,0,0.0,51.381080627441406,-2.359668016433716,0.010162643156945705,999.7673800659989,0.0,
370466433_9a9a57d5fc_138_75653366@N00.jpg,41.981505,2.818508,42.52259826660156,0.8343600034713745,0.007940784096717834,174.03273102284115,1,45,0.17578125,42.52259826660156,0.8343600034713745,0.0081579415127635,174.03273102284115,0.0,
370469087_851d5fdc80_124_75653366@N00.jpg,41.981505,2.818508,41.987159729003906,2.826029062271118,0.022869789972901344,0.8841996886675833,0,0,0.0,41.987159729003906,2.826029062271118,0.022869789972901344,0.8841996886675833,0.0,
370513222_576ebd2e13_183_82927779@N00.jpg,-32.477777,19.275755,-33.429771423339844,19.328655242919922,0.12004285305738449,105.97210097421282,0,0,0.0,-33.429771423339844,19.328655242919922,0.12004285305738449,105.97210097421282,0.0,
370662822_d4198634bb_157_13527886@N00.jpg,21.953235,-78.728027,22.905609130859375,-82.430419921875,0.03895600512623787,394.98842982483666,0,0,0.0,22.905609130859375,-82.430419921875,0.03895600512623787,394.98842982483666,0.0,
370667974_f529d7f483_171_13527886@N00.jpg,21.953235,-78.728027,21.80422019958496,-79.9848403930664,0.08654604852199554,130.73966401498987,4,98,0.3828125,21.80422019958496,-79.9848403930664,0.060502033680677414,130.73966401498987,0.0,
370679517_654f91b783_123_13527886@N00.jpg,21.953235,-78.728027,20.39592742919922,-87.3138427734375,0.023990051820874214,906.7822997823721,2,72,0.28125,20.39592742919922,-87.3138427734375,0.019156530499458313,906.7822997823721,0.0,
370692913_f8b577bc3f_124_13527886@N00.jpg,21.953235,-78.728027,22.883230209350586,-82.27771759033203,0.016090301796793938,379.23491732640804,11,164,0.640625,21.402572631835938,-77.91641235351562,0.014760533347725868,103.83852179624358,275.39639553016445,
370696672_e77a7fd939_150_13527886@N00.jpg,21.953235,-78.728027,21.80422019958496,-79.9848403930664,0.04203986003994942,130.73966401498987,3,8,0.03125,21.80422019958496,-79.9848403930664,0.04252642020583153,130.73966401498987,0.0,
370709721_989f70a667_187_13527886@N00.jpg,21.953235,-78.728027,22.406902313232422,-79.96424865722656,0.04776395112276077,136.92059531952685,6,147,0.57421875,22.406902313232422,-79.96424865722656,0.02828005515038967,136.92059531952685,0.0,
370712085_46ac154862_149_13527886@N00.jpg,21.953235,-78.728027,22.40277671813965,-79.96227264404297,0.15709476172924042,136.56462747652265,0,0,0.0,22.40277671813965,-79.96227264404297,0.15709476172924042,136.56462747652265,0.0,
370713295_f6187c6b09_180_13527886@N00.jpg,21.953235,-78.728027,20.022871017456055,-75.81974029541016,0.08432646095752716,370.4340308126663,2,6,0.0234375,20.022871017456055,-75.81974029541016,0.08338596671819687,370.4340308126663,0.0,
370717727_f9564e3587_150_13527886@N00.jpg,21.953235,-78.728027,48.286903381347656,18.986434936523438,0.0213499553501606,8749.212760913593,0,0,0.0,48.286903381347656,18.986434936523438,0.0213499553501606,8749.212760913593,0.0,
370720998_98607ebc90_128_13527886@N00.jpg,21.953235,-78.728027,37.95380783081055,-79.83588409423828,0.03903893008828163,1782.34196822158,3,77,0.30078125,37.95380783081055,-79.83588409423828,0.027198947966098785,1782.34196822158,0.0,
37087799_c1ea52467f_29_41894197861@N01.jpg,38.711165,-9.134488,38.712135314941406,-9.13369369506836,0.014512913301587105,0.12802709817157976,2,40,0.15625,38.712135314941406,-9.13369369506836,0.014704674482345581,0.12802709817157976,0.0,
37089847_8986a4655a_21_41894197861@N01.jpg,38.789482,-9.493474,45.717445373535156,-1.237936019897461,0.026345612481236458,1026.0610740814805,0,0,0.0,45.717445373535156,-1.237936019897461,0.026345612481236458,1026.0610740814805,0.0,
370929463_12778dcca8_155_13527886@N00.jpg,17.334908,-88.643188,17.755348205566406,-89.92214965820312,0.06572028994560242,143.4308100245304,1,84,0.328125,17.755348205566406,-89.92214965820312,0.03841029852628708,143.4308100245304,0.0,
370937781_bb00b8afd3_183_13527886@N00.jpg,17.334908,-88.643188,17.51003074645996,-91.98149871826172,0.05915705859661102,354.7042551752393,0,0,0.0,17.51003074645996,-91.98149871826172,0.05915705859661102,354.7042551752393,0.0,
370946823_033ead7705_128_13527886@N00.jpg,17.334908,-88.643188,16.813413619995117,-88.07121276855469,0.07485666871070862,84.0171573345619,1,98,0.3828125,16.813413619995117,-88.07121276855469,0.08976203948259354,84.0171573345619,0.0,
370953104_eac1f8b08a_140_13527886@N00.jpg,17.334908,-88.643188,4.078144073486328,102.31464385986328,0.02436046302318573,17347.478545727903,9,188,0.734375,4.078144073486328,102.31464385986328,0.023315666243433952,17347.478545727903,0.0,
370994891_2eb5545d87_123_13527886@N00.jpg,17.334908,-88.643188,17.755348205566406,-89.92214965820312,0.16335442662239075,143.4308100245304,3,249,0.97265625,17.755348205566406,-89.92214965820312,0.16037318110466003,143.4308100245304,0.0,
371004924_10f8c9bff7_187_13527886@N00.jpg,17.334908,-88.643188,24.553993225097656,-81.80166625976562,0.035552095621824265,1071.4999689502204,1,256,1.0,24.553993225097656,-81.80166625976562,0.034510910511016846,1071.4999689502204,0.0,
371341643_33f0c52f03_179_62126383@N00.jpg,23.021604,-82.210006,-22.350074768066406,-42.802734375,0.06491342186927795,6605.419806210629,3,155,0.60546875,-22.350074768066406,-42.802734375,0.06238269433379173,6605.419806210629,0.0,
371400594_816d12aaa1_137_70323761@N00.jpg,40.736608,-74.009372,40.745670318603516,-74.00574493408203,0.004031781572848558,1.0529985957933254,0,0,0.0,40.745670318603516,-74.00574493408203,0.004031781572848558,1.0529985957933254,0.0,
371463024_3407bee0da_183_87409164@N00.jpg,36.754702,139.603872,36.757999420166016,139.5989990234375,0.01937323808670044,0.5682439207418908,3,134,0.5234375,36.757999420166016,139.5989990234375,0.02081913873553276,0.5682439207418908,0.0,
372392170_5bc76be732_177_93487964@N00.jpg,41.031104,-3.625268,59.5182991027832,25.55797576904297,0.001974639715626836,2876.095734439798,1,224,0.875,59.5182991027832,25.55797576904297,0.0024214000441133976,2876.095734439798,0.0,
372394997_d6070ae56c_140_40279823@N00.jpg,10.437844,45.005836,36.61267852783203,27.133209228515625,0.02234984003007412,3419.8702961948175,2,243,0.94921875,36.61267852783203,27.133209228515625,0.020867200568318367,3419.8702961948175,0.0,
373474843_4d19158078_179_23812473@N00.jpg,20.749853,-99.94606,36.990074157714844,26.932125091552734,0.20938408374786377,11519.386516317363,1,25,0.09765625,36.990074157714844,26.932125091552734,0.22933775186538696,11519.386516317363,0.0,
373724056_ba51894980_183_73293249@N00.jpg,46.079887,7.270385,45.29547882080078,6.582955837249756,0.034144237637519836,102.26852788002353,0,0,0.0,45.29547882080078,6.582955837249756,0.034144237637519836,102.26852788002353,0.0,
374697520_d88fd67841_123_48637819@N00.jpg,48.893488,2.242541,31.19334602355957,121.48938751220703,0.012266797944903374,9270.219450118751,1,210,0.8203125,31.19334602355957,121.48938751220703,0.013436534442007542,9270.219450118751,0.0,
375260318_369eaad089_169_99437479@N00.jpg,58.875664,5.721881,45.885005950927734,-66.54550170898438,0.010162020102143288,4847.990120386853,0,0,0.0,45.885005950927734,-66.54550170898438,0.010162020102143288,4847.990120386853,0.0,
375358711_96313706d2_183_59398218@N00.jpg,12.653068,-7.987232,13.141002655029297,-1.1370840072631836,0.11078207194805145,744.4421829047577,7,70,0.2734375,13.141002655029297,-1.1370840072631836,0.12984859943389893,744.4421829047577,0.0,
375662037_7523151d30_150_67879480@N00.jpg,29.927564,31.157312,29.467697143554688,30.404834747314453,0.09394031763076782,88.86691592065479,0,0,0.0,29.467697143554688,30.404834747314453,0.09394031763076782,88.86691592065479,0.0,
375791675_4bda3356ac_169_36887937@N00.jpg,27.581861,89.862869,27.470949172973633,89.64110565185547,0.11393178999423981,25.105542779245287,0,0,0.0,27.470949172973633,89.64110565185547,0.11393178999423981,25.105542779245287,0.0,
376849567_4461f2c846_136_36887937@N00.jpg,27.637816,89.816383,27.476293563842773,89.6386489868164,0.06512033939361572,25.091146865835437,1,144,0.5625,27.476293563842773,89.6386489868164,0.06760920584201813,25.091146865835437,0.0,
377436986_3fb780c0d9_181_87409164@N00.jpg,13.443636,99.983224,13.235600471496582,103.82354736328125,0.029351279139518738,416.14277735369814,3,240,0.9375,13.235600471496582,103.82354736328125,0.033487603068351746,416.14277735369814,0.0,
377497538_b65ffb3ce4_178_94949650@N00.jpg,43.694066,7.254838,28.05130386352539,-16.726341247558594,0.008272948674857616,2756.0791791168367,3,138,0.5390625,21.589479446411133,-158.10287475585938,0.011916043236851692,12603.589799436673,-9847.510620319837,
377535568_49ed356504_183_75653366@N00.jpg,39.803425,-5.173015,39.4532585144043,-3.608365058898926,0.0488608181476593,139.54021040956164,2,192,0.75,39.4532585144043,-3.608365058898926,0.05153047293424606,139.54021040956164,0.0,
377666921_396d120d71_148_29251780@N00.jpg,50.955182,1.838836,50.63722229003906,3.063004970550537,0.0071323225274682045,93.01930238898733,1,256,1.0,50.63722229003906,3.063004970550537,0.008403535932302475,93.01930238898733,0.0,
377800643_c214c49e7c_158_29251780@N00.jpg,50.843725,4.356079,50.847782135009766,4.35112190246582,0.003285524435341358,0.5697813028674978,11,99,0.38671875,53.34833526611328,-6.260389804840088,0.003676905296742916,775.939627250512,-775.3698459476445,
377975867_21aea11db8_123_55126705@N00.jpg,11.252153,-85.872745,-9.795890808105469,-139.03712463378906,0.017392797395586967,6326.059613196756,3,102,0.3984375,13.494041442871094,144.77517700195312,0.018576964735984802,13788.212610374903,-7462.152997178147,
378642876_719fcc3f78_155_85417391@N00.jpg,42.009573,-72.131252,46.77431869506836,-72.88475799560547,0.029786977916955948,533.1808435180009,0,0,0.0,46.77431869506836,-72.88475799560547,0.029786977916955948,533.1808435180009,0.0,
378900617_79a0b02340_146_87409164@N00.jpg,1.291899,103.859167,-37.8160400390625,144.96591186523438,0.0005603820318356156,6055.720295594794,3,256,1.0,-37.8160400390625,144.96591186523438,0.0008045446593314409,6055.720295594794,0.0,
378901599_a95b641351_171_87409164@N00.jpg,1.285035,103.854532,1.283499002456665,103.85333251953125,0.01972014270722866,0.21668264094322123,3,204,0.796875,1.2818169593811035,103.85693359375,0.020071018487215042,0.4464526709308285,-0.2297700299876073,
379001279_fa81cf9ee0_155_87409164@N00.jpg,1.318414,103.842687,3.23752498626709,101.68704986572266,0.021064849570393562,320.7738213632081,2,240,0.9375,3.23752498626709,101.68704986572266,0.03158313408493996,320.7738213632081,0.0,
379167304_8d37503114_186_81421684@N00.jpg,39.994654,116.259341,39.997257232666016,116.27122497558594,0.013001524843275547,1.052913160288754,4,232,0.90625,39.997257232666016,116.27122497558594,0.014531038701534271,1.052913160288754,0.0,
379206760_1b5c3bc3d9_186_57253263@N00.jpg,42.632834,-70.779076,44.45290756225586,-64.3822021484375,0.0537416897714138,553.6975846448981,1,240,0.9375,44.45290756225586,-64.3822021484375,0.08062085509300232,553.6975846448981,0.0,
379326336_30586fd2c0_181_59615371@N00.jpg,34.052374,-84.289684,35.84480285644531,-79.08978271484375,0.025636769831180573,514.044520767511,2,131,0.51171875,35.84480285644531,-79.08978271484375,0.0278516486287117,514.044520767511,0.0,
379404646_8a95d14e4a_154_94949650@N00.jpg,13.760561,100.494604,-6.143951892852783,106.81266784667969,0.007415713742375374,2320.557256124675,2,174,0.6796875,-6.143951892852783,106.81266784667969,0.0071032047271728516,2320.557256124675,0.0,
379423649_cd8d986eb2_163_75653366@N00.jpg,42.576469,-1.082668,43.14326858520508,-4.1924848556518555,0.03247841075062752,261.17584934468994,2,256,1.0,43.12153244018555,-3.7216179370880127,0.030408738180994987,223.4969812346797,37.67886811001023,
379532163_0b9870d933_177_77235581@N00.jpg,58.202872,-6.379451,-35.015140533447266,117.88459014892578,0.021089371293783188,15227.053069774895,0,0,0.0,-35.015140533447266,117.88459014892578,0.021089371293783188,15227.053069774895,0.0,
37954439_294cd63278_23_42126397@N00.jpg,45.701503,9.673976,45.83781814575195,9.075790405273438,0.016144346445798874,48.810401134169915,3,171,0.66796875,45.83781814575195,9.075790405273438,0.016016637906432152,48.810401134169915,0.0,
379547820_18c162bd9e_168_77235581@N00.jpg,58.202872,-6.379451,50.822853088378906,-0.29954901337623596,0.0017076976364478469,908.7799134481951,1,256,1.0,54.28083419799805,-1.4303330183029175,0.0023332054261118174,532.3418916050506,376.4380218431445,
379559468_941e398668_123_77235581@N00.jpg,58.202872,-6.379451,54.305606842041016,-8.56693172454834,0.06251776218414307,453.87182869188274,0,0,0.0,54.305606842041016,-8.56693172454834,0.06251776218414307,453.87182869188274,0.0,
379565438_0df153bc17_123_75653366@N00.jpg,43.009558,-1.320161,43.91267013549805,3.3169260025024414,0.05552922934293747,387.43720904355945,2,230,0.8984375,43.91267013549805,3.3169260025024414,0.05611960217356682,387.43720904355945,0.0,
379604236_cdf8a8e0bb_146_75653366@N00.jpg,43.323538,-1.98522,43.322654724121094,-1.985584020614624,0.039540983736515045,0.10253536040938956,0,0,0.0,43.322654724121094,-1.985584020614624,0.039540983736515045,0.10253536040938956,0.0,
379678729_4f49f50a50_125_77235581@N00.jpg,58.202872,-6.379451,59.41225814819336,5.268062114715576,0.017069678753614426,683.1803782168664,0,0,0.0,59.41225814819336,5.268062114715576,0.017069678753614426,683.1803782168664,0.0,
379680723_af89e2286b_164_77235581@N00.jpg,58.202872,-6.379451,57.41524124145508,-6.200088977813721,0.05735189840197563,88.22273291078604,0,0,0.0,57.41524124145508,-6.200088977813721,0.05735189840197563,88.22273291078604,0.0,
379681558_4a2347d542_141_75653366@N00.jpg,41.261388,-2.176022,42.756717681884766,-8.246439933776855,0.018520398065447807,528.2486051801451,0,0,0.0,42.756717681884766,-8.246439933776855,0.018520398065447807,528.2486051801451,0.0,
379684325_1811686bb4_173_77235581@N00.jpg,58.202872,-6.379451,46.19511413574219,-123.85162353515625,0.009657800197601318,7068.484309759213,0,0,0.0,46.19511413574219,-123.85162353515625,0.009657800197601318,7068.484309759213,0.0,
379687153_5ad1d5636e_124_77235581@N00.jpg,58.202872,-6.379451,66.53514099121094,12.968672752380371,0.07096333801746368,1351.1724404245376,0,0,0.0,66.53514099121094,12.968672752380371,0.07096333801746368,1351.1724404245376,0.0,
379688791_d7672de201_150_77235581@N00.jpg,58.202872,-6.379451,51.84919357299805,-8.300514221191406,0.021474197506904602,716.9525739793304,1,10,0.0390625,51.84919357299805,-8.300514221191406,0.020777521654963493,716.9525739793304,0.0,
379691696_374fd91da2_173_77235581@N00.jpg,58.202872,-6.379451,57.03447341918945,-5.8454132080078125,0.023049935698509216,133.75476740274405,0,0,0.0,57.03447341918945,-5.8454132080078125,0.023049935698509216,133.75476740274405,0.0,
379693524_e88d00b1f2_155_77235581@N00.jpg,58.202872,-6.379451,46.18666458129883,18.73078727722168,0.012732208706438541,2149.670921858457,5,208,0.8125,46.18666458129883,18.73078727722168,0.012995689176023006,2149.670921858457,0.0,
379697830_84c7342321_157_77235581@N00.jpg,58.208321,-6.38915,54.99554443359375,-7.32197904586792,0.07341724634170532,361.7694478738621,1,30,0.1171875,54.99554443359375,-7.32197904586792,0.07484139502048492,361.7694478738621,0.0,
379713829_2ecac07efa_130_77235581@N00.jpg,58.202872,-6.379451,52.89527893066406,-0.7855290174484253,0.0011848389403894544,686.5903006351141,0,0,0.0,52.89527893066406,-0.7855290174484253,0.0011848389403894544,686.5903006351141,0.0,
379761597_2912dab40e_153_75653366@N00.jpg,42.497684,-1.215491,42.199363708496094,2.7014129161834717,0.03546822443604469,323.56603616204455,1,6,0.0234375,42.199363708496094,2.7014129161834717,0.035922493785619736,323.56603616204455,0.0,
379765701_1cea4b8706_159_77235581@N00.jpg,58.202713,-6.38164,55.634925842285156,-4.823855876922607,0.028040947392582893,300.751337257426,0,0,0.0,55.634925842285156,-4.823855876922607,0.028040947392582893,300.751337257426,0.0,
379768630_5847cd99b3_173_75653366@N00.jpg,42.497684,-1.215491,42.70462417602539,-4.411481857299805,0.06484324485063553,262.5823462316304,0,0,0.0,42.70462417602539,-4.411481857299805,0.06484324485063553,262.5823462316304,0.0,
379772355_ce71b08feb_123_77235581@N00.jpg,58.202713,-6.38164,54.64474105834961,-5.530546188354492,0.09046587347984314,399.0673347898562,0,0,0.0,54.64474105834961,-5.530546188354492,0.09046587347984314,399.0673347898562,0.0,
379777984_75362fd964_150_77235581@N00.jpg,58.202713,-6.38164,57.4117431640625,-6.194839000701904,0.05923735722899437,88.64532411516305,4,17,0.06640625,57.4117431640625,-6.194839000701904,0.05721414461731911,88.64532411516305,0.0,
379782133_1041913454_136_75653366@N00.jpg,42.497684,-1.215491,43.330665588378906,-3.0331668853759766,0.0058290897868573666,174.60893653081078,3,218,0.8515625,43.330665588378906,-3.0331668853759766,0.006588177289813757,174.60893653081078,0.0,
380002471_62d43c2804_181_26234358@N00.jpg,52.520869,13.398503,51.06406021118164,4.580038070678711,0.0033001438714563847,627.3049455838712,3,18,0.0703125,51.06406021118164,4.580038070678711,0.004285254515707493,627.3049455838712,0.0,
380011871_5d37218664_130_26234358@N00.jpg,52.520869,13.398503,41.509124755859375,-81.61107635498047,0.0022522190120071173,6773.171708541467,2,180,0.703125,48.86124038696289,2.3348519802093506,0.0023171098437160254,877.9053811181755,5895.266327423291,
380281278_f2c04b4ad9_163_94949650@N00.jpg,40.671003,-4.012241,16.969127655029297,-96.69479370117188,0.03132616728544235,9007.960892746716,0,0,0.0,16.969127655029297,-96.69479370117188,0.03132616728544235,9007.960892746716,0.0,
380730771_e8d0feea19_167_75452460@N00.jpg,47.615074,15.179328,40.09606170654297,22.43030548095703,0.05969811975955963,1017.3480985232582,0,0,0.0,40.09606170654297,22.43030548095703,0.05969811975955963,1017.3480985232582,0.0,
381053059_1aa0a6c6ed_127_50994135@N00.jpg,55.778745,-5.104351,57.49650192260742,-1.7755789756774902,0.018033219501376152,279.07835365437876,1,120,0.46875,57.49650192260742,-1.7755789756774902,0.02097463048994541,279.07835365437876,0.0,
381053784_fbcb7e5d71_175_36887937@N00.jpg,27.471488,89.637827,25.963476181030273,107.02056884765625,0.030991841107606888,1733.20513078279,2,256,1.0,19.53066635131836,103.7689208984375,0.04503250867128372,1687.9435731227718,45.2615576600183,
381147491_751c8c119c_181_57253263@N00.jpg,42.367803,-71.076221,44.85564041137695,-93.24365234375,0.0038058036006987095,1800.1963104152273,2,5,0.01953125,44.85564041137695,-93.24365234375,0.003463546046987176,1800.1963104152273,0.0,
381265294_2fd6c670ed_158_23812473@N00.jpg,20.749853,-99.94606,44.81829833984375,34.89543151855469,0.015062371268868446,11407.84280209314,0,0,0.0,44.81829833984375,34.89543151855469,0.015062371268868446,11407.84280209314,0.0,
381308728_e37741b664_158_23812473@N00.jpg,20.180287,-99.940567,37.86577224731445,-120.1258544921875,0.10463063418865204,2765.9687933740734,0,0,0.0,37.86577224731445,-120.1258544921875,0.10463063418865204,2765.9687933740734,0.0,
38164785_1e9bd29d65_25_73293249@N00.jpg,46.225458,7.420274,46.32938766479492,8.029631614685059,0.02877720817923546,48.236471344297286,2,69,0.26953125,46.28041076660156,8.038686752319336,0.02624000795185566,47.93986587966015,0.296605464637139,
38173725_e0c16b185b_31_73293249@N00.jpg,46.225458,7.420274,45.86703109741211,10.397100448608398,0.0602128803730011,233.1621246055118,3,63,0.24609375,45.86703109741211,10.397100448608398,0.06495392322540283,233.1621246055118,0.0,
381900580_c61f949d64_137_36887937@N00.jpg,27.503294,89.320805,28.68124008178711,84.18428039550781,0.05836985260248184,520.5626535586064,1,182,0.7109375,28.68124008178711,84.18428039550781,0.06107788532972336,520.5626535586064,0.0,
382004611_94e09eebc6_161_50994135@N00.jpg,56.627153,-4.770812,56.64848709106445,-4.8487467765808105,0.18485136330127716,5.323453067718148,0,0,0.0,56.64848709106445,-4.8487467765808105,0.18485136330127716,5.323453067718148,0.0,
382949020_1ad600bdbf_124_82981539@N00.jpg,38.698028,-9.206156,37.3856315612793,-5.992999076843262,0.014919335022568703,316.9483656752,1,256,1.0,37.3856315612793,-5.992999076843262,0.01510301697999239,316.9483656752,0.0,
382959160_18e43f7ff2_148_50994135@N00.jpg,56.846578,-4.990882,57.25044250488281,-3.794919967651367,0.062250155955553055,85.13908403599802,0,0,0.0,57.25044250488281,-3.794919967651367,0.062250155955553055,85.13908403599802,0.0,
38318119_85ff9cd53c_29_73293249@N00.jpg,41.403624,2.174247,41.40311813354492,2.174160957336426,0.01815471239387989,0.05670578979701103,1,6,0.0234375,41.40311813354492,2.174160957336426,0.018128883093595505,0.05670578979701103,0.0,
38394112_04c89f5e5a_25_73293249@N00.jpg,41.403624,2.174247,41.086727142333984,1.1561390161514282,0.06824228167533875,92.12554364226519,11,57,0.22265625,41.086727142333984,1.1561390161514282,0.07294291257858276,92.12554364226519,0.0,
383961451_8f35cf6fe6_132_35271748@N00.jpg,45.438288,12.347506,43.440704345703125,13.610342979431152,0.009220404550433159,243.69190013313954,3,33,0.12890625,43.440704345703125,13.610342979431152,0.011012634262442589,243.69190013313954,0.0,
383977422_ad1c788bbc_130_35271748@N00.jpg,45.440697,12.333977,45.433990478515625,12.337967872619629,0.006973897106945515,0.8081319587613753,1,256,1.0,45.433990478515625,12.337967872619629,0.006997907068580389,0.8081319587613753,0.0,
383980143_bae1a5e828_129_35271748@N00.jpg,45.4342,12.339491,41.38596725463867,2.178757905960083,0.00508600240573287,935.1021893244339,1,256,1.0,41.38596725463867,2.178757905960083,0.004865405615419149,935.1021893244339,0.0,
383980428_06a32d4dd3_175_35271748@N00.jpg,45.43397,12.339524,45.43367385864258,12.338240623474121,0.007275987882167101,0.1054160416873207,1,30,0.1171875,45.43367385864258,12.338240623474121,0.007316929753869772,0.1054160416873207,0.0,
383982362_1b15e54ac6_156_35271748@N00.jpg,45.431696,12.333945,45.43858337402344,12.319868087768555,0.005460088606923819,1.339015760349879,1,256,1.0,45.438934326171875,12.321852684020996,0.005140287801623344,1.240184090593137,0.09883166975674196,
383994009_4bf534f72a_154_35271748@N00.jpg,45.431696,12.333945,45.43345260620117,12.336100578308105,0.0052703265100717545,0.2577674912226773,2,256,1.0,45.43251037597656,12.332601547241211,0.0051848143339157104,0.13852737320107755,0.11924011802159973,
384022275_0c6972dc9d_170_35271748@N00.jpg,45.439119,12.334202,37.853355407714844,15.287837982177734,0.006147691980004311,878.3058260954457,0,0,0.0,37.853355407714844,15.287837982177734,0.006147691980004311,878.3058260954457,0.0,
384029049_7972d8ba25_137_35271748@N00.jpg,45.434776,12.343515,44.41780471801758,12.199295043945312,0.004334647674113512,113.65072585333327,0,0,0.0,44.41780471801758,12.199295043945312,0.004334647674113512,113.65072585333327,0.0,
384029564_a4a76e23fd_172_35271748@N00.jpg,45.434776,12.343515,44.41780471801758,12.199295043945312,0.004052067641168833,113.65072585333327,2,36,0.140625,44.41780471801758,12.199295043945312,0.004017631523311138,113.65072585333327,0.0,
38406230_c35251e036_30_73293249@N00.jpg,41.403624,2.174247,50.79945373535156,6.881213188171387,0.04664570465683937,1105.421369387163,0,0,0.0,50.79945373535156,6.881213188171387,0.04664570465683937,1105.421369387163,0.0,
384841297_5cf19114b3_167_82952591@N00.jpg,60.158934,-44.145812,69.30715942382812,-50.87879943847656,0.229307159781456,1064.7317223582638,0,0,0.0,69.30715942382812,-50.87879943847656,0.229307159781456,1064.7317223582638,0.0,
384934252_358bf2a08e_134_48264126@N00.jpg,-37.816395,144.966831,-37.81660842895508,144.9482421875,0.014548053964972496,1.6330456742481614,1,117,0.45703125,-37.81660842895508,144.9482421875,0.012062609195709229,1.6330456742481614,0.0,
38548487_bde86ff608_29_73293249@N00.jpg,45.464179,9.189377,43.722103118896484,10.396659851074219,0.0035635107196867466,216.00792673912883,4,46,0.1796875,46.067623138427734,11.121554374694824,0.003587916027754545,164.20551198386767,51.80241475526117,
385613908_2b892673ec_151_97522422@N00.jpg,63.432736,10.418128,37.55379867553711,126.9246826171875,0.0005724460352212191,7476.538008220812,2,226,0.8828125,25.48295021057129,121.2890625,0.0005414776969701052,8457.034676920026,-980.4966686992138,
386452940_fa5b66fcc6_160_89904893@N00.jpg,51.867323,-2.246661,51.8673095703125,-2.2470359802246094,0.10867908596992493,0.025789883959258016,1,256,1.0,51.8673095703125,-2.2470359802246094,0.11524197459220886,0.025789883959258016,0.0,
387971756_9475473f1a_153_75452460@N00.jpg,46.868641,10.884017,46.80099868774414,10.739134788513184,0.04409917816519737,13.343019476536822,0,0,0.0,46.80099868774414,10.739134788513184,0.04409917816519737,13.343019476536822,0.0,
387971786_0a3a7d4ea4_145_75452460@N00.jpg,46.868641,10.884017,32.48109436035156,77.50785827636719,0.05337833613157272,5741.006420049513,0,0,0.0,32.48109436035156,77.50785827636719,0.05337833613157272,5741.006420049513,0.0,
387971789_4b82bb9247_141_75452460@N00.jpg,46.868641,10.884017,46.80099868774414,10.739134788513184,0.04523433372378349,13.343019476536822,0,0,0.0,46.80099868774414,10.739134788513184,0.04523433372378349,13.343019476536822,0.0,
388596710_b01af30eb5_164_62126383@N00.jpg,23.021604,-82.210006,23.11680030822754,-82.38858795166016,0.02669951692223549,21.114535670681235,3,143,0.55859375,23.11680030822754,-82.38858795166016,0.027302628383040428,21.114535670681235,0.0,
388609333_6ea66eabec_138_62126383@N00.jpg,22.407933,-79.955062,22.406902313232422,-79.96424865722656,0.04334329068660736,0.9513123857848483,1,44,0.171875,22.406902313232422,-79.96424865722656,0.046188484877347946,0.9513123857848483,0.0,
388610528_6618918a6f_138_62126383@N00.jpg,22.407933,-79.955062,36.80313491821289,22.297182083129883,0.002467447891831398,9553.092914025574,1,140,0.546875,36.80313491821289,22.297182083129883,0.0037681732792407274,9553.092914025574,0.0,
388610982_87486b4e3c_67_62126383@N00.jpg,23.021604,-82.210006,23.139318466186523,-82.35221099853516,0.026453722268342972,19.568799310056995,0,0,0.0,23.139318466186523,-82.35221099853516,0.026453722268342972,19.568799310056995,0.0,
388611635_415ff94d0b_143_62126383@N00.jpg,23.021604,-82.210006,22.905609130859375,-82.430419921875,0.011393909342586994,25.992587377764995,1,24,0.09375,22.905609130859375,-82.430419921875,0.010545977391302586,25.992587377764995,0.0,
388727597_e98808b80d_182_44067110@N00.jpg,40.41935,-3.693044,40.41715621948242,-3.706576108932495,0.0062835304997861385,1.171262854498673,3,52,0.203125,40.41715621948242,-3.706576108932495,0.006462656427174807,1.171262854498673,0.0,
388833980_2ff2ea7830_146_62126383@N00.jpg,33.467893,-84.75038,36.02873611450195,-78.89735412597656,0.03155451640486717,605.6872222677804,1,24,0.09375,36.02873611450195,-78.89735412597656,0.04049214348196983,605.6872222677804,0.0,
389668886_45c8d6111a_154_32367657@N00.jpg,59.911491,10.733397,59.91379928588867,10.737247467041016,0.012886191718280315,0.334590060503111,0,0,0.0,59.91379928588867,10.737247467041016,0.012886191718280315,0.334590060503111,0.0,
389869342_8c120b15eb_185_62126383@N00.jpg,38.930103,-77.050552,34.50212860107422,-84.47419738769531,0.011790793389081955,824.3057833318052,2,256,1.0,34.50212860107422,-84.47419738769531,0.012785958126187325,824.3057833318052,0.0,
390452034_30a976ddea_166_32367657@N00.jpg,59.915569,10.73685,60.16840744018555,24.952096939086914,0.002664693398401141,788.3033740367389,4,178,0.6953125,43.370391845703125,-8.399009704589844,0.0022736242972314358,2246.738435507269,-1458.4350614705302,
390520804_d1180e54f9_149_89904893@N00.jpg,51.251494,0.628495,51.24805450439453,0.6288890242576599,0.1076459065079689,0.38343695547474804,3,53,0.20703125,51.18622970581055,0.11432500183582306,0.09514020383358002,36.538112316736395,-36.154675361261646,
390524954_b77186fb32_152_32367657@N00.jpg,59.910775,10.731888,59.909706115722656,10.728534698486328,0.008296464569866657,0.22152507237232139,11,232,0.90625,59.909706115722656,10.728534698486328,0.007618348114192486,0.22152507237232139,0.0,
391022856_d0071b9082_176_14262239@N00.jpg,37.83148,73.33374,32.48109436035156,77.50785827636719,0.08648578822612762,705.4566000949305,2,16,0.0625,32.48109436035156,77.50785827636719,0.08577737957239151,705.4566000949305,0.0,
391362889_f8c906cf09_177_32367657@N00.jpg,59.927586,10.699055,59.927642822265625,10.699012756347656,0.08125331997871399,0.006742544816963371,5,88,0.34375,59.927642822265625,10.699012756347656,0.08244792371988297,0.006742544816963371,0.0,
391459948_224bff84f7_173_32367657@N00.jpg,59.963794,10.665555,59.96375274658203,10.668603897094727,0.15801937878131866,0.16975876956303865,0,0,0.0,59.96375274658203,10.668603897094727,0.15801937878131866,0.16975876956303865,0.0,
391839974_01fd6f1388_134_94949650@N00.jpg,49.341342,-123.01546,47.86065673828125,-123.93494415283203,0.03340595215559006,177.9834781301466,1,256,1.0,47.86172866821289,-123.93328094482422,0.050444990396499634,177.8265174491595,0.1569606809871118,
391845821_30df41a5fe_156_94949650@N00.jpg,49.34411,-123.018078,49.28124237060547,-124.37347412109375,0.07134976983070374,98.50170109837924,11,78,0.3046875,49.28124237060547,-124.37347412109375,0.06963282823562622,98.50170109837924,0.0,
392353870_7156adbc4c_128_32377115@N00.jpg,53.306339,-6.441485,32.37840270996094,-86.35108184814453,0.048267070204019547,6539.913340045267,4,113,0.44140625,32.37840270996094,-86.35108184814453,0.039633553475141525,6539.913340045267,0.0,
392426226_fde8ad65f3_166_32377115@N00.jpg,53.306339,-6.441485,44.108863830566406,-77.5489273071289,0.014397777616977692,5094.001280781659,5,223,0.87109375,43.119686126708984,-79.24932861328125,0.01450014766305685,5269.598823456199,-175.5975426745399,
393149734_7c2837ad0f_126_56776080@N00.jpg,22.283537,114.161682,22.292985916137695,114.1697998046875,0.011392394080758095,1.3422019301696226,1,143,0.55859375,22.292985916137695,114.1697998046875,0.010163799859583378,1.3422019301696226,0.0,
393317164_6e2272810d_169_99437479@N00.jpg,59.103945,5.592985,59.90468215942383,10.684807777404785,0.04347733035683632,300.71526055827746,2,194,0.7578125,59.90468215942383,10.684807777404785,0.04223301634192467,300.71526055827746,0.0,
394216155_b0625334df_157_26234358@N00.jpg,52.52207,13.394522,52.40409469604492,13.027037620544434,0.03895220905542374,28.140995899139593,9,58,0.2265625,52.40409469604492,13.027037620544434,0.03654782474040985,28.140995899139593,0.0,
394322932_3b6e0dce91_123_75452460@N00.jpg,47.744056,16.015663,60.21986770629883,24.85553741455078,0.014263881370425224,1499.7630905588885,2,86,0.3359375,60.21986770629883,24.85553741455078,0.011299146339297295,1499.7630905588885,0.0,
394527119_cab0858a86_172_15632944@N00.jpg,51.117559,16.9701,52.251243591308594,21.06145477294922,0.027079470455646515,308.8888260772333,0,0,0.0,52.251243591308594,21.06145477294922,0.027079470455646515,308.8888260772333,0.0,
394564573_ccb601bd20_149_89904893@N00.jpg,51.279279,1.084706,51.280025482177734,1.0802520513534546,0.028138821944594383,0.3207205247797331,1,30,0.1171875,51.280025482177734,1.0802520513534546,0.026487555354833603,0.3207205247797331,0.0,
394841530_2705c89b5c_184_41315423@N00.jpg,39.762416,-89.606122,43.50498580932617,-5.7964887619018555,0.0023936263751238585,6668.48342565438,0,0,0.0,43.50498580932617,-5.7964887619018555,0.0023936263751238585,6668.48342565438,0.0,
395275854_c55bde16ec_137_82927779@N00.jpg,52.016513,-9.635663,51.88320541381836,-10.421600341796875,0.07038658857345581,55.86643800376042,2,16,0.0625,51.83789825439453,-10.408859252929688,0.046257760375738144,56.61555863521436,-0.7491206314539411,
395341706_62d6eb9590_162_82927779@N00.jpg,51.972897,-9.579411,53.07463836669922,-6.3686370849609375,0.09478967636823654,249.35480884506114,1,182,0.7109375,53.07463836669922,-6.3686370849609375,0.06901483982801437,249.35480884506114,0.0,
395348740_f54327af0a_143_82927779@N00.jpg,52.057986,-9.507952,53.31898498535156,-6.332479953765869,0.012846467085182667,255.8327413289565,4,195,0.76171875,53.31898498535156,-6.332479953765869,0.015660664066672325,255.8327413289565,0.0,
396111553_d5bff35e7d_150_14542551@N00.jpg,47.91939,106.917057,47.928306579589844,106.96495056152344,0.1310945749282837,3.703899644760267,0,0,0.0,47.928306579589844,106.96495056152344,0.1310945749282837,3.703899644760267,0.0,
396549417_fad9a179a9_172_15376845@N00.jpg,41.42252,-72.899608,41.718719482421875,-71.69718170166016,0.05190203711390495,105.31069860077946,1,256,1.0,41.718719482421875,-71.69718170166016,0.050033167004585266,105.31069860077946,0.0,
396678367_0291114a43_151_59615371@N00.jpg,53.353778,-6.25916,53.34581756591797,-6.259324073791504,0.00984928198158741,0.8852280987339142,1,2,0.0078125,53.34581756591797,-6.259324073791504,0.009824438951909542,0.8852280987339142,0.0,
39671445_2db2686472_28_42126397@N00.jpg,45.441826,10.688838,45.76923370361328,11.73741340637207,0.020210277289152145,89.32488295061941,2,218,0.8515625,45.44453430175781,10.99679946899414,0.01643521711230278,24.027879148381906,65.2970038022375,
39671725_bf2c6ff72b_30_42126397@N00.jpg,45.441826,10.688838,46.27760696411133,6.169723987579346,0.07289788126945496,362.0241991313708,3,92,0.359375,46.27760696411133,6.169723987579346,0.08993394672870636,362.0241991313708,0.0,
39672922_1479641b04_30_42126397@N00.jpg,45.444114,10.987873,46.067623138427734,11.121554374694824,0.021252449601888657,70.10255989112135,2,3,0.01171875,46.067623138427734,11.121554374694824,0.021841390058398247,70.10255989112135,0.0,
396750378_8297657f2f_180_59615371@N00.jpg,53.370796,-6.210172,52.024261474609375,-0.7113339900970459,0.011629038490355015,399.5237321634459,1,63,0.24609375,52.024261474609375,-0.7113339900970459,0.014370784163475037,399.5237321634459,0.0,
397259728_b03b741e94_125_16836474@N00.jpg,5.0181,-73.991546,-33.63493728637695,-71.54615783691406,0.030154377222061157,4305.725813956337,0,0,0.0,-33.63493728637695,-71.54615783691406,0.030154377222061157,4305.725813956337,0.0,
397449447_16ca4a4de8_146_93455345@N00.jpg,50.244131,19.0242,53.426002502441406,14.553793907165527,0.00340741197578609,468.3570921009207,0,0,0.0,53.426002502441406,14.553793907165527,0.00340741197578609,468.3570921009207,0.0,
397926166_8b362f9224_135_78221228@N00.jpg,-20.322333,-66.909999,-16.97553825378418,-65.42184448242188,0.09154899418354034,403.8145638942641,1,192,0.75,-16.97553825378418,-65.42184448242188,0.09162833541631699,403.8145638942641,0.0,
397960123_0656d43fc6_159_78221228@N00.jpg,-22.360236,-67.681274,-22.89346694946289,-68.20587158203125,0.09363892674446106,80.09139905679733,0,0,0.0,-22.89346694946289,-68.20587158203125,0.09363892674446106,80.09139905679733,0.0,
398275167_ce6eeeb507_182_44067110@N00.jpg,40.399061,-3.691725,41.72511672973633,1.8270039558410645,0.02666209451854229,485.51601023667143,0,0,0.0,41.72511672973633,1.8270039558410645,0.02666209451854229,485.51601023667143,0.0,
400253350_54346ea97b_167_73293249@N00.jpg,48.853547,2.348188,45.69420623779297,-0.32638099789619446,0.005175527185201645,405.06779711143014,2,188,0.734375,45.69420623779297,-0.32638099789619446,0.004954708740115166,405.06779711143014,0.0,
400773594_d23f44cde8_173_51162504@N00.jpg,43.116272,6.242294,42.95024871826172,10.674527168273926,0.164259135723114,360.6774914174031,0,0,0.0,42.95024871826172,10.674527168273926,0.164259135723114,360.6774914174031,0.0,
400878266_f7a310c842_135_50435419@N00.jpg,41.85326,-87.612276,41.85334777832031,-87.61219024658203,0.22794783115386963,0.01207115178238921,3,76,0.296875,41.85334777832031,-87.61219024658203,0.17733949422836304,0.01207115178238921,0.0,
400879325_4862e414cf_128_50435419@N00.jpg,41.85326,-87.612276,41.85334777832031,-87.61219024658203,0.0708499401807785,0.01207115178238921,2,224,0.875,41.85334777832031,-87.61219024658203,0.050844501703977585,0.01207115178238921,0.0,
400882118_b8d8f4493f_157_50435419@N00.jpg,41.85326,-87.612276,46.2355842590332,6.117904186248779,0.00738616893067956,7045.595559573578,2,192,0.75,46.2355842590332,6.117904186248779,0.007083565462380648,7045.595559573578,0.0,
400913625_fe67c5a0dc_153_36093984@N00.jpg,47.519196,19.080301,41.41400146484375,2.152740001678467,0.005436563398689032,1500.7311824855435,1,8,0.03125,41.41400146484375,2.152740001678467,0.005428562872111797,1500.7311824855435,0.0,
401115297_788182142f_157_33463080@N00.jpg,11.598431,104.902954,11.944279670715332,105.24490356445312,0.02421974204480648,53.52099488692022,0,0,0.0,11.944279670715332,105.24490356445312,0.02421974204480648,53.52099488692022,0.0,
401116473_2242fba708_173_33463080@N00.jpg,11.598431,104.902954,11.944279670715332,105.24490356445312,0.025171369314193726,53.52099488692022,1,256,1.0,11.944279670715332,105.24490356445312,0.029592562466859818,53.52099488692022,0.0,
401211756_19bcbd7518_177_81421684@N00.jpg,40.032806,116.254663,39.997257232666016,116.27122497558594,0.011141619645059109,4.196946688834541,1,256,1.0,39.997257232666016,116.27122497558594,0.011202482506632805,4.196946688834541,0.0,
401258948_02e0bfc8ee_176_33463080@N00.jpg,11.598431,104.902954,11.069254875183105,106.16363525390625,0.027104921638965607,149.51282000714917,2,13,0.05078125,11.069254875183105,106.16363525390625,0.027183257043361664,149.51282000714917,0.0,
401311717_3f8a0ababe_165_33463080@N00.jpg,11.598431,104.902954,14.305971145629883,107.8860855102539,0.014672853983938694,441.72387997883516,11,165,0.64453125,14.305971145629883,107.8860855102539,0.016625843942165375,441.72387997883516,0.0,
401320517_cc2b1a0756_124_33463080@N00.jpg,11.598431,104.902954,15.225144386291504,104.853515625,0.019244400784373283,403.3081236163756,5,144,0.5625,15.225144386291504,104.853515625,0.025492919608950615,403.3081236163756,0.0,
401671038_ce67582596_50_33463080@N00.jpg,13.475105,103.842773,11.604598045349121,103.32860565185547,0.0884927362203598,215.34775762890453,0,0,0.0,11.604598045349121,103.32860565185547,0.0884927362203598,215.34775762890453,0.0,
401843263_d6cd60aed8_129_33463080@N00.jpg,10.780528,106.660423,10.776155471801758,106.70262145996094,0.01006416417658329,4.635051542954163,11,148,0.578125,10.776155471801758,106.70262145996094,0.015395876951515675,4.635051542954163,0.0,
401867232_1dad70220e_169_33463080@N00.jpg,10.780528,106.660423,15.878789901733398,108.33343505859375,0.019131595268845558,595.0797848880961,3,85,0.33203125,15.878789901733398,108.33343505859375,0.01943258009850979,595.0797848880961,0.0,
401885942_28edba0dfb_150_33463080@N00.jpg,10.780528,106.660423,27.57956314086914,85.59029388427734,0.040607891976833344,2886.4967384336937,2,256,1.0,27.57956314086914,85.59029388427734,0.04376478120684624,2886.4967384336937,0.0,
402565630_fae79298f7_133_33463080@N00.jpg,13.756726,100.516662,13.704146385192871,100.50961303710938,0.02560555189847946,5.895965913234206,2,27,0.10546875,13.704146385192871,100.50961303710938,0.025206148624420166,5.895965913234206,0.0,
402584306_8460a0dae7_123_33463080@N00.jpg,13.756726,100.516662,13.74992561340332,100.49130249023438,0.017579860985279083,2.84146581502016,2,48,0.1875,13.74992561340332,100.49130249023438,0.01864911988377571,2.84146581502016,0.0,
403393811_117864677d_139_33463080@N00.jpg,46.862069,-121.69281,46.78622055053711,-121.7353744506836,0.07388319075107574,9.034359873048356,5,48,0.1875,46.78622055053711,-121.7353744506836,0.07433416694402695,9.034359873048356,0.0,
403398451_b578c96fbb_163_33463080@N00.jpg,46.862069,-121.69281,46.78622055053711,-121.7353744506836,0.06887653470039368,9.034359873048356,0,0,0.0,46.78622055053711,-121.7353744506836,0.06887653470039368,9.034359873048356,0.0,
403407246_ba514483bf_128_79039156@N00.jpg,46.326542,9.423437,46.18596267700195,8.753276824951172,0.04506204277276993,53.84346895924437,0,0,0.0,46.18596267700195,8.753276824951172,0.04506204277276993,53.84346895924437,0.0,
403451453_46445a20a3_158_79039156@N00.jpg,49.612489,6.12801,49.89199447631836,10.886807441711426,0.02429133653640747,343.23483834827766,1,208,0.8125,49.89199447631836,10.886807441711426,0.02438768930733204,343.23483834827766,0.0,
403487378_4fc780e6e9_182_33463080@N00.jpg,46.257745,-122.21466,37.40509796142578,-121.80467987060547,0.015862764790654182,984.9527199467689,5,116,0.453125,37.40509796142578,-121.80467987060547,0.025379320606589317,984.9527199467689,0.0,
403862915_d85f780b29_166_33463080@N00.jpg,47.665387,-122.387695,47.675559997558594,-122.3331069946289,0.03776044026017189,4.241082264246609,0,0,0.0,47.675559997558594,-122.3331069946289,0.03776044026017189,4.241082264246609,0.0,
403872817_fdb0bed8e6_128_33463080@N00.jpg,47.665387,-122.387695,47.542293548583984,-121.83919525146484,0.28832143545150757,43.3409262704496,0,0,0.0,47.542293548583984,-121.83919525146484,0.28832143545150757,43.3409262704496,0.0,
403952673_a7e67327c2_163_33463080@N00.jpg,47.665387,-122.387695,59.433998107910156,18.382667541503906,0.019503548741340637,7584.533491335876,1,6,0.0234375,59.433998107910156,18.382667541503906,0.022725440561771393,7584.533491335876,0.0,
403999742_3889431d9c_41_33463080@N00.jpg,42.36108,-71.064376,42.362667083740234,-71.05699920654297,0.011580160818994045,0.6312651114327005,1,3,0.01171875,42.362667083740234,-71.05699920654297,0.01178412139415741,0.6312651114327005,0.0,
404049262_1dc6c3ab8b_145_70323761@N00.jpg,40.780923,-73.973962,65.89366912841797,12.397018432617188,0.010192998684942722,5781.181100837919,1,192,0.75,65.89366912841797,12.397018432617188,0.013951542787253857,5781.181100837919,0.0,
404054491_39964e3edd_180_33463080@N00.jpg,34.057779,-118.249969,20.653499603271484,-103.392333984375,0.007500438950955868,2086.7022018163943,1,50,0.1953125,20.653499603271484,-103.392333984375,0.006230619270354509,2086.7022018163943,0.0,
404055943_8d021138ac_140_33463080@N00.jpg,34.057779,-118.249969,34.050331115722656,-118.25698852539062,0.025350192561745644,1.0507426960903254,5,182,0.7109375,34.050331115722656,-118.25698852539062,0.024901673197746277,1.0507426960903254,0.0,
404134693_d556c60ca9_144_33463080@N00.jpg,52.380629,4.86145,52.38133239746094,4.637332916259766,0.02503877878189087,15.212003328121051,3,91,0.35546875,52.38133239746094,4.637332916259766,0.02177826687693596,15.212003328121051,0.0,
404143618_f1826f7768_149_33463080@N00.jpg,52.380629,4.86145,51.81402587890625,4.659962177276611,0.014822904951870441,64.48925816990061,1,6,0.0234375,51.81402587890625,4.659962177276611,0.011853856034576893,64.48925816990061,0.0,
404483453_130d280a7c_160_33463080@N00.jpg,59.441409,24.739151,59.43812561035156,24.744535446166992,0.03791347146034241,0.47535847265115844,4,150,0.5859375,59.43812561035156,24.744535446166992,0.03759770840406418,0.47535847265115844,0.0,
404548141_96a61a5535_136_33463080@N00.jpg,60.172,24.93124,60.16840744018555,24.952096939086914,0.010828369297087193,1.2208301443578304,2,256,1.0,60.16840744018555,24.952096939086914,0.011223466135561466,1.2208301443578304,0.0,
404553807_d32b519208_159_33463080@N00.jpg,60.172,24.93124,60.1678581237793,24.956066131591797,0.02822517231106758,1.4483517185551757,1,182,0.7109375,60.1678581237793,24.956066131591797,0.028037942945957184,1.4483517185551757,0.0,
407152525_c6f6b1d846_153_89904893@N00.jpg,52.20397,0.11704,52.20625305175781,0.11575300246477127,0.040358882397413254,0.2685862603450678,1,176,0.6875,52.20625305175781,0.11575300246477127,0.04001772776246071,0.2685862603450678,0.0,
407153053_c0da1d29b7_162_89904893@N00.jpg,52.203826,0.115302,52.20625305175781,0.11575300246477127,0.04011356085538864,0.27162052572948947,0,0,0.0,52.20625305175781,0.11575300246477127,0.04011356085538864,0.27162052572948947,0.0,
407208447_31f07104c1_153_7132415@N03.jpg,42.51007,18.665084,42.42713165283203,18.767051696777344,0.11481943726539612,12.449998232544473,0,0,0.0,42.42713165283203,18.767051696777344,0.11481943726539612,12.449998232544473,0.0,
407599611_3709c403d5_149_15632944@N00.jpg,51.112629,17.017478,50.07699966430664,20.0228328704834,0.07222617417573929,241.3520800176031,6,122,0.4765625,50.07699966430664,20.0228328704834,0.08212334662675858,241.3520800176031,0.0,
407643281_025097aa7b_141_81421684@N00.jpg,25.038715,121.56063,25.03499984741211,121.56666564941406,0.01945311948657036,0.7351248354493316,3,216,0.84375,25.03499984741211,121.56666564941406,0.02111840434372425,0.7351248354493316,0.0,
408244065_5d8f41b6a2_162_77392231@N00.jpg,38.896911,-119.961175,39.176490783691406,-120.25044250488281,0.08004654943943024,39.883011164910414,2,208,0.8125,39.176490783691406,-120.25044250488281,0.08231067657470703,39.883011164910414,0.0,
408360718_5f91986dae_129_15376845@N00.jpg,41.336735,-72.91038,40.87737274169922,-73.92716979980469,0.01268050353974104,99.3288227456618,0,0,0.0,40.87737274169922,-73.92716979980469,0.01268050353974104,99.3288227456618,0.0,
409172374_3cf91428b3_145_41894169878@N01.jpg,41.846515,-87.97652,53.832801818847656,9.958751678466797,0.009029924869537354,6833.211534526556,3,209,0.81640625,53.832801818847656,9.958751678466797,0.008090331219136715,6833.211534526556,0.0,
410166767_fdd7e0b2b3_166_26234358@N00.jpg,52.508045,13.367185,56.40361022949219,24.170700073242188,0.005768182221800089,820.4146234167564,1,240,0.9375,56.40361022949219,24.170700073242188,0.005997711792588234,820.4146234167564,0.0,
411064193_b1fd02672b_160_67879480@N00.jpg,53.897056,27.544612,55.046024322509766,39.11338806152344,0.08084062486886978,757.4553448431873,0,0,0.0,55.046024322509766,39.11338806152344,0.08084062486886978,757.4553448431873,0.0,
411469173_4072f72305_175_75452460@N00.jpg,47.457808,13.609313,46.29559326171875,12.136887550354004,0.06645195186138153,170.95193244962311,0,0,0.0,46.29559326171875,12.136887550354004,0.06645195186138153,170.95193244962311,0.0,
411515741_35c3348921_186_75452460@N00.jpg,47.620975,15.167827,43.09519958496094,19.074304580688477,0.018742278218269348,588.3901211115809,0,0,0.0,43.09519958496094,19.074304580688477,0.018742278218269348,588.3901211115809,0.0,
411614093_fce259df22_169_69641014@N00.jpg,42.256475,-70.800704,42.407264709472656,-70.99082946777344,0.043099403381347656,22.92135371592816,0,0,0.0,42.407264709472656,-70.99082946777344,0.043099403381347656,22.92135371592816,0.0,
413428910_59c7033136_155_51306116@N00.jpg,53.342968,-7.053565,52.75282669067383,-7.952803134918213,0.10453124344348907,88.9885419264962,8,22,0.0859375,52.9378776550293,-7.058714866638184,0.11389530450105667,45.045363110537664,43.94317881595853,
41433948_4e31cb107b_27_49503208420@N01.jpg,35.301536,10.708236,35.787601470947266,-5.7932281494140625,0.013718955218791962,1492.1913151046215,4,200,0.78125,35.787601470947266,-5.7932281494140625,0.010353565216064453,1492.1913151046215,0.0,
41469034_79e65099f2_29_40279823@N00.jpg,15.689319,43.58757,15.401389122009277,43.93226623535156,0.12004519999027252,48.873359289547274,3,256,1.0,15.401389122009277,43.93226623535156,0.1975458264350891,48.873359289547274,0.0,
414812778_6224dc1057_178_7132415@N03.jpg,-25.585801,130.547103,-33.65773010253906,117.09957122802734,0.02838808111846447,1577.2976906338304,1,16,0.0625,-33.65773010253906,117.09957122802734,0.03703398257493973,1577.2976906338304,0.0,
414974678_e4488e31bf_124_7132415@N03.jpg,13.367241,103.849983,17.753135681152344,102.7876968383789,0.02994377166032791,500.7815824862594,2,66,0.2578125,17.753135681152344,102.7876968383789,0.035416554659605026,500.7815824862594,0.0,
414977000_2479077a9b_179_7132415@N03.jpg,13.367241,103.849983,13.598333358764648,103.96282958984375,0.02858182042837143,28.44633714816498,1,256,1.0,13.598333358764648,103.96282958984375,0.026976030319929123,28.44633714816498,0.0,
414978071_65f3e458f8_128_7132415@N03.jpg,11.567489,104.934539,18.841861724853516,98.90853118896484,0.051188983023166656,1035.2127069014907,2,64,0.25,18.841861724853516,98.90853118896484,0.04094584658741951,1035.2127069014907,0.0,
415005347_2f1a541aef_183_7132415@N03.jpg,-22.437686,166.788253,6.7071027755737305,116.32066345214844,0.28682366013526917,6375.391777154026,0,0,0.0,6.7071027755737305,116.32066345214844,0.28682366013526917,6375.391777154026,0.0,
415045123_4d01c9bb20_123_7132415@N03.jpg,-23.295594,151.713638,25.486858367919922,-76.6329345703125,0.022879233583807945,15139.705364772388,1,56,0.21875,25.486858367919922,-76.6329345703125,0.021945316344499588,15139.705364772388,0.0,
415046047_fa51ca8089_160_7132415@N03.jpg,-23.295594,151.713638,4.453700065612793,73.71710205078125,0.05994854122400284,8985.540882611438,1,35,0.13671875,4.453700065612793,73.71710205078125,0.06564688682556152,8985.540882611438,0.0,
415046337_0856caef51_155_7132415@N03.jpg,-23.295594,151.713638,25.073781967163086,-80.42558288574219,0.005771887023001909,14755.800520222809,1,12,0.046875,-0.49695301055908203,-90.34486389160156,0.007630698382854462,12817.737035606973,1938.0634846158355,
415057163_dcc31908f6_177_7132415@N03.jpg,20.97819,-89.616422,22.905609130859375,-82.430419921875,0.03319476544857025,771.4172585306436,1,54,0.2109375,22.905609130859375,-82.430419921875,0.03506936505436897,771.4172585306436,0.0,
415062733_75ab009866_164_7132415@N03.jpg,20.853357,-90.37568,-12.83751392364502,-69.29596710205078,0.01697138138115406,4397.755964100882,1,96,0.375,22.43387794494629,80.56600189208984,0.014847966842353344,15102.508155260814,-10704.752191159932,
415064230_01920481a6_161_7132415@N03.jpg,20.853357,-90.37568,20.287317276000977,-87.37770080566406,0.03729470446705818,318.38314393928187,4,168,0.65625,20.287317276000977,-87.37770080566406,0.03632236644625664,318.38314393928187,0.0,
415068190_31002b539d_185_7132415@N03.jpg,20.597436,-88.555812,20.892175674438477,-88.14399719238281,0.069928377866745,53.925036374469265,1,135,0.52734375,20.892175674438477,-88.14399719238281,0.06668341904878616,53.925036374469265,0.0,
415074405_144561accb_55_7132415@N03.jpg,20.597436,-88.555812,23.01970863342285,-99.09358978271484,0.060220908373594284,1120.4117340607881,1,256,1.0,23.01970863342285,-99.09358978271484,0.06662614643573761,1120.4117340607881,0.0,
415346047_cc5bdef73a_184_7132415@N03.jpg,27.566721,29.132995,30.15818977355957,34.87335205078125,0.08946031332015991,628.7808578712411,2,24,0.09375,30.15818977355957,34.87335205078125,0.1006840243935585,628.7808578712411,0.0,
415403604_1e27c81dae_166_7132415@N03.jpg,25.715786,32.621154,24.977657318115234,32.87337875366211,0.012986547313630581,85.900715689925,0,0,0.0,24.977657318115234,32.87337875366211,0.012986547313630581,85.900715689925,0.0,
415440980_1ccbc27740_166_7132415@N03.jpg,24.134221,32.923278,26.54422950744629,13.102993965148926,0.07931648939847946,2007.7599878491405,6,119,0.46484375,31.066444396972656,-4.00260591506958,0.08554788678884506,3701.8178643707365,-1694.057876521596,
415469569_fd70820aff_149_7132415@N03.jpg,28.07198,34.072036,28.479555130004883,33.94981384277344,0.042010363191366196,46.87415468120868,0,0,0.0,28.479555130004883,33.94981384277344,0.042010363191366196,46.87415468120868,0.0,
415508401_d0d580d010_174_7132415@N03.jpg,30.312727,35.431251,-33.833309173583984,150.04193115234375,0.053715985268354416,13946.759734604813,1,256,1.0,-33.833309173583984,150.04193115234375,0.07452020049095154,13946.759734604813,0.0,
415509863_2bc4e21172_131_7132415@N03.jpg,30.312727,35.431251,30.323989868164062,35.45167922973633,0.0685184970498085,2.3266680328664227,0,0,0.0,30.323989868164062,35.45167922973633,0.0685184970498085,2.3266680328664227,0.0,
415697312_c721b9a7d0_151_7132415@N03.jpg,33.795126,37.692718,34.15670394897461,37.61263656616211,0.10808934271335602,40.87818780599721,1,15,0.05859375,34.15670394897461,37.61263656616211,0.11993375420570374,40.87818780599721,0.0,
415712874_2b934c03c0_179_7132415@N03.jpg,39.529598,26.943111,40.24165344238281,9.49206256866455,0.06880336999893188,1488.6725871478568,0,0,0.0,40.24165344238281,9.49206256866455,0.06880336999893188,1488.6725871478568,0.0,
415718135_8d7e3025de_161_7132415@N03.jpg,39.529598,26.943111,38.642215728759766,-77.2264175415039,0.004606251139193773,8397.84998546282,1,224,0.875,38.642215728759766,-77.2264175415039,0.004887945018708706,8397.84998546282,0.0,
415731609_12a9db13d9_180_7132415@N03.jpg,59.33459,18.040924,59.32602310180664,18.071285247802734,0.011728874407708645,1.9679835684560554,1,65,0.25390625,59.32602310180664,18.071285247802734,0.01180720329284668,1.9679835684560554,0.0,
415760052_d7c43c92b0_167_7132415@N03.jpg,39.762102,19.99134,51.92901611328125,-8.570623397827148,0.02217395044863224,2568.1333817076847,3,60,0.234375,51.92901611328125,-8.570623397827148,0.023118574172258377,2568.1333817076847,0.0,
415783781_bd1b95d9be_174_26234358@N00.jpg,52.441296,13.317832,38.694881439208984,-9.208785057067871,0.008662395179271698,2308.7051938507234,1,256,1.0,38.694881439208984,-9.208785057067871,0.007863854058086872,2308.7051938507234,0.0,
415786456_739883cafb_147_7132415@N03.jpg,59.940567,30.320892,59.939491271972656,30.3153133392334,0.03980915993452072,0.3329504936512208,1,196,0.765625,59.939491271972656,30.3153133392334,0.03816042095422745,0.3329504936512208,0.0,
415786905_a277876dbb_170_7132415@N03.jpg,59.940567,30.320892,59.9405403137207,30.313461303710938,0.044756658375263214,0.4138812675419144,1,6,0.0234375,59.9405403137207,30.313461303710938,0.044310566037893295,0.4138812675419144,0.0,
415792220_fe048f88d1_130_7132415@N03.jpg,55.751849,37.621994,55.75373458862305,37.62100601196289,0.029089901596307755,0.21859340014861692,0,0,0.0,55.75373458862305,37.62100601196289,0.029089901596307755,0.21859340014861692,0.0,
415821856_2544cd01d4_170_7132415@N03.jpg,20.736208,106.878433,13.7144136428833,101.21802520751953,0.008293808437883854,985.1084366067766,0,0,0.0,13.7144136428833,101.21802520751953,0.008293808437883854,985.1084366067766,0.0,
415840874_3c499a1a01_174_7132415@N03.jpg,37.759451,-122.458591,37.80003356933594,-122.4124755859375,0.012794718146324158,6.065408315334425,2,50,0.1953125,37.79925537109375,-122.41487121582031,0.013169098645448685,5.86119383988892,0.20421447544550464,
415861843_ad02dfce92_188_7132415@N03.jpg,59.940567,30.320892,37.82743835449219,-122.42271423339844,0.032832469791173935,8860.372764302825,0,0,0.0,37.82743835449219,-122.42271423339844,0.032832469791173935,8860.372764302825,0.0,
415875544_b4158ecad9_150_7132415@N03.jpg,60.168371,24.931325,60.1678581237793,24.956066131591797,0.0252672228962183,1.3697372014106464,1,224,0.875,60.1678581237793,24.956066131591797,0.02522166259586811,1.3697372014106464,0.0,
415893081_d2e558da28_165_7132415@N03.jpg,51.503132,-0.126256,51.50034713745117,-0.1261489987373352,0.006464267149567604,0.30975157371903056,3,256,1.0,51.50034713745117,-0.1261489987373352,0.006784865632653236,0.30975157371903056,0.0,
415907991_e0adffd478_179_7132415@N03.jpg,49.297703,-123.130474,49.29192352294922,-123.12031555175781,0.011061128228902817,0.977587827156051,4,101,0.39453125,49.29192352294922,-123.12031555175781,0.013071867637336254,0.977587827156051,0.0,
415926211_d326159028_168_7132415@N03.jpg,47.651238,-122.351238,54.51647186279297,36.24962615966797,0.01655704341828823,8478.329788968693,2,240,0.9375,54.51647186279297,36.24962615966797,0.018219677731394768,8478.329788968693,0.0,
417810588_98d2542c95_126_90672364@N00.jpg,5.548842,-0.187625,16.58667755126953,-22.928037643432617,0.036332450807094574,2764.118672969097,1,16,0.0625,16.58667755126953,-22.928037643432617,0.03735861927270889,2764.118672969097,0.0,
418855768_f7eab89a7d_168_69641014@N00.jpg,42.393037,-71.105811,42.34183883666992,-71.24290466308594,0.013585969805717468,12.619992626719664,1,16,0.0625,42.34183883666992,-71.24290466308594,0.011904947459697723,12.619992626719664,0.0,
419377496_713a56555f_171_93455345@N00.jpg,50.067717,19.923706,48.63609313964844,-1.5111249685287476,0.006270644720643759,1555.3301394348025,1,192,0.75,48.63609313964844,-1.5111249685287476,0.005800872575491667,1555.3301394348025,0.0,
41994609_edf08a01c0_27_88483799@N00.jpg,37.75068,-92.124073,46.16437530517578,-94.39778900146484,0.09530981630086899,954.1508483291877,8,162,0.6328125,46.16437530517578,-94.39778900146484,0.11581230908632278,954.1508483291877,0.0,
41995106_555072b155_33_88483799@N00.jpg,37.684109,-92.155337,38.53943634033203,-85.7679443359375,0.01141261961311102,566.7401511300232,1,256,1.0,38.53943634033203,-85.7679443359375,0.01734609156847,566.7401511300232,0.0,
419953587_1e3ee522d2_173_50994135@N00.jpg,55.601675,-2.74332,55.59934997558594,-2.7177560329437256,0.07594507187604904,1.6266236314708802,1,256,1.0,55.59934997558594,-2.7177560329437256,0.08282217383384705,1.6266236314708802,0.0,
42016528_d82af4c574_28_88483799@N00.jpg,37.692853,-92.166409,31.25791358947754,-95.9910659790039,0.06936830282211304,796.6022360554251,0,0,0.0,31.25791358947754,-95.9910659790039,0.06936830282211304,796.6022360554251,0.0,
420473000_f4ab62badd_162_81421684@N00.jpg,39.908616,116.44937,53.53306198120117,-2.103238105773926,0.0009364113793708384,8079.474462877406,1,195,0.76171875,53.4449462890625,-2.2263050079345703,0.0011700179893523455,8092.162994197753,-12.688531320346556,
422465568_11d068900d_155_73293249@N00.jpg,46.053876,7.189828,45.41682815551758,6.63333797454834,0.13310487568378448,82.96444824654083,0,0,0.0,45.41682815551758,6.63333797454834,0.13310487568378448,82.96444824654083,0.0,
423989563_d47f33b587_171_81421684@N00.jpg,39.981773,116.384353,39.997257232666016,116.27122497558594,0.019092844799160957,9.790353897135306,0,0,0.0,39.997257232666016,116.27122497558594,0.019092844799160957,9.790353897135306,0.0,
424106870_3e2fb931de_181_7369430@N02.jpg,38.317434,-84.304103,43.6479377746582,-80.67913055419922,0.04642266407608986,666.095624030927,1,32,0.125,43.6479377746582,-80.67913055419922,0.05674344673752785,666.095624030927,0.0,
424323990_099c13d876_165_24311489@N00.jpg,41.939637,-87.653367,40.70269775390625,-73.81661987304688,0.014126954600214958,1162.3672857005306,1,30,0.1171875,40.70269775390625,-73.81661987304688,0.014068899676203728,1162.3672857005306,0.0,
424350157_4e2c68df61_165_37718182@N00.jpg,41.39166,2.164902,41.39445114135742,2.1625900268554688,0.014150205999612808,0.3654021520541572,1,256,1.0,41.39445114135742,2.1625900268554688,0.014162709936499596,0.3654021520541572,0.0,
424436074_4849db66d7_181_11114422@N00.jpg,51.27967,1.08306,51.06170654296875,-1.3137240409851074,0.01977463811635971,168.84338180229432,1,10,0.0390625,51.06170654296875,-1.3137240409851074,0.020518088713288307,168.84338180229432,0.0,
424492065_4694ab1f52_188_7369430@N02.jpg,38.73318,-84.098217,42.70219039916992,-72.7391128540039,0.01973464898765087,1052.9914282372165,0,0,0.0,42.70219039916992,-72.7391128540039,0.01973464898765087,1052.9914282372165,0.0,
424499251_a3f009a34b_147_72526577@N00.jpg,6.718483,-1.60263,7.256868839263916,0.6149100065231323,0.02982255257666111,251.96219540656594,1,6,0.0234375,7.256868839263916,0.6149100065231323,0.03137655928730965,251.96219540656594,0.0,
42455288_b8eb44eecf_30_20194767@N00.jpg,43.773983,11.246041,38.980865478515625,1.2962950468063354,0.04973553121089935,985.4777404410064,5,188,0.734375,38.980865478515625,1.2962950468063354,0.0487104170024395,985.4777404410064,0.0,
425709005_56135f412c_171_88483799@N00.jpg,39.470336,-76.60195,41.40024185180664,-74.08252716064453,0.08717861771583557,302.493347368041,1,6,0.0234375,41.40024185180664,-74.08252716064453,0.07275399565696716,302.493347368041,0.0,
425858671_cefc6e690a_186_26234358@N00.jpg,52.51004,13.387259,41.881065368652344,-87.62489318847656,0.0015946434577926993,7082.595758562906,0,0,0.0,41.881065368652344,-87.62489318847656,0.0015946434577926993,7082.595758562906,0.0,
425872117_1273254c77_178_26234358@N00.jpg,52.51004,13.387259,50.47609329223633,3.650099992752075,0.006369634531438351,710.3778241600347,1,66,0.2578125,50.47609329223633,3.650099992752075,0.006607723888009787,710.3778241600347,0.0,
425947697_ecb480e925_157_15376845@N00.jpg,41.142337,-73.236408,61.00666809082031,-149.6941680908203,0.008183388039469719,5407.138632281206,0,0,0.0,61.00666809082031,-149.6941680908203,0.008183388039469719,5407.138632281206,0.0,
426085154_a9c91aef21_156_41894197861@N01.jpg,40.398463,-3.655872,45.763240814208984,4.821516990661621,0.009663548320531845,910.0696874059079,0,0,0.0,45.763240814208984,4.821516990661621,0.009663548320531845,910.0696874059079,0.0,
426085717_bca86b79f3_177_41894197861@N01.jpg,40.398463,-3.655872,40.3985595703125,-3.655872106552124,0.03215952217578888,0.010738147437834846,1,80,0.3125,40.3985595703125,-3.655872106552124,0.03571917489171028,0.010738147437834846,0.0,
427116407_e64c8f1e4c_173_84752760@N00.jpg,41.401149,2.163276,41.40311813354492,2.174160957336426,0.020351745188236237,0.933900611902855,1,256,1.0,41.40311813354492,2.174160957336426,0.019531287252902985,0.933900611902855,0.0,
427188604_bddd977c1d_162_84752760@N00.jpg,41.401149,2.163276,39.8281135559082,-86.18392181396484,0.001596360350959003,7103.614378289393,0,0,0.0,39.8281135559082,-86.18392181396484,0.001596360350959003,7103.614378289393,0.0,
427847150_daadd6d6c4_145_77392231@N00.jpg,30.248279,-97.751669,30.263795852661133,-97.7476806640625,0.010141217149794102,1.7674111421654972,4,70,0.2734375,30.263795852661133,-97.7476806640625,0.010652516037225723,1.7674111421654972,0.0,
427848165_7560318c4f_180_77392231@N00.jpg,30.248279,-97.751669,30.264404296875,-97.73899841308594,0.02857368066906929,2.1670474393532597,5,93,0.36328125,30.264404296875,-97.73899841308594,0.02806071937084198,2.1670474393532597,0.0,
428812020_632dc6e587_150_16836474@N00.jpg,10.541652,-66.929054,-33.02821350097656,-71.54058837890625,0.04104357957839966,4869.369687217404,2,36,0.140625,-33.02821350097656,-71.54058837890625,0.03666716441512108,4869.369687217404,0.0,
428897203_e00f8b8f7a_186_16836474@N00.jpg,10.541652,-66.929054,18.831727981567383,-99.68358612060547,0.0402899831533432,3635.046310108281,8,120,0.46875,18.831727981567383,-99.68358612060547,0.035342007875442505,3635.046310108281,0.0,
429264860_b4657f8497_158_23601949@N00.jpg,35.759746,-79.353733,37.33432388305664,-122.11277770996094,0.02312651462852955,3790.9035993655893,3,192,0.75,37.33432388305664,-122.11277770996094,0.021292494609951973,3790.9035993655893,0.0,
42939631_97976623d7_26_73293249@N00.jpg,46.112958,7.495497,46.80139923095703,8.461099624633789,0.05736854299902916,106.44652407163856,1,9,0.03515625,46.80139923095703,8.461099624633789,0.0695270448923111,106.44652407163856,0.0,
42946027_f9b33e87a9_27_73293249@N00.jpg,46.112958,7.495497,46.25213623046875,9.643763542175293,0.03213656693696976,166.10665769382695,2,16,0.0625,46.245357513427734,9.591964721679688,0.03174411877989769,162.0766492565767,4.030008437250245,
42949176_d04d322348_29_73293249@N00.jpg,46.112958,7.495497,46.024139404296875,7.7484002113342285,0.028087008744478226,21.867905499315306,1,256,1.0,46.024139404296875,7.7484002113342285,0.028821662068367004,21.867905499315306,0.0,
431184149_e09c02b183_176_40829484@N00.jpg,41.383377,2.175121,40.41878128051758,-3.6931650638580322,0.006327030248939991,504.6241418913498,4,147,0.57421875,40.41878128051758,-3.6931650638580322,0.0057889423333108425,504.6241418913498,0.0,
431569092_30f0ea1eb8_167_36093984@N00.jpg,43.786183,-99.338507,-31.886795043945312,117.70472717285156,0.006908189970999956,16538.889080787852,1,224,0.875,38.6379508972168,-119.92866516113281,0.00793563574552536,1809.3336787651501,14729.555402022703,
431956435_bbc114ed98_147_37718182@N00.jpg,41.383683,2.174879,39.46025085449219,-5.881525993347168,0.02077668160200119,714.4156302660592,1,12,0.046875,39.46025085449219,-5.881525993347168,0.020254088565707207,714.4156302660592,0.0,
433381873_fe8cb53049_178_97324495@N00.jpg,35.562329,139.714505,38.260826110839844,140.8896942138672,0.006781418342143297,317.7214505531179,0,0,0.0,38.260826110839844,140.8896942138672,0.006781418342143297,317.7214505531179,0.0,
433481591_0cdfc81b16_157_81421684@N00.jpg,40.42962,116.56597,40.354000091552734,116.00738525390625,0.05260197073221207,48.0477258430742,1,192,0.75,40.354000091552734,116.00738525390625,0.05320616438984871,48.0477258430742,0.0,
43350357_a9b124842f_27_73293249@N00.jpg,47.113034,7.08132,46.27806854248047,6.166461944580078,0.028133094310760498,116.13692423549516,9,198,0.7734375,46.27806854248047,6.166461944580078,0.02156376652419567,116.13692423549516,0.0,
433775183_3346bee4fb_159_24311489@N00.jpg,41.940467,-87.645449,38.9698486328125,-95.23506164550781,0.0011764154769480228,721.7526218006324,0,0,0.0,38.9698486328125,-95.23506164550781,0.0011764154769480228,721.7526218006324,0.0,
433914590_4c9682f67b_82_7218593@N05.jpg,48.859745,2.294232,48.86598205566406,2.319998025894165,0.010290204547345638,2.008360728004929,0,0,0.0,48.86598205566406,2.319998025894165,0.010290204547345638,2.008360728004929,0.0,
433927017_7bc6f776c4_165_7218593@N05.jpg,50.717927,4.399681,49.347618103027344,-0.755702018737793,0.0035077505744993687,398.3990117065413,0,0,0.0,49.347618103027344,-0.755702018737793,0.0035077505744993687,398.3990117065413,0.0,
433978977_3eb375eb48_157_30571787@N00.jpg,41.797055,13.216295,41.793182373046875,13.219598770141602,0.12075523287057877,0.5103351253286625,5,237,0.92578125,41.793182373046875,13.219598770141602,0.12105351686477661,0.5103351253286625,0.0,
433981376_acdbff7ec3_171_30571787@N00.jpg,41.797055,13.216295,41.793182373046875,13.219598770141602,0.13458801805973053,0.5103351253286625,3,226,0.8828125,41.793182373046875,13.219598770141602,0.13627678155899048,0.5103351253286625,0.0,
433992194_93c940c5d6_178_7218593@N05.jpg,35.828739,10.632877,20.627321243286133,-87.07077026367188,0.07011175900697708,9340.561565997417,0,0,0.0,20.627321243286133,-87.07077026367188,0.07011175900697708,9340.561565997417,0.0,
434224760_e86f7300d1_165_97522422@N00.jpg,30.65209,30.50354,29.972780227661133,31.13267707824707,0.03364020958542824,96.71025828709023,1,99,0.38671875,29.972780227661133,31.13267707824707,0.03989239037036896,96.71025828709023,0.0,
43534684_03d573d751_25_88483799@N00.jpg,39.199868,-76.59316,46.16437530517578,-94.39778900146484,0.04449073597788811,1643.400098826385,6,190,0.7421875,46.16437530517578,-94.39778900146484,0.04233678802847862,1643.400098826385,0.0,
43536218_8efc9de145_30_88483799@N00.jpg,38.103714,-77.290792,37.3955192565918,-76.93888092041016,0.01451796293258667,84.6078504318138,1,49,0.19140625,37.3955192565918,-76.93888092041016,0.02646367810666561,84.6078504318138,0.0,
435635106_e8a672cd91_185_40829484@N00.jpg,41.383377,2.175121,41.387081146240234,2.1704859733581543,0.005075117573142052,0.564956656962429,3,8,0.03125,41.387081146240234,2.1704859733581543,0.005089470185339451,0.564956656962429,0.0,
435909209_ecc6ded6b1_173_7132415@N03.jpg,47.619702,-122.509918,42.935333251953125,-70.32616424560547,0.07834284007549286,4038.3514838872734,2,43,0.16796875,42.935333251953125,-70.32616424560547,0.0710434541106224,4038.3514838872734,0.0,
436259306_d380854cc3_148_99746029@N00.jpg,39.937908,116.398086,39.90657424926758,116.38984680175781,0.01244383305311203,3.5542978785708437,9,113,0.44140625,39.90483856201172,116.3908462524414,0.012169243767857552,3.728628721647979,-0.17433084307713553,
436260212_2518f3f234_169_99746029@N00.jpg,39.937908,116.398086,30.7821044921875,106.10870361328125,0.0021358674857765436,1379.0101627913994,3,256,1.0,30.7821044921875,106.10870361328125,0.0023244807962328196,1379.0101627913994,0.0,
436265366_28f2ff6feb_153_99746029@N00.jpg,39.937908,116.398086,34.264095306396484,108.929443359375,0.01058670412749052,914.0911552576922,5,73,0.28515625,34.264095306396484,108.929443359375,0.010664982721209526,914.0911552576922,0.0,
436284944_9eb0f385eb_185_99746029@N00.jpg,39.937908,116.398086,39.91625213623047,116.39019012451172,0.018317319452762604,2.500381580998792,3,24,0.09375,39.91625213623047,116.39019012451172,0.01775488629937172,2.500381580998792,0.0,
436287038_44ea89f15e_150_99746029@N00.jpg,39.937908,116.398086,28.38173484802246,100.283203125,0.05599861219525337,1956.3600819283129,1,60,0.234375,28.38173484802246,100.283203125,0.045622337609529495,1956.3600819283129,0.0,
436350996_bde074b731_167_99746029@N00.jpg,39.937908,116.398086,39.997257232666016,116.27122497558594,0.023732099682092667,12.666225646186685,1,90,0.3515625,39.997257232666016,116.27122497558594,0.021926645189523697,12.666225646186685,0.0,
436354817_43614ae774_157_99746029@N00.jpg,39.937908,116.398086,29.82912826538086,118.26507568359375,0.05140693113207817,1136.7919455538306,0,0,0.0,29.82912826538086,118.26507568359375,0.05140693113207817,1136.7919455538306,0.0,
436356710_465d718561_162_99746029@N00.jpg,39.937908,116.398086,39.98446273803711,116.49072265625,0.1072535365819931,9.441062885111489,0,0,0.0,39.98446273803711,116.49072265625,0.1072535365819931,9.441062885111489,0.0,
437098589_e4119f6e07_170_15376845@N00.jpg,41.296832,-72.945699,40.79285430908203,-73.83903503417969,0.008199095726013184,93.55726375677956,0,0,0.0,40.79285430908203,-73.83903503417969,0.008199095726013184,93.55726375677956,0.0,
437239606_da01d43612_171_75653366@N00.jpg,49.283322,-123.120174,49.28350067138672,-123.11599731445312,0.002539867302402854,0.3036047004183622,0,0,0.0,49.28350067138672,-123.11599731445312,0.002539867302402854,0.3036047004183622,0.0,
43778509_e2809ea560_31_88483799@N00.jpg,38.5605,-75.0571,35.74300003051758,-78.670166015625,0.005044335965067148,447.9069073410271,1,50,0.1953125,42.533668518066406,-71.50199890136719,0.003576083807274699,534.1232288973282,-86.21632155630112,
43779838_1ef2e1f024_30_88483799@N00.jpg,38.5605,-75.0571,36.16902542114258,-75.74579620361328,0.0385555699467659,272.79398412114074,3,256,1.0,36.16902542114258,-75.74579620361328,0.04090622067451477,272.79398412114074,0.0,
43779993_2d87a8b035_31_88483799@N00.jpg,38.5605,-75.0571,36.16902542114258,-75.74579620361328,0.04233280569314957,272.79398412114074,1,28,0.109375,36.16902542114258,-75.74579620361328,0.04335783049464226,272.79398412114074,0.0,
437990811_63802e5dc8_181_36887937@N00.jpg,55.652922,12.078955,52.25465774536133,5.379008769989014,0.01421873364597559,578.3166690502383,1,24,0.09375,52.25465774536133,5.379008769989014,0.015307292342185974,578.3166690502383,0.0,
438001291_52c109c482_148_36887937@N00.jpg,55.6796,12.572277,44.929927825927734,2.4461309909820557,0.005847268737852573,1391.7731052693177,2,240,0.9375,44.929927825927734,2.4461309909820557,0.006481803022325039,1391.7731052693177,0.0,
438540277_bbdf361cff_169_99746029@N00.jpg,39.937908,116.398086,40.354000091552734,116.00738525390625,0.09155929833650589,56.951545654655014,0,0,0.0,40.354000091552734,116.00738525390625,0.09155929833650589,56.951545654655014,0.0,
438544715_8ea5b5ecee_187_99746029@N00.jpg,39.937908,116.398086,39.73981475830078,116.13658142089844,0.01428999938070774,31.364078778923666,0,0,0.0,39.73981475830078,116.13658142089844,0.01428999938070774,31.364078778923666,0.0,
438551178_355180ad8c_183_99746029@N00.jpg,39.937908,116.398086,25.60650062561035,100.26766967773438,0.03926187381148338,2186.9656820216055,3,83,0.32421875,25.60650062561035,100.26766967773438,0.03167242184281349,2186.9656820216055,0.0,
438918637_e3fd393ec0_181_91728102@N00.jpg,24.44418,118.061399,24.447540283203125,118.06439971923828,0.05682515725493431,0.48153707838612914,0,0,0.0,24.447540283203125,118.06439971923828,0.05682515725493431,0.48153707838612914,0.0,
438920827_41883bbff8_169_91728102@N00.jpg,24.44418,118.061399,31.337404251098633,120.57942962646484,0.02162625640630722,805.3655072820554,5,107,0.41796875,31.337404251098633,120.57942962646484,0.021036898717284203,805.3655072820554,0.0,
439122092_2b54f8507e_180_91728102@N00.jpg,30.246314,120.101766,30.25343132019043,120.11627197265625,0.02025368995964527,1.60243243477075,2,120,0.46875,30.25343132019043,120.11627197265625,0.017064714804291725,1.60243243477075,0.0,
439132878_6d9527a635_171_91728102@N00.jpg,30.191208,120.083742,35.01540756225586,135.67367553710938,0.011319371871650219,1553.6249744644012,1,256,1.0,35.01540756225586,135.67367553710938,0.014481602236628532,1553.6249744644012,0.0,
439657667_ac2fbba41b_164_91728102@N00.jpg,31.730503,119.29985,37.20305633544922,112.1759033203125,0.08223232626914978,892.1125488881661,1,176,0.6875,37.20305633544922,112.1759033203125,0.11736523360013962,892.1125488881661,0.0,
441023151_313bee38e8_207_91548597@N00.jpg,53.04369,-2.987895,51.46479034423828,-3.164513111114502,0.00254219607450068,175.97685923847789,0,0,0.0,51.46479034423828,-3.164513111114502,0.00254219607450068,175.97685923847789,0.0,
441139350_7494903cb7_207_50994135@N00.jpg,49.28953,-123.144979,49.29767608642578,-123.1312255859375,0.020359331741929054,1.3473201899066996,0,0,0.0,49.29767608642578,-123.1312255859375,0.020359331741929054,1.3473201899066996,0.0,
441148048_519a89d922_191_50994135@N00.jpg,49.28953,-123.144979,33.733367919921875,-118.24112701416016,0.01990027353167534,1776.3260363902832,0,0,0.0,33.733367919921875,-118.24112701416016,0.01990027353167534,1776.3260363902832,0.0,
441875911_04f2426a19_178_26519935@N00.jpg,26.023159,119.256162,29.688051223754883,111.796875,0.013864126056432724,838.6519099416245,3,132,0.515625,29.688051223754883,111.796875,0.013110341504216194,838.6519099416245,0.0,
441896649_dab38fd589_203_26519935@N00.jpg,26.075595,119.277105,21.033397674560547,105.8364486694336,0.008387229405343533,1479.186398729423,4,187,0.73046875,21.032012939453125,105.83955383300781,0.011875919997692108,1478.958723333706,0.22767539571691486,
441941036_0bb3775891_190_26519935@N00.jpg,26.075595,119.277105,31.337404251098633,120.57942962646484,0.012084193527698517,598.6968069904151,2,96,0.375,31.337404251098633,120.57942962646484,0.012061556801199913,598.6968069904151,0.0,
441996150_0c59dc045b_203_26519935@N00.jpg,26.031103,119.270153,29.52092742919922,106.5123062133789,0.06584224104881287,1312.8894185928987,0,0,0.0,29.52092742919922,106.5123062133789,0.06584224104881287,1312.8894185928987,0.0,
442162296_7de07c2f1e_204_7571568@N05.jpg,37.782383,-122.42031,59.270774841308594,15.214278221130371,0.011351962573826313,8540.436722531804,2,54,0.2109375,59.270774841308594,15.214278221130371,0.011187090538442135,8540.436722531804,0.0,
442178011_e91d21debd_182_7571568@N05.jpg,37.782383,-122.42031,41.88161087036133,-87.63656616210938,0.007809528149664402,2984.1258513757243,1,256,1.0,41.88161087036133,-87.63656616210938,0.007521236315369606,2984.1258513757243,0.0,
442240336_de0dee463b_205_7571568@N05.jpg,37.782383,-122.42031,37.794334411621094,-122.40233612060547,0.005955929402261972,2.0641619903664026,2,93,0.36328125,37.79338455200195,-122.40235900878906,0.006175340618938208,1.996216069194816,0.06794592117158649,
442280567_200561837b_174_7571568@N05.jpg,37.782383,-122.42031,45.519073486328125,-122.7076187133789,0.026784850284457207,860.6113511169441,0,0,0.0,45.519073486328125,-122.7076187133789,0.026784850284457207,860.6113511169441,0.0,
442285746_8884bc2646_182_7571568@N05.jpg,37.782383,-122.42031,37.770198822021484,-122.4695816040039,0.015240990556776524,4.537445519217177,1,208,0.8125,37.770198822021484,-122.4695816040039,0.016355952247977257,4.537445519217177,0.0,
442327219_5831b0de66_167_7571568@N05.jpg,37.782383,-122.42031,36.11726760864258,-115.17229461669922,0.0021038095001131296,669.9562328931823,4,204,0.796875,36.11726760864258,-115.17229461669922,0.0020003782119601965,669.9562328931823,0.0,
442331110_6524e481bb_184_89904893@N00.jpg,51.751736,-1.261968,50.75144577026367,-2.2959699630737305,0.023431643843650818,132.47437596470377,6,102,0.3984375,50.75144577026367,-2.2959699630737305,0.022529369220137596,132.47437596470377,0.0,
442340683_08e8493b2a_200_65367662@N00.jpg,37.300163,-121.77647,45.27778625488281,12.054887771606445,0.0063058678060770035,9734.000788207459,2,256,1.0,45.27778625488281,12.054887771606445,0.00687097804620862,9734.000788207459,0.0,
442785591_64258cb285_177_96019796@N00.jpg,51.644335,-2.677059,51.76948547363281,-2.853611946105957,0.046563345938920975,18.483994563738882,0,0,0.0,51.76948547363281,-2.853611946105957,0.046563345938920975,18.483994563738882,0.0,
442862431_19a71816b5_188_96019796@N00.jpg,51.819486,-3.017582,53.143333435058594,-4.276514053344727,0.01775175705552101,170.10474975683996,1,42,0.1640625,48.35590744018555,-1.200942039489746,0.0157511867582798,406.32184772344664,-236.21709796660667,
44412611_74b61d22b4_31_98908999@N00.jpg,48.849016,2.356567,48.85916519165039,2.3504509925842285,0.005250213202089071,1.2140155656352989,1,256,1.0,48.86064910888672,2.350044012069702,0.00550476647913456,1.3787734285538247,-0.1647578629185258,
444317676_4ca73e34e1_222_44067110@N00.jpg,51.754266,-1.256191,52.09196090698242,5.1198320388793945,0.004720933269709349,438.70883073790424,0,0,0.0,52.09196090698242,5.1198320388793945,0.004720933269709349,438.70883073790424,0.0,
444626020_06352815e2_168_99746029@N00.jpg,39.937908,116.398086,24.93366813659668,121.37059783935547,0.010649940930306911,1731.6234963355732,4,55,0.21484375,24.93366813659668,121.37059783935547,0.01423448882997036,1731.6234963355732,0.0,
444628260_d2a3683540_175_99746029@N00.jpg,39.937908,116.398086,39.91625213623047,116.39019012451172,0.0216072965413332,2.500381580998792,1,15,0.05859375,39.91625213623047,116.39019012451172,0.02117263898253441,2.500381580998792,0.0,
446547293_fe0c7c55ab_184_81421684@N00.jpg,39.91283,116.456623,34.63716506958008,135.41900634765625,0.00947758462280035,1773.2238736054105,0,0,0.0,34.63716506958008,135.41900634765625,0.00947758462280035,1773.2238736054105,0.0,
446635539_a19a3c289f_187_55126705@N00.jpg,15.260918,-89.014148,8.669500350952148,-80.59100341796875,0.03855378180742264,1172.865107737949,1,84,0.328125,8.669500350952148,-80.59100341796875,0.0377163290977478,1172.865107737949,0.0,
446721345_98e39554dc_201_55126705@N00.jpg,20.215247,-87.430572,20.217018127441406,-87.42919921875,0.11193904280662537,0.24352440616025448,0,0,0.0,20.217018127441406,-87.42919921875,0.11193904280662537,0.24352440616025448,0.0,
446759218_39fcadb029_244_55126705@N00.jpg,20.681453,-88.569545,20.682607650756836,-88.57057189941406,0.0795278251171112,0.16702236449067567,3,248,0.96875,20.682607650756836,-88.57057189941406,0.0725494921207428,0.16702236449067567,0.0,
446921436_aaf90b2ffa_182_55126705@N00.jpg,8.668427,-80.387306,-26.404659271240234,-54.620819091796875,0.03047882951796055,4790.451237723541,1,169,0.66015625,-25.092439651489258,-54.5855712890625,0.02797316201031208,4680.039440821014,110.41179690252739,
446925090_92e7da8598_225_55126705@N00.jpg,9.738497,-82.84069,-12.565152168273926,-70.09309387207031,0.05345732346177101,2851.873641178388,2,256,1.0,-12.565152168273926,-70.09309387207031,0.05745351314544678,2851.873641178388,0.0,
446958922_b7eed16ab2_168_55126705@N00.jpg,-12.10378,-74.586181,63.065792083740234,-151.0135498046875,0.048211295157670975,10536.95995442383,0,0,0.0,63.065792083740234,-151.0135498046875,0.048211295157670975,10536.95995442383,0.0,
446961808_8265cfdc1b_210_55126705@N00.jpg,-13.524847,-71.973323,-13.516678810119629,-71.97877502441406,0.06659145653247833,1.0827632586696123,8,56,0.21875,-13.516678810119629,-71.97877502441406,0.06680560857057571,1.0827632586696123,0.0,
446976495_afc37707e4_246_55126705@N00.jpg,-13.513748,-71.980018,-13.517003059387207,-71.98121643066406,0.03978818655014038,0.38443923963752935,0,0,0.0,-13.517003059387207,-71.98121643066406,0.03978818655014038,0.38443923963752935,0.0,
446978329_01eaba3123_207_55126705@N00.jpg,-13.494135,-71.989974,-13.491130828857422,-71.9989013671875,0.041862182319164276,1.0214483535576788,0,0,0.0,-13.491130828857422,-71.9989013671875,0.041862182319164276,1.0214483535576788,0.0,
446985593_5a67aa19bf_228_55126705@N00.jpg,-13.503149,-71.993923,40.76259994506836,-3.86993408203125,0.0923653393983841,9228.635937616855,0,0,0.0,40.76259994506836,-3.86993408203125,0.0923653393983841,9228.635937616855,0.0,
446995789_85820d3901_248_55126705@N00.jpg,-13.507823,-71.98637,-13.519338607788086,-71.98997497558594,0.038397978991270065,1.3384832270780347,4,55,0.21484375,-13.519338607788086,-71.98997497558594,0.03624564781785011,1.3384832270780347,0.0,
447020173_20f51eeeda_172_55126705@N00.jpg,-13.166996,-72.545471,-13.163683891296387,-72.54602813720703,0.0418924055993557,0.3731976535603736,0,0,0.0,-13.163683891296387,-72.54602813720703,0.0418924055993557,0.3731976535603736,0.0,
447022280_7851b66b61_187_55126705@N00.jpg,-12.594103,-69.067783,-3.746925115585327,-73.1967544555664,0.08270566165447235,1083.460175516367,0,0,0.0,-3.746925115585327,-73.1967544555664,0.08270566165447235,1083.460175516367,0.0,
447024764_634742cc19_187_55126705@N00.jpg,-12.611861,-69.037227,9.97797966003418,-84.38134765625,0.010698985308408737,3030.046731998548,1,154,0.6015625,9.97797966003418,-84.38134765625,0.015604866668581963,3030.046731998548,0.0,
447030842_c1d9f24a11_218_55126705@N00.jpg,-12.611861,-69.037227,8.68285083770752,-83.49266052246094,0.1015855222940445,2856.1300507312535,0,0,0.0,8.68285083770752,-83.49266052246094,0.1015855222940445,2856.1300507312535,0.0,
447034627_d91db03621_187_55126705@N00.jpg,-12.611861,-69.037227,8.669500350952148,-80.59100341796875,0.03473672270774841,2688.7252131905075,1,224,0.875,8.669500350952148,-80.59100341796875,0.0286111943423748,2688.7252131905075,0.0,
447551550_5494ea1bae_192_7571568@N05.jpg,41.857287,-87.656478,41.88116455078125,-87.62433624267578,0.007504921406507492,3.759350841544984,0,0,0.0,41.88116455078125,-87.62433624267578,0.007504921406507492,3.759350841544984,0.0,
447559354_75dc4612cb_249_7571568@N05.jpg,41.857287,-87.656478,41.896175384521484,-87.6237564086914,0.0032082675024867058,5.102760883697404,1,240,0.9375,41.896175384521484,-87.6237564086914,0.0031141687650233507,5.102760883697404,0.0,
447573376_a0770cd003_181_7571568@N05.jpg,41.857287,-87.656478,41.896175384521484,-87.6237564086914,0.00878357607871294,5.102760883697404,1,70,0.2734375,41.894561767578125,-87.62422180175781,0.00911224726587534,4.930669515782811,0.172091367914593,
447619886_7f2fce9890_251_7571568@N05.jpg,41.857287,-87.656478,51.07501220703125,-114.12854766845703,0.002633559051901102,2254.826142882938,1,10,0.0390625,51.07501220703125,-114.12854766845703,0.002970496891066432,2254.826142882938,0.0,
447620578_cf73eec7c9_203_7571568@N05.jpg,41.857287,-87.656478,41.7916145324707,-87.58354187011719,0.002305454807356,9.478977600151984,2,180,0.703125,42.04072952270508,-87.68055725097656,0.0022325620520859957,20.494879169231144,-11.01590156907916,
447638817_0a8b4e7138_172_7571568@N05.jpg,41.857287,-87.656478,41.88176727294922,-87.6218032836914,0.009835869073867798,3.9564408626702363,1,18,0.0703125,41.8824577331543,-87.62186431884766,0.007330496329814196,4.006022312811951,-0.04958145014171489,
447651682_a77b224b33_174_55126705@N00.jpg,-33.442471,-70.638313,-34.56159210205078,-59.120208740234375,0.007225899025797844,1068.4408596286082,1,256,1.0,-31.409912109375,-64.193115234375,0.0075317262671887875,645.6223383797936,422.8185212488146,
447669341_fa372d6722_170_7571568@N05.jpg,41.857287,-87.656478,33.1279182434082,-117.31183624267578,0.016892388463020325,2773.705311882926,2,109,0.42578125,33.1279182434082,-117.31183624267578,0.013630003668367863,2773.705311882926,0.0,
447673148_a7f8fa9408_192_7571568@N05.jpg,41.857287,-87.656478,41.86721420288086,-87.63508605957031,0.011341217905282974,2.0872939557721613,1,2,0.0078125,41.86721420288086,-87.63508605957031,0.011426272802054882,2.0872939557721613,0.0,
447883592_3fc89f5b62_185_55126705@N00.jpg,17.226151,-89.612216,17.48302459716797,-92.04523468017578,0.05301396921277046,259.7968765853058,1,144,0.5625,17.48302459716797,-92.04523468017578,0.06365694850683212,259.7968765853058,0.0,
447919907_df54500374_207_55126705@N00.jpg,17.226151,-89.612216,18.18532371520996,-89.7481689453125,0.11056776344776154,107.62313275354208,1,192,0.75,18.18532371520996,-89.7481689453125,0.11456898599863052,107.62313275354208,0.0,
447921184_556fb0dcf6_189_55126705@N00.jpg,17.226151,-89.612216,17.07988739013672,-89.07466125488281,0.06461114436388016,59.38519514184255,0,0,0.0,17.07988739013672,-89.07466125488281,0.06461114436388016,59.38519514184255,0.0,
447922456_113e259f0f_244_55126705@N00.jpg,17.226151,-89.612216,17.22221565246582,-89.62422943115234,0.09002848714590073,1.3488793764194398,1,70,0.2734375,17.22221565246582,-89.62422943115234,0.08765576034784317,1.3488793764194398,0.0,
447923902_544b51d411_214_55126705@N00.jpg,17.226151,-89.612216,18.18532371520996,-89.7481689453125,0.08916198462247849,107.62313275354208,1,208,0.8125,18.18532371520996,-89.7481689453125,0.09016088396310806,107.62313275354208,0.0,
447991928_895301f964_251_55126705@N00.jpg,17.481426,-91.994533,17.48302459716797,-92.04523468017578,0.11185302585363388,5.380306704541107,0,0,0.0,17.48302459716797,-92.04523468017578,0.11185302585363388,5.380306704541107,0.0,
449901053_f0d3dbb166_164_55126705@N00.jpg,9.738497,-82.84069,11.408182144165039,-85.51826477050781,0.007992418482899666,346.5877151668323,1,256,1.0,11.408182144165039,-85.51826477050781,0.009186540730297565,346.5877151668323,0.0,
449966819_84d6b047e1_175_55126705@N00.jpg,10.471776,-84.64468,-1.062608003616333,-77.55789947509766,0.03756549209356308,1503.2083327606106,2,256,1.0,-1.062608003616333,-77.55789947509766,0.04277237877249718,1503.2083327606106,0.0,
450398949_6e5439dd96_223_26519935@N00.jpg,31.628098,-8.036928,33.1775016784668,35.594329833984375,0.11065372824668884,4069.993115738449,2,69,0.26953125,33.1775016784668,35.594329833984375,0.10434452444314957,4069.993115738449,0.0,
450477597_7de0d269e6_214_26519935@N00.jpg,31.628098,-8.036928,31.624298095703125,-8.00113582611084,0.022784937173128128,3.4150852974938575,0,0,0.0,31.624298095703125,-8.00113582611084,0.022784937173128128,3.4150852974938575,0.0,
45093902_0ca68f3d8e_28_88483799@N00.jpg,38.5605,-75.0571,35.57416534423828,-75.46900177001953,0.02515706606209278,334.0695278646662,3,56,0.21875,35.57416534423828,-75.46900177001953,0.028684528544545174,334.0695278646662,0.0,
45094576_2f40a2d6d3_24_88483799@N00.jpg,38.5605,-75.0571,38.852073669433594,-120.86076354980469,0.002992207184433937,3931.710814403288,1,256,1.0,38.852073669433594,-120.86076354980469,0.002846311777830124,3931.710814403288,0.0,
451257453_24212e8f5d_213_97522422@N00.jpg,59.033135,8.637313,59.99733352661133,10.669999122619629,0.14616191387176514,156.9674449986224,1,7,0.02734375,59.99733352661133,10.669999122619629,0.15171608328819275,156.9674449986224,0.0,
451391315_5499bad3b3_195_7132415@N03.jpg,47.655473,-122.293839,41.74927520751953,-92.84827423095703,0.01917814277112484,2401.8374681825103,1,20,0.078125,41.74927520751953,-92.84827423095703,0.019988788291811943,2401.8374681825103,0.0,
451534383_24746ed49b_237_7571568@N05.jpg,28.032026,-80.687042,28.06796646118164,-80.55673217773438,0.0718163549900055,13.397727987020588,4,127,0.49609375,28.06796646118164,-80.55673217773438,0.0716594010591507,13.397727987020588,0.0,
451563252_fc84d47e12_189_15376845@N00.jpg,41.306181,-72.962951,40.62900161743164,-74.01734161376953,0.01151345856487751,116.21852843619637,2,220,0.859375,40.62900161743164,-74.01734161376953,0.015693627297878265,116.21852843619637,0.0,
451741697_1db5c5daa3_235_90168643@N00.jpg,31.77298,35.224914,31.777658462524414,35.23562240600586,0.04182841628789902,1.1381096181049895,0,0,0.0,31.777658462524414,35.23562240600586,0.04182841628789902,1.1381096181049895,0.0,
451742685_c54b98093a_248_90168643@N00.jpg,31.77298,35.224914,31.777658462524414,35.23562240600586,0.042160846292972565,1.1381096181049895,0,0,0.0,31.777658462524414,35.23562240600586,0.042160846292972565,1.1381096181049895,0.0,
451833114_d4117725fe_237_70323761@N00.jpg,40.76065,-73.975903,40.80755615234375,-73.96267700195312,0.010720297694206238,5.333280002197476,3,106,0.4140625,40.80755615234375,-73.96267700195312,0.00935196690261364,5.333280002197476,0.0,
452065902_0daa6bd4bd_219_15632944@N00.jpg,50.506262,16.749386,49.6937141418457,21.76504135131836,0.026382828131318092,368.89941359869977,1,77,0.30078125,54.086727142333984,18.79952621459961,0.0277845561504364,421.78857198284226,-52.88915838414249,
452161989_deffca31a7_201_93487964@N00.jpg,42.906526,-5.55831,42.94036865234375,-5.910833835601807,0.07985574007034302,28.94956891239801,2,13,0.05078125,42.94036865234375,-5.910833835601807,0.07730056345462799,28.94956891239801,0.0,
452172281_2e06af3ed4_220_93487964@N00.jpg,42.907241,-5.561936,54.249881744384766,-7.829817771911621,0.02617671526968479,1272.058062307942,0,0,0.0,54.249881744384766,-7.829817771911621,0.02617671526968479,1272.058062307942,0.0,
452221670_b3dd7509b4_244_26519935@N00.jpg,22.297593,114.286222,22.418128967285156,114.38578796386719,0.10013902932405472,16.86645052956935,0,0,0.0,22.418128967285156,114.38578796386719,0.10013902932405472,16.86645052956935,0.0,
452264754_a404f9fac7_189_26519935@N00.jpg,22.297593,114.286222,22.283405303955078,113.9251480102539,0.0506768599152565,37.18284682486912,1,208,0.8125,22.283405303955078,113.9251480102539,0.04124009236693382,37.18284682486912,0.0,
452289545_9ef9fd8027_230_15632944@N00.jpg,51.062921,17.085413,50.037628173828125,19.27225112915039,0.023646481335163116,192.00298551189047,1,45,0.17578125,50.037628173828125,19.27225112915039,0.02508505806326866,192.00298551189047,0.0,
452295956_31ce539c3b_205_26519935@N00.jpg,22.297593,114.286222,25.167192459106445,121.56481170654297,0.07235328108072281,806.5043469012464,0,0,0.0,25.167192459106445,121.56481170654297,0.07235328108072281,806.5043469012464,0.0,
45242953_221e7fcc35_33_98908999@N00.jpg,48.874341,2.293943,48.87428283691406,2.2950689792633057,0.025227030739188194,0.0826014583781009,1,4,0.015625,48.87428283691406,2.2950689792633057,0.025202864781022072,0.0826014583781009,0.0,
452498883_3be2a4e1b0_168_97522422@N00.jpg,59.028189,8.670272,60.29940414428711,24.621145248413086,0.0957651436328888,904.6025102335564,1,208,0.8125,60.29940414428711,24.621145248413086,0.07197469472885132,904.6025102335564,0.0,
452866273_0d732257f1_242_55126705@N00.jpg,14.833633,-89.145641,14.835457801818848,-89.14675903320312,0.09985102713108063,0.2358269582503548,0,0,0.0,14.835457801818848,-89.14675903320312,0.09985102713108063,0.2358269582503548,0.0,
453108363_b77fc01587_238_69212252@N00.jpg,41.925222,-87.634592,41.79056930541992,-87.5824203491211,0.004008271731436253,15.583686170126716,2,196,0.765625,41.79056930541992,-87.5824203491211,0.0025695462245494127,15.583686170126716,0.0,
453205885_aea665aecb_203_55126705@N00.jpg,35.521425,-111.372699,35.57419204711914,-111.47904205322266,0.18158802390098572,11.269036773693827,0,0,0.0,35.57419204711914,-111.47904205322266,0.18158802390098572,11.269036773693827,0.0,
453275748_96be70fe3f_189_55126705@N00.jpg,35.521425,-111.372699,35.8624382019043,-108.75175476074219,0.08939620107412338,239.70470292084698,0,0,0.0,35.8624382019043,-108.75175476074219,0.08939620107412338,239.70470292084698,0.0,
453352488_4565eb1fe2_209_16836474@N00.jpg,8.971219,-79.530887,23.139318466186523,-82.35221099853516,0.0268819872289896,1603.8290176532853,2,256,1.0,23.139318466186523,-82.35221099853516,0.027662184089422226,1603.8290176532853,0.0,
453368168_297a776734_199_16836474@N00.jpg,8.971219,-79.530887,8.951888084411621,-79.5355224609375,0.04432913288474083,2.208980331997235,1,256,1.0,8.951888084411621,-79.5355224609375,0.04219219088554382,2.208980331997235,0.0,
453385775_52d74acad4_252_16836474@N00.jpg,8.971219,-79.530887,18.47483253479004,-69.8844985961914,0.026366787031292915,1483.049494524847,1,2,0.0078125,18.47483253479004,-69.8844985961914,0.026227256283164024,1483.049494524847,0.0,
453635515_277c694203_171_55126705@N00.jpg,20.681453,-88.569545,20.682607650756836,-88.57057189941406,0.05624885857105255,0.16702236449067567,0,0,0.0,20.682607650756836,-88.57057189941406,0.05624885857105255,0.16702236449067567,0.0,
453636890_c425e657ab_239_55126705@N00.jpg,20.681453,-88.569545,20.326688766479492,-89.64324188232422,0.059592824429273605,118.57964692787735,1,12,0.046875,20.326688766479492,-89.64324188232422,0.05390893295407295,118.57964692787735,0.0,
453683152_73915760c1_242_55126705@N00.jpg,20.681453,-88.569545,20.681743621826172,-88.56916046142578,0.07628623396158218,0.051425389894686514,0,0,0.0,20.681743621826172,-88.56916046142578,0.07628623396158218,0.051425389894686514,0.0,
453711663_86b5ad7abc_184_55126705@N00.jpg,20.681453,-88.569545,20.682607650756836,-88.57057189941406,0.05558782443404198,0.16702236449067567,0,0,0.0,20.682607650756836,-88.57057189941406,0.05558782443404198,0.16702236449067567,0.0,
453715505_c6bdf8e0c7_202_79039156@N00.jpg,44.30226,9.212894,44.30394744873047,9.209803581237793,0.14552366733551025,0.3093338838261438,1,30,0.1171875,44.30394744873047,9.209803581237793,0.14568762481212616,0.3093338838261438,0.0,
453726359_68ab51aec0_168_79039156@N00.jpg,44.335314,9.208559,44.407779693603516,8.931241035461426,0.041270945221185684,23.469095894009126,0,0,0.0,44.407779693603516,8.931241035461426,0.041270945221185684,23.469095894009126,0.0,
454133111_03a1f5df8e_216_14491548@N00.jpg,41.391652,2.16473,45.43428421020508,12.340778350830078,0.0008680656901560724,935.8517219418333,1,256,1.0,45.43428421020508,12.340778350830078,0.0009903127793222666,935.8517219418333,0.0,
454337490_00d44d1193_239_55126705@N00.jpg,20.491587,-87.72377,20.89250946044922,-88.1358642578125,0.0722053200006485,61.84654526728321,0,0,0.0,20.89250946044922,-88.1358642578125,0.0722053200006485,61.84654526728321,0.0,
454670932_3bcfb55583_226_55126705@N00.jpg,20.617682,-89.452743,20.217018127441406,-87.42919921875,0.04238198325037956,215.52533926946066,0,0,0.0,20.217018127441406,-87.42919921875,0.04238198325037956,215.52533926946066,0.0,
455047710_f87285f026_169_55126705@N00.jpg,19.850039,-90.532665,19.851491928100586,-90.530517578125,0.10984242707490921,0.2766654171152495,0,0,0.0,19.851491928100586,-90.530517578125,0.10984242707490921,0.2766654171152495,0.0,
455108063_dd2eab3b20_219_55126705@N00.jpg,19.719524,-90.009613,20.361526489257812,-89.77203369140625,0.07633108645677567,75.57847214365773,1,42,0.1640625,20.361526489257812,-89.77203369140625,0.07388199865818024,75.57847214365773,0.0,
459041961_711d8ad90a_187_50994135@N00.jpg,55.857021,-4.274325,52.39976501464844,4.891485214233398,0.011415058746933937,709.3846602736667,4,228,0.890625,52.39976501464844,4.891485214233398,0.0115889273583889,709.3846602736667,0.0,
459254219_9ddd08eccd_212_59341685@N00.jpg,40.29976,-105.639746,47.4000244140625,-120.3346939086914,0.03059716895222664,1414.7575193565197,1,156,0.609375,47.4000244140625,-120.3346939086914,0.037984102964401245,1414.7575193565197,0.0,
459313793_803d6340ae_204_75653366@N00.jpg,49.294113,-123.139475,51.74129867553711,-2.404217004776001,0.008125582709908485,7462.998066652509,1,154,0.6015625,51.74228286743164,-2.404632091522217,0.00852264929562807,7462.893829316839,0.10423733566949522,
460157425_8df3ae8d48_191_70618949@N00.jpg,-25.348757,26.547775,32.926971435546875,-117.04853820800781,0.010542120784521103,16399.46945026346,5,256,1.0,32.926971435546875,-117.04853820800781,0.0105021633207798,16399.46945026346,0.0,
461544763_d962fb527f_203_41894197861@N01.jpg,40.796462,-73.962192,40.75112533569336,-73.9802474975586,0.003265604842454195,5.26549823101329,2,256,1.0,40.75112533569336,-73.9802474975586,0.003381668124347925,5.26549823101329,0.0,
461546611_cc214e3620_252_41894197861@N01.jpg,40.798476,-73.961162,34.926456451416016,-81.02753448486328,0.001170040457509458,900.0079943644247,1,256,1.0,34.926456451416016,-81.02753448486328,0.0013941011857241392,900.0079943644247,0.0,
462922891_67372e6aed_196_25159586@N00.jpg,35.665752,139.760717,35.66127014160156,139.73269653320312,0.01123656053096056,2.579987146824519,1,176,0.6875,35.66127014160156,139.73269653320312,0.009590483270585537,2.579987146824519,0.0,
46313190_ed1037267f_30_14542551@N00.jpg,47.91939,106.917057,39.756500244140625,-104.8915023803711,0.00925752054899931,9772.890790152309,0,0,0.0,39.756500244140625,-104.8915023803711,0.00925752054899931,9772.890790152309,0.0,
463150945_e1617caffb_198_82927779@N00.jpg,-34.019247,19.609408,-30.53254508972168,152.0389404296875,0.09764400869607925,11273.794770997541,11,198,0.7734375,-38.236671447753906,175.00770568847656,0.08067743480205536,11588.896947636047,-315.1021766385056,
463191722_cf1005280d_167_82927779@N00.jpg,-34.02425,19.614908,37.22834014892578,-122.10799407958984,0.1515001803636551,16560.692258482566,1,32,0.125,37.22834014892578,-122.10799407958984,0.12710808217525482,16560.692258482566,0.0,
463213126_e1d5c6dc01_187_89904893@N00.jpg,51.513823,-0.100657,51.513938903808594,-0.09778200089931488,0.014587475918233395,0.19936544823798327,2,225,0.87890625,51.51422119140625,-0.09897000342607498,0.014468256384134293,0.12485360456713342,0.07451184367084986,
464282320_722132668a_181_55126705@N00.jpg,19.531156,-96.921901,19.48520278930664,-99.11764526367188,0.019605444744229317,230.19504062822088,3,76,0.296875,19.48520278930664,-99.11764526367188,0.020340528339147568,230.19504062822088,0.0,
464285664_cb10417aea_173_55126705@N00.jpg,19.531156,-96.921901,34.48844528198242,108.720703125,0.015348688699305058,13424.639768338784,1,12,0.046875,34.48844528198242,108.720703125,0.015024734660983086,13424.639768338784,0.0,
464351856_4cd6f68f0d_167_55126705@N00.jpg,20.448728,-97.323589,20.447280883789062,-97.32101440429688,0.11325953155755997,0.31280564732221505,1,22,0.0859375,20.447280883789062,-97.32101440429688,0.09130355715751648,0.31280564732221505,0.0,
464517182_510f8de005_176_55126705@N00.jpg,20.431195,-97.381954,17.51003074645996,-91.98149871826172,0.07857197523117065,654.1286258178603,0,0,0.0,17.51003074645996,-91.98149871826172,0.07857197523117065,654.1286258178603,0.0,
46462453_5cbc3a3aec_33_97522422@N00.jpg,39.993429,116.262817,39.997257232666016,116.27122497558594,0.06768499314785004,0.8331917722174328,0,0,0.0,39.997257232666016,116.27122497558594,0.06768499314785004,0.8331917722174328,0.0,
464828309_67e998bbc1_175_55126705@N00.jpg,22.771907,-102.576427,21.01874542236328,-101.2577896118164,0.08800338208675385,237.71816131062414,0,0,0.0,21.01874542236328,-101.2577896118164,0.08800338208675385,237.71816131062414,0.0,
464855090_e18c4aa92f_192_55126705@N00.jpg,22.457439,-102.821903,23.225793838500977,-109.4898910522461,0.09237801283597946,688.5593438925275,2,90,0.3515625,23.225793838500977,-109.4898910522461,0.10949715971946716,688.5593438925275,0.0,
464868145_eacd26f270_198_55126705@N00.jpg,22.457439,-102.821903,17.043819427490234,-96.7684326171875,0.04632289335131645,873.643932269069,1,20,0.078125,17.043819427490234,-96.7684326171875,0.04313028231263161,873.643932269069,0.0,
465661185_9a417de793_192_19269532@N00.jpg,30.267592,-97.76257,30.262699127197266,-97.75548553466797,0.025998864322900772,0.8711675956884074,0,0,0.0,30.262699127197266,-97.75548553466797,0.025998864322900772,0.8711675956884074,0.0,
466841047_ea591ac720_203_64825499@N00.jpg,12.607003,-70.055952,25.073781967163086,-80.42558288574219,0.04671333730220795,1762.3443372354898,0,0,0.0,25.073781967163086,-80.42558288574219,0.04671333730220795,1762.3443372354898,0.0,
466842259_a24ec03b5e_223_64825499@N00.jpg,12.607003,-70.055952,25.073781967163086,-80.42558288574219,0.07819637656211853,1762.3443372354898,0,0,0.0,25.073781967163086,-80.42558288574219,0.07819637656211853,1762.3443372354898,0.0,
466879788_10173ddaeb_231_64825499@N00.jpg,12.539482,-70.070672,12.413503646850586,-69.8805923461914,0.07386675477027893,24.942050269708393,0,0,0.0,12.413503646850586,-69.8805923461914,0.07386675477027893,24.942050269708393,0.0,
466912467_df24961516_193_64825499@N00.jpg,12.539482,-70.070672,41.68932342529297,10.34912109375,0.020440224558115005,8294.08872686994,1,256,1.0,41.68932342529297,10.34912109375,0.025953978300094604,8294.08872686994,0.0,
467074960_2994d69218_214_44972214@N00.jpg,40.417547,-74.105787,39.734561920166016,-76.70437622070312,0.020751168951392174,233.7700136724742,8,171,0.66796875,39.734561920166016,-76.70437622070312,0.029191982001066208,233.7700136724742,0.0,
467137143_72fbc260e3_191_64825499@N00.jpg,20.444712,-86.994161,7.267798900604248,134.33944702148438,0.018275385722517967,14546.977862750055,0,0,0.0,7.267798900604248,134.33944702148438,0.018275385722517967,14546.977862750055,0.0,
467148742_423a4de7b6_220_64825499@N00.jpg,20.444712,-86.994161,21.223461151123047,-86.73843383789062,0.03609408065676689,90.57949832112632,8,130,0.5078125,21.223461151123047,-86.73843383789062,0.034180670976638794,90.57949832112632,0.0,
467150493_2f79cf4c57_228_64825499@N00.jpg,20.444712,-86.994161,20.449371337890625,-86.99317932128906,0.07315805554389954,0.5280948564115119,4,40,0.15625,20.449371337890625,-86.99317932128906,0.07069727033376694,0.5280948564115119,0.0,
467153437_1e33822dd2_220_64825499@N00.jpg,20.444712,-86.994161,25.750423431396484,-79.8211669921875,0.0303892083466053,941.0757969602043,2,8,0.03125,20.449371337890625,-86.99317932128906,0.028883997350931168,0.5280948564115119,940.5477021037929,
467178347_f7290dd76e_172_41894197861@N01.jpg,40.740721,-74.002189,40.72215270996094,-74.00047302246094,0.0025727669708430767,2.0697590885316215,3,256,1.0,40.72215270996094,-74.00047302246094,0.002794868079945445,2.0697590885316215,0.0,
467862736_4f5abff17e_199_64825499@N00.jpg,9.313484,-79.845972,11.037243843078613,-84.473876953125,0.09669506549835205,541.5366868631039,0,0,0.0,11.037243843078613,-84.473876953125,0.09669506549835205,541.5366868631039,0.0,
467914709_2bc9e8ba90_215_96388182@N00.jpg,51.054654,13.734583,51.05379104614258,13.736278533935547,0.023160649463534355,0.15248695242978894,1,176,0.6875,51.05379104614258,13.736278533935547,0.029625704512000084,0.15248695242978894,0.0,
467945159_514cb9fedc_208_64825499@N00.jpg,9.313484,-79.845972,16.730905532836914,-90.98052978515625,0.07538112998008728,1460.3937840096635,0,0,0.0,16.730905532836914,-90.98052978515625,0.07538112998008728,1460.3937840096635,0.0,
467994996_f60ab5ac81_214_64825499@N00.jpg,9.274097,-79.921331,51.97675323486328,4.12563419342041,0.03893669694662094,8789.635414175584,1,104,0.40625,51.97675323486328,4.12563419342041,0.03235214576125145,8789.635414175584,0.0,
468007750_ae49a82946_210_64825499@N00.jpg,9.274097,-79.921331,9.31831169128418,-79.99420166015625,0.02633965015411377,9.386936654590478,2,192,0.75,9.31831169128418,-79.99420166015625,0.02325734682381153,9.386936654590478,0.0,
468016717_deff8cdee3_227_64825499@N00.jpg,9.274097,-79.921331,17.658416748046875,-62.64129638671875,0.04807698354125023,2086.187760016278,8,256,1.0,17.658416748046875,-62.64129638671875,0.05754096433520317,2086.187760016278,0.0,
468049398_098d809c0a_196_64825499@N00.jpg,12.51774,-70.040722,26.219057083129883,127.30828094482422,0.04517573490738869,15316.815821889426,1,160,0.625,26.219057083129883,127.30828094482422,0.039687465876340866,15316.815821889426,0.0,
468114689_6f7d634bae_220_7885919@N07.jpg,48.870374,2.391918,48.904998779296875,2.307724952697754,0.0048626624047756195,7.26063064376921,1,18,0.0703125,48.87109375,2.3655359745025635,0.004910532850772142,1.9312320394946538,5.329398604274557,
468200816_37ec2e533a_191_89904893@N00.jpg,51.130138,1.321363,51.12556076049805,1.316277027130127,0.1475358009338379,0.6204965619269919,1,240,0.9375,51.12556076049805,1.316277027130127,0.14614640176296234,0.6204965619269919,0.0,
468278910_539810ce41_193_64825499@N00.jpg,20.481959,-86.975508,20.506460189819336,-86.9588851928711,0.121580570936203,3.2280207345576453,1,28,0.109375,20.506460189819336,-86.9588851928711,0.11430080980062485,3.2280207345576453,0.0,
468281319_98388072fd_185_64825499@N00.jpg,20.481959,-86.975508,20.506460189819336,-86.9588851928711,0.053676966577768326,3.2280207345576453,1,12,0.046875,20.506460189819336,-86.9588851928711,0.054606497287750244,3.2280207345576453,0.0,
468488782_cba8bc7af1_202_64825499@N00.jpg,20.481959,-86.975508,19.282920837402344,-81.39517211914062,0.027249153703451157,598.5166030793577,1,14,0.0546875,19.282920837402344,-81.39517211914062,0.03021768480539322,598.5166030793577,0.0,
473633300_36b61bf48c_196_81421684@N00.jpg,47.76118,11.570963,47.39873504638672,-1.451159954071045,0.0022655308712273836,976.4377653225916,1,90,0.3515625,47.39873504638672,-1.451159954071045,0.0028041498735547066,976.4377653225916,0.0,
47480760_2601b9fa0c_30_41315423@N00.jpg,41.7932,-88.01053,48.8361930847168,9.152641296386719,0.0022616011556237936,7101.193418250062,1,240,0.9375,48.8361930847168,9.152641296386719,0.0029078898951411247,7101.193418250062,0.0,
474948847_2f18f8b785_187_89904893@N00.jpg,51.483534,-0.604902,51.480796813964844,-0.6069939732551575,0.15026883780956268,0.3370780938600324,1,120,0.46875,51.480796813964844,-0.6069939732551575,0.16695360839366913,0.3370780938600324,0.0,
476237309_000c143d8f_172_41894169878@N01.jpg,41.686261,-87.995692,42.962921142578125,-88.2851791381836,0.013637478463351727,143.93915702730342,1,256,1.0,42.962921142578125,-88.2851791381836,0.01695324294269085,143.93915702730342,0.0,
476241859_f1bc705fe0_191_41894169878@N01.jpg,41.512369,-87.966156,43.337501525878906,-87.98149871826172,0.03574968874454498,202.94966368565161,1,256,1.0,43.337501525878906,-87.98149871826172,0.045007139444351196,202.94966368565161,0.0,
476243791_3b12de8e7b_219_41894169878@N01.jpg,41.512369,-87.966156,44.42933654785156,-93.20101165771484,0.012699084356427193,535.1717906265562,4,200,0.78125,44.42933654785156,-93.20101165771484,0.015381396748125553,535.1717906265562,0.0,
476270940_b05c7602a8_194_41894169878@N01.jpg,41.451408,-96.491859,47.069068908691406,21.92596435546875,0.0021073748357594013,8452.027470359955,0,0,0.0,47.069068908691406,21.92596435546875,0.0021073748357594013,8452.027470359955,0.0,
476284851_bf006193c0_208_41894169878@N01.jpg,41.451408,-96.491859,41.24937057495117,-80.73788452148438,0.011801603250205517,1313.395335121583,7,240,0.9375,41.24937057495117,-80.73788452148438,0.011284954845905304,1313.395335121583,0.0,
476835866_b888027c27_203_70323761@N00.jpg,40.668326,-73.964901,37.546302795410156,-122.3021011352539,0.003961154259741306,4132.5545449201145,2,48,0.1875,37.546302795410156,-122.3021011352539,0.0035670408979058266,4132.5545449201145,0.0,
478191864_6de85e6097_227_82503882@N00.jpg,50.339551,7.543337,50.944984436035156,7.03017520904541,0.02643088437616825,76.42965046852524,12,81,0.31640625,50.944984436035156,7.03017520904541,0.032487161457538605,76.42965046852524,0.0,
479647329_ed1c4b8a70_188_65367662@N00.jpg,36.157833,-115.15457,52.53721237182617,13.576269149780273,0.0038630713243037462,8976.94528030171,1,192,0.75,52.53721237182617,13.576269149780273,0.0036404901184141636,8976.94528030171,0.0,
479684130_05e73de8c3_177_65367662@N00.jpg,36.157833,-115.15457,36.1235237121582,-115.16986846923828,0.012321455404162407,4.054831176596831,1,22,0.0859375,36.1235237121582,-115.16986846923828,0.012701943516731262,4.054831176596831,0.0,
479743722_618a58eb1f_217_15632944@N00.jpg,52.108771,16.111192,52.947914123535156,1.1341660022735596,0.15511561930179596,1015.580022638211,1,176,0.6875,52.947914123535156,1.1341660022735596,0.1355189085006714,1015.580022638211,0.0,
479743744_b92a936960_181_15632944@N00.jpg,52.108771,16.111192,52.105384826660156,16.115108489990234,0.4299008846282959,0.46186008548382423,3,112,0.4375,52.105384826660156,16.115108489990234,0.45658889412879944,0.46186008548382423,0.0,
479751616_1402e5dee7_224_15632944@N00.jpg,52.108771,16.111192,52.105384826660156,16.115108489990234,0.28126993775367737,0.46186008548382423,1,6,0.0234375,52.105384826660156,16.115108489990234,0.2873423397541046,0.46186008548382423,0.0,
479751650_bc7eef5e74_172_15632944@N00.jpg,52.108771,16.111192,52.105384826660156,16.115108489990234,0.3632844090461731,0.46186008548382423,0,0,0.0,52.105384826660156,16.115108489990234,0.3632844090461731,0.46186008548382423,0.0,
479768835_d12d43d381_213_15632944@N00.jpg,52.108771,16.111192,53.27450180053711,-1.3768310546875,0.049827054142951965,1182.7172005988834,2,130,0.5078125,53.27450180053711,-1.3768310546875,0.0605001226067543,1182.7172005988834,0.0,
480130099_3067a31825_171_15632944@N00.jpg,52.108771,16.111192,52.105384826660156,16.115108489990234,0.05166832357645035,0.46186008548382423,1,156,0.609375,52.105384826660156,16.115108489990234,0.06634226441383362,0.46186008548382423,0.0,
480138739_fccfdecbbf_184_15632944@N00.jpg,52.108771,16.111192,52.105384826660156,16.115108489990234,0.08731435239315033,0.46186008548382423,3,28,0.109375,52.105384826660156,16.115108489990234,0.08168549835681915,0.46186008548382423,0.0,
480372482_20ba386988_211_7885919@N07.jpg,45.46527,9.189924,45.4655647277832,9.189998626708984,0.024744903668761253,0.03328501772849704,6,8,0.03125,45.4655647277832,9.189998626708984,0.02481125481426716,0.03328501772849704,0.0,
480394015_13ba637796_214_7885919@N07.jpg,45.464329,9.191039,45.4655647277832,9.189998626708984,0.0228072851896286,0.15957282450286084,7,38,0.1484375,45.4655647277832,9.189998626708984,0.023099325597286224,0.15957282450286084,0.0,
480714899_c0080a37cc_182_88483799@N00.jpg,39.399494,-76.604344,37.20661163330078,-93.28970336914062,0.010186669416725636,1474.0241551245724,2,183,0.71484375,42.73479461669922,-84.55387878417969,0.012893116101622581,762.2162522726738,711.8079028518986,
481265045_f8fe2e9f1f_205_79039156@N00.jpg,45.70486,9.380264,46.32469177246094,-0.9521620273590088,0.0022826201748102903,800.2866894813446,1,208,0.8125,46.32469177246094,-0.9521620273590088,0.0023510591126978397,800.2866894813446,0.0,
482249918_ce5956dc2c_192_50435419@N00.jpg,-34.609758,-58.411216,-23.427465438842773,-46.48017501831055,0.043489642441272736,1697.818784609759,9,160,0.625,-23.427465438842773,-46.48017501831055,0.040534909814596176,1697.818784609759,0.0,
482269497_635b29f765_200_50435419@N00.jpg,-34.609758,-58.411216,-34.90620422363281,-56.19160079956055,0.007466495502740145,205.42856688210554,6,185,0.72265625,-34.90620422363281,-56.19160079956055,0.006921722088009119,205.42856688210554,0.0,
482309565_6413202fd8_197_50435419@N00.jpg,-34.609758,-58.411216,-34.608131408691406,-58.37456512451172,0.004594726022332907,3.359119085139781,0,0,0.0,-34.608131408691406,-58.37456512451172,0.004594726022332907,3.359119085139781,0.0,
482331439_eabd04b1b5_196_50435419@N00.jpg,-34.609758,-58.411216,-34.608821868896484,-58.374351501464844,0.013617058284580708,3.375388130493179,0,0,0.0,-34.608821868896484,-58.374351501464844,0.013617058284580708,3.375388130493179,0.0,
482450631_9a18ceae7e_219_50435419@N00.jpg,-34.609758,-58.411216,50.948421478271484,3.1206319332122803,0.005069713108241558,11250.875111186428,4,248,0.96875,50.948421478271484,3.1206319332122803,0.007141576148569584,11250.875111186428,0.0,
482456175_358f0cc837_214_50435419@N00.jpg,-34.609758,-58.411216,-34.636436462402344,-58.36499786376953,0.007653054781258106,5.16580804732851,4,118,0.4609375,-34.636436462402344,-58.36499786376953,0.007884944789111614,5.16580804732851,0.0,
482474082_48e542db42_184_50435419@N00.jpg,-34.609758,-58.411216,-29.945415496826172,-51.30615234375,0.02189105749130249,845.2627097548,6,166,0.6484375,-29.945415496826172,-51.30615234375,0.01948808692395687,845.2627097548,0.0,
482522436_afd67a4fb5_178_50435419@N00.jpg,-34.609758,-58.411216,-33.06597137451172,-68.8705062866211,0.054133977741003036,980.6805944094954,2,126,0.4921875,-33.06597137451172,-68.8705062866211,0.047551803290843964,980.6805944094954,0.0,
482522657_74aeb9d1f0_222_50435419@N00.jpg,-34.609758,-58.411216,52.09489059448242,5.120288848876953,0.0031804884783923626,11438.965333131793,3,202,0.7890625,52.09489059448242,5.120288848876953,0.0037789768539369106,11438.965333131793,0.0,
482528363_696c14a52c_193_50435419@N00.jpg,-34.609758,-58.411216,-34.240257263183594,-59.478004455566406,0.08918842673301697,106.12252400215507,1,225,0.87890625,-34.240257263183594,-59.478004455566406,0.09424924105405807,106.12252400215507,0.0,
482973491_fdc5768f9f_182_7885919@N07.jpg,45.436774,12.326182,45.43471908569336,12.339018821716309,0.0033393630292266607,1.0273456601187936,7,52,0.203125,41.98543930053711,2.8249659538269043,0.004431287758052349,853.9121825713356,-852.8848369112168,
483510032_1aa39298ae_196_90168643@N00.jpg,31.77298,35.224914,31.777658462524414,35.23562240600586,0.03833337873220444,1.1381096181049895,1,224,0.875,31.777658462524414,35.23562240600586,0.03830363601446152,1.1381096181049895,0.0,
483717602_2445d0d4ae_206_40425693@N00.jpg,40.542112,14.252185,39.671539306640625,19.700565338134766,0.05061076954007149,473.28732709455204,0,0,0.0,39.671539306640625,19.700565338134766,0.05061076954007149,473.28732709455204,0.0,
483794926_ba696e52d8_201_90168643@N00.jpg,31.77298,35.224914,49.98558044433594,20.059232711791992,0.012579315342009068,2382.8822303057145,0,0,0.0,49.98558044433594,20.059232711791992,0.012579315342009068,2382.8822303057145,0.0,
484091031_4dccc76743_227_7885919@N07.jpg,45.456382,12.356389,50.57342529296875,3.6804189682006836,0.005738512147217989,859.3438118107301,2,66,0.2578125,50.57342529296875,3.6804189682006836,0.009749865159392357,859.3438118107301,0.0,
484136398_2bc88c26e5_203_51162504@N00.jpg,37.214506,-7.410321,37.21262741088867,-7.404376983642578,0.10671714693307877,0.5663023799128252,0,0,0.0,37.21262741088867,-7.404376983642578,0.10671714693307877,0.5663023799128252,0.0,
484137914_3f2f3c258c_194_51162504@N00.jpg,37.214506,-7.410321,37.077457427978516,-8.117844581604004,0.015521861612796783,64.53520654110173,3,91,0.35546875,40.13838195800781,-8.862791061401367,0.015982171520590782,348.69887591674865,-284.1636693756469,
484199684_09c57af496_230_50435419@N00.jpg,-34.609758,-58.411216,-33.48033142089844,-70.51299285888672,0.04698622226715088,1121.369502455199,1,60,0.234375,19.684940338134766,-99.85971069335938,0.04796062409877777,7458.358243485526,-6336.988741030327,
484245503_2c1739bf8b_213_50435419@N00.jpg,-34.609758,-58.411216,48.05423355102539,20.255075454711914,0.055771805346012115,12044.748275912209,5,166,0.6484375,48.05423355102539,20.255075454711914,0.08043909072875977,12044.748275912209,0.0,
484255165_aeaf43116a_193_50435419@N00.jpg,-34.609758,-58.411216,-34.58769607543945,-58.393577575683594,0.015764323994517326,2.9367531207404967,1,24,0.09375,-34.58769607543945,-58.393577575683594,0.01602890156209469,2.9367531207404967,0.0,
484775080_6decd41318_229_7885919@N07.jpg,-23.248128,16.559486,-28.5783748626709,22.462446212768555,0.09550672024488449,836.2753641622842,1,3,0.01171875,-28.5783748626709,22.462446212768555,0.1488042026758194,836.2753641622842,0.0,
485581993_e813d3229d_187_57253263@N00.jpg,42.04711,-70.650823,36.383544921875,-75.8249740600586,0.019975200295448303,771.2071729769101,1,48,0.1875,36.383544921875,-75.8249740600586,0.017740439623594284,771.2071729769101,0.0,
486112467_9a11ead046_227_75653366@N00.jpg,49.242328,-123.11335,48.565147399902344,-123.46929931640625,0.05197835713624954,79.66679434137454,0,0,0.0,48.565147399902344,-123.46929931640625,0.05197835713624954,79.66679434137454,0.0,
486112965_0adc5ac5fa_213_75653366@N00.jpg,49.242328,-123.11335,52.270442962646484,4.545936107635498,0.013961311429738998,7695.364757320538,2,50,0.1953125,52.270442962646484,4.545936107635498,0.011517451144754887,7695.364757320538,0.0,
486170152_713ccb153d_213_7885919@N07.jpg,-21.768586,13.956069,37.11566925048828,-122.33087158203125,0.10684727877378464,15498.58182220269,1,110,0.4296875,37.11566925048828,-122.33087158203125,0.09496725350618362,15498.58182220269,0.0,
486591374_67151abe1c_184_51162504@N00.jpg,37.389024,-5.994071,37.38524627685547,-5.992096900939941,0.026730000972747803,0.45483347504641924,1,224,0.875,37.38524627685547,-5.992096900939941,0.025897487998008728,0.45483347504641924,0.0,
486597679_e1a557718f_198_51162504@N00.jpg,37.389024,-5.994071,48.2282829284668,15.332976341247559,0.00715398695319891,2104.978753848245,5,150,0.5859375,48.2282829284668,15.332976341247559,0.007853810675442219,2104.978753848245,0.0,
486640035_44fce1c2e6_194_51162504@N00.jpg,37.389024,-5.994071,37.878726959228516,-4.779942989349365,0.021258799359202385,119.98089514501058,6,22,0.0859375,37.878726959228516,-4.779942989349365,0.023023704066872597,119.98089514501058,0.0,
486640467_2747f82c8f_224_26519935@N00.jpg,38.8494,121.391544,34.612300872802734,135.73617553710938,0.004893513862043619,1360.5623158203064,5,244,0.953125,34.612300872802734,135.73617553710938,0.004587976261973381,1360.5623158203064,0.0,
486917998_0077fde76f_204_8159033@N04.jpg,39.923165,116.402549,39.875831604003906,116.4544448852539,0.009456465020775795,6.877508311336409,0,0,0.0,39.875831604003906,116.4544448852539,0.009456465020775795,6.877508311336409,0.0,
486937288_b185bedd23_231_8159033@N04.jpg,39.923165,116.402549,39.91691207885742,116.38907623291016,0.016841918230056763,1.342958891969054,6,145,0.56640625,39.91691207885742,116.38907623291016,0.016359206289052963,1.342958891969054,0.0,
487004508_a9a56d1967_173_8159033@N04.jpg,39.923165,116.402549,39.91691207885742,116.38907623291016,0.016743188723921776,1.342958891969054,1,45,0.17578125,39.91691207885742,116.38907623291016,0.017235714942216873,1.342958891969054,0.0,
487030048_10605b328e_227_8159033@N04.jpg,39.923165,116.402549,40.354000091552734,116.00738525390625,0.07846087962388992,58.51021522666752,0,0,0.0,40.354000091552734,116.00738525390625,0.07846087962388992,58.51021522666752,0.0,
487043497_3fddb48313_186_8159033@N04.jpg,39.923165,116.402549,39.997257232666016,116.27122497558594,0.03091854602098465,13.897967726196564,0,0,0.0,39.997257232666016,116.27122497558594,0.03091854602098465,13.897967726196564,0.0,
487044961_f675eb5964_206_8159033@N04.jpg,39.923165,116.402549,39.932167053222656,116.44216918945312,0.008878553286194801,3.5236048957275083,2,177,0.69140625,39.907432556152344,116.40766143798828,0.008856181055307388,1.8028891500283182,1.7207157456991902,
487058765_13a8cafbd9_192_8159033@N04.jpg,39.923165,116.402549,40.8653678894043,117.07425689697266,0.09888221323490143,119.21415092075773,1,256,1.0,40.8653678894043,117.07425689697266,0.1092093288898468,119.21415092075773,0.0,
487066358_01d439baa3_216_8159033@N04.jpg,39.923165,116.402549,39.91608810424805,116.39066314697266,0.016682734712958336,1.2832329657288921,4,97,0.37890625,39.91608810424805,116.39066314697266,0.015021208673715591,1.2832329657288921,0.0,
487097733_05b162ed49_197_8159033@N04.jpg,39.923165,116.402549,39.91625213623047,116.39019012451172,0.020032497122883797,1.3044988407983868,0,0,0.0,39.91625213623047,116.39019012451172,0.020032497122883797,1.3044988407983868,0.0,
487099337_cc35854a4d_228_82927779@N00.jpg,-33.656922,23.122819,-33.941383361816406,18.802091598510742,0.05277658626437187,400.46602645461013,3,142,0.5546875,-33.941383361816406,18.802091598510742,0.05116865038871765,400.46602645461013,0.0,
487138731_ed49dc4a7f_212_8159033@N04.jpg,34.272254,108.896656,30.25343132019043,120.11627197265625,0.025766178965568542,1144.814998882914,0,0,0.0,30.25343132019043,120.11627197265625,0.025766178965568542,1144.814998882914,0.0,
487140612_ef305ec69f_218_8159033@N04.jpg,31.235701,121.46862,31.303634643554688,120.61271667480469,0.01825615204870701,81.69668565412947,0,0,0.0,31.303634643554688,120.61271667480469,0.01825615204870701,81.69668565412947,0.0,
487142532_8e77d4a376_179_8159033@N04.jpg,31.235701,121.46862,31.311115264892578,120.61734771728516,0.03777614235877991,81.33678985447249,0,0,0.0,31.311115264892578,120.61734771728516,0.03777614235877991,81.33678985447249,0.0,
487157149_401f70f672_204_8159033@N04.jpg,31.235701,121.46862,40.10676574707031,113.29290008544922,0.009135468862950802,1230.9984393182854,1,20,0.078125,40.10676574707031,113.29290008544922,0.010648622177541256,1230.9984393182854,0.0,
487157243_e18d20f05c_211_8159033@N04.jpg,31.235701,121.46862,31.228498458862305,121.48666381835938,0.012752716429531574,1.8933371856930854,3,108,0.421875,31.228498458862305,121.48666381835938,0.011908773332834244,1.8933371856930854,0.0,
487188679_72c4e461e4_199_82927779@N00.jpg,-33.527813,22.251491,37.25820541381836,-8.003883361816406,0.04700621962547302,8471.827743653303,2,112,0.4375,37.25820541381836,-8.003883361816406,0.050196122378110886,8471.827743653303,0.0,
487273430_02a2d59e36_205_8159033@N04.jpg,39.923165,116.402549,39.997257232666016,116.27122497558594,0.06078799441456795,13.897967726196564,1,176,0.6875,39.997257232666016,116.27122497558594,0.044239986687898636,13.897967726196564,0.0,
487288867_bd42496d28_179_8159033@N04.jpg,39.923165,116.402549,39.91625213623047,116.39019012451172,0.019914962351322174,1.3044988407983868,0,0,0.0,39.91625213623047,116.39019012451172,0.019914962351322174,1.3044988407983868,0.0,
487341048_fc37294bdf_170_8159033@N04.jpg,35.012845,135.748786,35.25082778930664,139.15426635742188,0.012351145967841148,310.80283499615393,1,192,0.75,35.25082778930664,139.15426635742188,0.014424389228224754,310.80283499615393,0.0,
487349192_1c67d95fa1_224_8159033@N04.jpg,35.012845,135.748786,35.01333236694336,135.7501678466797,0.012802580371499062,0.1370188037675419,4,215,0.83984375,35.01333236694336,135.7501678466797,0.012731695547699928,0.1370188037675419,0.0,
487365166_d1f723dd85_225_8159033@N04.jpg,35.311483,139.549541,36.846439361572266,139.5897674560547,0.008188696578145027,170.7178704425747,10,51,0.19921875,36.846439361572266,139.5897674560547,0.00863950327038765,170.7178704425747,0.0,
487400637_f9cdf5e118_174_86122102@N00.jpg,60.169695,24.965057,60.18113327026367,24.518566131591797,0.01636851392686367,24.724731007192904,11,178,0.6953125,60.18113327026367,24.518566131591797,0.014400772750377655,24.724731007192904,0.0,
487799243_19536f5161_201_16836474@N00.jpg,-4.219137,-69.938964,-5.000050067901611,-59.32109069824219,0.0886945128440857,1180.0154116586912,0,0,0.0,-5.000050067901611,-59.32109069824219,0.0886945128440857,1180.0154116586912,0.0,
487930298_88b99a29b3_219_7885919@N07.jpg,-19.180759,15.922107,-20.2106990814209,26.18058967590332,0.05523517355322838,1079.8639775096008,1,30,0.1171875,-20.2106990814209,26.18058967590332,0.056492820382118225,1079.8639775096008,0.0,
487946030_c424464f47_191_7885919@N07.jpg,-19.151654,15.096588,-19.259294509887695,16.875,0.14488424360752106,187.12717019251357,1,108,0.421875,-19.259294509887695,16.875,0.1463920623064041,187.12717019251357,0.0,
487968221_39a7213c63_222_49503208420@N01.jpg,48.865575,2.361803,43.55073928833008,10.310229301452637,0.0025080484338104725,849.6540110930307,3,256,1.0,43.55073928833008,10.310229301452637,0.0026313860435038805,849.6540110930307,0.0,
488200305_001ec0b596_205_36093984@N00.jpg,44.456482,-93.160414,41.74352264404297,1.8989180326461792,0.004926846828311682,7250.732455256824,0,0,0.0,41.74352264404297,1.8989180326461792,0.004926846828311682,7250.732455256824,0.0,
488223116_deb9583d6e_217_26519935@N00.jpg,38.8494,121.391544,30.54452133178711,114.3621826171875,0.013422735966742039,1124.201818896494,3,70,0.2734375,30.54452133178711,114.3621826171875,0.01367538794875145,1124.201818896494,0.0,
488352231_861d4e0345_229_26519935@N00.jpg,38.785535,121.141777,39.05510711669922,117.28346252441406,0.0669705718755722,335.10815588784214,1,108,0.421875,39.05510711669922,117.28346252441406,0.05231107771396637,335.10815588784214,0.0,
488533345_9d423dbcc9_212_91548597@N00.jpg,53.052467,-3.0049,51.473262786865234,-3.203511953353882,0.09468498826026917,176.1189935095563,0,0,0.0,51.473262786865234,-3.203511953353882,0.09468498826026917,176.1189935095563,0.0,
488849133_3f1992698b_197_41894197861@N01.jpg,40.716053,-73.996052,40.71821594238281,-73.99344635009766,0.007263670209795237,0.3256828975374106,1,160,0.625,40.71821594238281,-73.99344635009766,0.006843246053904295,0.3256828975374106,0.0,
489951235_38f25f4dbc_202_26519935@N00.jpg,45.785519,126.594986,38.89744567871094,115.4608154296875,0.04324214160442352,1191.358163610895,3,180,0.703125,38.89744567871094,115.4608154296875,0.05027889460325241,1191.358163610895,0.0,
491120385_b575e9fbec_198_70323761@N00.jpg,42.352557,-71.11058,42.365318298339844,-71.11598205566406,0.007456065621227026,1.4867954583536496,1,52,0.203125,41.81959533691406,-71.39982604980469,0.00911339558660984,63.88891952392102,-62.40212406556737,
491141179_d90b8ba06c_229_48313794@N00.jpg,44.656565,21.850433,45.680084228515625,13.774243354797363,0.01542018074542284,642.9912566215721,0,0,0.0,45.680084228515625,13.774243354797363,0.01542018074542284,642.9912566215721,0.0,
491919321_7f6f92bd18_208_75653366@N00.jpg,49.269341,-123.169816,49.266212463378906,-123.06966400146484,0.008596732281148434,7.275103584767976,1,256,1.0,49.25006866455078,-123.10098266601562,0.008728142827749252,5.435472528793711,1.839631055974265,
492904812_a8fc6c42fc_189_50435419@N00.jpg,33.622195,-100.836982,33.5980339050293,-99.2509994506836,0.06204083561897278,146.8944403992542,0,0,0.0,33.5980339050293,-99.2509994506836,0.06204083561897278,146.8944403992542,0.0,
493339442_d3ad94d478_212_75653366@N00.jpg,49.272001,-123.169001,49.19365310668945,-123.94766998291016,0.016194719821214676,57.2053076417536,0,0,0.0,49.19365310668945,-123.94766998291016,0.016194719821214676,57.2053076417536,0.0,
493804398_82845b8a70_212_26519935@N00.jpg,45.778179,126.660432,25.48295021057129,121.2890625,0.018926216289401054,2306.9739821531552,4,164,0.640625,22.254024505615234,113.90498352050781,0.012350858189165592,2859.4016125065314,-552.4276303533761,
493818157_0f4712ffbd_186_26519935@N00.jpg,45.778179,126.660432,37.20305633544922,112.1759033203125,0.02604110725224018,1533.6842659276474,2,166,0.6484375,37.20305633544922,112.1759033203125,0.0305764302611351,1533.6842659276474,0.0,
494341167_98a4299863_195_62126383@N00.jpg,32.347627,34.85361,35.52552032470703,11.019972801208496,0.0062544927932322025,2221.3622713947434,0,0,0.0,35.52552032470703,11.019972801208496,0.0062544927932322025,2221.3622713947434,0.0,
494539179_286f16c126_194_62126383@N00.jpg,32.501871,34.892749,32.50077438354492,35.50062561035156,0.028027307242155075,57.00647872747702,0,0,0.0,32.50077438354492,35.50062561035156,0.028027307242155075,57.00647872747702,0.0,
494541628_d95bd89475_190_62126383@N00.jpg,32.501871,34.892749,32.483699798583984,34.892921447753906,0.19989274442195892,2.0206129297660205,0,0,0.0,32.483699798583984,34.892921447753906,0.19989274442195892,2.0206129297660205,0.0,
494612871_db624a92e7_216_62126383@N00.jpg,32.501871,34.892749,37.94192886352539,27.341623306274414,0.08662065863609314,913.948918271653,0,0,0.0,37.94192886352539,27.341623306274414,0.08662065863609314,913.948918271653,0.0,
494631856_8b13dc40c1_230_26519935@N00.jpg,43.787949,125.446186,49.11466979980469,10.751258850097656,0.04001050069928169,7893.646260207747,4,130,0.5078125,49.11466979980469,10.751258850097656,0.0416293740272522,7893.646260207747,0.0,
494663092_d20ab908d1_189_26519935@N00.jpg,43.787949,125.446186,33.19990921020508,126.29110717773438,0.01735791750252247,1179.6130768443745,3,112,0.4375,33.19990921020508,126.29110717773438,0.014967815950512886,1179.6130768443745,0.0,
494693270_3bdaf1fed9_194_26519935@N00.jpg,43.787949,125.446186,40.03083419799805,115.81993103027344,0.02267417125403881,898.6894887874685,2,168,0.65625,42.58624267578125,23.426027297973633,0.031890276819467545,7677.837321468833,-6779.147832681364,
494764441_e72396a2c5_218_26519935@N00.jpg,43.787949,125.446186,42.9510612487793,141.51095581054688,0.019979147240519524,1299.830055863656,0,0,0.0,42.9510612487793,141.51095581054688,0.019979147240519524,1299.830055863656,0.0,
494842008_7ca250deeb_225_15632944@N00.jpg,52.105384,16.115269,52.105384826660156,16.115108489990234,0.3043361008167267,0.010962777022830734,1,224,0.875,52.105384826660156,16.115108489990234,0.32684609293937683,0.010962777022830734,0.0,
495148240_8144db7f76_208_70323761@N00.jpg,42.358115,-71.060197,53.8525276184082,-3.515625,0.002636729972437024,4972.63551781521,2,48,0.1875,53.8525276184082,-3.515625,0.002287010895088315,4972.63551781521,0.0,
495596403_4844e4b57f_199_81421684@N00.jpg,36.48936,101.56641,40.10676574707031,113.29290008544922,0.07750566303730011,1098.4404592539586,2,40,0.15625,40.10676574707031,113.29290008544922,0.0919913575053215,1098.4404592539586,0.0,
496049244_fd5374995a_194_8255645@N03.jpg,31.223077,121.488876,39.932167053222656,116.44216918945312,0.007783093955367804,1070.0767848911169,3,11,0.04296875,39.932167053222656,116.44216918945312,0.00762057164683938,1070.0767848911169,0.0,
496088575_223c579f58_221_91548597@N00.jpg,53.191578,-2.894629,53.04195022583008,-2.997128963470459,0.008038552477955818,17.989237539074512,0,0,0.0,53.04195022583008,-2.997128963470459,0.008038552477955818,17.989237539074512,0.0,
496139274_00d8ed4598_218_8255645@N03.jpg,31.223077,121.488876,43.85569763183594,125.30387878417969,0.00550461420789361,1443.9516156701593,7,176,0.6875,43.85569763183594,125.30387878417969,0.005217182915657759,1443.9516156701593,0.0,
496150236_6afa5a9269_202_8255645@N03.jpg,31.223077,121.488876,38.89744567871094,115.4608154296875,0.010170221328735352,1013.9207918866285,16,107,0.41796875,43.884159088134766,125.28791046142578,0.008335590362548828,1446.6907460634225,-432.76995417679393,
496357171_bc920920d9_204_8255645@N03.jpg,31.223077,121.488876,31.29716682434082,121.50516510009766,0.0033570840023458004,8.382653953895412,2,117,0.45703125,31.29716682434082,121.50516510009766,0.003975632134824991,8.382653953895412,0.0,
496364280_e562c40b2f_221_69212252@N00.jpg,41.91173,-87.628959,41.87147521972656,-87.61910247802734,0.006996160838752985,4.549880829931765,1,240,0.9375,41.87147521972656,-87.61910247802734,0.007071502506732941,4.549880829931765,0.0,
496591076_564ea30376_204_91548597@N00.jpg,53.191279,-2.894114,53.38014602661133,-1.467553973197937,0.005412677768617868,97.12666514243729,1,256,1.0,50.90574645996094,-1.404371976852417,0.005085845943540335,273.7829627064495,-176.65629756401222,
496602232_f6a3244a07_230_91548597@N00.jpg,53.190613,-2.894822,53.38018035888672,-1.4681329727172852,0.013623494654893875,97.15258590911752,2,10,0.0390625,53.38018035888672,-1.4681329727172852,0.012815660797059536,97.15258590911752,0.0,
496664918_c8e6c33bc9_215_50517642@N00.jpg,40.76785,-73.971483,39.90712356567383,-75.35562896728516,0.01600213162600994,151.40136801942867,4,176,0.6875,39.90712356567383,-75.35562896728516,0.01703316904604435,151.40136801942867,0.0,
496688709_ea3cc1c272_203_91548597@N00.jpg,53.192458,-2.883567,52.69367218017578,-2.4625229835510254,0.02760903537273407,62.22562061532727,5,64,0.25,53.57972717285156,-2.4304559230804443,0.02876255288720131,52.510386497948986,9.715234117378287,
496737328_83e03f544a_208_78225438@N00.jpg,12.515268,-70.031061,12.108588218688965,-68.93579864501953,0.05081702768802643,127.28980340136579,4,126,0.4921875,12.117711067199707,-68.94281005859375,0.031532544642686844,126.2173163662726,1.0724870350931894,
497027282_029b0c6a6e_198_36764971@N00.jpg,36.83869,10.230846,35.787113189697266,-5.8114237785339355,0.03480936959385872,1440.4408162550524,1,25,0.09765625,35.787113189697266,-5.8114237785339355,0.03255195543169975,1440.4408162550524,0.0,
497084808_7f76ca550d_213_36093984@N00.jpg,47.778299,19.127497,45.558448791503906,18.676490783691406,0.028711074963212013,249.2225343428125,7,24,0.09375,45.558448791503906,18.676490783691406,0.02671518176794052,249.2225343428125,0.0,
497089887_014dfec0d7_228_36764971@N00.jpg,36.844254,10.219087,36.84973907470703,10.327308654785156,0.025427214801311493,9.64915239897065,3,32,0.125,36.84973907470703,10.327308654785156,0.022535618394613266,9.64915239897065,0.0,
497192219_bdc260e715_200_36764971@N00.jpg,36.404152,10.599746,30.417442321777344,-9.605269432067871,0.059982310980558395,1985.4000108692517,3,87,0.33984375,30.199739456176758,-9.647369384765625,0.053154271095991135,1999.3812337337235,-13.981222864471874,
497743938_c423e6892c_194_8255645@N03.jpg,64.131581,-21.913604,64.06517791748047,-21.97214126586914,0.026869824156165123,7.912237162360145,7,232,0.90625,64.06517791748047,-21.97214126586914,0.02405468374490738,7.912237162360145,0.0,
497744338_26a6d8c107_228_8255645@N03.jpg,64.131581,-21.913604,51.06406021118164,4.580038070678711,0.009448793716728687,2116.800091794037,0,0,0.0,51.06406021118164,4.580038070678711,0.009448793716728687,2116.800091794037,0.0,
497783235_1abb3ea03a_194_8255645@N03.jpg,64.131581,-21.913604,63.60349655151367,-19.970470428466797,0.2947758138179779,111.81738830499975,1,4,0.015625,63.60349655151367,-19.970470428466797,0.31348082423210144,111.81738830499975,0.0,
497978640_a7130ed235_201_8255645@N03.jpg,47.451076,12.386913,45.500091552734375,6.918295860290527,0.05645522102713585,471.46963589057833,12,224,0.875,45.500091552734375,6.918295860290527,0.05123734101653099,471.46963589057833,0.0,
498047349_f70a4c8971_195_8255645@N03.jpg,46.206566,6.14685,45.922630310058594,6.875549793243408,0.08281432092189789,64.47905416937833,1,128,0.5,45.922630310058594,6.875549793243408,0.08097135275602341,64.47905416937833,0.0,
498188970_2b625356a8_230_69212252@N00.jpg,41.881431,-87.623777,43.603607177734375,-116.20865631103516,0.0030462744180113077,2330.6043845640615,4,67,0.26171875,43.603607177734375,-116.20865631103516,0.003219869453459978,2330.6043845640615,0.0,
498284113_e7f6c19219_194_78225438@N00.jpg,9.303405,-79.986991,30.389497756958008,-81.54216003417969,0.19067758321762085,2350.21613907777,3,84,0.328125,30.389497756958008,-81.54216003417969,0.3080716133117676,2350.21613907777,0.0,
498312357_7d2d872a46_211_78225438@N00.jpg,9.303405,-79.986991,58.11951446533203,-135.4574737548828,0.04187692701816559,7156.557913989232,7,111,0.43359375,58.11951446533203,-135.4574737548828,0.03650277107954025,7156.557913989232,0.0,
498409146_91798fa954_199_8255645@N03.jpg,47.389168,12.63565,26.571332931518555,-100.46104431152344,0.0023524463176727295,9422.663444084921,0,0,0.0,26.571332931518555,-100.46104431152344,0.0023524463176727295,9422.663444084921,0.0,
498465013_81f201b042_206_8255645@N03.jpg,47.389168,12.63565,47.17169952392578,13.104801177978516,0.04737919196486473,42.863073607753755,0,0,0.0,47.17169952392578,13.104801177978516,0.04737919196486473,42.863073607753755,0.0,
498485332_5dcd314ad4_218_89904893@N00.jpg,37.427484,-122.170618,37.4292106628418,-122.17064666748047,0.05625367909669876,0.19201310006390432,1,40,0.15625,37.4292106628418,-122.17064666748047,0.05616523697972298,0.19201310006390432,0.0,
498841097_8cee3322a2_217_70323761@N00.jpg,40.728327,-73.979036,40.730140686035156,-74.00223541259766,0.0016148170689120889,1.9652458725915518,0,0,0.0,40.730140686035156,-74.00223541259766,0.0016148170689120889,1.9652458725915518,0.0,
499211654_515b8c018d_222_20194767@N00.jpg,-6.160694,106.824874,7.070320129394531,125.61329650878906,0.02939378097653389,2551.3613661957315,4,238,0.9296875,7.070320129394531,125.61329650878906,0.02985491044819355,2551.3613661957315,0.0,
499390073_b1534310b7_213_8255645@N03.jpg,47.393236,12.638053,46.7814826965332,9.66273307800293,0.01593560352921486,235.29293043858496,0,0,0.0,46.7814826965332,9.66273307800293,0.01593560352921486,235.29293043858496,0.0,
499393661_a7da0fd73e_206_8255645@N03.jpg,47.393236,12.638053,47.03608703613281,10.60438060760498,0.033114079385995865,158.64806529683136,3,74,0.2890625,47.03608703613281,10.60438060760498,0.033357761800289154,158.64806529683136,0.0,
499400375_a0c6d01e46_192_8255645@N03.jpg,47.393236,12.638053,45.996482849121094,6.235084056854248,0.06005449593067169,512.2589880768295,6,156,0.609375,47.03608703613281,10.60438060760498,0.06584279984235764,158.64806529683136,353.61092277999813,
499408237_330409e18c_211_8255645@N03.jpg,47.393236,12.638053,36.500389099121094,-121.75179290771484,0.021471552550792694,9643.377066650286,8,214,0.8359375,36.500389099121094,-121.75179290771484,0.016383739188313484,9643.377066650286,0.0,
499659206_1103c4e70c_216_8255645@N03.jpg,34.945895,32.418937,40.47315979003906,31.216310501098633,0.005521517712622881,623.6238990160549,0,0,0.0,40.47315979003906,31.216310501098633,0.005521517712622881,623.6238990160549,0.0,
499683969_b2ca7bd2ca_228_8255645@N03.jpg,34.945895,32.418937,35.29410934448242,25.49051284790039,0.06550295650959015,631.2124146415854,3,92,0.359375,35.29410934448242,25.49051284790039,0.0713304653763771,631.2124146415854,0.0,
499701055_d6ee97e838_204_8255645@N03.jpg,34.945895,32.418937,40.20758819580078,-5.774517059326172,0.0096318693831563,3389.617930813343,0,0,0.0,40.20758819580078,-5.774517059326172,0.0096318693831563,3389.617930813343,0.0,
499751900_1e49202d31_216_62126383@N00.jpg,31.776683,35.23428,31.778087615966797,35.23143768310547,0.034627728164196014,0.31077455233996154,1,60,0.234375,31.777666091918945,35.233123779296875,0.03606465831398964,0.154580130122299,0.15619442221766255,
499752412_13b983eaf1_193_62126383@N00.jpg,31.776829,35.233368,31.777666091918945,35.233123779296875,0.030087655410170555,0.09590057212626613,0,0,0.0,31.777666091918945,35.233123779296875,0.030087655410170555,0.09590057212626613,0.0,
499799081_d6e215e5b9_190_62126383@N00.jpg,31.776683,35.23428,31.77912712097168,35.2327995300293,0.02411497011780739,0.305688475595266,7,200,0.78125,31.53260040283203,35.095001220703125,0.024501003324985504,30.17307277034122,-29.867384294745957,
500766074_168d93242a_226_15632944@N00.jpg,51.118071,16.998682,52.49699401855469,13.241100311279297,0.006810763385146856,300.3621997020335,0,0,0.0,52.49699401855469,13.241100311279297,0.006810763385146856,300.3621997020335,0.0,
501870004_42c1eec191_224_93455345@N00.jpg,50.244131,19.0242,52.21477127075195,21.027896881103516,0.009273137897253036,259.74880394874396,2,120,0.46875,52.21477127075195,21.027896881103516,0.005981347523629665,259.74880394874396,0.0,
501878996_cc55537e92_192_93455345@N00.jpg,50.244131,19.0242,51.17832565307617,6.389429092407227,0.016945485025644302,894.5553645602084,4,138,0.5390625,51.17832565307617,6.389429092407227,0.03595124930143356,894.5553645602084,0.0,
502121673_eebb1e4d01_201_15632944@N00.jpg,51.127471,16.952977,49.74777603149414,16.73457908630371,0.05701583996415138,154.19283435336934,0,0,0.0,49.74777603149414,16.73457908630371,0.05701583996415138,154.19283435336934,0.0,
503421929_68286fb4cb_210_15632944@N00.jpg,51.127067,16.982545,-20.165945053100586,28.581661224365234,0.007750220131129026,8008.184850214379,0,0,0.0,-20.165945053100586,28.581661224365234,0.007750220131129026,8008.184850214379,0.0,
503740661_a6a54ca25c_197_36887937@N00.jpg,31.58323,74.323602,28.65596580505371,77.23761749267578,0.040428124368190765,429.4923327900164,1,135,0.52734375,27.274160385131836,77.958984375,0.04212629795074463,594.4881621862447,-164.99582939622832,
503743049_3dc92c026e_189_36887937@N00.jpg,31.583094,74.323247,30.204042434692383,71.45130157470703,0.14177358150482178,314.0056724066358,6,33,0.12890625,30.204042434692383,71.45130157470703,0.14941546320915222,314.0056724066358,0.0,
504206320_14d4567362_202_15632944@N00.jpg,51.135685,17.002801,55.15666580200195,-1.5438339710235596,0.010677373968064785,1310.4689365951663,0,0,0.0,55.15666580200195,-1.5438339710235596,0.010677373968064785,1310.4689365951663,0.0,
504223553_be68d9444f_207_15632944@N00.jpg,51.110473,16.945638,48.125179290771484,17.211971282958984,0.03896363824605942,332.503379783181,0,0,0.0,48.125179290771484,17.211971282958984,0.03896363824605942,332.503379783181,0.0,
504349424_3a78b56e95_194_8255645@N03.jpg,34.937663,32.86354,39.328887939453125,-119.8838882446289,0.014621874317526817,11295.441341132944,3,256,1.0,39.328887939453125,-119.8838882446289,0.014867182821035385,11295.441341132944,0.0,
504358612_799ab02b0f_230_8255645@N03.jpg,34.937874,32.86663,40.787086486816406,-4.055931091308594,0.04767961427569389,3280.794391148712,1,50,0.1953125,40.787086486816406,-4.055931091308594,0.07091153413057327,3280.794391148712,0.0,
504360216_f134ae870b_212_8255645@N03.jpg,34.937874,32.86663,38.47657012939453,-120.0149917602539,0.01705946959555149,11387.416685658865,1,256,1.0,38.47657012939453,-120.0149917602539,0.017139142379164696,11387.416685658865,0.0,
504530839_b058103c29_189_7224156@N03.jpg,22.254932,113.905928,22.254024505615234,113.90498352050781,0.40921714901924133,0.1401076739857492,2,154,0.6015625,22.254024505615234,113.90498352050781,0.39815211296081543,0.1401076739857492,0.0,
504953029_951ba01c41_204_24311489@N00.jpg,33.748036,-84.371362,42.58522033691406,-70.69264221191406,0.04370938241481781,1544.3236746725527,0,0,0.0,42.58522033691406,-70.69264221191406,0.04370938241481781,1544.3236746725527,0.0,
505259739_1320df4907_223_62126383@N00.jpg,32.704327,35.302162,31.777666091918945,35.233123779296875,0.032300665974617004,103.2445006625804,17,126,0.4921875,31.777650833129883,35.233154296875,0.030966617166996002,103.24601358584638,-0.0015129232659774061,
505709506_a8d5cf2355_209_15632944@N00.jpg,51.098159,17.038078,51.77983093261719,19.45267105102539,0.012076003476977348,183.71557832773908,1,18,0.0703125,51.77983093261719,19.45267105102539,0.012824022211134434,183.71557832773908,0.0,
505815616_ba5ece864e_197_15632944@N00.jpg,51.098159,17.038078,50.345458984375,19.4677734375,0.01785440929234028,190.40801023266013,1,15,0.05859375,50.345458984375,19.4677734375,0.015960553660988808,190.40801023266013,0.0,
505895467_111084263a_232_85417391@N00.jpg,64.289015,-20.367279,64.31226348876953,-20.30121421813965,0.1356663703918457,4.102560699758838,0,0,0.0,64.31226348876953,-20.30121421813965,0.1356663703918457,4.102560699758838,0.0,
506290885_eab847f55c_206_99437479@N00.jpg,70.396292,31.102294,62.015525817871094,-6.762598991394043,0.01530228927731514,1893.1340065898958,0,0,0.0,62.015525817871094,-6.762598991394043,0.01530228927731514,1893.1340065898958,0.0,
506520812_6b9388aced_204_50994135@N00.jpg,55.845403,-4.419507,55.87224578857422,-4.288518905639648,0.021215548738837242,8.702379334405839,0,0,0.0,55.87224578857422,-4.288518905639648,0.021215548738837242,8.702379334405839,0.0,
506546021_778c619a0c_200_50994135@N00.jpg,55.845518,-4.423445,55.843711853027344,-4.420726776123047,0.018193667754530907,0.2629287826999181,1,78,0.3046875,54.89141845703125,-2.9334349632263184,0.010194208472967148,141.8412301331668,-141.57830135046686,
507853636_e19ef8e118_218_62126383@N00.jpg,31.704145,35.219421,31.777666091918945,35.233123779296875,0.026877814903855324,8.277240398454405,0,0,0.0,31.777666091918945,35.233123779296875,0.026877814903855324,8.277240398454405,0.0,
507992543_2ef52e606d_232_8393530@N05.jpg,25.073471,-77.327785,18.47749137878418,-77.91932678222656,0.0483163520693779,735.9755279116974,6,256,1.0,18.47749137878418,-77.91932678222656,0.056974735110998154,735.9755279116974,0.0,
507995491_be1642b016_223_8393530@N05.jpg,25.073471,-77.327785,25.06722068786621,-77.34024047851562,0.07032313197851181,1.4341601073850054,4,92,0.359375,25.06722068786621,-77.34024047851562,0.06350792199373245,1.4341601073850054,0.0,
508033358_5d1f3bc07a_221_8393530@N05.jpg,25.073471,-77.327785,-18.97642707824707,146.70181274414062,0.062064941972494125,15445.735010212567,1,240,0.9375,-14.54955005645752,144.89999389648438,0.058708757162094116,15465.274512810516,-19.53950259794874,
508092310_ed7d7da28a_217_62126383@N00.jpg,32.717471,35.301647,36.80313491821289,22.297182083129883,0.027239562943577766,1270.5319955834937,1,4,0.015625,36.80313491821289,22.297182083129883,0.027594203129410744,1270.5319955834937,0.0,
508344507_a1015d1cca_230_33463080@N00.jpg,61.503661,23.74566,51.4033088684082,-0.5148440003395081,0.06131657585501671,1848.1877934398037,0,0,0.0,51.4033088684082,-0.5148440003395081,0.06131657585501671,1848.1877934398037,0.0,
509419851_e5ce616c39_210_7412395@N07.jpg,35.687574,-105.938372,35.68546676635742,-105.93768310546875,0.10775701701641083,0.24243364424167663,1,3,0.01171875,35.68546676635742,-105.93768310546875,0.10486051440238953,0.24243364424167663,0.0,
509733934_86d61a4c33_221_7885919@N07.jpg,51.499483,-0.128585,51.499786376953125,-0.12716799974441528,0.007727854419499636,0.10372519167609665,1,256,1.0,51.49954605102539,-0.12737199664115906,0.007968924008309841,0.0842578644611295,0.019467327214967148,
509757181_585351b261_192_7885919@N07.jpg,51.505203,-0.092536,51.506229400634766,-0.08977799862623215,0.0028821160085499287,0.22240382283397542,5,43,0.16796875,51.506229400634766,-0.08977799862623215,0.002452136715874076,0.22240382283397542,0.0,
509964802_63d13dac86_200_90168643@N00.jpg,38.050253,29.075317,36.9782829284668,30.831756591796875,0.08055759221315384,195.4613216750269,0,0,0.0,36.9782829284668,30.831756591796875,0.08055759221315384,195.4613216750269,0.0,
509993263_5ea97ad1ff_213_90168643@N00.jpg,38.054579,29.111022,37.92345428466797,29.12359619140625,0.27942919731140137,14.622005313580217,0,0,0.0,37.92345428466797,29.12359619140625,0.27942919731140137,14.622005313580217,0.0,
510020600_10c02010e8_218_90168643@N00.jpg,38.63645,34.911632,38.608150482177734,34.82872009277344,0.10169817507266998,7.860280871568511,1,25,0.09765625,38.608150482177734,34.82872009277344,0.10427716374397278,7.860280871568511,0.0,
510101189_8f1f9c8498_189_90168643@N00.jpg,37.981009,23.735961,37.97064971923828,23.729480743408203,0.02340548485517502,1.2843313294419947,5,177,0.69140625,37.97188186645508,23.730356216430664,0.022544628009200096,1.1275406710847173,0.15679065835727735,
510206635_d8c55451dc_219_77392231@N00.jpg,13.724085,100.392208,13.541035652160645,99.8214340209961,0.03787572681903839,64.95084446271537,11,256,1.0,13.541035652160645,99.8214340209961,0.04088406264781952,64.95084446271537,0.0,
510985613_e2d8a6ffc8_210_62126383@N00.jpg,31.77817,35.229763,31.777666091918945,35.233123779296875,0.04983978345990181,0.32258613602257735,3,45,0.17578125,31.777666091918945,35.233123779296875,0.04947492480278015,0.32258613602257735,0.0,
511011880_e037e14708_194_62126383@N00.jpg,32.821758,35.180454,41.91407775878906,15.332449913024902,0.00800891499966383,2017.3170043800915,0,0,0.0,41.91407775878906,15.332449913024902,0.00800891499966383,2017.3170043800915,0.0,
511218374_ffd511c10b_213_62126383@N00.jpg,31.778015,35.235278,31.777658462524414,35.23562240600586,0.047470513731241226,0.05129916321965245,1,224,0.875,31.777658462524414,35.23562240600586,0.047565389424562454,0.05129916321965245,0.0,
512851161_c25639142a_212_15376845@N00.jpg,41.272815,-73.296822,42.84049987792969,-71.68816375732422,0.020481860265135765,219.13843219259897,0,0,0.0,42.84049987792969,-71.68816375732422,0.020481860265135765,219.13843219259897,0.0,
513229443_567342115b_197_78221228@N00.jpg,-37.814666,144.954986,-37.822227478027344,144.9683380126953,0.014603806659579277,1.4430800595121798,1,56,0.21875,-37.822227478027344,144.9683380126953,0.01443090196698904,1.4430800595121798,0.0,
513433290_f7a4b9ba3f_189_77392231@N00.jpg,-8.524069,115.259628,-8.542997360229492,115.22488403320312,0.03283258527517319,4.36197462316764,0,0,0.0,-8.542997360229492,115.22488403320312,0.03283258527517319,4.36197462316764,0.0,
513453328_03108e034b_227_7665941@N08.jpg,49.291349,-123.127512,49.27543258666992,-123.13703918457031,0.013714752160012722,1.8999572369753897,0,0,0.0,49.27543258666992,-123.13703918457031,0.013714752160012722,1.8999572369753897,0.0,
513619563_a02ef4b893_227_77392231@N00.jpg,-8.527804,115.264949,13.598394393920898,103.96440887451172,0.025148004293441772,2758.493844669915,0,0,0.0,13.598394393920898,103.96440887451172,0.025148004293441772,2758.493844669915,0.0,
514155776_1e1d999aa9_194_62126383@N00.jpg,32.501365,35.50249,36.9782829284668,30.831756591796875,0.1129167228937149,655.5169344548259,0,0,0.0,36.9782829284668,30.831756591796875,0.1129167228937149,655.5169344548259,0.0,
514199752_603e772e1a_254_24311489@N00.jpg,38.3964,-85.758232,34.54993438720703,-90.64717102050781,0.012553650885820389,611.3941543260557,2,49,0.19140625,34.54993438720703,-90.64717102050781,0.013707729987800121,611.3941543260557,0.0,
514234452_8824524fbe_243_59555137@N00.jpg,22.209656,114.027185,29.564722061157227,106.54789733886719,0.006618926767259836,1107.8010984228254,2,32,0.125,24.93366813659668,121.37059783935547,0.007714519277215004,807.2103803546197,300.59071806820566,
514246671_382722c992_204_62126383@N00.jpg,32.501365,35.50249,37.93973159790039,27.341365814208984,0.018015384674072266,956.0070701774872,1,256,1.0,37.93973159790039,27.341365814208984,0.025751911103725433,956.0070701774872,0.0,
514257521_596115c6fb_193_62126383@N00.jpg,32.501365,35.50249,33.18640899658203,35.7850456237793,0.046816788613796234,80.61739268207054,3,11,0.04296875,32.821876525878906,35.53398513793945,0.048144154250621796,35.76104892787107,44.85634375419947,
514403184_90ada8c017_213_14491548@N00.jpg,48.854956,2.312471,48.804649353027344,2.1209189891815186,0.013185101561248302,15.096151370424852,3,23,0.08984375,48.804649353027344,2.1209189891815186,0.013881038874387741,15.096151370424852,0.0,
514769928_ba6d383a0a_250_36764971@N00.jpg,35.340404,25.131568,42.267921447753906,2.9596080780029297,0.00257879588752985,2062.333659421544,1,91,0.35546875,46.58349609375,7.081039905548096,0.0036143555771559477,1956.5057076888577,105.82795173268619,
515228175_f6e7d4b36a_249_14491548@N00.jpg,41.391567,2.164869,41.39445114135742,2.1625900268554688,0.014565782621502876,0.372814273020641,0,0,0.0,41.39445114135742,2.1625900268554688,0.014565782621502876,0.372814273020641,0.0,
515329274_3b230b2b46_223_77392231@N00.jpg,-8.522286,115.264606,22.196035385131836,-159.44058227539062,0.009572953917086124,9885.68984723371,3,52,0.203125,22.196035385131836,-159.44058227539062,0.011454418301582336,9885.68984723371,0.0,
515336129_772a6aeee1_203_77392231@N00.jpg,-8.522286,115.264606,-8.589167594909668,115.191650390625,0.0315849594771862,10.938942965903971,1,91,0.35546875,-8.586451530456543,115.12367248535156,0.042102403938770294,17.060383194615554,-6.121440228711583,
515415850_e3a3aaa1ae_243_90168643@N00.jpg,37.981009,23.735961,37.989078521728516,23.732507705688477,0.011820019222795963,0.9469572444570963,5,190,0.7421875,38.482486724853516,22.500429153442383,0.013167736120522022,121.47128560777658,-120.52432836331948,
515440055_024bc75999_230_90168643@N00.jpg,37.981009,23.735961,37.97148513793945,23.726734161376953,0.027686651796102524,1.3325022976664158,0,0,0.0,37.97148513793945,23.726734161376953,0.027686651796102524,1.3325022976664158,0.0,
515444837_6ce30b9c77_229_90168643@N00.jpg,37.981009,23.735961,34.045833587646484,-118.56517028808594,0.02305462211370468,11110.30832178514,2,256,1.0,34.045833587646484,-118.56517028808594,0.02108895592391491,11110.30832178514,0.0,
515907272_ca7e322b7a_211_36764971@N00.jpg,37.973026,23.731327,37.976070404052734,23.728395462036133,0.021845674142241478,0.42500070729768086,1,54,0.2109375,37.976070404052734,23.728395462036133,0.021775033324956894,0.42500070729768086,0.0,
515928079_378dce0e48_246_36764971@N00.jpg,37.973026,23.731327,37.97452926635742,23.726842880249023,0.02380780316889286,0.4271194597493563,0,0,0.0,37.97452926635742,23.726842880249023,0.02380780316889286,0.4271194597493563,0.0,
515965057_daa4d4f3cb_219_77392231@N00.jpg,-8.522456,115.25053,9.741373062133789,118.72821807861328,0.04699449986219406,2067.025875622962,3,150,0.5859375,9.741373062133789,118.72821807861328,0.049118101596832275,2067.025875622962,0.0,
516093992_bb6db23851_224_77392231@N00.jpg,-8.797546,115.23199,7.34731388092041,134.50526428222656,0.008300174959003925,2790.0638626620243,1,135,0.52734375,19.81705665588379,-155.99951171875,0.011894854716956615,10210.630208377232,-7420.566345715208,
516111938_3db927d6d8_208_70323761@N00.jpg,41.771359,-73.93059,38.7217903137207,-77.0462875366211,0.01608765684068203,429.94617499077356,0,0,0.0,38.7217903137207,-77.0462875366211,0.01608765684068203,429.94617499077356,0.0,
516247144_166a1f88c8_190_36764971@N00.jpg,37.975639,23.721392,37.97444534301758,23.72296905517578,0.026219690218567848,0.19163858100017364,1,84,0.328125,37.97444534301758,23.72296905517578,0.025731204077601433,0.19163858100017364,0.0,
516260063_f911d5d540_220_77392231@N00.jpg,-8.51974,115.259799,-8.518720626831055,115.25910949707031,0.042810358107089996,0.1363717141800828,4,177,0.69140625,-8.518720626831055,115.25910949707031,0.043682076036930084,0.1363717141800828,0.0,
516265388_23dc2a8660_224_77392231@N00.jpg,-8.522456,115.25053,-8.613836288452148,115.3180923461914,0.025979693979024887,12.587020823505894,2,63,0.24609375,-8.613836288452148,115.3180923461914,0.02234116569161415,12.587020823505894,0.0,
516399701_1ce0c241d0_226_36764971@N00.jpg,37.969453,23.729352,48.140357971191406,11.572861671447754,0.002977553755044937,1497.8810430238343,1,64,0.25,52.518550872802734,13.395712852478027,0.002898393664509058,1804.5971661797914,-306.7161231559571,
516535503_9eba8e366c_217_24311489@N00.jpg,41.913403,-87.626727,43.04913330078125,-87.889892578125,0.004298216663300991,128.1181395508415,19,163,0.63671875,43.04913330078125,-87.889892578125,0.0038884016685187817,128.1181395508415,0.0,
516605197_12b65bc555_192_24311489@N00.jpg,41.88864,-87.639559,52.12849044799805,11.63984203338623,0.003267590655013919,7009.717091012983,1,224,0.875,52.12849044799805,11.63984203338623,0.004913844633847475,7009.717091012983,0.0,
516726629_56a97a2b1c_240_41315423@N00.jpg,38.623521,-90.204405,39.1279296875,-94.6417236328125,0.02832072041928768,388.15481982166665,3,26,0.1015625,39.1279296875,-94.6417236328125,0.030264418572187424,388.15481982166665,0.0,
517461637_c024760a7b_222_15632944@N00.jpg,54.611199,18.800954,53.153743743896484,6.759713172912598,0.054872214794158936,804.6213466680795,1,90,0.3515625,53.153743743896484,6.759713172912598,0.06043494865298271,804.6213466680795,0.0,
517764000_ec7bfe285b_215_79039156@N00.jpg,44.934425,9.672775,40.668399810791016,-73.96424865722656,0.006077314727008343,6525.144954610841,0,0,0.0,40.668399810791016,-73.96424865722656,0.006077314727008343,6525.144954610841,0.0,
517790025_691fdae8ca_201_79039156@N00.jpg,44.934425,9.672775,44.52859115600586,25.990625381469727,0.023979607969522476,1287.6333045350477,1,80,0.3125,44.52859115600586,25.990625381469727,0.023242579773068428,1287.6333045350477,0.0,
517839578_b7ad071121_227_78841376@N00.jpg,48.873649,2.294887,48.874000549316406,2.2958199977874756,0.022641178220510483,0.07863891875597055,1,3,0.01171875,48.874000549316406,2.2958199977874756,0.022292843088507652,0.07863891875597055,0.0,
517885569_ff35e80659_236_51162504@N00.jpg,51.552746,-3.577959,53.225406646728516,-4.162250995635986,0.06853366643190384,190.1694510455708,2,79,0.30859375,53.225406646728516,-4.162250995635986,0.060118261724710464,190.1694510455708,0.0,
518524241_2e8d28653a_199_36887937@N00.jpg,37.786613,-122.4031,32.92196273803711,-96.76847839355469,0.0015889499336481094,2378.774873022285,1,98,0.3828125,32.92196273803711,-96.76847839355469,0.0015524387126788497,2378.774873022285,0.0,
520371104_8d344a6cca_207_15632944@N00.jpg,54.609223,18.797907,43.03178787231445,-88.04069519042969,0.019897695630788803,7149.716063951478,1,36,0.140625,43.03178787231445,-88.04069519042969,0.014623508788645267,7149.716063951478,0.0,
520721897_11b0c68892_243_70323761@N00.jpg,41.767238,-73.935332,41.46971893310547,-71.29821014404297,0.044229134917259216,221.69073108093096,4,59,0.23046875,41.46971893310547,-71.29821014404297,0.04259174317121506,221.69073108093096,0.0,
521324374_96290dd123_234_7132415@N03.jpg,45.516571,-122.674198,45.516883850097656,-122.68096923828125,0.009268688037991524,0.5287233336337938,3,135,0.52734375,45.516883850097656,-122.68096923828125,0.008558867499232292,0.5287233336337938,0.0,
521492794_594ee36866_196_72526577@N00.jpg,37.047933,-122.016692,40.15922546386719,9.19289493560791,0.0054427217692136765,10092.371237492556,2,256,1.0,40.10840606689453,9.076080322265625,0.007460835389792919,10090.918912648305,1.4523248442510521,
522146989_f3d24c3af7_197_89904893@N00.jpg,50.941271,6.956588,50.9412841796875,6.958680152893066,0.030721718445420265,0.14659581954003553,16,58,0.2265625,50.9412841796875,6.958680152893066,0.03037228435277939,0.14659581954003553,0.0,
522352784_c7bed80f30_190_61819159@N00.jpg,41.907898,12.492828,41.89128875732422,12.489641189575195,0.006932996213436127,1.865604605643122,4,72,0.28125,41.89128875732422,12.489641189575195,0.006173319183290005,1.865604605643122,0.0,
522353135_0c8a7fccd5_207_61819159@N00.jpg,41.907898,12.492828,41.961978912353516,12.796035766601562,0.005009605549275875,25.79171618443788,4,214,0.8359375,41.961978912353516,12.796035766601562,0.004854192025959492,25.79171618443788,0.0,
522359457_1ee595e7ff_237_61819159@N00.jpg,41.907898,12.492828,41.892120361328125,12.486547470092773,0.008825353346765041,1.8297805872190713,1,30,0.1171875,41.892120361328125,12.486547470092773,0.008429856970906258,1.8297805872190713,0.0,
522365741_fdde31405e_196_61819159@N00.jpg,41.907898,12.492828,43.31884002685547,11.331453323364258,0.015126817859709263,183.42568676543962,7,145,0.56640625,43.31884002685547,11.331453323364258,0.015007738023996353,183.42568676543962,0.0,
522373149_12fd8cd706_246_61819159@N00.jpg,42.840541,12.350006,43.37760543823242,11.285146713256836,0.19773441553115845,105.06448449290718,0,0,0.0,43.37760543823242,11.285146713256836,0.19773441553115845,105.06448449290718,0.0,
522442470_18df9208d0_191_61819159@N00.jpg,-33.862469,151.210069,-33.82148742675781,151.25057983398438,0.022638022899627686,5.8961013056131435,6,88,0.34375,-33.82148742675781,151.25057983398438,0.023977050557732582,5.8961013056131435,0.0,
522457904_8be307d8dd_250_61819159@N00.jpg,-33.862469,151.210069,32.821876525878906,35.53398513793945,0.01591471955180168,14142.189643799271,2,184,0.71875,32.821876525878906,35.53398513793945,0.020434675738215446,14142.189643799271,0.0,
522458424_090d6fc78b_254_61819159@N00.jpg,-33.862469,151.210069,-33.871665954589844,151.2135009765625,0.008908256888389587,1.0706224952479715,1,12,0.046875,-33.871665954589844,151.2135009765625,0.008816021494567394,1.0706224952479715,0.0,
522458704_fb92e7f6e3_232_61819159@N00.jpg,-33.862469,151.210069,-33.84299850463867,151.2835235595703,0.05175141617655754,7.120253905969662,0,0,0.0,-33.84299850463867,151.2835235595703,0.05175141617655754,7.120253905969662,0.0,
522493350_d9a845e836_240_61819159@N00.jpg,-25.347283,131.055049,-25.34371566772461,131.03367614746094,0.1188388466835022,2.184118369207806,0,0,0.0,-25.34371566772461,131.03367614746094,0.1188388466835022,2.184118369207806,0.0,
522503678_d890e18189_238_61819159@N00.jpg,-25.347283,131.055049,-25.34371566772461,131.03367614746094,0.12569081783294678,2.184118369207806,0,0,0.0,-25.34371566772461,131.03367614746094,0.12569081783294678,2.184118369207806,0.0,
522520876_5704206dda_206_61819159@N00.jpg,-25.347283,131.055049,-25.351001739501953,130.78683471679688,0.1290336549282074,26.955681827485158,0,0,0.0,-25.351001739501953,130.78683471679688,0.1290336549282074,26.955681827485158,0.0,
522541314_95c3793313_216_61819159@N00.jpg,-14.666716,145.448513,-4.284542083740234,55.69778060913086,0.12723398208618164,9860.289719013826,0,0,0.0,-4.284542083740234,55.69778060913086,0.12723398208618164,9860.289719013826,0.0,
523184139_a67f3e9222_204_51035632501@N01.jpg,48.884867,2.342507,45.77350997924805,4.835121154785156,0.011992435902357101,393.627219612037,6,82,0.3203125,45.772010803222656,4.8357648849487305,0.010633857920765877,393.79808794213784,-0.1708683301008591,
523223836_a75155bf3c_200_51035632501@N01.jpg,48.886151,2.34315,48.886756896972656,2.3430490493774414,0.024814870208501816,0.0677758872502734,6,34,0.1328125,48.886756896972656,2.3430490493774414,0.02568284422159195,0.0677758872502734,0.0,
523656350_d017c4c0c0_203_51035632501@N01.jpg,48.855298,2.312461,48.85658264160156,2.341460943222046,0.0034736075904220343,2.1264769834404773,4,42,0.1640625,48.85736083984375,2.3454089164733887,0.0034581178333610296,2.4213828315922266,-0.29490584815174925,
523815048_d11248f6c1_251_51035632501@N01.jpg,48.858249,2.294672,48.86454391479492,2.325968027114868,0.0041283173486590385,2.3940219261350406,2,25,0.09765625,48.86454391479492,2.325968027114868,0.0032522506080567837,2.3940219261350406,0.0,
523882906_8593329b96_198_51035632501@N01.jpg,48.858249,2.294672,48.85860061645508,2.294511079788208,0.010653764940798283,0.04083194907624028,2,104,0.40625,48.85860061645508,2.294511079788208,0.01152817066758871,0.04083194907624028,0.0,
524802813_8278db8da6_214_61819159@N00.jpg,45.838188,9.076595,46.60499954223633,9.971111297607422,0.041764356195926666,109.5706806193064,3,113,0.44140625,46.60499954223633,9.971111297607422,0.05007288604974747,109.5706806193064,0.0,
524999707_5413fe3302_246_80246871@N00.jpg,48.861644,2.333596,48.8612060546875,2.335710048675537,0.009295547381043434,0.16213555281872255,1,112,0.4375,48.86137008666992,2.3356029987335205,0.009350261650979519,0.1499443162841462,0.01219123653457635,
525908730_76edc9cf91_1131_51035632501@N01.jpg,48.858249,2.294672,48.85824966430664,2.295828104019165,0.0070946975611150265,0.08457821181198097,0,0,0.0,48.85824966430664,2.295828104019165,0.0070946975611150265,0.08457821181198097,0.0,
525950643_479ea495f5_1113_51035632501@N01.jpg,48.873039,2.771389,28.35700035095215,-81.5598373413086,0.02546144835650921,7281.540272033123,1,60,0.234375,28.35700035095215,-81.5598373413086,0.026602789759635925,7281.540272033123,0.0,
526275876_7b751d7336_1169_51035632501@N01.jpg,48.804545,2.121423,41.904319763183594,12.45301342010498,0.012273669242858887,1111.9037133261227,0,0,0.0,41.904319763183594,12.45301342010498,0.012273669242858887,1111.9037133261227,0.0,
526336263_51ce3b1509_1082_51035632501@N01.jpg,48.804545,2.121423,48.80374526977539,2.1248669624328613,0.03642771765589714,0.26744250185191476,1,144,0.5625,48.80519485473633,2.1210899353027344,0.038075778633356094,0.07626654366279409,0.19117595818912067,
526505259_16f94e0e28_1189_8504005@N07.jpg,51.518998,-0.137329,51.50676727294922,-0.12846699357032776,0.004612634424120188,1.4918707659624793,1,12,0.046875,51.50676727294922,-0.12846699357032776,0.004653752315789461,1.4918707659624793,0.0,
526522859_51c9eda7c1_195_51035632501@N01.jpg,48.804545,2.121423,48.80519485473633,2.1210899353027344,0.01541169174015522,0.07626654366279409,2,16,0.0625,48.80374526977539,2.1248669624328613,0.014922190457582474,0.26744250185191476,-0.19117595818912067,
526692216_e114c8af6a_1190_51035632501@N01.jpg,48.860698,2.393729,48.86138153076172,2.393388032913208,0.04453020915389061,0.07999347031184442,0,0,0.0,48.86138153076172,2.393388032913208,0.04453020915389061,0.07999347031184442,0.0,
526710598_e2a4884500_231_8159033@N04.jpg,34.714101,135.239982,33.559898376464844,133.54443359375,0.026501193642616272,202.04234161170058,1,15,0.05859375,33.559898376464844,133.54443359375,0.027377266436815262,202.04234161170058,0.0,
526735771_6e1e243caa_245_51035632501@N01.jpg,48.873811,2.295042,48.858741760253906,2.2945539951324463,0.006310332100838423,1.676005490712811,2,84,0.328125,48.858741760253906,2.2945539951324463,0.005951027851551771,1.676005490712811,0.0,
526767142_ef3de1674b_1197_51035632501@N01.jpg,48.873039,2.771389,48.87140655517578,2.777308940887451,0.04556489363312721,0.46948080832001077,7,78,0.3046875,48.87140655517578,2.777308940887451,0.042410001158714294,0.46948080832001077,0.0,
526834487_cdce290644_195_51035632501@N01.jpg,48.860698,2.393729,48.86138153076172,2.393388032913208,0.0246584415435791,0.07999347031184442,0,0,0.0,48.86138153076172,2.393388032913208,0.0246584415435791,0.07999347031184442,0.0,
526838553_57fa7b99dd_242_51035632501@N01.jpg,48.860698,2.393729,48.861324310302734,2.3942039012908936,0.05378051847219467,0.07782688377269102,1,36,0.140625,48.861324310302734,2.3942039012908936,0.0540238656103611,0.07782688377269102,0.0,
527537168_57b097c843_203_15632944@N00.jpg,51.098159,17.038078,40.33784484863281,-8.431490898132324,0.08974960446357727,2293.579998580091,1,105,0.41015625,40.33784484863281,-8.431490898132324,0.13563954830169678,2293.579998580091,0.0,
527733347_125e0ab464_1007_7412395@N07.jpg,36.065673,-112.11713,36.05765151977539,-112.1371078491211,0.027839072048664093,2.0050890215598898,0,0,0.0,36.05765151977539,-112.1371078491211,0.027839072048664093,2.0050890215598898,0.0,
528008398_d85c0301e5_235_78247883@N00.jpg,50.541662,-4.937839,50.53965759277344,-4.938889980316162,0.25538796186447144,0.23492915002521125,3,217,0.84765625,50.53965759277344,-4.938889980316162,0.27095547318458557,0.23492915002521125,0.0,
528068846_6940f4bb60_1204_96928198@N00.jpg,62.118175,6.103076,45.67584228515625,-111.03950500488281,0.0029431709554046392,6794.015202551501,0,0,0.0,45.67584228515625,-111.03950500488281,0.0029431709554046392,6794.015202551501,0.0,
528375711_98c10b937d_1141_37476307@N00.jpg,18.422222,-68.890083,22.905609130859375,-82.430419921875,0.04623398184776306,1493.4948231902345,0,0,0.0,22.905609130859375,-82.430419921875,0.04623398184776306,1493.4948231902345,0.0,
528683885_1d11fed95e_1249_42126397@N00.jpg,3.154399,101.709537,3.1577200889587402,101.71183013916016,0.03140757977962494,0.44854750025815887,1,84,0.328125,3.1577200889587402,101.71183013916016,0.031034674495458603,0.44854750025815887,0.0,
529344717_1c18ad31b2_1201_7132415@N03.jpg,49.311218,-123.152017,49.311885833740234,-123.14569091796875,0.030962960794568062,0.4645709987755165,2,61,0.23828125,49.311885833740234,-123.14569091796875,0.03363535553216934,0.4645709987755165,0.0,
529821616_49dc772ee4_1100_26519935@N00.jpg,22.545527,114.09909,22.53396224975586,114.12391662597656,0.010459242388606071,2.8556538386442245,24,76,0.296875,22.53396224975586,114.12391662597656,0.009457758627831936,2.8556538386442245,0.0,
529887618_45d3d159e5_1035_7132415@N03.jpg,47.780866,-121.571445,48.05325698852539,-121.40888977050781,0.07404790073633194,32.621280214386985,0,0,0.0,48.05325698852539,-121.40888977050781,0.07404790073633194,32.621280214386985,0.0,
529898734_c59d91efba_1115_7132415@N03.jpg,47.780866,-121.571445,48.713619232177734,-72.42050170898438,0.02739592082798481,3576.950255437896,1,16,0.0625,48.713619232177734,-72.42050170898438,0.06636308878660202,3576.950255437896,0.0,
529909526_c9dca47f96_1190_7132415@N03.jpg,47.780866,-121.571445,47.59849548339844,-121.38579559326172,0.06071896851062775,24.582969884056066,0,0,0.0,47.59849548339844,-121.38579559326172,0.06071896851062775,24.582969884056066,0.0,
530000433_0fb9da3887_1123_7132415@N03.jpg,47.780866,-121.571445,47.87309265136719,-121.66094207763672,0.07681583613157272,12.239570861208351,0,0,0.0,47.87309265136719,-121.66094207763672,0.07681583613157272,12.239570861208351,0.0,
530100467_e829a97737_1187_30571787@N00.jpg,52.503814,13.276655,52.50141143798828,13.27260971069336,0.05154222249984741,0.38255085650026405,7,108,0.421875,52.50141143798828,13.27260971069336,0.04385499656200409,0.38255085650026405,0.0,
531104457_35b1f33bda_1037_79756109@N00.jpg,20.775324,-156.536121,20.766666412353516,-156.8137664794922,0.08523973077535629,28.882287461603795,0,0,0.0,20.766666412353516,-156.8137664794922,0.08523973077535629,28.882287461603795,0.0,
531216797_0c5e29f669_1428_79756109@N00.jpg,20.599726,-156.42261,19.73702621459961,-155.01278686523438,0.05159386247396469,175.65734196630197,4,168,0.65625,19.73702621459961,-155.01278686523438,0.05485053360462189,175.65734196630197,0.0,
531250845_144104c9b4_1135_79756109@N00.jpg,20.877353,-156.681303,20.873558044433594,-156.678955078125,0.04858514294028282,0.4874155672113319,3,147,0.57421875,20.876625061035156,-156.68116760253906,0.05414018779993057,0.08215649741567205,0.40525906979565984,
531619057_2dc05d2d78_1165_79756109@N00.jpg,20.886059,-156.685391,20.6825008392334,-156.4423370361328,0.04445565864443779,33.923135421679554,1,40,0.15625,20.6825008392334,-156.4423370361328,0.04125406593084335,33.923135421679554,0.0,
531648479_e0b05f9991_1363_79756109@N00.jpg,20.886059,-156.685391,20.736713409423828,-156.8929443359375,0.033884137868881226,27.224531244150388,0,0,0.0,20.736713409423828,-156.8929443359375,0.033884137868881226,27.224531244150388,0.0,
531842222_c37c8331b5_1130_42126397@N00.jpg,31.280898,121.518402,22.2537899017334,113.86212921142578,0.019029835239052773,1258.1892288846122,4,48,0.1875,22.2537899017334,113.86212921142578,0.01662137173116207,1258.1892288846122,0.0,
532055519_5ca9666626_1400_79756109@N00.jpg,20.864586,-156.167736,9.988207817077637,-83.85357666015625,0.031974416226148605,7788.212831762583,0,0,0.0,9.988207817077637,-83.85357666015625,0.031974416226148605,7788.212831762583,0.0,
532074512_d42c58c826_1060_79756109@N00.jpg,20.827042,-156.094758,19.73702621459961,-155.01278686523438,0.07852943986654282,165.60532944558474,1,36,0.140625,19.73702621459961,-155.01278686523438,0.08563106507062912,165.60532944558474,0.0,
532153498_f85923b008_1120_79756109@N00.jpg,20.790491,-156.00161,19.134319305419922,-155.50514221191406,0.039613235741853714,191.32776194936815,0,0,0.0,19.134319305419922,-155.50514221191406,0.039613235741853714,191.32776194936815,0.0,
532155227_7857c80bf9_1403_7885919@N07.jpg,48.101011,-66.118726,50.17379379272461,-61.608795166015625,0.11176913231611252,400.8455404404792,5,25,0.09765625,50.17379379272461,-61.608795166015625,0.14001323282718658,400.8455404404792,0.0,
532221139_ebb24faff3_1337_79756109@N00.jpg,20.788731,-156.003531,63.98032760620117,-22.341384887695312,0.03408342972397804,9779.421307552633,0,0,0.0,63.98032760620117,-22.341384887695312,0.03408342972397804,9779.421307552633,0.0,
532270685_35d8687efb_1300_79756109@N00.jpg,20.789052,-156.004464,-38.268646240234375,175.09786987304688,0.013612987473607063,7226.542337182973,1,240,0.9375,-38.268646240234375,175.09786987304688,0.016496801748871803,7226.542337182973,0.0,
532284703_1552750aa3_1160_79756109@N00.jpg,20.752707,-155.981655,-29.059019088745117,167.96250915527344,0.02484639547765255,6754.36357270998,0,0,0.0,-29.059019088745117,167.96250915527344,0.02484639547765255,6754.36357270998,0.0,
532386352_ee598a8139_1240_79756109@N00.jpg,20.881077,-156.545133,22.178503036499023,-159.65005493164062,0.13566158711910248,352.0635102892034,3,21,0.08203125,22.178503036499023,-159.65005493164062,0.12321633845567703,352.0635102892034,0.0,
532402794_a4bd0cfc3b_1333_79756109@N00.jpg,20.881077,-156.545133,20.79720115661621,-156.44119262695312,0.038203928619623184,14.270929059493264,4,98,0.3828125,20.79720115661621,-156.44119262695312,0.04072410985827446,14.270929059493264,0.0,
532414158_f4abdc6291_1420_79756109@N00.jpg,20.894824,-156.478636,-33.90483474731445,18.420166015625,0.022894544526934624,18483.973390268806,1,80,0.3125,-33.90483474731445,18.420166015625,0.028091691434383392,18483.973390268806,0.0,
532483747_3853b3af27_1222_79756109@N00.jpg,20.881077,-156.545133,21.387916564941406,-157.81016540527344,0.05772913247346878,142.7949659326558,6,256,1.0,21.387916564941406,-157.81016540527344,0.08102308958768845,142.7949659326558,0.0,
532567783_382f9f5d22_1348_79756109@N00.jpg,20.937567,-156.692719,21.301069259643555,-157.8145751953125,0.06641504168510437,123.18555918763025,3,125,0.48828125,21.301069259643555,-157.8145751953125,0.07403859496116638,123.18555918763025,0.0,
533118626_53d02b9624_1180_79756109@N00.jpg,20.818864,-156.653022,29.821582794189453,-90.0302963256836,0.005447592586278915,6682.637969944128,1,2,0.0078125,29.821582794189453,-90.0302963256836,0.01207665354013443,6682.637969944128,0.0,
533120780_026034cad8_1222_7412395@N07.jpg,51.869184,8.917154,50.95654296875,14.073094367980957,0.09133563190698624,371.60872775836714,0,0,0.0,50.95654296875,14.073094367980957,0.09133563190698624,371.60872775836714,0.0,
533144796_829337190b_1114_79756109@N00.jpg,20.763176,-156.600837,39.48814392089844,13.532408714294434,0.014519445598125458,13237.410499807547,0,0,0.0,39.48814392089844,13.532408714294434,0.014519445598125458,13237.410499807547,0.0,
533209985_1216dd455e_1171_79756109@N00.jpg,20.632221,-156.496295,-37.41880416870117,-12.481254577636719,0.032932478934526443,16083.441572624628,0,0,0.0,-37.41880416870117,-12.481254577636719,0.032932478934526443,16083.441572624628,0.0,
533717877_91aae19911_1342_40279823@N00.jpg,50.444824,-5.044484,50.43864822387695,-5.051177978515625,0.1325531303882599,0.8344419150852207,5,158,0.6171875,50.43864822387695,-5.051177978515625,0.15106719732284546,0.8344419150852207,0.0,
533758420_86692c6bda_1311_79756109@N00.jpg,21.007714,-156.655941,21.640316009521484,-158.06373596191406,0.09530448168516159,161.90094165793792,0,0,0.0,21.640316009521484,-158.06373596191406,0.09530448168516159,161.90094165793792,0.0,
533866405_2a941a3b4a_1438_8159033@N04.jpg,34.68404,135.499534,40.82917022705078,-73.92652893066406,0.02065533585846424,11095.179635561755,12,199,0.77734375,40.82917022705078,-73.92652893066406,0.02643468603491783,11095.179635561755,0.0,
533878456_9b2695be8f_1351_79756109@N00.jpg,21.017223,-156.639504,20.635353088378906,-156.16893005371094,0.08952943980693817,64.76786887668692,0,0,0.0,20.635353088378906,-156.16893005371094,0.08952943980693817,64.76786887668692,0.0,
533880615_92490f7f00_1084_79756109@N00.jpg,20.972089,-156.679651,20.98495101928711,-156.67137145996094,0.024281423538923264,1.668651410107263,0,0,0.0,20.98495101928711,-156.67137145996094,0.024281423538923264,1.668651410107263,0.0,
534016660_7eb3d16375_1218_79756109@N00.jpg,45.821143,-91.007996,46.443119049072266,-93.53055572509766,0.06015373021364212,206.30872384061144,3,140,0.546875,46.443119049072266,-93.53055572509766,0.040385931730270386,206.30872384061144,0.0,
534068538_d2e02706f4_1203_79756109@N00.jpg,20.921348,-156.694264,44.61701202392578,-124.04679870605469,0.037357304245233536,3985.3488812212954,2,181,0.70703125,44.61701202392578,-124.04679870605469,0.06553295999765396,3985.3488812212954,0.0,
534084314_59474f8048_1384_79756109@N00.jpg,20.919675,-156.696292,20.68221664428711,-156.4428253173828,0.05052189156413078,37.30086954974438,0,0,0.0,20.68221664428711,-156.4428253173828,0.05052189156413078,37.30086954974438,0.0,
534206172_05de2121b8_1274_79756109@N00.jpg,20.744214,-156.22845,20.7696475982666,-156.28927612304688,0.10210280865430832,6.928068773628484,1,44,0.171875,20.7696475982666,-156.28927612304688,0.08779100328683853,6.928068773628484,0.0,
534304469_ba1296b5af_1039_79756109@N00.jpg,20.744214,-156.22845,32.76029968261719,-16.94127655029297,0.03742463141679764,12660.200772195523,1,66,0.2578125,22.178503036499023,-159.65005493164062,0.03312357887625694,388.32715455428706,12271.873617641237,
534511510_f872cd7a2c_1341_79756109@N00.jpg,20.972089,-156.679651,20.924285888671875,-156.69497680664062,0.02110142633318901,5.548617401024858,0,0,0.0,20.924285888671875,-156.69497680664062,0.02110142633318901,5.548617401024858,0.0,
534535838_6d20ff5077_1334_79756109@N00.jpg,20.972089,-156.679651,20.736713409423828,-156.8929443359375,0.03854786977171898,34.29608114398548,0,0,0.0,20.736713409423828,-156.8929443359375,0.03854786977171898,34.29608114398548,0.0,
534612101_1a6ef80e04_1306_79756109@N00.jpg,20.972089,-156.679651,20.924285888671875,-156.69497680664062,0.05700579658150673,5.548617401024858,0,0,0.0,20.924285888671875,-156.69497680664062,0.05700579658150673,5.548617401024858,0.0,
534657711_dc2aa849a8_1333_72154266@N00.jpg,-22.995414,-43.238539,-22.988012313842773,-43.2467155456543,0.019546400755643845,1.173837050655436,1,256,1.0,-22.988012313842773,-43.2467155456543,0.02364816702902317,1.173837050655436,0.0,
534859620_c8044024d1_1404_33463080@N00.jpg,61.496952,23.748192,50.979000091552734,11.329854011535645,0.003988630138337612,1393.6938672401636,1,256,1.0,50.979000091552734,11.329854011535645,0.004612648859620094,1393.6938672401636,0.0,
535440332_ccf9987b2f_250_79756109@N00.jpg,43.070376,-89.412102,43.070735931396484,-89.4118881225586,0.15291249752044678,0.04363066645751228,0,0,0.0,43.070735931396484,-89.4118881225586,0.15291249752044678,0.04363066645751228,0.0,
53545516_e9507b64ee_27_74196805@N00.jpg,40.749699,-73.988306,30.347841262817383,-81.41732025146484,0.0019519177731126547,1336.4775960282623,3,208,0.8125,30.347841262817383,-81.41732025146484,0.00222021178342402,1336.4775960282623,0.0,
535581177_2e9d33f346_239_79756109@N00.jpg,44.038591,-91.63383,43.618534088134766,-79.37383270263672,0.004793246742337942,983.6697361898317,2,38,0.1484375,43.64154815673828,-79.46488189697266,0.0052292682230472565,976.0878601965226,7.581875993309154,
535584419_9b111af0b3_226_79756109@N00.jpg,44.038591,-91.63383,44.31745910644531,-91.91162109375,0.12722019851207733,38.10893070448963,6,14,0.0546875,44.04846954345703,-91.64099884033203,0.11488360911607742,1.2389123921058065,36.87001831238382,
535638544_bc60a49e90_200_15632944@N00.jpg,51.12203,16.984949,49.834232330322266,19.93846893310547,0.05148356035351753,253.31551154447948,8,124,0.484375,49.834232330322266,19.93846893310547,0.06343535333871841,253.31551154447948,0.0,
535812317_e5a810714b_218_15632944@N00.jpg,51.12203,16.984949,47.17002487182617,27.570877075195312,0.015643488615751266,885.3476097777133,3,90,0.3515625,47.17002487182617,27.570877075195312,0.01834735833108425,885.3476097777133,0.0,
536025765_3d9d788b85_249_72154266@N00.jpg,-22.971156,-43.183264,-22.985458374023438,-43.20490264892578,0.05178602784872055,2.726958799513487,0,0,0.0,-22.985458374023438,-43.20490264892578,0.05178602784872055,2.726958799513487,0.0,
536101198_9259f93e31_1276_50994135@N00.jpg,43.464787,11.884267,43.77070617675781,11.255030632019043,0.01198379136621952,61.01572811718108,1,256,1.0,43.76992416381836,11.255341529846191,0.011867146007716656,60.9467749347856,0.06895318239547521,
536709290_d8065a325f_1377_79756109@N00.jpg,37.784757,-122.407715,37.7879753112793,-122.40825653076172,0.006546166259795427,0.36101067640364415,2,192,0.75,37.7879753112793,-122.40825653076172,0.006205487065017223,0.36101067640364415,0.0,
536756820_e79699aac5_1098_79756109@N00.jpg,37.806448,-122.422295,37.805477142333984,-122.44461822509766,0.010821309871971607,1.9641593106756892,3,14,0.0546875,37.806663513183594,-122.42949676513672,0.011523669585585594,0.6331543085766391,1.33100500209905,
536760558_32572c5bd4_1416_79756109@N00.jpg,37.806579,-122.422993,37.809993743896484,-122.41035461425781,0.006214875727891922,1.1734319659484695,2,156,0.609375,37.809993743896484,-122.41035461425781,0.008392010815441608,1.1734319659484695,0.0,
536809607_071f1e0046_1210_79756109@N00.jpg,37.803574,-122.401288,40.733211517333984,-74.07119750976562,0.0035611081402748823,4120.662723768066,0,0,0.0,40.733211517333984,-74.07119750976562,0.0035611081402748823,4120.662723768066,0.0,
536859723_c51b54e63d_1042_79756109@N00.jpg,37.806906,-122.425568,37.80345916748047,-122.40422058105469,0.006621426437050104,1.9142432292684128,6,32,0.125,37.80345916748047,-122.40422058105469,0.007843994535505772,1.9142432292684128,0.0,
536939015_4c11d49ea3_1188_79756109@N00.jpg,37.81083,-122.411191,37.80976867675781,-122.41048431396484,0.028648002073168755,0.1333470183622737,0,0,0.0,37.80976867675781,-122.41048431396484,0.028648002073168755,0.1333470183622737,0.0,
536943773_1c41fafa3f_1122_79756109@N00.jpg,37.798348,-122.396686,39.83000183105469,-98.58000183105469,0.000933260191231966,2069.6624972845616,3,256,1.0,39.74150085449219,-75.55049896240234,0.0011415095068514347,4020.506849394312,-1950.8443521097506,
537171537_206788e6e9_1287_15632944@N00.jpg,51.116131,17.121119,40.53265380859375,-74.34220886230469,0.011069138534367085,6717.979845962915,0,0,0.0,40.53265380859375,-74.34220886230469,0.011069138534367085,6717.979845962915,0.0,
537892629_f83a379dde_1355_11114422@N00.jpg,51.148067,-2.715527,51.60706329345703,-2.521962881088257,0.027122758328914642,52.776633637128555,2,172,0.671875,51.60706329345703,-2.521962881088257,0.029265383258461952,52.776633637128555,0.0,
537931107_ba483a3413_1383_11114422@N00.jpg,51.145708,-2.717115,50.71464538574219,-2.436798095703125,0.052255306392908096,51.80163351407466,1,15,0.05859375,50.71464538574219,-2.436798095703125,0.04587654769420624,51.80163351407466,0.0,
538497676_c4ae7aba0b_1003_42126397@N00.jpg,39.915134,116.392078,39.91625213623047,116.39019012451172,0.022698745131492615,0.20342550523508818,1,60,0.234375,39.91625213623047,116.39019012451172,0.02256299927830696,0.20342550523508818,0.0,
538718229_8309e9a75a_1329_42126397@N00.jpg,39.915134,116.392078,36.61545944213867,101.79547882080078,0.03841225802898407,1324.363172441075,5,64,0.25,36.61545944213867,101.79547882080078,0.03947976976633072,1324.363172441075,0.0,
538966704_244433e285_1327_30571787@N00.jpg,52.522553,13.391411,52.51713180541992,13.377235412597656,0.004745108541101217,1.1328333225649585,1,256,1.0,52.51713180541992,13.377235412597656,0.004988560918718576,1.1328333225649585,0.0,
539088749_171a7f7983_1433_30571787@N00.jpg,52.521091,13.386991,56.0317497253418,14.157814025878906,0.012075656093657017,393.5559718088516,4,79,0.30859375,56.0317497253418,14.157814025878906,0.011412516236305237,393.5559718088516,0.0,
541015227_71f8357cd6_1415_47311799@N00.jpg,37.989208,23.730779,39.21651077270508,9.112635612487793,0.013325907289981842,1276.1848944202425,0,0,0.0,39.21651077270508,9.112635612487793,0.013325907289981842,1276.1848944202425,0.0,
541019211_5a72935cd2_1427_47311799@N00.jpg,37.987673,23.73034,40.93458938598633,24.393938064575195,0.033246539533138275,332.5946233782981,1,256,1.0,40.93458938598633,24.393938064575195,0.03378550708293915,332.5946233782981,0.0,
541091742_a2e7a1b315_1176_14491548@N00.jpg,48.852545,2.351374,48.853271484375,2.3493459224700928,0.011971504427492619,0.16894967109811643,1,210,0.8203125,48.853271484375,2.3493459224700928,0.011864504776895046,0.16894967109811643,0.0,
541263256_42b18e4eeb_1318_93455345@N00.jpg,50.252912,19.025573,25.790830612182617,-80.13318634033203,0.0009991666302084923,8444.459563057571,1,60,0.234375,25.790830612182617,-80.13318634033203,0.0009662681259214878,8444.459563057571,0.0,
541509625_c14cb5fed3_1254_70323761@N00.jpg,40.747037,-73.944323,40.75076675415039,-73.96708679199219,0.0029021305963397026,1.9619321700376786,2,176,0.6875,40.75076675415039,-73.96708679199219,0.00363718019798398,1.9619321700376786,0.0,
541826920_7871e39bc9_1288_79756109@N00.jpg,38.889283,-77.049511,38.88919448852539,-77.04967498779297,0.031659871339797974,0.017271674008569125,1,132,0.515625,38.88908386230469,-77.0502700805664,0.03209066018462181,0.06932964792398434,-0.052057973915415216,
541906623_b712546926_1152_70323761@N00.jpg,40.709051,-74.010992,41.882022857666016,-87.6260986328125,0.0060393838211894035,1143.6681444453643,1,20,0.078125,41.882022857666016,-87.6260986328125,0.005267548840492964,1143.6681444453643,0.0,
541908990_87426edd62_1057_79756109@N00.jpg,38.888644,-77.03242,38.889427185058594,-77.009521484375,0.014425970613956451,1.983782845284119,3,74,0.2890625,38.889427185058594,-77.009521484375,0.014022846706211567,1.983782845284119,0.0,
541944988_f36c029161_1120_65367662@N00.jpg,36.68264,-121.80306,38.689796447753906,-119.5425796508789,0.012662162072956562,298.94093812232984,0,0,0.0,38.689796447753906,-119.5425796508789,0.012662162072956562,298.94093812232984,0.0,
541981779_70d42fb79b_1225_79756109@N00.jpg,38.896343,-77.03654,38.897369384765625,-77.03653717041016,0.010382412932813168,0.11412919906440454,1,66,0.2578125,38.897369384765625,-77.03653717041016,0.009479035623371601,0.11412919906440454,0.0,
542156360_9ff0ceadd9_1013_7729101@N03.jpg,27.716661,85.308666,27.706897735595703,85.3098373413086,0.039532337337732315,1.091733389965117,2,27,0.10546875,27.706897735595703,85.3098373413086,0.039340853691101074,1.091733389965117,0.0,
542194419_6f4aded0e2_1334_47311799@N00.jpg,37.975944,23.723645,37.972103118896484,23.726661682128906,0.02034906856715679,0.5023181050694477,1,176,0.6875,37.972103118896484,23.726661682128906,0.01927492767572403,0.5023181050694477,0.0,
542231917_eae78d26bd_1006_79039156@N00.jpg,43.936982,12.446351,43.35270690917969,12.572306632995605,0.022001825273036957,65.75425110374785,2,84,0.328125,43.35270690917969,12.572306632995605,0.01892753504216671,65.75425110374785,0.0,
542282055_bbda58ef3e_1224_7729101@N03.jpg,27.716661,85.308666,27.71263313293457,85.31024169921875,0.03972894698381424,0.4739772141384361,0,0,0.0,27.71263313293457,85.31024169921875,0.03972894698381424,0.4739772141384361,0.0,
542404930_ee23905b86_1226_25159586@N00.jpg,35.693668,139.702014,44.13711166381836,12.244817733764648,0.002729142550379038,9677.223193041584,5,168,0.65625,44.13711166381836,12.244817733764648,0.0028946981765329838,9677.223193041584,0.0,
544311061_e6fdf30e15_1237_78841376@N00.jpg,48.808502,2.112121,48.80493927001953,2.1206181049346924,0.051515668630599976,0.7376730436958655,4,40,0.15625,48.80488586425781,2.1201889514923096,0.051617152988910675,0.714686121545225,0.022986922150640465,
544323514_4b62c6abb0_1228_98908999@N00.jpg,29.760642,-95.376777,30.26949691772461,-97.82437896728516,0.03681189566850662,242.35439246540722,1,54,0.2109375,30.26949691772461,-97.82437896728516,0.0378885492682457,242.35439246540722,0.0,
544712822_5d3f873de6_1040_78841376@N00.jpg,48.808502,2.112121,48.804962158203125,2.1183810234069824,0.03986530005931854,0.6042349035483616,0,0,0.0,48.804962158203125,2.1183810234069824,0.03986530005931854,0.6042349035483616,0.0,
544968579_5d226913ed_1067_78841376@N00.jpg,48.808502,2.112121,48.80500411987305,2.1192879676818848,0.03987324982881546,0.6532668330727477,1,256,1.0,48.80500411987305,2.1192879676818848,0.04019702970981598,0.6532668330727477,0.0,
548574623_cb1fd32ee8_1154_53364390@N00.jpg,35.707614,-114.824638,32.43647766113281,-110.89886474609375,0.034683745354413986,512.7859778274054,1,240,0.9375,32.43647766113281,-110.89886474609375,0.036696985363960266,512.7859778274054,0.0,
550674421_f1d748d428_199_50435419@N00.jpg,31.312554,-92.447183,41.634864807128906,-70.92559051513672,0.0078317541629076,2231.2691563694893,2,256,1.0,41.634864807128906,-70.92559051513672,0.0075992378406226635,2231.2691563694893,0.0,
556912526_b00c48cad4_1136_7885919@N07.jpg,45.00208,-1.202359,45.002132415771484,-1.2017580270767212,0.012956250458955765,0.04760894509319732,0,0,0.0,45.002132415771484,-1.2017580270767212,0.012956250458955765,0.04760894509319732,0.0,
557791386_b6e514c1d3_1425_41894197861@N01.jpg,40.766566,-73.973522,43.644569396972656,-79.46561431884766,0.024007417261600494,553.9193429593873,0,0,0.0,43.644569396972656,-79.46561431884766,0.024007417261600494,553.9193429593873,0.0,
558188034_264aad3587_1354_61819159@N00.jpg,36.690721,-6.125907,36.681766510009766,-6.1375908851623535,0.019053876399993896,1.4411285507644052,0,0,0.0,36.681766510009766,-6.1375908851623535,0.019053876399993896,1.4411285507644052,0.0,
558319330_f6e59aedd2_1184_24311489@N00.jpg,41.846874,-87.683097,38.957061767578125,-84.39430236816406,0.007662198971956968,425.1440397369659,1,140,0.546875,38.957061767578125,-84.39430236816406,0.008567934855818748,425.1440397369659,0.0,
558496619_38f31b8dc2_1172_61819159@N00.jpg,36.690721,-6.125907,36.68318557739258,-6.141743183135986,0.05899718031287193,1.641974486689455,0,0,0.0,36.68318557739258,-6.141743183135986,0.05899718031287193,1.641974486689455,0.0,
558500829_3ab35d117e_1185_61819159@N00.jpg,36.690721,-6.125907,-33.06597137451172,-68.8705062866211,0.007132427301257849,10123.814448828447,12,181,0.70703125,-33.06597137451172,-68.8705062866211,0.008050981909036636,10123.814448828447,0.0,
558503213_4e12296cd9_1226_61819159@N00.jpg,36.690721,-6.125907,41.618263244628906,-4.845656871795654,0.022062193602323532,558.9079129520924,0,0,0.0,41.618263244628906,-4.845656871795654,0.022062193602323532,558.9079129520924,0.0,
558523675_a5390c42fb_1307_61819159@N00.jpg,37.889215,-4.786949,37.88072204589844,-4.779675006866455,0.0056847999803721905,1.139892977670719,0,0,0.0,37.88072204589844,-4.779675006866455,0.0056847999803721905,1.139892977670719,0.0,
558528935_e5ac4b3d12_1438_61819159@N00.jpg,37.889215,-4.786949,37.87933349609375,-4.779167175292969,0.013713836669921875,1.293720919369697,2,26,0.1015625,37.87933349609375,-4.779167175292969,0.01175086572766304,1.293720919369697,0.0,
558661068_6986ab49b8_1409_53364390@N00.jpg,36.790178,-104.416723,44.60513687133789,-108.336181640625,0.044237058609724045,929.382609983388,0,0,0.0,44.60513687133789,-108.336181640625,0.044237058609724045,929.382609983388,0.0,
558911701_b5af6c5cb2_1035_53364390@N00.jpg,40.400473,-105.84958,52.99825668334961,-117.8173828125,0.028945347294211388,1667.0041392483538,1,165,0.64453125,45.677581787109375,-74.95594024658203,0.024930385872721672,2561.295547318088,-894.2914080697344,
559597119_029ec31923_1110_91728102@N00.jpg,39.135586,117.204122,23.14695930480957,113.34552001953125,0.07513692229986191,1814.876282439151,1,224,0.875,23.14695930480957,113.34552001953125,0.09514930099248886,1814.876282439151,0.0,
559702153_632d7e5682_1248_91728102@N00.jpg,22.285254,114.159262,50.11210250854492,8.673019409179688,0.0029074547346681356,9160.680853841748,1,144,0.5625,50.11210250854492,8.673019409179688,0.0037519438192248344,9160.680853841748,0.0,
560704935_a9098ccf83_1272_97522422@N00.jpg,63.461095,11.119794,45.86703109741211,10.397100448608398,0.013026366010308266,1956.8949186790696,0,0,0.0,45.86703109741211,10.397100448608398,0.013026366010308266,1956.8949186790696,0.0,
561996222_774334f886_1323_7132415@N03.jpg,47.649879,-122.349951,47.91422653198242,-122.09544372558594,0.027294162660837173,35.00899096169521,10,189,0.73828125,47.91422653198242,-122.09544372558594,0.033658456057310104,35.00899096169521,0.0,
562977252_f48de5630c_1236_70323761@N00.jpg,40.761174,-73.977019,40.77914810180664,-73.96273803710938,0.007057279348373413,2.3325612928756936,2,184,0.71875,40.77914810180664,-73.96273803710938,0.006719051394611597,2.3325612928756936,0.0,
563933928_6d5f7e019f_1415_35468147630@N01.jpg,48.859428,2.336829,48.86117935180664,2.3365750312805176,0.007429836317896843,0.19562595212651313,3,58,0.2265625,48.86117935180664,2.3365750312805176,0.0071030594408512115,0.19562595212651313,0.0,
56841609_50e523afbb_24_84498284@N00.jpg,41.902524,12.520766,43.838382720947266,11.191526412963867,0.006969245616346598,240.96912031364897,5,44,0.171875,43.838382720947266,11.191526412963867,0.006247842684388161,240.96912031364897,0.0,
568788960_e9b0a6e37a_1436_48264126@N00.jpg,48.422166,-123.370499,48.422420501708984,-123.37079620361328,0.03585226088762283,0.03580286092327674,2,256,1.0,48.422420501708984,-123.37079620361328,0.035892121493816376,0.03580286092327674,0.0,
568911998_069c2ea207_1315_48264126@N00.jpg,51.187359,-115.522141,52.99825668334961,-117.8173828125,0.06440302729606628,255.18611119718187,0,0,0.0,52.99825668334961,-117.8173828125,0.06440302729606628,255.18611119718187,0.0,
569280183_8e650bd68d_1164_48264126@N00.jpg,59.041525,-137.048435,58.4245719909668,-134.5489959716797,0.06190995126962662,159.71918222577082,0,0,0.0,58.4245719909668,-134.5489959716797,0.06190995126962662,159.71918222577082,0.0,
57068888_d1ff522c7e_33_18684820@N00.jpg,1.286665,103.838653,1.3759260177612305,103.75232696533203,0.00999582652002573,13.805973917830912,2,197,0.76953125,1.3759260177612305,103.75232696533203,0.010989702306687832,13.805973917830912,0.0,
571148593_3b40a8d891_1281_44067110@N00.jpg,51.490761,-0.128116,45.95856475830078,12.660176277160645,0.002596704987809062,1119.355875002055,1,2,0.0078125,45.95856475830078,12.660176277160645,0.0026007401756942272,1119.355875002055,0.0,
572930210_7ec9507b92_1130_70323761@N00.jpg,40.752483,-73.982019,39.952335357666016,-75.16378784179688,0.0038768888916820288,133.95474522192387,3,125,0.48828125,39.95249938964844,-75.1640396118164,0.004126810003072023,133.95849132142146,-0.003746099497590194,
576274401_e313ee0b89_1022_26519935@N00.jpg,26.031103,119.270153,38.925331115722656,121.42516326904297,0.017964163795113564,1447.8222327718086,7,195,0.76171875,38.925331115722656,121.42516326904297,0.022721776738762856,1447.8222327718086,0.0,
578616857_4900f0587d_1126_70323761@N00.jpg,40.77331,-73.983741,34.39455032348633,132.4523162841797,0.002994630252942443,11229.629055004529,2,176,0.6875,34.39455032348633,132.4523162841797,0.002722503151744604,11229.629055004529,0.0,
579275754_39ca197d32_1438_22941966@N00.jpg,44.898833,-93.147166,39.426666259765625,-91.6363296508789,0.022790223360061646,621.0565095628988,0,0,0.0,39.426666259765625,-91.6363296508789,0.022790223360061646,621.0565095628988,0.0,
579671974_4654b43778_1074_7412395@N07.jpg,64.310232,-20.303077,44.4593620300293,-110.83617401123047,0.0434877872467041,5679.3697214703825,0,0,0.0,44.4593620300293,-110.83617401123047,0.0434877872467041,5679.3697214703825,0.0,
581750449_9bdbab0aa8_1424_75452460@N00.jpg,47.445097,14.896259,47.35301208496094,11.475132942199707,0.028129899874329567,257.6792904287175,0,0,0.0,47.35301208496094,11.475132942199707,0.028129899874329567,257.6792904287175,0.0,
582657546_73b5aa28f4_1361_73293249@N00.jpg,46.034456,7.343308,45.9793701171875,7.765873908996582,0.054140735417604446,33.20580121707603,0,0,0.0,45.9793701171875,7.765873908996582,0.054140735417604446,33.20580121707603,0.0,
589396207_16afc84d4b_1288_88483799@N00.jpg,39.288193,-76.625851,41.50471115112305,-81.69074249267578,0.011399480514228344,494.5600632547213,8,174,0.6796875,39.919288635253906,-75.39185333251953,0.012611291371285915,126.88837559308392,367.67168766163735,
589979589_79ee5c320d_1215_26519935@N00.jpg,25.807,118.836107,24.43339729309082,111.50848388671875,0.02379526197910309,753.2593601558237,3,208,0.8125,24.43339729309082,111.50848388671875,0.032873183488845825,753.2593601558237,0.0,
603984246_2c6a8e6993_1082_50994135@N00.jpg,55.92307,-5.153617,56.52519226074219,-5.796916961669922,0.08557494729757309,77.87208467319927,0,0,0.0,56.52519226074219,-5.796916961669922,0.08557494729757309,77.87208467319927,0.0,
607385663_77abc9f5aa_1258_15376845@N00.jpg,41.383095,-72.987853,37.8972053527832,-122.57686614990234,0.013510682620108128,4205.86463817669,1,256,1.0,37.8972053527832,-122.57686614990234,0.016439663246273994,4205.86463817669,0.0,
607432150_e4c78e0cda_1069_15376845@N00.jpg,41.383095,-72.987853,46.77431869506836,-72.88475799560547,0.018919482827186584,599.5339557420709,0,0,0.0,46.77431869506836,-72.88475799560547,0.018919482827186584,599.5339557420709,0.0,
611060457_7bb64a25b2_1369_24311489@N00.jpg,41.887598,-87.626395,41.508514404296875,-81.69542694091797,0.004787467885762453,494.11950111856885,3,97,0.37890625,41.508514404296875,-81.69542694091797,0.006145548075437546,494.11950111856885,0.0,
611517765_6aec1b67e9_1027_85417391@N00.jpg,47.540846,-122.481937,46.93644714355469,16.01059913635254,0.009277433156967163,8764.862076069543,3,100,0.390625,23.660858154296875,121.45406341552734,0.010278867557644844,9852.049414609397,-1087.187338539854,
612062783_7fa828b8e1_1334_85417391@N00.jpg,47.605034,-122.340059,47.948028564453125,-122.30714416503906,0.03325195237994194,38.21853350045548,1,64,0.25,47.948028564453125,-122.30714416503906,0.031585611402988434,38.21853350045548,0.0,
612790440_539331ffff_1089_82927779@N00.jpg,-33.940916,18.374647,-34.1112174987793,18.821102142333984,0.03412429243326187,45.292426359953026,8,175,0.68359375,-34.1112174987793,18.821102142333984,0.026352355256676674,45.292426359953026,0.0,
615266552_d539045e07_1317_72526577@N00.jpg,35.599217,-97.66704,30.343151092529297,-84.74082946777344,0.015266223810613155,1338.465696979697,1,110,0.4296875,40.08045196533203,-88.2060546875,0.021653354167938232,967.9634448910163,370.50225208868073,
615287594_adc8563c63_1360_85417391@N00.jpg,48.052783,-123.795447,49.81500244140625,14.41732406616211,0.003059390000998974,8420.059547533558,4,53,0.20703125,58.88655471801758,24.9664306640625,0.004960015881806612,7787.611374877856,632.4481726557015,
615948712_438e11a1f7_1433_72526577@N00.jpg,35.599217,-97.66704,32.43647766113281,-110.89886474609375,0.006467139348387718,1268.0434709239528,2,96,0.375,32.1778564453125,-110.85244750976562,0.008057910017669201,1273.955022074572,-5.911551150619289,
616388941_1dbd82435f_1135_70323761@N00.jpg,40.573108,-73.980833,40.57300567626953,-73.9823226928711,0.025720912963151932,0.12633472487852046,4,221,0.86328125,40.57300567626953,-73.9823226928711,0.026505466550588608,0.12633472487852046,0.0,
617018192_9feb1e2f55_1168_70323761@N00.jpg,40.573108,-73.980833,40.57300567626953,-73.9823226928711,0.01489883754402399,0.12633472487852046,3,208,0.8125,40.57300567626953,-73.9823226928711,0.015411164611577988,0.12633472487852046,0.0,
618322292_fd80e5bd73_1023_15376845@N00.jpg,41.48414,-72.342041,44.235084533691406,-71.2503662109375,0.034377459436655045,318.56180797991493,0,0,0.0,44.235084533691406,-71.2503662109375,0.034377459436655045,318.56180797991493,0.0,
619352795_954928f297_1328_7412395@N07.jpg,63.973411,-19.04719,63.99121856689453,-19.060335159301758,0.1054048016667366,2.0813313305745074,0,0,0.0,63.99121856689453,-19.060335159301758,0.1054048016667366,2.0813313305745074,0.0,
61956892_5cd5f47ad7_27_63163416@N00.jpg,-32.059009,115.744614,-38.004817962646484,141.1962890625,0.03142952546477318,2401.2448367721195,7,39,0.15234375,-38.004817962646484,141.1962890625,0.03098328597843647,2401.2448367721195,0.0,
61956894_0909ce1889_25_63163416@N00.jpg,-32.059009,115.744614,-33.59292221069336,151.1710662841797,0.01990511082112789,3298.520279569598,1,256,1.0,-33.59292221069336,151.1710662841797,0.02699773572385311,3298.520279569598,0.0,
619966179_4ebe10adc8_1075_81421684@N00.jpg,48.238565,16.401643,46.31136703491211,6.1750030517578125,0.011978114023804665,800.0516643421822,1,224,0.875,46.31136703491211,6.1750030517578125,0.019285427406430244,800.0516643421822,0.0,
62013645_c50732262f_29_63163416@N00.jpg,-32.059009,115.744614,-33.6530647277832,115.35850524902344,0.11314596980810165,180.88258593994337,0,0,0.0,-33.6530647277832,115.35850524902344,0.11314596980810165,180.88258593994337,0.0,
62355895_fd04859bea_28_18684820@N00.jpg,1.286665,103.838653,1.357069969177246,103.99048614501953,0.03747301921248436,18.605795452238493,3,188,0.734375,1.357069969177246,103.99048614501953,0.03986501321196556,18.605795452238493,0.0,
62417115_59ed7ab033_26_56945335@N00.jpg,27.465632,88.206481,27.415889739990234,87.1160888671875,0.1123933345079422,107.7462661860153,0,0,0.0,27.415889739990234,87.1160888671875,0.1123933345079422,107.7462661860153,0.0,
628184053_403e17efac_1438_7412395@N07.jpg,64.71733,-18.055343,64.72246551513672,-16.655967712402344,0.15815189480781555,66.45068618201002,0,0,0.0,64.72246551513672,-16.655967712402344,0.15815189480781555,66.45068618201002,0.0,
629586190_4c75db0db3_1078_93455345@N00.jpg,50.252912,19.025573,42.70085525512695,23.316421508789062,0.02000591903924942,901.352486420875,3,214,0.8359375,42.70085525512695,23.316421508789062,0.01478938665241003,901.352486420875,0.0,
632329273_40d2eb3a9e_1247_50994135@N00.jpg,55.845831,-4.434356,37.44160842895508,-3.445586919784546,0.006028306670486927,2047.7979702310063,0,0,0.0,37.44160842895508,-3.445586919784546,0.006028306670486927,2047.7979702310063,0.0,
638236087_41855e7be5_1244_86122102@N00.jpg,60.473591,22.003555,35.24442672729492,139.93629455566406,0.010559135116636753,7975.443307454375,0,0,0.0,35.24442672729492,139.93629455566406,0.010559135116636753,7975.443307454375,0.0,
64548480_301cfb4e2a_34_63163416@N00.jpg,21.365089,-157.942478,-13.865079879760742,-171.7878875732422,0.12497327476739883,4198.844690690832,2,134,0.5234375,-13.865079879760742,-171.7878875732422,0.08079896867275238,4198.844690690832,0.0,
64659673_9b669388ce_26_57253263@N00.jpg,42.285294,-71.610636,43.98136901855469,-124.1008529663086,0.011373109184205532,4190.60058299121,4,28,0.109375,38.851280212402344,-98.46710205078125,0.008948687463998795,2290.5675456894573,1900.0330373017528,
649887521_bdfae031b7_1317_7885919@N07.jpg,43.727731,7.414805,48.84147262573242,2.2529749870300293,0.08521568775177002,692.9401700433948,2,12,0.046875,48.84147262573242,2.2529749870300293,0.08707349747419357,692.9401700433948,0.0,
658358355_d7eb1adb5e_1300_14542551@N00.jpg,43.035144,144.327564,36.54494857788086,138.5926971435547,0.028026755899190903,871.8038656737224,3,256,1.0,36.54494857788086,138.5926971435547,0.02974524348974228,871.8038656737224,0.0,
659660691_76158f34ea_1305_7412395@N07.jpg,65.374491,-22.919197,65.07162475585938,-22.731399536132812,0.11900495737791061,34.79570504741077,1,8,0.03125,65.07162475585938,-22.731399536132812,0.10057933628559113,34.79570504741077,0.0,
663874441_645cd1668c_1038_77392231@N00.jpg,39.462571,-0.325641,34.746971130371094,127.75005340576172,0.03652946650981903,10192.139624327823,2,18,0.0703125,34.746971130371094,127.75005340576172,0.0657048225402832,10192.139624327823,0.0,
664183003_ace9ffb884_1136_15376845@N00.jpg,41.308901,-72.925636,40.20119094848633,-77.18917083740234,0.00666538393124938,379.60739956254264,3,125,0.48828125,40.20119094848633,-77.18917083740234,0.007162946276366711,379.60739956254264,0.0,
668488293_1b39338210_1369_81421684@N00.jpg,48.431193,15.746669,47.516693115234375,19.07958221435547,0.007218590937554836,268.1081844477816,2,220,0.859375,47.516693115234375,19.07958221435547,0.008315391838550568,268.1081844477816,0.0,
673081582_f822333e60_1196_7412395@N07.jpg,39.356533,8.966388,38.9493293762207,-1.8628690242767334,0.14522019028663635,934.3188756744981,1,128,0.5,33.98130416870117,-117.64131164550781,0.11308630555868149,10185.398487956507,-9251.079612282008,
674882167_7436dfa39e_1434_79756109@N00.jpg,45.391579,-92.661094,44.744537353515625,-92.85018157958984,0.03102261759340763,73.46425176578126,0,0,0.0,44.744537353515625,-92.85018157958984,0.03102261759340763,73.46425176578126,0.0,
675928519_1f97d85c9f_1211_8159033@N04.jpg,35.630651,139.785146,35.04920959472656,136.85107421875,0.013137922622263432,273.8653957118024,7,170,0.6640625,35.04920959472656,136.85107421875,0.012995054945349693,273.8653957118024,0.0,
676594668_8ec19c2d13_1184_8159033@N04.jpg,35.736341,139.799051,35.700923919677734,139.57186889648438,0.009381462819874287,20.884352584721377,3,131,0.51171875,35.700923919677734,139.57186889648438,0.009844719432294369,20.884352584721377,0.0,
676663392_bd51046720_1268_8159033@N04.jpg,35.736341,139.799051,35.01179122924805,135.74929809570312,0.015211112797260284,375.88431728637755,5,88,0.34375,34.68559265136719,135.8411407470703,0.01479026023298502,378.04845072215585,-2.1641334357782966,
676748878_c4a5fc0f3c_1063_8159033@N04.jpg,35.630651,139.785146,35.66307067871094,139.77099609375,0.007752035278826952,3.8249368754271087,0,0,0.0,35.66307067871094,139.77099609375,0.007752035278826952,3.8249368754271087,0.0,
67821537_2fc8fcce4f_31_90833046@N00.jpg,44.885309,-93.313064,38.61391830444336,-90.25899505615234,0.004545406438410282,741.796087926382,0,0,0.0,38.61391830444336,-90.25899505615234,0.004545406438410282,741.796087926382,0.0,
67821545_c588dbe6c0_31_90833046@N00.jpg,44.886647,-93.311798,46.25908279418945,-119.34051513671875,0.010779157280921936,2022.592360448124,0,0,0.0,46.25908279418945,-119.34051513671875,0.010779157280921936,2022.592360448124,0.0,
680737569_1cbc2a6d17_1049_99437479@N00.jpg,59.433357,24.751038,60.17275619506836,24.934221267700195,0.013918755576014519,82.8533277138161,0,0,0.0,60.17275619506836,24.934221267700195,0.013918755576014519,82.8533277138161,0.0,
683194672_ec9ad2a2f9_1418_8159033@N04.jpg,35.392408,139.53967,35.6595458984375,139.7003936767578,0.017793424427509308,33.07424789476844,11,171,0.66796875,35.6595458984375,139.7003936767578,0.018431656062602997,33.07424789476844,0.0,
683997779_c9ad869f7a_1253_7885919@N07.jpg,45.646485,2.748652,44.67558288574219,3.170413017272949,0.07626928389072418,112.91001664814812,2,176,0.6875,44.67558288574219,3.170413017272949,0.11688929796218872,112.91001664814812,0.0,
684671283_96291098a8_1395_77392231@N00.jpg,43.318824,11.331131,43.40224075317383,10.857560157775879,0.14552173018455505,39.39294970882736,1,6,0.0234375,43.40224075317383,10.857560157775879,0.15597714483737946,39.39294970882736,0.0,
68809354_60c7d9a003_12_97324495@N00.jpg,34.179713,135.616865,35.118892669677734,135.83480834960938,0.012257023714482784,106.31795269480288,1,24,0.09375,35.118892669677734,135.83480834960938,0.013131961226463318,106.31795269480288,0.0,
688605964_5e6a447c89_1073_77392231@N00.jpg,43.318824,11.331131,43.35270690917969,12.572306632995605,0.01007973961532116,100.45247448763355,1,4,0.015625,43.35270690917969,12.572306632995605,0.00967203639447689,100.45247448763355,0.0,
68997452_1f179dafbb_34_97324495@N00.jpg,34.179713,135.616865,34.21464157104492,135.5863037109375,0.11258964985609055,4.794244924196157,3,60,0.234375,34.21464157104492,135.5863037109375,0.11101576685905457,4.794244924196157,0.0,
68999405_6dc1a614db_6_97324495@N00.jpg,34.179713,135.616865,34.21464157104492,135.5863037109375,0.0921257957816124,4.794244924196157,2,256,1.0,34.21464157104492,135.5863037109375,0.09060923755168915,4.794244924196157,0.0,
69002581_051b9ae759_15_97324495@N00.jpg,34.179713,135.616865,35.118892669677734,135.83480834960938,0.023490523919463158,106.31795269480288,0,0,0.0,35.118892669677734,135.83480834960938,0.023490523919463158,106.31795269480288,0.0,
698923311_57f919b95a_1096_8078991@N04.jpg,23.121653,-81.347064,21.798076629638672,-79.59354400634766,0.05005871132016182,232.65304378439177,0,0,0.0,21.798076629638672,-79.59354400634766,0.05005871132016182,232.65304378439177,0.0,
698944837_d562cbf347_1266_8078991@N04.jpg,23.121653,-81.347064,23.139318466186523,-82.35221099853516,0.03120122291147709,102.80127651199858,4,62,0.2421875,23.139318466186523,-82.35221099853516,0.028768394142389297,102.80127651199858,0.0,
698958317_4f35444c30_1183_8078991@N04.jpg,23.121653,-81.347064,24.461387634277344,124.14250183105469,0.13833218812942505,14052.046836778325,0,0,0.0,24.461387634277344,124.14250183105469,0.13833218812942505,14052.046836778325,0.0,
699759540_378fc59a13_1033_8078991@N04.jpg,23.121653,-81.347064,22.905609130859375,-82.430419921875,0.04458923637866974,113.44863681092258,1,9,0.03515625,22.905609130859375,-82.430419921875,0.047988876700401306,113.44863681092258,0.0,
699780960_26d1c14fcd_1324_8078991@N04.jpg,23.121653,-81.347064,22.905609130859375,-82.430419921875,0.059328436851501465,113.44863681092258,1,224,0.875,22.905609130859375,-82.430419921875,0.061940185725688934,113.44863681092258,0.0,
69991386_7f3c5437d2_20_18684820@N00.jpg,50.794651,-1.107902,51.123863220214844,1.3534640073776245,0.1633807122707367,176.22574084067173,1,192,0.75,51.123863220214844,1.3534640073776245,0.16814745962619781,176.22574084067173,0.0,
699943882_09c2e43ac3_1249_8078991@N04.jpg,23.121653,-81.347064,12.037054061889648,-86.69242858886719,0.015761783346533775,1356.067621614584,1,75,0.29296875,-22.451648712158203,-42.2314453125,0.016726527363061905,6601.610910004409,-5245.543288389825,
69997478_868eb06f34_12_18684820@N00.jpg,48.912572,2.334594,45.06954574584961,7.686150074005127,0.0017696649301797152,589.0883744228857,0,0,0.0,45.06954574584961,7.686150074005127,0.0017696649301797152,589.0883744228857,0.0,
702092844_81010e6494_1072_70323761@N00.jpg,40.573955,-73.973988,39.45293045043945,-0.3469269871711731,0.022795943543314934,6076.276733329883,1,195,0.76171875,39.45293045043945,-0.3469269871711731,0.02477758750319481,6076.276733329883,0.0,
70283421_c04449c9c4_18_18684820@N00.jpg,48.912572,2.334594,48.8494873046875,2.342158079147339,0.002549725351855159,7.036481155826386,7,26,0.1015625,48.8494873046875,2.342158079147339,0.0025748349726200104,7.036481155826386,0.0,
709445941_8f8fb9aa79_1162_94125865@N00.jpg,36.746982,-81.537995,40.444461822509766,-76.43072509765625,0.059452492743730545,604.8093272497362,6,167,0.65234375,40.444461822509766,-76.43072509765625,0.059905797243118286,604.8093272497362,0.0,
709525561_60bfffebe4_1261_94125865@N00.jpg,36.746982,-81.537995,38.021331787109375,-78.77850341796875,0.08654886484146118,281.97911095331955,2,159,0.62109375,37.642372131347656,-79.75863647460938,0.06684847921133041,186.4171640106446,95.56194694267495,
710448366_62a14256a2_1431_94125865@N00.jpg,36.884546,-81.525002,36.03261947631836,-92.7164535522461,0.05273416265845299,1004.7699760759062,1,36,0.140625,36.03261947631836,-92.7164535522461,0.05533168837428093,1004.7699760759062,0.0,
710953362_f143fbe27d_1401_78841376@N00.jpg,45.436406,12.326488,45.43385696411133,12.339120864868164,0.00814634095877409,1.0256519355620903,3,256,1.0,45.43399429321289,12.339385986328125,0.00792180560529232,1.0415115660721657,-0.01585963051007533,
711512171_90859d6cdd_1179_59615371@N00.jpg,40.763316,-73.978929,40.74598693847656,-73.9879150390625,0.0027360899839550257,2.0702363856576556,2,160,0.625,40.74588394165039,-73.98808288574219,0.0029125914443284273,2.0860847815933723,-0.01584839593571674,
712096828_9b7778a3cd_1123_59615371@N00.jpg,40.763316,-73.978929,40.76069641113281,-73.97624206542969,0.00373495789244771,0.36886145039557366,1,192,0.75,40.76069641113281,-73.97624206542969,0.0037937702145427465,0.36886145039557366,0.0,
712329440_958b95cb91_1054_59615371@N00.jpg,40.763316,-73.978929,40.7729377746582,-73.97343444824219,0.010125350207090378,1.165668906001792,2,256,1.0,40.7729377746582,-73.97343444824219,0.010644597932696342,1.165668906001792,0.0,
71630340_4bb2caff46_34_18684820@N00.jpg,48.866521,2.329101,48.908058166503906,2.290648937225342,0.00207252218388021,5.407111267645613,1,8,0.03125,48.88605880737305,2.3345301151275635,0.001911850180476904,2.208490832027692,3.198620435617921,
71782634_c3349c6b8d_33_18684820@N00.jpg,48.866521,2.329101,50.63762283325195,3.0645840167999268,0.0019514322048053145,203.90021503355257,1,128,0.5,49.36784744262695,0.07707499712705612,0.002442704513669014,173.11199566182913,30.788219371723443,
71787974_4bd149b42f_34_18684820@N00.jpg,48.866521,2.329101,48.87013244628906,2.331847906112671,0.003574363188818097,0.44903271017677415,1,208,0.8125,48.87013244628906,2.331847906112671,0.0034767617471516132,0.44903271017677415,0.0,
71794237_d86349d2d8_35_18684820@N00.jpg,48.866521,2.329101,49.00544738769531,2.576637029647827,0.009732444770634174,23.781570620725482,0,0,0.0,49.00544738769531,2.576637029647827,0.009732444770634174,23.781570620725482,0.0,
71807788_2b6c93f13f_35_18684820@N00.jpg,48.866521,2.329101,43.52714538574219,5.445097923278809,0.002730288077145815,640.1779958488913,3,170,0.6640625,43.52577590942383,5.44406795501709,0.003156075021252036,640.2906853698747,-0.11268952098339469,
71812047_61e009056a_35_18684820@N00.jpg,48.866521,2.329101,48.873634338378906,2.2958199977874756,0.006315898150205612,2.5594785821776598,1,224,0.875,48.873634338378906,2.2958199977874756,0.006667112931609154,2.5594785821776598,0.0,
719601745_96666d2da1_1023_7132415@N03.jpg,48.851924,2.352018,48.85710525512695,2.341331958770752,0.006201613694429398,0.9711742042419259,0,0,0.0,48.85710525512695,2.341331958770752,0.006201613694429398,0.9711742042419259,0.0,
719620291_9a046d6069_1183_7132415@N03.jpg,48.853138,2.348842,48.44704055786133,1.4874440431594849,0.014951479621231556,77.73846650818405,1,224,0.875,48.44704055786133,1.4874440431594849,0.01829305849969387,77.73846650818405,0.0,
719864111_79743ec39e_1210_7132415@N03.jpg,48.809124,2.110576,51.31290817260742,-0.4731299877166748,0.039999641478061676,333.9097875954785,4,116,0.453125,51.31290817260742,-0.4731299877166748,0.037527237087488174,333.9097875954785,0.0,
719875225_2da923b1d0_1146_7132415@N03.jpg,48.815115,2.107229,48.80662155151367,2.113924026489258,0.04437259957194328,1.0640959022751735,0,0,0.0,48.80662155151367,2.113924026489258,0.04437259957194328,1.0640959022751735,0.0,
720552408_1c65903796_1097_7132415@N03.jpg,48.858207,2.337298,48.855369567871094,2.34505295753479,0.001556135481223464,0.6491804697642484,5,149,0.58203125,48.85531997680664,2.3450980186462402,0.003065035678446293,0.6547497562334942,-0.0055692864692458155,
720614538_b876797c84_1294_7132415@N03.jpg,48.855679,2.287302,48.85772705078125,2.295413017272949,0.005663186311721802,0.6356022410375491,1,80,0.3125,48.857177734375,2.295111894607544,0.005069941282272339,0.5951839933604933,0.04041824767705582,
722200843_92f212d3cd_1045_7665941@N08.jpg,48.422764,-123.344278,50.98772048950195,-0.6138610243797302,0.026529230177402496,7692.821037711456,4,59,0.23046875,50.98772048950195,-0.6138610243797302,0.032881442457437515,7692.821037711456,0.0,
723199776_5b637a2753_1144_7665941@N08.jpg,49.285387,-123.122062,49.28773880004883,-123.12749481201172,0.011641912162303925,0.4729220995333975,5,30,0.1171875,49.28619384765625,-123.12391662597656,0.011771440505981445,0.1616920116007156,0.31123008793268186,
72918630_92eae2820d_35_41894197861@N01.jpg,55.747888,37.632293,50.449546813964844,30.523061752319336,0.006989772897213697,755.7730362121548,2,251,0.98046875,50.449546813964844,30.523061752319336,0.00882585346698761,755.7730362121548,0.0,
739128198_9df33d6371_1248_78841376@N00.jpg,43.771744,11.26252,48.2282829284668,15.332976341247559,0.003161052707582712,586.6758256186433,1,24,0.09375,48.2282829284668,15.332976341247559,0.0033956319093704224,586.6758256186433,0.0,
740062026_b27dbfb90e_1097_42126397@N00.jpg,28.940861,85.242919,29.158885955810547,88.05559539794922,0.10753095149993896,274.4762361834585,0,0,0.0,29.158885955810547,88.05559539794922,0.10753095149993896,274.4762361834585,0.0,
74067437_47448df473_20_18684820@N00.jpg,1.286665,103.838653,-36.63316345214844,174.375,0.01956641860306263,8371.88957751143,1,48,0.1875,-36.63316345214844,174.375,0.019258972257375717,8371.88957751143,0.0,
743826473_7310a413fb_1075_26519935@N00.jpg,22.2885,114.23747,22.292985916137695,114.1697998046875,0.016468031331896782,6.980133311146712,0,0,0.0,22.292985916137695,114.1697998046875,0.016468031331896782,6.980133311146712,0.0,
744472458_ae4cf2b1dd_1055_26519935@N00.jpg,22.2885,114.23747,22.209060668945312,114.02765655517578,0.022020887583494186,23.330130163508283,0,0,0.0,22.209060668945312,114.02765655517578,0.022020887583494186,23.330130163508283,0.0,
744605216_2ec973a357_1235_26519935@N00.jpg,22.2885,114.23747,35.15345764160156,129.12454223632812,0.00833628885447979,2033.274744282796,1,42,0.1640625,-2.207361936569214,-79.88090515136719,0.0075775873847305775,17311.146547174463,-15277.871802891666,
746791136_8007013877_1266_7885919@N07.jpg,48.900809,2.097916,39.8281135559082,-86.18392181396484,0.006488868501037359,6687.952883666086,0,0,0.0,39.8281135559082,-86.18392181396484,0.006488868501037359,6687.952883666086,0.0,
75039630_6daaf6d6b1_36_18684820@N00.jpg,1.286665,103.838653,1.3655790090560913,103.82771301269531,0.015127823688089848,8.858724406842878,0,0,0.0,1.3655790090560913,103.82771301269531,0.015127823688089848,8.858724406842878,0.0,
75071297_004aed7315_37_18684820@N00.jpg,1.286665,103.838653,24.95842742919922,121.53288269042969,0.015247346833348274,3246.1218907421216,0,0,0.0,24.95842742919922,121.53288269042969,0.015247346833348274,3246.1218907421216,0.0,
75080675_049f8588f1_41_18684820@N00.jpg,1.286665,103.838653,-22.967609405517578,-43.22414779663086,0.02317635528743267,15720.752262811784,0,0,0.0,-22.967609405517578,-43.22414779663086,0.02317635528743267,15720.752262811784,0.0,
751432739_ad1d4f8b6e_1201_15376845@N00.jpg,41.314692,-71.846122,39.72164535522461,-75.83329772949219,0.006481075659394264,380.69683528278534,0,0,0.0,39.72164535522461,-75.83329772949219,0.006481075659394264,380.69683528278534,0.0,
754228237_8c166ba325_1377_75653366@N00.jpg,13.74632,100.492544,13.74992561340332,100.49130249023438,0.0424039252102375,0.4227569112750287,1,192,0.75,13.74992561340332,100.49130249023438,0.040505554527044296,0.4227569112750287,0.0,
754780171_13ffd51dec_1229_78247883@N00.jpg,46.373701,14.145069,46.36222457885742,14.090115547180176,0.14578299224376678,4.4053120516974085,1,64,0.25,46.36222457885742,14.090115547180176,0.17050065100193024,4.4053120516974085,0.0,
754881567_128bec18c6_1427_78247883@N00.jpg,46.373701,14.145069,46.36222457885742,14.090115547180176,0.07409727573394775,4.4053120516974085,2,142,0.5546875,46.36222457885742,14.090115547180176,0.08704924583435059,4.4053120516974085,0.0,
755240489_f870fa2cbf_1192_7885919@N07.jpg,48.648533,-2.026269,48.45357131958008,-2.0432848930358887,0.07277029007673264,21.714929456314213,2,240,0.9375,48.45357131958008,-2.0432848930358887,0.07972022891044617,21.714929456314213,0.0,
755493174_041bf280fe_1002_9729483@N02.jpg,41.949013,-87.654713,40.44355773925781,-79.99795532226562,0.016174711287021637,661.888323698628,6,53,0.20703125,41.49655532836914,-81.68820190429688,0.01429656706750393,497.62538258683895,164.26294111178908,
755592362_c198cfa94b_1432_44067110@N00.jpg,51.490758,-0.126913,51.51386642456055,-0.09542199969291687,0.0030966552440077066,3.3695260176946693,2,100,0.390625,51.515567779541016,-0.09309200197458267,0.00399891147390008,3.6180926062588963,-0.24856658856422698,
755668577_76782d26b6_1070_7980350@N08.jpg,37.745806,-119.532054,37.72512435913086,-119.53453063964844,0.050101444125175476,2.3099865476338173,1,55,0.21484375,37.72512435913086,-119.53453063964844,0.05804092809557915,2.3099865476338173,0.0,
756531584_b1beb791ec_1074_7980350@N08.jpg,37.746353,-119.530788,37.74747085571289,-119.52903747558594,0.040101438760757446,0.19783830887412718,4,43,0.16796875,37.728763580322266,-119.57331848144531,0.039417389780282974,4.2204908774407315,-4.022652568566604,
758114922_f369e388f5_1324_41894169878@N01.jpg,39.990667,-105.293784,37.26536560058594,-107.01053619384766,0.0037256593350321054,337.72781515695345,2,256,1.0,36.16130065917969,-112.71028137207031,0.005742153152823448,775.9367045955348,-438.20888943858137,
75846717_020275e00c_42_18684820@N00.jpg,1.286665,103.838653,1.4405900239944458,103.91206359863281,0.03616688400506973,18.961605661806733,1,165,0.64453125,1.4405900239944458,103.91206359863281,0.03182722628116608,18.961605661806733,0.0,
758529698_4bcbe635f1_1228_41894197861@N01.jpg,40.753661,-73.98719,40.75157928466797,-73.9879379272461,0.002423892728984356,0.2398968578825608,3,256,1.0,40.75157928466797,-73.9879379272461,0.0023864987306296825,0.2398968578825608,0.0,
76352739_f68793896f_38_41315423@N00.jpg,41.873843,-88.309521,45.15492630004883,-93.45124816894531,0.015656784176826477,552.07957712709,1,63,0.24609375,45.15492630004883,-93.45124816894531,0.01174065563827753,552.07957712709,0.0,
764415775_53dda970d8_1231_16836474@N00.jpg,5.63435,-73.569173,-25.15212059020996,-50.985145568847656,0.039029963314533234,4204.740384470136,2,50,0.1953125,-25.15212059020996,-50.985145568847656,0.03612212836742401,4204.740384470136,0.0,
765033054_1a9e7d2332_1184_70323761@N00.jpg,40.792559,-73.95215,34.30732727050781,-118.4638671875,0.007672455627471209,3946.6366422336787,4,192,0.75,34.07355880737305,-118.24046325683594,0.009403545409440994,3938.4685435204447,8.16809871323403,
766351079_af0294281f_1240_16836474@N00.jpg,5.63435,-73.569173,10.423324584960938,-75.54679870605469,0.05946541205048561,575.2839623126528,2,180,0.703125,10.423324584960938,-75.54679870605469,0.05398808792233467,575.2839623126528,0.0,
768100764_879c8aaf43_1194_7412395@N07.jpg,52.304109,7.168042,51.98598861694336,8.80817985534668,0.00917583703994751,117.37130118259822,1,108,0.421875,51.98598861694336,8.80817985534668,0.010046995244920254,117.37130118259822,0.0,
768937096_14d87e6d44_1188_7412395@N07.jpg,52.352275,7.541341,53.26824188232422,-1.9885250329971313,0.0035435613244771957,648.0691798527774,0,0,0.0,53.26824188232422,-1.9885250329971313,0.0035435613244771957,648.0691798527774,0.0,
77298358_5b233ede85_42_36887937@N00.jpg,27.670108,85.427739,27.672733306884766,85.42882537841797,0.12481515854597092,0.3109074774263877,2,147,0.57421875,27.673797607421875,85.42591094970703,0.12778235971927643,0.4480241993141351,-0.13711672188774743,
778754121_54e1fe8fe9_1266_52057668@N00.jpg,51.514725,-0.133209,51.50246047973633,-0.13566599786281586,0.007611534092575312,1.374314503442532,1,8,0.03125,51.50246047973633,-0.13566599786281586,0.007525622844696045,1.374314503442532,0.0,
780072709_664cc2587d_1367_88971695@N00.jpg,-25.354342,131.046295,-25.34371566772461,131.03367614746094,0.11567660421133041,1.733242362100495,1,16,0.0625,-25.34371566772461,131.03367614746094,0.11578849703073502,1.733242362100495,0.0,
780984200_060a5d35b9_1431_88971695@N00.jpg,-25.354342,131.046295,-25.34371566772461,131.03367614746094,0.10938958823680878,1.733242362100495,1,24,0.09375,-25.34371566772461,131.03367614746094,0.10881347209215164,1.733242362100495,0.0,
78438814_717a8295f2_43_57253263@N00.jpg,42.349648,-71.040537,42.37248229980469,-71.05635070800781,0.02767820656299591,2.852199420564535,0,0,0.0,42.37248229980469,-71.05635070800781,0.02767820656299591,2.852199420564535,0.0,
786627822_9dc03ca655_1343_78221228@N00.jpg,1.302625,103.849124,18.788911819458008,98.99522399902344,0.005459794774651527,2015.1139187238794,5,217,0.84765625,18.788911819458008,98.99522399902344,0.005631497595459223,2015.1139187238794,0.0,
787062593_8e5e021ae3_1409_7412395@N07.jpg,50.962548,6.976307,55.94482421875,-3.2698049545288086,0.049548421055078506,874.3717094592795,2,84,0.328125,55.94482421875,-3.2698049545288086,0.0483928918838501,874.3717094592795,0.0,
791979325_a5dac353d6_1372_50994135@N00.jpg,55.755665,-4.922733,52.884979248046875,0.8554310202598572,0.005809448193758726,491.9810851194926,1,256,1.0,51.367767333984375,-0.8624849915504456,0.005987653508782387,556.5249419618898,-64.54385684239719,
791983847_bbd273ddd8_1411_50994135@N00.jpg,55.755665,-4.922733,51.984832763671875,-9.299712181091309,0.012445722706615925,507.8745968882809,1,256,1.0,51.984832763671875,-9.299712181091309,0.012270832434296608,507.8745968882809,0.0,
793376891_be64bee904_1060_88483799@N00.jpg,39.263355,-76.566955,48.21683120727539,11.624167442321777,0.004970836453139782,6758.107485380127,0,0,0.0,48.21683120727539,11.624167442321777,0.004970836453139782,6758.107485380127,0.0,
793472927_23f5e860a1_1172_88483799@N00.jpg,39.315125,-76.626438,42.227046966552734,-88.52766418457031,0.009912974201142788,1052.1536482131107,7,195,0.76171875,38.58613204956055,-121.50533294677734,0.010345992632210255,3841.106500134293,-2788.9528519211826,
793683387_aded60fd6b_1202_88483799@N00.jpg,39.178841,-76.669425,38.23474884033203,-122.64249420166016,0.005778342951089144,3947.0336527511918,5,156,0.609375,38.23474884033203,-122.64249420166016,0.005211567971855402,3947.0336527511918,0.0,
79460655_2baf6a072c_43_56945335@N00.jpg,27.434708,88.263473,27.585437774658203,86.41056060791016,0.05382053926587105,183.50353949255907,1,132,0.515625,27.585437774658203,86.41056060791016,0.056452568620443344,183.50353949255907,0.0,
79848007_08424b4a76_37_24311489@N00.jpg,37.810868,-122.47713,37.80861282348633,-122.47391510009766,0.01838839426636696,0.37768841079487747,1,2,0.0078125,37.80861282348633,-122.47391510009766,0.01781207136809826,0.37768841079487747,0.0,
802688519_682b640435_1262_96928198@N00.jpg,62.139957,6.074967,34.28422164916992,-84.74343872070312,0.00189629674423486,6726.797784722384,1,256,1.0,34.28422164916992,-84.74343872070312,0.001633704756386578,6726.797784722384,0.0,
804712223_bf37f10a7d_1152_15376845@N00.jpg,41.24837,-72.903127,33.733367919921875,-118.24112701416016,0.015155227854847908,4039.291778913461,1,208,0.8125,33.733367919921875,-118.24112701416016,0.018446534872055054,4039.291778913461,0.0,
809416547_647a63be82_1246_15632944@N00.jpg,50.915304,16.435353,50.03899383544922,19.178504943847656,0.15309001505374908,217.1788725445986,1,240,0.9375,50.03899383544922,19.178504943847656,0.1707007735967636,217.1788725445986,0.0,
810330463_890bf813a2_1326_15632944@N00.jpg,50.915304,16.435353,53.27450180053711,-1.3768310546875,0.048144374042749405,1241.2752267264939,1,144,0.5625,53.27450180053711,-1.3768310546875,0.05779945105314255,1241.2752267264939,0.0,
812213401_e6efd2edc7_1382_96928198@N00.jpg,62.189077,6.095138,30.354026794433594,-81.62120819091797,0.002720382297411561,6940.608728259769,0,0,0.0,30.354026794433594,-81.62120819091797,0.002720382297411561,6940.608728259769,0.0,
815968929_ee36554bd7_1159_7885919@N07.jpg,43.950849,4.80728,43.94939041137695,4.806690216064453,0.0560743510723114,0.16892050689725813,1,176,0.6875,43.94939041137695,4.806690216064453,0.05139552056789398,0.16892050689725813,0.0,
817626137_3a7d95a2ee_1323_57253263@N00.jpg,42.351404,-71.037109,51.233062744140625,2.9220190048217773,0.009016450494527817,5473.229460443141,1,256,1.0,49.308868408203125,-123.07893371582031,0.009740401059389114,4022.9706415587443,1450.2588188843965,
819657413_fdcd20c2fe_1304_7885919@N07.jpg,45.495157,6.675138,47.188873291015625,11.288859367370605,0.02863122522830963,401.0343342923002,0,0,0.0,47.188873291015625,11.288859367370605,0.02863122522830963,401.0343342923002,0.0,
825605923_7964d6f822_1329_51162504@N00.jpg,51.464609,-3.164598,41.41072463989258,2.2232930660247803,0.01818537712097168,1190.923842341781,7,69,0.26953125,41.41072463989258,2.2232930660247803,0.01766497828066349,1190.923842341781,0.0,
828267964_035543326a_1377_70323761@N00.jpg,40.681278,-73.990776,39.163326263427734,-84.54009246826172,0.005359645001590252,914.7182423717242,1,240,0.9375,39.163326263427734,-84.54009246826172,0.005885646678507328,914.7182423717242,0.0,
836369318_3775558000_1037_82927779@N00.jpg,-34.033855,22.99233,-33.79441452026367,151.28448486328125,0.0041097369976341724,10744.775383109876,4,208,0.8125,-33.79441452026367,151.28448486328125,0.005333318375051022,10744.775383109876,0.0,
84239121_41b16be75f_39_14542551@N00.jpg,49.785974,103.388557,51.51636505126953,104.18557739257812,0.40999990701675415,200.4448597295073,0,0,0.0,51.51636505126953,104.18557739257812,0.40999990701675415,200.4448597295073,0.0,
84242369_05a98de26e_38_14542551@N00.jpg,49.785974,103.388557,51.51636505126953,104.18557739257812,0.6815049648284912,200.4448597295073,1,6,0.0234375,51.51636505126953,104.18557739257812,0.690449595451355,200.4448597295073,0.0,
84243867_a077b17f1f_40_14542551@N00.jpg,49.785974,103.388557,65.62077331542969,22.154401779174805,0.0027807310689240694,4736.3038111280075,1,256,1.0,65.62077331542969,22.154401779174805,0.0033801787067204714,4736.3038111280075,0.0,
84250338_e862047f1c_36_14542551@N00.jpg,49.035617,104.066791,48.766597747802734,106.31607055664062,0.2904578149318695,167.10420775761608,0,0,0.0,48.766597747802734,106.31607055664062,0.2904578149318695,167.10420775761608,0.0,
843962291_319276183c_1410_96928198@N00.jpg,62.037711,6.41138,48.049556732177734,8.212258338928223,0.007928093895316124,1559.489225561032,0,0,0.0,48.049556732177734,8.212258338928223,0.007928093895316124,1559.489225561032,0.0,
844117341_25ecf3a54f_1350_76306992@N00.jpg,50.851908,4.349212,39.682247161865234,-75.7497329711914,0.011692950502038002,6075.528245202528,7,230,0.8984375,39.682247161865234,-75.7497329711914,0.00826954934746027,6075.528245202528,0.0,
844723735_5d3cc016fa_1163_76306992@N00.jpg,43.348151,11.510925,43.09465026855469,11.780691146850586,0.03037523664534092,35.67038120971612,5,99,0.38671875,43.09465026855469,11.780691146850586,0.03729761764407158,35.67038120971612,0.0,
844963249_27cd63a5ee_1270_76306992@N00.jpg,43.348151,11.510925,44.62187576293945,11.487385749816895,0.14515265822410583,141.64444609632855,4,81,0.31640625,44.62187576293945,11.487385749816895,0.13749383389949799,141.64444609632855,0.0,
845043982_19644270a3_1432_76306992@N00.jpg,50.851908,4.349212,50.848655700683594,4.34938383102417,0.0038537131622433662,0.3618408178707211,4,224,0.875,50.848655700683594,4.34938383102417,0.005470521282404661,0.3618408178707211,0.0,
845194300_bec89d0c48_1235_76306992@N00.jpg,50.851908,4.349212,50.847782135009766,4.35112190246582,0.017761914059519768,0.47796787007027114,1,40,0.15625,50.847782135009766,4.35112190246582,0.017786933109164238,0.47796787007027114,0.0,
847733166_0573338bfb_1321_89904893@N00.jpg,45.429197,12.327432,45.43345260620117,12.336100578308105,0.005914652720093727,0.8255187578814136,1,256,1.0,45.43345260620117,12.336100578308105,0.005637120455503464,0.8255187578814136,0.0,
852570112_965e603872_1027_7132415@N03.jpg,51.172831,-115.571622,51.1751708984375,-115.57257080078125,0.08530580997467041,0.26846141038784477,0,0,0.0,51.1751708984375,-115.57257080078125,0.08530580997467041,0.26846141038784477,0.0,
854886418_943d8765d8_1317_78247883@N00.jpg,43.175075,16.432285,43.17239761352539,16.441661834716797,0.05104481056332588,0.816595692082942,1,20,0.078125,43.17239761352539,16.441661834716797,0.050597816705703735,0.816595692082942,0.0,
85564514_97726138cc_6_11398209@N00.jpg,53.359413,-6.178607,55.634925842285156,-4.823855876922607,0.06067871302366257,267.70948677876714,0,0,0.0,55.634925842285156,-4.823855876922607,0.06067871302366257,267.70948677876714,0.0,
863965187_d28f1f6342_1189_19953481@N00.jpg,50.017446,19.238433,50.03899383544922,19.178504943847656,0.12860579788684845,4.905751989174447,0,0,0.0,50.03899383544922,19.178504943847656,0.12860579788684845,4.905751989174447,0.0,
864479146_bb140307ed_1350_25304693@N00.jpg,50.997714,5.40199,42.21709060668945,-73.82846069335938,0.016499526798725128,5833.617108989052,1,256,1.0,42.21709060668945,-73.82846069335938,0.017477532848715782,5833.617108989052,0.0,
865162628_73711d50dc_1303_19953481@N00.jpg,49.779047,20.048675,49.46555709838867,21.301116943359375,0.10713200271129608,96.71794490372478,5,51,0.19921875,49.46555709838867,21.301116943359375,0.06543519347906113,96.71794490372478,0.0,
865326234_0c641c683c_1415_19953481@N00.jpg,49.779047,20.048675,52.647125244140625,23.66755485534668,0.046093761920928955,406.40064108347013,2,256,1.0,52.647125244140625,23.66755485534668,0.05660770460963249,406.40064108347013,0.0,
865659775_82c05d3878_1361_23707253@N00.jpg,59.943684,30.305914,59.94075012207031,30.313425064086914,0.03977004438638687,0.5304944973190563,4,72,0.28125,59.9405403137207,30.313461303710938,0.03748299926519394,0.5467031482664384,-0.01620865094738211,
866797422_4f627e6235_1174_15632944@N00.jpg,51.100301,16.952977,48.278053283691406,26.127891540527344,0.08662313222885132,730.1325223203611,1,144,0.5625,48.278053283691406,26.127891540527344,0.09347391873598099,730.1325223203611,0.0,
871458266_8cac41b3df_1331_15632944@N00.jpg,51.107024,16.959285,40.50539779663086,-74.85838317871094,0.03576693683862686,6742.165538423159,4,138,0.5390625,40.50539779663086,-74.85838317871094,0.040047187358140945,6742.165538423159,0.0,
871598336_63d649d94a_1394_15632944@N00.jpg,51.107024,16.959285,39.38290786743164,-89.07469940185547,0.02412264607846737,7662.668101434979,5,81,0.31640625,39.38290786743164,-89.07469940185547,0.03094841167330742,7662.668101434979,0.0,
871670829_c930438297_1116_85417391@N00.jpg,47.763099,-123.833084,44.190757751464844,-122.31739807128906,0.009536979719996452,414.11119171659385,0,0,0.0,44.190757751464844,-122.31739807128906,0.009536979719996452,414.11119171659385,0.0,
872398841_aab729f79e_1277_9729483@N02.jpg,40.700015,-74.015321,40.69322967529297,-74.03995513916016,0.025693921372294426,2.2095905637515445,4,180,0.703125,40.69322967529297,-74.03995513916016,0.028809232637286186,2.2095905637515445,0.0,
872673086_65e8d5efe6_1239_9729483@N02.jpg,40.757826,-73.985688,40.75685501098633,-73.98810577392578,0.0066824802197515965,0.2304962696250613,3,29,0.11328125,40.75685501098633,-73.98810577392578,0.006663172040134668,0.2304962696250613,0.0,
872729137_64884ae2cb_1182_88483799@N00.jpg,39.20383,-76.591319,34.665069580078125,-77.34819030761719,0.05619427561759949,509.1452008674205,4,146,0.5703125,34.665069580078125,-77.34819030761719,0.05182110518217087,509.1452008674205,0.0,
872841181_2ef32acf29_1371_66281185@N00.jpg,36.057694,-112.136614,36.05765151977539,-112.1371078491211,0.025627298280596733,0.044644111688027496,0,0,0.0,36.05765151977539,-112.1371078491211,0.025627298280596733,0.044644111688027496,0.0,
872895920_865d506517_1057_9729483@N02.jpg,40.706656,-74.009935,40.710567474365234,-74.00928497314453,0.003571451874449849,0.4383742230143037,2,20,0.078125,40.711402893066406,-74.00872039794922,0.0034744481090456247,0.5376681081400104,-0.09929388512570675,
872997496_781712636c_1143_70323761@N00.jpg,40.743526,-74.035674,40.758018493652344,-74.18363189697266,0.013647316955029964,12.567206164542496,1,256,1.0,40.758018493652344,-74.18363189697266,0.01394285075366497,12.567206164542496,0.0,
873010122_2c74adfa62_1015_9729483@N02.jpg,40.827461,-73.926744,40.82923889160156,-73.9278793334961,0.08211663365364075,0.2195619388530891,2,10,0.0390625,40.82923889160156,-73.9278793334961,0.08033733814954758,0.2195619388530891,0.0,
87329543_0dc6b7bb4d_36_69567805@N00.jpg,45.437249,12.32769,45.43378448486328,12.339604377746582,0.00637968722730875,1.0063007092127016,0,0,0.0,45.43378448486328,12.339604377746582,0.00637968722730875,1.0063007092127016,0.0,
873560860_5b7fd6044e_1314_88483799@N00.jpg,39.203341,-76.591933,46.16437530517578,-94.39778900146484,0.14553770422935486,1643.2726120698999,10,197,0.76953125,46.16437530517578,-94.39778900146484,0.14558623731136322,1643.2726120698999,0.0,
873800256_2a99a4862b_1002_70323761@N00.jpg,40.752897,-73.803083,39.919288635253906,-75.39185333251953,0.0038726350758224726,163.47724160182386,6,81,0.31640625,32.38419723510742,-96.84928131103516,0.0038160195108503103,2249.776136742966,-2086.298895141142,
876438778_7c0cef320a_1036_15632944@N00.jpg,51.107024,16.959285,56.0867805480957,10.117337226867676,0.024276351556181908,713.7718419831026,0,0,0.0,56.0867805480957,10.117337226867676,0.024276351556181908,713.7718419831026,0.0,
876438822_6622dc001e_1220_15632944@N00.jpg,51.107024,16.959285,47.386104583740234,15.092039108276367,0.015204515308141708,435.34495711168796,2,90,0.3515625,52.105384826660156,16.115108489990234,0.017372237518429756,125.3873151935116,309.95764191817636,
877407386_e083c78701_1225_78841376@N00.jpg,40.747586,14.484207,40.80629348754883,14.347267150878906,0.03453569486737251,13.250424782845057,0,0,0.0,40.80629348754883,14.347267150878906,0.03453569486737251,13.250424782845057,0.0,
880710221_64f0fdd8f2_1137_85417391@N00.jpg,47.655212,-124.387207,44.66474533081055,-124.45999145507812,0.026160530745983124,332.5723839922639,0,0,0.0,44.66474533081055,-124.45999145507812,0.026160530745983124,332.5723839922639,0.0,
883235088_b87323f114_1334_93487964@N00.jpg,42.543406,-6.586239,43.12153244018555,-3.7216179370880127,0.020424779504537582,242.2634745273476,4,95,0.37109375,40.95287322998047,-3.7946391105651855,0.025251198559999466,291.37215017581974,-49.10867564847214,
885651997_285ca80968_1170_61417564@N00.jpg,15.39568,-61.333236,18.297204971313477,-65.79329681396484,0.0756964311003685,573.862922012576,0,0,0.0,18.297204971313477,-65.79329681396484,0.0756964311003685,573.862922012576,0.0,
88585744_926b069bf3_40_40279823@N00.jpg,14.65426,40.98278,18.60248565673828,32.03081130981445,0.10372008383274078,1049.6874500113547,10,109,0.42578125,18.60248565673828,32.03081130981445,0.13495109975337982,1049.6874500113547,0.0,
88595270_07cf7550a6_23_40279823@N00.jpg,11.582624,43.143997,16.030717849731445,-16.491680145263672,0.2665608823299408,6438.241946870865,2,6,0.0234375,16.030717849731445,-16.491680145263672,0.2528403103351593,6438.241946870865,0.0,
888917254_4dc81b435f_1330_89904893@N00.jpg,45.433691,12.322422,50.090118408203125,14.400038719177246,0.005264275707304478,540.5008682067526,0,0,0.0,50.090118408203125,14.400038719177246,0.005264275707304478,540.5008682067526,0.0,
89068925_6901e322ac_17_69567805@N00.jpg,48.863811,2.333221,48.853370666503906,2.3479409217834473,0.008845857344567776,1.583468753559427,1,256,1.0,48.853370666503906,2.3479409217834473,0.00908742006868124,1.583468753559427,0.0,
89073637_36d2bc270f_23_69567805@N00.jpg,48.863811,2.333221,48.8612060546875,2.335710048675537,0.00861275289207697,0.3421311058529625,4,256,1.0,48.8612060546875,2.335710048675537,0.008723746053874493,0.3421311058529625,0.0,
893439291_7f8963c066_1412_65367662@N00.jpg,43.0803,-79.0765,43.08286666870117,-79.0744400024414,0.03353190794587135,0.3308229080304285,1,32,0.125,43.08286666870117,-79.0744400024414,0.033666081726551056,0.3308229080304285,0.0,
894010572_06a775d498_1297_65367662@N00.jpg,45.442127,-73.603165,48.10386276245117,17.112546920776367,0.003956492058932781,6489.700840764303,1,75,0.29296875,48.10386276245117,17.112546920776367,0.004526092670857906,6489.700840764303,0.0,
896236293_fbc9685b17_1387_65367662@N00.jpg,45.428577,-73.593895,45.41175842285156,-75.7638931274414,0.04859064519405365,169.36939959507762,0,0,0.0,45.41175842285156,-75.7638931274414,0.04859064519405365,169.36939959507762,0.0,
896907843_6aa48c6bc4_1065_98545448@N00.jpg,51.682158,-1.786313,52.641082763671875,-2.3105618953704834,0.038057684898376465,112.46347888572431,2,182,0.7109375,52.641082763671875,-2.3105618953704834,0.042157456278800964,112.46347888572431,0.0,
897154037_326d166266_1217_15632944@N00.jpg,51.107024,16.959285,40.50539779663086,-74.85838317871094,0.014684302732348442,6742.165538423159,4,76,0.296875,40.50539779663086,-74.85838317871094,0.01153525523841381,6742.165538423159,0.0,
89895256_3a74abd0ef_14_28026984@N00.jpg,-32.057554,115.742855,-22.20210075378418,-47.21329879760742,0.02083391323685646,13715.138591223746,1,35,0.13671875,-22.20210075378418,-47.21329879760742,0.021777503192424774,13715.138591223746,0.0,
899235815_588087e69c_1422_98545448@N00.jpg,51.682158,-1.786313,51.65409469604492,5.702478885650635,0.3777090311050415,516.2469510189815,1,165,0.64453125,51.65409469604492,5.702478885650635,0.35795098543167114,516.2469510189815,0.0,
907086920_b54a7fc89f_1329_26519935@N00.jpg,14.589314,120.975522,14.591556549072266,120.97835540771484,0.08480003476142883,0.39388455155079277,1,32,0.125,14.591556549072266,120.97835540771484,0.08568213880062103,0.39388455155079277,0.0,
910838365_d230fdd8e5_1356_9729483@N02.jpg,41.948219,-87.656092,41.948001861572266,-87.65499877929688,0.04396190494298935,0.09357935176676466,0,0,0.0,41.948001861572266,-87.65499877929688,0.04396190494298935,0.09357935176676466,0.0,
911328833_4e124e7691_1263_50435419@N00.jpg,43.009793,-88.378658,28.60054588317871,-81.1998519897461,0.07585218548774719,1726.3861637387158,3,145,0.56640625,28.60054588317871,-81.1998519897461,0.07495460659265518,1726.3861637387158,0.0,
911801310_5e1f8f5338_1117_9729483@N02.jpg,41.948219,-87.656092,41.82892608642578,-87.63045501708984,0.08916007727384567,13.433473958518833,19,169,0.66015625,41.82892608642578,-87.63045501708984,0.07221699506044388,13.433473958518833,0.0,
91284673_fc384015c6_21_80528961@N00.jpg,33.522792,36.309814,46.30923080444336,16.336326599121094,0.003996771294623613,2207.617494273168,4,65,0.25390625,45.657310485839844,8.793691635131836,0.004188069608062506,2696.769411478876,-489.15191720570783,
913280742_863e5c9641_1221_50435419@N00.jpg,43.009793,-88.378658,28.60054588317871,-81.1998519897461,0.055526454001665115,1726.3861637387158,2,56,0.21875,28.60054588317871,-81.1998519897461,0.04539993032813072,1726.3861637387158,0.0,
91383095_7618f1a207_19_83794921@N00.jpg,22.284966,114.174041,22.290376663208008,114.1711196899414,0.018155278638005257,0.6725402164647136,0,0,0.0,22.290376663208008,114.1711196899414,0.018155278638005257,0.6725402164647136,0.0,
913874131_e9cd391699_1181_36887937@N00.jpg,47.495955,19.04823,47.48986053466797,19.0478458404541,0.019491875544190407,0.6782889321627928,1,150,0.5859375,47.48986053466797,19.0478458404541,0.01791839487850666,0.6782889321627928,0.0,
91418816_1ba3c94a63_22_83794921@N00.jpg,19.413497,-99.151611,19.43400764465332,-99.13371276855469,0.009919269941747189,2.9537017624031274,10,256,1.0,19.43400764465332,-99.13371276855469,0.009162354283034801,2.9537017624031274,0.0,
91447230_d9c034e5c2_14_83794921@N00.jpg,-31.896214,115.750579,-34.33399963378906,140.36216735839844,0.11065226048231125,2302.472007446468,0,0,0.0,-34.33399963378906,140.36216735839844,0.11065226048231125,2302.472007446468,0.0,
91456180_e82f1ee09e_19_40279823@N00.jpg,9.562326,44.067363,9.562166213989258,44.06866455078125,0.287739634513855,0.14381690874942785,0,0,0.0,9.562166213989258,44.06866455078125,0.287739634513855,0.14381690874942785,0.0,
914664036_e8b4a378ba_1198_50435419@N00.jpg,43.009793,-88.378658,43.012054443359375,-88.23111724853516,0.06733238697052002,11.998946996070913,4,70,0.2734375,43.012054443359375,-88.23111724853516,0.06769218295812607,11.998946996070913,0.0,
919126362_49e364686c_1300_50994135@N00.jpg,56.230088,-5.075683,56.759403228759766,-5.234298229217529,0.07216610759496689,59.65701944706548,0,0,0.0,56.759403228759766,-5.234298229217529,0.07216610759496689,59.65701944706548,0.0,
91977946_24b719fd2d_26_16836474@N00.jpg,-54.786334,-68.308954,59.43852996826172,-151.71157836914062,0.005746903829276562,14683.720313859854,2,256,1.0,59.43852996826172,-151.71157836914062,0.006986122112721205,14683.720313859854,0.0,
928611855_e53550a64d_1094_19355699@N00.jpg,59.320543,18.073893,53.54473876953125,8.57084846496582,0.010287659242749214,866.6227732561856,2,256,1.0,53.54473876953125,8.57084846496582,0.010354609228670597,866.6227732561856,0.0,
929660326_553b12bf09_1169_78247883@N00.jpg,42.640967,18.110511,42.64131546020508,18.109315872192383,0.02070426754653454,0.1051559523595467,0,0,0.0,42.64131546020508,18.109315872192383,0.02070426754653454,0.1051559523595467,0.0,
929674188_902f7a7d7c_1427_19355699@N00.jpg,59.320543,18.073893,39.45958709716797,-0.3239249885082245,0.010651557706296444,2559.4421178470893,1,256,1.0,44.410301208496094,8.9254789352417,0.01025596633553505,1769.1065253812094,790.3355924658799,
929780960_4214c6aed4_1137_19355699@N00.jpg,59.320543,18.073893,56.456966400146484,-2.9680140018463135,0.010600880719721317,1277.8957138929945,1,256,1.0,56.456966400146484,-2.9680140018463135,0.014284392818808556,1277.8957138929945,0.0,
933041721_8eacf5adbb_1319_54699140@N00.jpg,38.8985,-77.0275,40.77934646606445,-73.96354675292969,0.008754685521125793,334.8888246616396,3,90,0.3515625,40.77922439575195,-73.96361541748047,0.009228255599737167,334.8759557124253,0.012868949214293934,
933895942_542d5501c9_1094_54699140@N00.jpg,38.8985,-77.0275,29.558332443237305,-95.0885009765625,0.03218015655875206,1952.9195045486038,0,0,0.0,29.558332443237305,-95.0885009765625,0.03218015655875206,1952.9195045486038,0.0,
939001952_76043e4a1d_1066_78221228@N00.jpg,13.729379,100.505676,13.754860877990723,100.50416564941406,0.013734087347984314,2.838151854790962,10,83,0.32421875,13.754860877990723,100.50416564941406,0.013325123116374016,2.838151854790962,0.0,
940817031_d7a45ef727_1188_15632944@N00.jpg,49.621943,19.971685,50.808563232421875,9.73088264465332,0.024225547909736633,739.8945335657703,1,52,0.203125,51.098426818847656,-3.2331559658050537,0.03688022494316101,1647.3522662791434,-907.457732713373,
94108900_7ae6c48ca5_25_25159586@N00.jpg,36.820278,138.946838,36.376136779785156,139.7298583984375,0.03826271370053291,85.58688608719716,5,216,0.84375,36.376136779785156,139.7298583984375,0.03757359832525253,85.58688608719716,0.0,
94109874_d31b3793e1_12_25159586@N00.jpg,36.820278,138.946838,36.89570617675781,138.7760467529297,0.16087408363819122,17.356334631853894,1,6,0.0234375,36.89570617675781,138.7760467529297,0.16133294999599457,17.356334631853894,0.0,
94311984_74b930ea7d_17_88483799@N00.jpg,39.397726,-76.597608,39.94055938720703,-82.01431274414062,0.009240834973752499,467.4625407642114,1,192,0.75,39.94055938720703,-82.01431274414062,0.009010600857436657,467.4625407642114,0.0,
943507788_38e790787b_1268_15632944@N00.jpg,49.597095,19.93467,46.66239547729492,14.635162353515625,0.03267686814069748,510.8429689391688,1,128,0.5,49.57933044433594,19.905166625976562,0.029661377891898155,2.902588883406103,507.9403800557627,
945318460_ad872b33f1_1387_70323761@N00.jpg,40.721428,-73.957343,40.7192497253418,-73.96171569824219,0.009136244654655457,0.44098360182177326,2,177,0.69140625,40.7192497253418,-73.96171569824219,0.009004920721054077,0.44098360182177326,0.0,
950136674_4b5aab6258_1394_97522422@N00.jpg,50.434985,30.515556,21.002193450927734,-76.11534118652344,0.03302786499261856,9330.282197649498,2,240,0.9375,21.002193450927734,-76.11534118652344,0.03408737853169441,9330.282197649498,0.0,
952890665_1a89f27ab7_1088_78841376@N00.jpg,28.470035,-81.469663,28.374666213989258,-81.54983520507812,0.010791522450745106,13.188059752196082,6,196,0.765625,28.373096466064453,-81.55001068115234,0.011426085606217384,13.338953538764635,-0.15089378656855246,
952947179_04019a057e_1270_78841376@N00.jpg,28.470035,-81.469663,25.085899353027344,-77.322998046875,0.007595370523631573,557.6267937190601,3,35,0.13671875,26.083534240722656,-77.53592681884766,0.005440190900117159,470.65120416680344,86.97558955225662,
953550707_009c8bef9a_1201_78841376@N00.jpg,28.475198,-81.469502,28.473953247070312,-81.46756744384766,0.047551121562719345,0.23433459793181213,3,27,0.10546875,28.473953247070312,-81.46756744384766,0.04744373634457588,0.23433459793181213,0.0,
953958988_a301167053_1139_78841376@N00.jpg,28.192971,-81.146993,30.00533676147461,-95.26399230957031,0.025221552699804306,1385.4082079292923,1,80,0.3125,30.00533676147461,-95.26399230957031,0.03816288709640503,1385.4082079292923,0.0,
954716319_e478023818_1280_78841376@N00.jpg,45.423877,-75.699105,43.372283935546875,-80.98807525634766,0.021438322961330414,477.9915200277438,4,52,0.203125,43.372283935546875,-80.98807525634766,0.02185414358973503,477.9915200277438,0.0,
954925061_d2929ee621_1207_89904893@N00.jpg,45.441626,12.330801,45.43419647216797,12.339030265808105,0.007196699269115925,1.0463021117155185,13,107,0.41796875,45.4343376159668,12.339162826538086,0.007207673508673906,1.0404089876112947,0.005893124104223713,
955054254_dfe6d34d64_1315_97522422@N00.jpg,51.276736,30.23652,42.497928619384766,-87.82270050048828,0.010704556480050087,7998.753026526028,1,40,0.15625,42.497928619384766,-87.82270050048828,0.010864334180951118,7998.753026526028,0.0,
955545250_71d0df1e16_1138_78841376@N00.jpg,45.423877,-75.699105,43.257266998291016,-79.8682861328125,0.010609094984829426,409.7543775107546,9,108,0.421875,43.257266998291016,-79.8682861328125,0.00800467561930418,409.7543775107546,0.0,
956386417_6f68bd5c46_1201_9729483@N02.jpg,40.574913,-73.984744,40.73681640625,-74.15050506591797,0.02147934027016163,22.795353841169234,0,0,0.0,40.73681640625,-74.15050506591797,0.02147934027016163,22.795353841169234,0.0,
956468265_68068065f6_1434_9729483@N02.jpg,40.623643,-74.028056,40.85511016845703,-73.89309692382812,0.009912794455885887,28.13772005268436,3,136,0.53125,40.85511016845703,-73.89309692382812,0.009471430443227291,28.13772005268436,0.0,
957341654_3cb1b6ed56_1139_9729483@N02.jpg,40.574754,-73.984079,40.73878479003906,-74.15049743652344,0.059229858219623566,23.016297911858118,7,32,0.125,40.73878479003906,-74.15049743652344,0.06010926887392998,23.016297911858118,0.0,
959354055_bc102ce3fe_1372_97522422@N00.jpg,51.276736,30.23652,52.54745864868164,13.508879661560059,0.009019941091537476,1153.415236692085,2,256,1.0,52.54745864868164,13.508879661560059,0.009777256287634373,1153.415236692085,0.0,
960188046_9e7673ee8d_1417_97522422@N00.jpg,51.276736,30.23652,51.27125930786133,30.217723846435547,0.2801957428455353,1.4423842401531612,1,112,0.4375,51.27125930786133,30.217723846435547,0.2690792381763458,1.4423842401531612,0.0,
960251886_d8b86a66ce_1325_97522422@N00.jpg,51.276736,30.23652,51.40498733520508,30.055418014526367,0.20547761023044586,19.016369820210908,1,117,0.45703125,51.40498733520508,30.055418014526367,0.1948571503162384,19.016369820210908,0.0,
96425940_40ecbcecd1_19_56945335@N00.jpg,19.84681,-90.530776,20.693578720092773,-88.205322265625,0.111803337931633,260.1937070972046,1,63,0.24609375,20.693578720092773,-88.205322265625,0.082334004342556,260.1937070972046,0.0,
965205747_3522beb52f_1233_98545448@N00.jpg,51.682337,-1.78659,43.97947311401367,-88.55683898925781,0.03750966861844063,6143.8665696771795,1,160,0.625,43.97947311401367,-88.55683898925781,0.04608697444200516,6143.8665696771795,0.0,
965623826_37436a1a1f_1234_98545448@N00.jpg,51.682337,-1.78659,47.73051834106445,-2.7192020416259766,0.03369275853037834,444.500556846446,9,193,0.75390625,47.73051834106445,-2.7192020416259766,0.03709631785750389,444.500556846446,0.0,
969599827_165961a2f6_1352_9729483@N02.jpg,32.177297,-104.44038,-21.708791732788086,122.22908020019531,0.004968904424458742,15282.899138977835,0,0,0.0,-21.708791732788086,122.22908020019531,0.004968904424458742,15282.899138977835,0.0,
970434820_4f1f864dcc_1376_9729483@N02.jpg,32.177297,-104.44038,32.17713928222656,-104.4427261352539,0.8525198101997375,0.2215043773317551,0,0,0.0,32.17713928222656,-104.4427261352539,0.8525198101997375,0.2215043773317551,0.0,
970466868_c72b51d4fa_1360_9729483@N02.jpg,32.177297,-104.44038,32.17713928222656,-104.4427261352539,0.10490131378173828,0.2215043773317551,1,224,0.875,32.17713928222656,-104.4427261352539,0.11153337359428406,0.2215043773317551,0.0,
97322000_3a43673d93_36_77325609@N00.jpg,35.025498,135.719604,35.78565216064453,140.31712341308594,0.0161040760576725,425.1244549433986,6,35,0.13671875,34.99528121948242,135.78309631347656,0.015100039541721344,6.687801255858787,418.4366536875398,
97322117_834324881b_40_77325609@N00.jpg,35.025498,135.719604,35.012001037597656,135.74981689453125,0.020644495263695717,3.1340407666611276,2,15,0.05859375,34.612300872802734,135.73617553710938,0.020619221031665802,45.970384684751025,-42.836343918089895,
97329660_404c13cc16_36_77325609@N00.jpg,48.86494,2.346954,48.85742950439453,2.3405590057373047,0.005922963842749596,0.9572331186781379,0,0,0.0,48.85742950439453,2.3405590057373047,0.005922963842749596,0.9572331186781379,0.0,
97329780_a468851447_22_77325609@N00.jpg,48.86494,2.346954,48.85909652709961,2.293117046356201,0.006442896090447903,3.991544816093128,0,0,0.0,48.85909652709961,2.293117046356201,0.006442896090447903,3.991544816093128,0.0,
97344146_71de07ecb7_39_77325609@N00.jpg,41.395354,2.169113,41.40311813354492,2.174160957336426,0.017873352393507957,0.9605343970667755,5,126,0.4921875,41.40311813354492,2.174160957336426,0.015102037228643894,0.9605343970667755,0.0,
97344347_2cc71e92fa_31_77325609@N00.jpg,41.395354,2.169113,47.70627212524414,6.624718189239502,0.0022580586373806,785.2228577376762,0,0,0.0,47.70627212524414,6.624718189239502,0.0022580586373806,785.2228577376762,0.0,
977680330_76d890164e_1283_32377115@N00.jpg,22.254168,113.904662,22.254024505615234,113.90498352050781,0.38362520933151245,0.036734698729395485,1,120,0.46875,22.254024505615234,113.90498352050781,0.3708711266517639,0.036734698729395485,0.0,
980797937_eb871fed74_1418_9729483@N02.jpg,53.549608,9.953677,52.501678466796875,13.319376945495605,0.007986021228134632,253.43159917944493,1,64,0.25,52.501678466796875,13.319376945495605,0.008316491730511189,253.43159917944493,0.0,
981399894_91c3cea73e_1160_9729483@N02.jpg,52.516442,13.393943,52.51906204223633,13.397424697875977,0.011317828670144081,0.37466922958496857,6,247,0.96484375,52.51906204223633,13.397424697875977,0.011133779771625996,0.37466922958496857,0.0,
98358747_a658e693b5_29_83794921@N00.jpg,13.008571,-61.268005,38.660396575927734,20.764503479003906,0.017641743645071983,8423.527343259058,1,160,0.625,38.660396575927734,20.764503479003906,0.017013953998684883,8423.527343259058,0.0,
985776966_be5cb76e0b_1239_23707253@N00.jpg,59.939321,30.309991,56.948486328125,24.10816764831543,0.008973249234259129,490.39750586502544,3,12,0.046875,56.948486328125,24.10816764831543,0.008674238808453083,490.39750586502544,0.0,
98906596_9253c76237_43_41894169878@N01.jpg,40.800263,-73.949146,18.443105697631836,-66.0675048828125,0.004953459370881319,2597.26993967489,0,0,0.0,18.443105697631836,-66.0675048828125,0.004953459370881319,2597.26993967489,0.0,
99060686_1703e6da35_41_44972214@N00.jpg,32.759562,-117.180175,34.01289749145508,-118.81975555419922,0.03361404314637184,206.3813969057666,5,206,0.8046875,33.04557800292969,-117.29737854003906,0.035787489265203476,33.633225222315964,172.74817168345064,
99078324_9d8e7a3975_28_44972214@N00.jpg,32.759562,-117.180175,32.847862243652344,-117.27699279785156,0.06707503646612167,13.352383357309323,8,173,0.67578125,32.847862243652344,-117.27699279785156,0.07073143869638443,13.352383357309323,0.0,
99101189_a518846673_43_50517642@N00.jpg,12.500541,-70.01059,21.1200008392334,-75.83390045166016,0.04452521726489067,1140.9981079951183,1,192,0.75,21.1200008392334,-75.83390045166016,0.035497892647981644,1140.9981079951183,0.0,
99115715_1bdd45ca71_19_50517642@N00.jpg,12.564004,-70.051864,3.9379830360412598,73.46797943115234,0.16707029938697815,15586.890504192064,6,99,0.38671875,3.9379830360412598,73.46797943115234,0.12928664684295654,15586.890504192064,0.0,
995674057_2360a67996_1182_98545448@N00.jpg,51.682462,-1.78633,46.84410858154297,6.915034770965576,0.2951918840408325,828.5437053143405,1,112,0.4375,46.84410858154297,6.915034770965576,0.3738284707069397,828.5437053143405,0.0,
995764493_f8128f77c1_1226_98545448@N00.jpg,51.682462,-1.78633,51.65409469604492,5.702478885650635,0.06044411286711693,516.2465935786577,1,128,0.5,29.821582794189453,-90.0302963256836,0.04820120707154274,7339.414617812257,-6823.1680242336,
