name,target_lat,target_lon,baseline_lat,baseline_lon,baseline_confidence,baseline_distance_km,proposal_count,union_patch_count,union_coverage,union_lat,union_lon,union_confidence,union_distance_km,union_delta_km,error
1000269685_e60e9cdfb4_1125_78841376@N00.jpg,32.325436,-64.764404,28.40802955627441,-16.564861297607422,0.0275473594665527,4606.355323456975,4,30,0.1171875,-31.825166702270508,115.73966979980467,0.0091665368527174,19941.970023677182,-15335.614700220212,
1000304467_1a75a200b1_1296_78841376@N00.jpg,32.325436,-64.764404,20.449371337890625,-86.99317932128906,0.0267324782907962,2569.749358537205,2,32,0.125,28.41752243041992,-16.547834396362305,0.0394605956971645,4607.617998138598,-2037.8686396013927,
1001048550_8e4b47d165_1051_78841376@N00.jpg,32.325436,-64.764404,43.50828170776367,7.045223236083984,0.0047798766754567,6224.851219386703,1,256,1.0,43.50828170776367,7.045223236083984,0.0079840747639536,6224.851219386703,0.0,
1005977048_5ccf8b05d3_1201_91728102@N00.jpg,29.976052,122.390356,29.979637145996094,122.38992309570312,0.1078550294041633,0.400825323162766,2,130,0.5078125,29.979637145996094,122.38992309570312,0.049906238913536,0.400825323162766,0.0,
1008804117_ce4e6fef8a_1349_97522422@N00.jpg,46.478536,30.758714,47.4116325378418,28.3698844909668,0.0159914996474981,208.91302128089836,6,160,0.625,47.4116325378418,28.3698844909668,0.0245149154216051,208.91302128089836,0.0,
1008845063_ace4ef829f_1204_97522422@N00.jpg,46.478536,30.758714,50.45074462890625,30.52501678466797,0.03533773496747017,442.025377627414,0,0,0.0,50.45074462890625,30.52501678466797,0.03533773496747017,442.025377627414,0.0,
101220879_0a1be45b79_33_24311489@N00.jpg,42.249915,-87.82711,36.73685073852539,-96.1866683959961,0.03710642084479332,942.7513453429651,0,0,0.0,36.73685073852539,-96.1866683959961,0.03710642084479332,942.7513453429651,0.0,
1014898753_ef4cfaa5d6_1354_96928198@N00.jpg,62.140088,6.074967,44.480770111083984,-79.5195541381836,0.001493455609306693,5540.759684541236,1,256,1.0,54.34101486206055,-109.93521881103516,0.002148211933672428,5916.8789593765005,-376.11927483526415,
1019846234_5e471a10e2_1155_97522422@N00.jpg,42.197494,44.693069,-28.553590774536133,-54.55535125732422,0.005950421094894409,12808.661853670079,1,32,0.125,37.33808898925781,-108.41754913330078,0.0026950822211802006,10760.715471953823,2047.946381716256,
1021054395_ca7cfe55b3_1061_7132415@N03.jpg,-0.400997,-90.704498,-0.572052001953125,-90.15878295898438,0.11827895045280457,63.58988192205969,1,208,0.8125,-0.572052001953125,-90.15878295898438,0.078095443546772,63.58988192205969,0.0,
1023756068_20c3ffc329_1039_70323761@N00.jpg,40.807694,-73.962262,41.8278923034668,-71.4053955078125,0.0053317793644964695,241.78190985130794,0,0,0.0,41.8278923034668,-71.4053955078125,0.0053317793644964695,241.78190985130794,0.0,
1029739337_ff06001d12_1361_7132415@N03.jpg,-0.292509,-90.532493,-0.39936500787734985,-90.29302215576172,0.015104078687727451,29.15822191380748,1,160,0.625,-0.5838199853897095,-90.16191101074219,0.01293167844414711,52.41344664048683,-23.25522472667935,
103385471_f54982a801_29_73293249@N00.jpg,46.006873,7.279987,68.20389556884766,13.479011535644531,0.06551583111286163,2493.5068140188373,0,0,0.0,68.20389556884766,13.479011535644531,0.06551583111286163,2493.5068140188373,0.0,
103398485_db45794d93_36_73293249@N00.jpg,46.21488,7.049309,46.993995666503906,10.807060241699219,0.07049141824245453,299.8238435545654,1,27,0.10546875,46.228111267089844,7.865724086761475,0.04222916439175606,62.826050668995634,236.9977928855698,
103404365_f852148f5b_34_73293249@N00.jpg,46.080783,7.399454,44.8476676940918,-0.5084999799728394,0.0036839540116488934,631.4871280586932,1,256,1.0,44.8476676940918,-0.5084999799728394,0.008337519131600857,631.4871280586932,0.0,
103433117_266c57c2e6_29_73293249@N00.jpg,46.167286,7.099698,46.516998291015625,12.005480766296387,0.05176139995455742,378.52539863223285,2,20,0.078125,46.27531051635742,11.808756828308105,0.020007193088531494,362.4280919205272,16.09730671170564,
103433770_9b651cfd20_32_73293249@N00.jpg,46.167286,7.099698,43.04969787597656,77.03252410888672,0.03873886913061142,5363.48128476523,0,0,0.0,43.04969787597656,77.03252410888672,0.03873886913061142,5363.48128476523,0.0,
103442236_09c8d53dbc_37_73293249@N00.jpg,51.501821,-0.140655,51.5074348449707,-0.07623899728059769,0.01822945848107338,4.501946638190869,0,0,0.0,51.5074348449707,-0.07623899728059769,0.01822945848107338,4.501946638190869,0.0,
103457638_224c119b11_30_73293249@N00.jpg,45.999982,7.298584,45.99570846557617,7.008934020996094,0.02217668667435646,22.379220129316625,0,0,0.0,45.99570846557617,7.008934020996094,0.02217668667435646,22.379220129316625,0.0,
103465274_3e879729e0_33_73293249@N00.jpg,46.08035,7.209918,44.956520080566406,6.8791890144348145,0.0289316363632679,127.59303275462781,11,193,0.75390625,46.27806854248047,6.166461944580078,0.06788910180330276,83.29103890987285,44.30199384475496,
1034783376_9e3db4b81a_1016_70323761@N00.jpg,40.820751,-73.94892,38.047210693359375,-84.49765014648438,0.008036266081035137,956.2607129547458,1,128,0.5,32.377681732177734,-86.30121612548828,0.01745380461215973,1445.6141236298365,-489.3534106750907,
103558896_55f8059bc9_35_73293249@N00.jpg,43.642423,-79.387153,43.647254943847656,-79.38274383544922,0.01176675595343113,0.6438539715518242,3,128,0.5,43.6483154296875,-79.38013458251953,0.011687904596328735,0.864994707746599,-0.2211407361947748,
103574519_62331b624f_24_73293249@N00.jpg,43.642423,-79.387153,43.647953033447266,-79.383544921875,0.01175739336758852,0.6800022117803788,3,158,0.6171875,43.647953033447266,-79.383544921875,0.011458568274974823,0.6800022117803788,0.0,
103575522_cc6a522170_34_73293249@N00.jpg,43.642423,-79.387153,43.64249038696289,-79.38685607910156,0.02919161133468151,0.025039914106178944,0,0,0.0,43.64249038696289,-79.38685607910156,0.02919161133468151,0.025039914106178944,0.0,
103577701_b68e15492e_32_73293249@N00.jpg,43.085294,-79.079509,43.08979415893555,-79.07066345214844,0.030372625216841698,0.8754310292183881,0,0,0.0,43.08979415893555,-79.07066345214844,0.030372625216841698,0.8754310292183881,0.0,
103726410_49bcd2e470_33_73293249@N00.jpg,40.711492,-74.01206,40.75685501098633,-73.98810577392578,0.007302244193851948,5.432956594273223,0,0,0.0,40.75685501098633,-73.98810577392578,0.007302244193851948,5.432956594273223,0.0,
1038069722_cab11140a5_1378_75452460@N00.jpg,48.214093,16.935553,48.2282829284668,15.332976341247559,0.038562700152397156,118.73437717308337,1,128,0.5,48.91660690307617,11.852703094482422,0.04500211775302887,382.0135393991285,-263.2791622260451,
103908913_8ef41889e3_36_11114422@N00.jpg,51.195697,-2.27992,51.85016632080078,-0.5447030067443848,0.057113539427518845,140.38158431915798,2,162,0.6328125,51.85016632080078,-0.5447030067443848,0.04836675152182579,140.38158431915798,0.0,
103910409_51606239db_42_11114422@N00.jpg,51.195697,-2.27992,51.85016632080078,-0.5447030067443848,0.06329818069934845,140.38158431915798,1,112,0.4375,51.85016632080078,-0.5447030067443848,0.05335026606917381,140.38158431915798,0.0,
104122769_f122c548dc_40_19355699@N00.jpg,-16.663606,145.563537,-33.84309768676758,151.24063110351562,0.021366754546761513,1992.7316987019124,0,0,0.0,-33.84309768676758,151.24063110351562,0.021366754546761513,1992.7316987019124,0.0,
1041241079_904c456418_1430_7132415@N03.jpg,-1.382083,-78.432769,43.35005569458008,-4.052012920379639,0.013915513642132282,8859.849285173923,2,256,1.0,43.35005569458008,-4.052012920379639,0.023846661671996117,8859.849285173923,0.0,
104132709_97b998c989_41_19355699@N00.jpg,-33.861328,151.209039,-33.85724639892578,151.2146453857422,0.014685436151921749,0.6884581544528126,0,0,0.0,-33.85724639892578,151.2146453857422,0.014685436151921749,0.6884581544528126,0.0,
104133298_2619fc0eae_39_19355699@N00.jpg,-33.861328,151.209039,-33.857444763183594,151.21487426757812,0.01629965752363205,0.6904833767391741,0,0,0.0,-33.857444763183594,151.21487426757812,0.01629965752363205,0.6904833767391741,0.0,
1041333001_9b8e3dc4f1_1284_7132415@N03.jpg,-0.967437,-77.763977,10.281867980957031,-84.0447769165039,0.10010096430778503,1430.9492535864856,1,108,0.421875,52.21312713623047,5.920729160308838,0.023490868508815765,9663.05832993076,-8232.109076344273,
104134249_80c92294db_19_19355699@N00.jpg,-33.861328,151.209039,-33.851829528808594,151.2107391357422,0.01821572706103325,1.067787083889101,0,0,0.0,-33.851829528808594,151.2107391357422,0.01821572706103325,1.067787083889101,0.0,
104134428_244b67a2d9_38_19355699@N00.jpg,-33.861328,151.209039,-33.8704948425293,151.2066650390625,0.008048688061535358,1.0426081912827223,2,115,0.44921875,-33.86998748779297,151.20228576660156,0.007868553511798382,1.1471487561092084,-0.1045405648264861,
104134591_85c54effac_41_19355699@N00.jpg,-33.861328,151.209039,-33.869808197021484,151.20762634277344,0.011919798329472542,0.9519342007785773,2,176,0.6875,-27.46910858154297,153.02532958984375,0.02113398350775242,731.6602915511962,-730.7083573504176,
104138228_eac9608bce_34_19355699@N00.jpg,-36.843876,174.7654,-36.82294845581055,174.7335205078125,0.10634774714708328,3.6694655200496675,0,0,0.0,-36.82294845581055,174.7335205078125,0.10634774714708328,3.6694655200496675,0.0,
104146945_2722f724b3_19_14542551@N00.jpg,47.913695,106.833114,49.4648323059082,105.98648071289062,0.06317225843667984,183.33024427986115,1,4,0.015625,49.4648323059082,105.98648071289062,0.028386449441313744,183.33024427986115,0.0,
1044041591_512737f6a3_1182_9729483@N02.jpg,39.948972,-75.150008,41.30913162231445,-72.92820739746094,0.014703266322612762,240.87994415625326,0,0,0.0,41.30913162231445,-72.92820739746094,0.014703266322612762,240.87994415625326,0.0,
104419192_8551684362_41_64825499@N00.jpg,51.508168,-0.076035,51.39085388183594,0.5012990236282349,0.016310717910528183,42.080466634129905,0,0,0.0,51.39085388183594,0.5012990236282349,0.016310717910528183,42.080466634129905,0.0,
104419793_26fe6ba2a3_39_64825499@N00.jpg,51.508168,-0.076035,50.645973205566406,4.420988082885742,0.0011657449649646878,328.4067493110221,4,80,0.3125,38.54438781738281,-77.34362030029297,0.002120800083503127,5947.501399140095,-5619.094649829072,
1051458737_dc88781e19_1257_50435419@N00.jpg,46.547586,-87.378902,46.81262969970703,-89.77649688720703,0.1002800241112709,185.2585050835028,0,0,0.0,46.81262969970703,-89.77649688720703,0.1002800241112709,185.2585050835028,0.0,
1052934673_018d08d79c_1247_89904893@N00.jpg,51.210297,-2.643113,51.064937591552734,-1.7974439859390259,0.04408693313598633,61.17543448148069,1,256,1.0,51.06646728515625,-1.799041986465454,0.03817524015903473,61.02217433710344,0.15326014437724922,
1054676623_3278c97053_1242_70323761@N00.jpg,40.763169,-73.945257,40.70536804199219,-74.000732421875,0.006952700205147266,7.94713539300349,0,0,0.0,40.70536804199219,-74.000732421875,0.006952700205147266,7.94713539300349,0.0,
1055535547_d8ebd9b0ff_1005_52057668@N00.jpg,43.345154,11.293945,43.722103118896484,10.396659851074219,0.010413864627480507,83.59900663563502,0,0,0.0,43.722103118896484,10.396659851074219,0.010413864627480507,83.59900663563502,0.0,
1055596489_76a46df552_1047_52057668@N00.jpg,43.345154,11.293945,41.38368225097656,2.1800079345703125,0.008183124475181103,779.4439695639114,1,20,0.078125,43.40224075317383,10.857560157775879,0.008728079497814178,35.838103282585685,743.6058662813257,
1056311007_52319e8695_1127_9729483@N02.jpg,19.633291,-155.98991,1.159980058670044,104.32012939453125,0.011717485263943672,10977.763527854526,9,138,0.5390625,1.1904419660568237,104.42549896240234,0.041925571858882904,10965.598306447251,12.165221407274657,
1056987156_2fb85c8d9d_1152_9729483@N02.jpg,19.782928,-156.036463,-13.016000747680664,-38.48851776123047,0.01227528229355812,13345.192762506807,0,0,0.0,-13.016000747680664,-38.48851776123047,0.01227528229355812,13345.192762506807,0.0,
1058450330_29b27f18cc_1304_52057668@N00.jpg,48.858842,2.329101,48.8562126159668,2.3453409671783447,0.007077394984662533,1.223545437606202,0,0,0.0,48.8562126159668,2.3453409671783447,0.007077394984662533,1.223545437606202,0.0,
1061820145_989476e8d1_1056_17351226@N00.jpg,-0.331476,36.074466,-0.3996250033378601,36.08905792236328,0.04078786075115204,7.749588859008558,1,1,0.00390625,-1.2494239807128906,34.615745544433594,0.03068516030907631,191.63152951846848,-183.88194065945993,
1064247804_21a7ce7392_1272_73293249@N00.jpg,52.506442,13.337682,58.66060256958008,16.398210525512695,0.022062350064516068,710.6420046001708,2,20,0.078125,49.79412078857422,5.068645000457764,0.001078811357729137,650.3255686180834,60.316435982087455,
1065427105_186af84f48_1367_70323761@N00.jpg,41.935064,-74.018674,39.887874603271484,-76.3663330078125,0.021036280319094658,301.2014970852374,2,184,0.71875,40.8317985534668,-75.8834228515625,0.031596459448337555,198.11672681290872,103.08477027232868,
1066619342_4f62e58221_1239_70323761@N00.jpg,41.933021,-74.019286,41.95594024658203,-70.66232299804688,0.02469317987561226,277.6352863774466,1,12,0.046875,41.95594024658203,-70.66232299804688,0.020035000517964363,277.6352863774466,0.0,
1070752568_b1ed6014e4_1333_93455345@N00.jpg,50.252912,19.025573,52.585044860839844,-1.9790940284729004,0.00554287526756525,1473.9495058302105,10,229,0.89453125,51.6589241027832,-0.3515619933605194,0.0035737836733460426,1362.144558325329,111.80494750488151,
1070839510_05f6cf6ef2_1162_93455345@N00.jpg,50.260814,18.846359,41.702598571777344,-74.68785095214844,0.005956734996289015,6802.328378955093,2,120,0.46875,43.60761260986328,-71.45608520507812,0.004734658170491457,6464.307598080892,338.0207808742016,
1070873718_eab41ad951_1427_93455345@N00.jpg,50.260814,18.846359,46.8184814453125,-71.15229034423828,0.13749349117279053,6215.107696743072,9,53,0.20703125,51.16910171508789,6.868202209472656,0.0377032533288002,848.4017555234055,5366.705941219666,
107184433_0e6c4969c5_35_96388182@N00.jpg,43.676314,-92.963894,36.97740936279297,-86.49214172363281,0.002846760442480445,924.4550583481271,0,0,0.0,36.97740936279297,-86.49214172363281,0.002846760442480445,924.4550583481271,0.0,
1076964851_c20355b981_1431_93455345@N00.jpg,43.137069,131.929321,51.27125930786133,30.217723846435547,0.018667073920369148,7099.745801822912,1,36,0.140625,54.702606201171875,20.50495147705078,0.010605502873659134,7357.720960285629,-257.97515846271745,
1076986527_4de9d086bc_1124_93455345@N00.jpg,43.137069,131.929321,39.282264709472656,-122.9056396484375,0.0743674635887146,8165.30953104299,1,105,0.41015625,45.88124084472656,-116.0211410522461,0.029826408252120018,8065.319260446006,99.99027059698346,
1077074655_69c5dba648_1048_93455345@N00.jpg,52.045734,113.411865,48.74413299560547,44.535484313964844,0.03912144899368286,4710.161856175626,1,98,0.3828125,39.021183013916016,125.74813842773438,0.034048452973365784,1732.7886169480203,2977.3732392276056,
1077086393_e1aea6d21e_1090_93455345@N00.jpg,52.32191,104.227294,59.608131408691406,60.57655334472656,0.13876470923423767,2777.838379237436,2,24,0.09375,54.781089782714844,27.418441772460938,0.008467045612633228,4821.6979762789215,-2043.8595970414854,
1077155473_80c037f16a_1120_93455345@N00.jpg,51.733832,39.25415,46.65250015258789,27.737560272216797,0.04747992753982544,1007.9452072078342,1,45,0.17578125,52.26066589355469,6.786499977111816,0.004335107281804085,2204.9111136658207,-1196.9659064579864,
107717568_95f67ce436_37_17351226@N00.jpg,59.929043,30.313854,55.75144577026367,37.6201057434082,0.02741907350718975,633.9514012608864,2,72,0.28125,55.75343704223633,37.621559143066406,0.025096949189901352,633.8399090275451,0.1114922333413233,
1077208489_d307c44d40_1355_93455345@N00.jpg,43.137069,131.929321,68.9740982055664,33.02473068237305,0.09466245025396347,5926.145416208735,1,120,0.46875,59.46147918701172,108.83177947998047,0.13193590939044952,2398.583705199039,3527.561711009696,
107723582_6c02eba98c_44_17351226@N00.jpg,59.929043,30.313854,19.78738021850586,-88.4619140625,0.022194204851984978,9586.760163513296,13,151,0.58984375,29.272554397583008,30.02693748474121,0.012387826107442379,3408.9191846275626,6177.840978885733,
107723692_6abd246261_52_17351226@N00.jpg,59.929043,30.313854,53.832801818847656,9.958751678466797,0.012769917026162148,1402.1429260642108,10,164,0.640625,49.516292572021484,31.956138610839844,0.06161746755242348,1162.5475037669466,239.59542229726412,
107723908_e96144f997_56_17351226@N00.jpg,59.929043,30.313854,65.5814208984375,22.308788299560547,0.011954840272665024,747.8044597900031,0,0,0.0,65.5814208984375,22.308788299560547,0.011954840272665024,747.8044597900031,0.0,
1077244783_6b676179aa_1032_93455345@N00.jpg,51.733832,39.25415,50.418846130371094,30.65288543701172,0.044867269694805145,618.0331586156396,1,4,0.015625,53.33815002441406,83.78929138183594,0.013482176698744297,2968.3256996307387,-2350.2925410150992,
1077872058_04a9b36974_1148_93455345@N00.jpg,50.656425,27.160949,50.06536102294922,14.321447372436523,0.0075616128742694855,912.0116227562407,1,8,0.03125,53.253089904785156,6.513916015625,0.003024118486791849,1438.684012852787,-526.6723900965462,
1077955412_5c254dabba_1246_93455345@N00.jpg,54.788017,55.964355,59.608131408691406,60.57655334472656,0.04150242730975151,603.3685249652002,1,4,0.015625,44.92989730834961,-96.06153106689453,0.02943582832813263,8617.263912311086,-8013.895387345886,
1079732334_0baae72c4f_1271_25159586@N00.jpg,34.902638,132.0891,35.763946533203125,140.38462829589844,0.021931255236268044,758.3474755637484,3,256,1.0,35.765499114990234,140.38482666015625,0.018834032118320465,758.3798911259676,-0.03241556221917108,
108325116_1b1cd483cc_42_17351226@N00.jpg,60.389391,5.330429,60.89985656738281,7.154571056365967,0.08045550435781479,114.48956859603246,0,0,0.0,60.89985656738281,7.154571056365967,0.08045550435781479,114.48956859603246,0.0,
108328982_9befccdd12_52_17351226@N00.jpg,60.389391,5.330429,61.76589584350586,7.252779006958008,0.047531962394714355,184.68378967963102,0,0,0.0,61.76589584350586,7.252779006958008,0.047531962394714355,184.68378967963102,0.0,
108344521_b7f5d1ba86_37_17351226@N00.jpg,64.139968,-21.918754,65.7094497680664,-16.7596435546875,0.04853935167193413,299.1315115255112,2,20,0.078125,19.107791900634766,-99.75303649902344,0.026375198736786842,7514.3666890510485,-7215.235177525537,
1085645221_dad5caca79_1379_33463080@N00.jpg,13.732881,100.503273,22.148887634277344,113.55916595458984,0.004196166526526213,1666.749588813975,0,0,0.0,22.148887634277344,113.55916595458984,0.004196166526526213,1666.749588813975,0.0,
1085889653_66207e5068_1416_33463080@N00.jpg,14.021187,99.527893,14.041747093200684,99.5034408569336,0.039368052035570145,3.4906704873615584,1,24,0.09375,33.08622360229492,129.7872772216797,0.01361251249909401,3719.154245625594,-3715.6635751382323,
1086201488_cd08f71bb8_1056_33463080@N00.jpg,13.732881,100.503273,1.4035379886627197,103.7912826538086,0.02768608368933201,1417.8698916614196,1,156,0.609375,1.4035379886627197,103.7912826538086,0.026671160012483597,1417.8698916614196,0.0,
1086319092_34f919b886_1232_33463080@N00.jpg,13.732881,100.503273,1.4047349691390991,103.79024505615234,0.02710810862481594,1417.711990330823,1,128,0.5,1.3181079626083374,103.70677185058594,0.05432979017496109,1424.7355549384615,-7.023564607638491,
1088267191_8f3a46f0c1_1142_15376845@N00.jpg,41.17567,-73.101063,44.40275955200195,-67.97750854492188,0.020472699776291847,550.766103187724,1,104,0.40625,35.17317581176758,-76.82696533203125,0.06614351272583008,742.4778521001338,-191.7117489124098,
1088326301_bba2b5385d_1408_15376845@N00.jpg,41.17567,-73.101063,39.15895080566406,-74.68797302246094,0.02592962235212326,261.6556224330151,12,39,0.15234375,30.243165969848633,-81.90699768066406,0.13320140540599823,1450.7262191730704,-1189.0705967400554,
109003732_1ac8be791c_40_18684820@N00.jpg,13.735383,100.500183,34.30732727050781,-118.4638671875,0.022120647132396698,13270.627709267314,2,214,0.8359375,51.35465621948242,-0.466746985912323,0.02274860441684723,9560.985325141639,3709.6423841256747,
109040743_ad2fafd7e9_51_18684820@N00.jpg,16.056371,103.646392,21.183900833129883,106.0560073852539,0.004492173902690411,624.0920384102802,1,256,1.0,34.37971115112305,108.80859375,0.008144401013851166,2101.68097755232,-1477.58893914204,
109046783_1ec629777a_51_18684820@N00.jpg,16.056371,103.646392,13.96605396270752,100.43701171875,0.011051172390580177,415.7134386229089,3,218,0.8515625,13.678701400756836,101.07117462158203,0.011104517616331577,382.73249963148817,32.980938991420715,
109049475_c5794551d3_53_18684820@N00.jpg,16.056371,103.646392,18.28022003173828,99.477783203125,0.019209017977118492,507.1950290106267,2,256,1.0,13.678701400756836,101.07117462158203,0.03133179992437363,382.73249963148817,124.46252937913852,
109090818_b0c5177552_47_18684820@N00.jpg,17.400605,104.779701,13.354533195495605,103.85540008544922,0.0231371708214283,460.6825270399861,1,240,0.9375,13.354533195495605,103.85540008544922,0.026607833802700043,460.6825270399861,0.0,
1091261185_24d87262d8_1178_80333007@N00.jpg,43.54693,10.312557,43.55073928833008,10.310229301452637,0.03984509035944939,0.4632571573488814,0,0,0.0,43.55073928833008,10.310229301452637,0.03984509035944939,0.4632571573488814,0.0,
109444677_b9311d353a_51_44972214@N00.jpg,32.759562,-117.180175,33.73761749267578,-118.10765838623047,0.031090473756194115,138.80221033196412,5,232,0.90625,33.73761749267578,-118.10765838623047,0.014907384291291237,138.80221033196412,0.0,
109444762_8b7eb2eff0_45_44972214@N00.jpg,32.759562,-117.180175,33.60215377807617,-117.89929962158203,0.02285335212945938,115.13880245803988,2,208,0.8125,33.60215377807617,-117.89929962158203,0.01878765970468521,115.13880245803988,0.0,
109445154_504554586a_56_44972214@N00.jpg,32.759562,-117.180175,53.832801818847656,9.958751678466797,0.005189215298742056,9130.612670913995,3,154,0.6015625,53.09762954711914,8.493858337402344,0.009505596943199635,9124.036321595686,6.57634931830944,
109445802_c3767617e6_55_44972214@N00.jpg,32.759562,-117.180175,26.208026885986328,-98.20339965820312,0.004361668601632118,1972.3054958408622,1,224,0.875,26.208026885986328,-98.20339965820312,0.0028207707218825817,1972.3054958408622,0.0,
1094476901_8af0525615_1092_33463080@N00.jpg,12.917568,104.58847,20.838682174682617,-156.9122314453125,0.020215505734086037,10358.833176700355,8,256,1.0,10.597834587097168,-71.63481140136719,0.02864970453083515,17367.291416018987,-7008.458239318632,
109503491_ab4fb29d21_41_18684820@N00.jpg,12.683549,101.272659,-16.19159507751465,-67.72676086425781,0.024356460198760033,18768.279122678785,2,88,0.34375,-24.286039352416992,-52.09707260131836,0.024384023621678352,16932.79042553851,1835.4886971402739,
1095141034_31d7994014_1432_33463080@N00.jpg,12.917568,104.58847,9.40130615234375,-0.8327289819717407,0.03954682499170303,11415.421150777287,2,103,0.40234375,-8.540278434753418,115.17283630371094,0.02323932573199272,2657.043649140926,8758.377501636362,
109515826_6e23accec7_54_18684820@N00.jpg,13.735383,100.500183,16.772411346435547,96.15697479248047,0.07803097367286682,575.3811945808008,1,256,1.0,16.772411346435547,96.15697479248047,0.07285673171281815,575.3811945808008,0.0,
1095455094_de1cee2271_1306_33463080@N00.jpg,12.917568,104.58847,10.983830451965332,104.78570556640625,0.018414199352264404,216.08985791198322,4,19,0.07421875,13.539199829101562,103.73291015625,0.02700234390795231,115.56107186343317,100.52878604855005,
1096265513_0803ddb49c_1181_33463080@N00.jpg,13.372585,103.856849,13.441047668457031,103.8592529296875,0.02564944513142109,7.617151263921902,0,0,0.0,13.441047668457031,103.8592529296875,0.02564944513142109,7.617151263921902,0.0,
1097531112_dce44408c2_1403_9729483@N02.jpg,21.331284,-157.920624,21.332550048828125,-157.92108154296875,0.2079182267189026,0.14854109433569768,0,0,0.0,21.332550048828125,-157.92108154296875,0.2079182267189026,0.14854109433569768,0.0,
1097784160_262625335f_1009_9729483@N02.jpg,38.035171,-97.92862,30.29096794128418,-91.2330551147461,0.029933756217360497,1058.0725115665023,5,211,0.82421875,39.04016876220703,-82.66435241699219,0.01966049149632454,1330.7556740816065,-272.6831625151042,
1099044629_a345ba7db8_1115_70323761@N00.jpg,40.742713,-74.006448,34.13773727416992,-118.35442352294922,0.005179324187338352,3940.9284166505536,0,0,0.0,34.13773727416992,-118.35442352294922,0.005179324187338352,3940.9284166505536,0.0,
1099219094_cad7dd327e_1258_70323761@N00.jpg,40.719615,-73.953469,41.721824645996094,-87.61592102050781,0.016382334753870964,1146.9046856939783,1,256,1.0,41.721824645996094,-87.61592102050781,0.01705745793879032,1146.9046856939783,0.0,
110016321_34c0ac4524_55_18684820@N00.jpg,13.735383,100.500183,13.741594314575195,100.51304626464844,0.012845318764448166,1.5516059426717135,4,184,0.71875,13.751474380493164,100.5254135131836,0.012994990684092045,3.260086850674881,-1.7084809080031675,
1100269292_a7e742b120_1092_9729483@N02.jpg,37.716107,-97.410605,39.76801681518555,-86.18196105957031,0.017264926806092262,999.4753468088804,1,90,0.3515625,39.14419174194336,-84.50908660888672,0.026792168617248535,1133.9756453064895,-134.50029849760904,
1101090129_d124208854_1241_33463080@N00.jpg,13.372585,103.856849,13.413166999816895,103.86433410644531,0.021319009363651276,4.584582230210079,4,144,0.5625,13.412314414978027,103.86591339111328,0.018454300239682198,4.525218641519383,0.05936358869069558,
1102966083_dcc68a51a6_1086_70323761@N00.jpg,40.743066,-74.00691,40.72179412841797,-73.99373626708984,0.0012635099701583385,2.612835309758327,0,0,0.0,40.72179412841797,-73.99373626708984,0.0012635099701583385,2.612835309758327,0.0,
1103229007_c58a9a332f_1359_70323761@N00.jpg,40.739303,-74.0072,40.72215270996094,-74.00047302246094,0.0024438314139842987,1.9894846722722188,1,225,0.87890625,40.72148513793945,-73.99440002441406,0.0023903162218630314,2.2558076598899213,-0.26632298761770246,
1103239315_41b27d754d_1309_70323761@N00.jpg,40.739303,-74.0072,51.52345657348633,-0.07563800364732742,0.001283486606553197,5571.325938555884,2,24,0.09375,10.597834587097168,-71.63481140136719,0.0013027216773480177,3359.673282753375,2211.652655802509,
1104068861_5792a115db_1369_33463080@N00.jpg,13.372585,103.856849,13.437235832214355,103.74453735351562,0.03726527467370033,14.11594747881065,0,0,0.0,13.437235832214355,103.74453735351562,0.03726527467370033,14.11594747881065,0.0,
1105517140_f7dc56cff4_1162_78247883@N00.jpg,43.510308,16.440095,43.507911682128906,16.438980102539062,0.03663604333996773,0.28121952133432776,0,0,0.0,43.507911682128906,16.438980102539062,0.03663604333996773,0.28121952133432776,0.0,
1106080815_b1340dffa7_1276_33463080@N00.jpg,13.372585,103.856849,13.441047668457031,103.8592529296875,0.0279597956687212,7.617151263921902,1,256,1.0,13.441047668457031,103.8592529296875,0.02626561000943184,7.617151263921902,0.0,
1106682564_0b76ef20a3_1279_33463080@N00.jpg,13.372585,103.856849,11.009947776794434,106.4697036743164,0.028030451387166977,386.84875526780047,2,98,0.3828125,20.7626953125,107.06829071044922,0.017623692750930786,889.7113388724441,-502.86258360464365,
1107083216_76603676a9_1295_82622473@N00.jpg,41.100957,28.999614,40.31147384643555,-74.4649887084961,0.0013973888708278537,8123.070025242379,0,0,0.0,40.31147384643555,-74.4649887084961,0.0013973888708278537,8123.070025242379,0.0,
1107115193_7896b8d656_1300_33463080@N00.jpg,13.372585,103.856849,13.37059497833252,103.86354064941406,0.016856864094734192,0.7569719229759347,0,0,0.0,13.37059497833252,103.86354064941406,0.016856864094734192,0.7569719229759347,0.0,
1107468192_3e8b9b43cf_1369_82622473@N00.jpg,41.100957,28.999614,37.18220138549805,38.7652587890625,0.04517490044236183,947.4559939275101,6,206,0.8046875,-2.8997740745544434,-79.01200103759766,0.0219679344445467,11722.65717526583,-10775.20118133832,
1107858999_36eae1fedb_1208_82927779@N00.jpg,-13.311708,48.115938,-43.94190979003906,-176.53793334960938,0.04913673549890518,12208.800067606751,0,0,0.0,-43.94190979003906,-176.53793334960938,0.04913673549890518,12208.800067606751,0.0,
110797780_a8d74f0204_52_18684820@N00.jpg,13.735383,100.500183,39.8281135559082,-86.18392181396484,0.004826914519071579,14019.055243197587,2,256,1.0,39.8281135559082,-86.18392181396484,0.005887001287192106,14019.055243197587,0.0,
110799609_43e51fc1e5_54_18684820@N00.jpg,13.735383,100.500183,41.79056930541992,-87.5824203491211,0.0009792712517082691,13785.46554844726,1,224,0.875,40.75999069213867,-73.9753646850586,0.0023518374655395746,13928.790294726952,-143.32474627969168,
110800551_ff744a8b6d_44_18684820@N00.jpg,13.735383,100.500183,38.89744567871094,115.4608154296875,0.003535283962264657,3160.1644822575663,1,256,1.0,38.89744567871094,115.4608154296875,0.0057775648310780525,3160.1644822575663,0.0,
110803310_55c8da43bd_53_18684820@N00.jpg,13.735383,100.500183,22.666610717773438,113.91277313232422,0.0009261553059332073,1728.3739478057973,1,256,1.0,42.267921447753906,2.9596080780029297,0.0015137825394049287,9590.802534502904,-7862.428586697106,
1108114251_b09d32f32a_1036_77235581@N00.jpg,58.208677,-6.391725,48.78041458129883,-3.0453579425811768,0.003028677310794592,1071.1524615723752,1,104,0.40625,31.513946533203125,-9.768562316894531,0.00612185662612319,2979.3628150080244,-1908.2103534356493,
1108236217_688d857d7c_1394_77235581@N00.jpg,58.20312,-6.379559,55.634925842285156,-4.823855876922607,0.09138453751802444,300.75451571057374,1,40,0.15625,23.628482818603516,58.57086181640625,0.013009857386350632,6335.04576155297,-6034.291245842396,
1108575839_3bdfce931b_1212_82927779@N00.jpg,-13.313244,48.154502,-15.548833847045898,128.25950622558594,0.029317963868379593,8575.872106579982,0,0,0.0,-15.548833847045898,128.25950622558594,0.029317963868379593,8575.872106579982,0.0,
1108895380_03c3a1a1f6_1090_77235581@N00.jpg,58.20312,-6.379559,47.095603942871094,-55.74514389038086,0.016980886459350586,3459.4764898490525,0,0,0.0,47.095603942871094,-55.74514389038086,0.016980886459350586,3459.4764898490525,0.0,
1109483936_4456a4f0df_1196_82927779@N00.jpg,-13.31325,48.154488,9.654230117797852,-85.07469177246094,0.017157969996333122,14909.281762706341,1,36,0.140625,38.20846939086914,-122.45189666748047,0.002461789408698678,17095.562820032166,-2186.281057325825,
111013518_cc990d42cf_51_36948083@N00.jpg,13.426188,103.85848,13.441047668457031,103.8592529296875,0.03866313770413399,1.6544352857342088,1,256,1.0,13.441047668457031,103.8592529296875,0.04054803028702736,1.6544352857342088,0.0,
1112035723_0a63e75d0e_1114_33463080@N00.jpg,13.372585,103.856849,18.27499771118164,98.37593078613281,0.0470782108604908,800.4334347669526,0,0,0.0,18.27499771118164,98.37593078613281,0.0470782108604908,800.4334347669526,0.0,
1113782494_f10808f500_1298_33463080@N00.jpg,13.819994,104.714298,13.678701400756836,101.07117462158203,0.009000436402857304,393.7989056030316,1,32,0.125,8.802579879760742,78.1451416015625,0.002046020235866308,2948.18331368002,-2554.3844080769886,
1113980485_7ac3e8a2c6_1138_33463080@N00.jpg,13.819994,104.714298,16.415172576904297,102.83391571044922,0.02347993664443493,352.14948656183196,3,256,1.0,16.415172576904297,102.83391571044922,0.036421358585357666,352.14948656183196,0.0,
1114595220_0a81197afd_1338_33463080@N00.jpg,13.819994,104.714298,11.604598045349121,103.32860565185547,0.08389425277709961,288.5694206498252,7,206,0.8046875,-7.151310920715332,107.8253173828125,0.09009919315576553,2357.053189403872,-2068.4837687540467,
1115259191_b14c332c87_1325_33463080@N00.jpg,13.372585,103.856849,16.241870880126953,103.81050109863281,0.0100044971331954,319.08936661028184,2,198,0.7734375,16.241870880126953,103.81050109863281,0.0295889750123024,319.08936661028184,0.0,
1115274018_d6c2c821d1_1382_33463080@N00.jpg,13.372585,103.856849,16.432214736938477,102.83700561523438,0.046454478055238724,357.42506431514624,3,128,0.5,16.432214736938477,102.83700561523438,0.0530758798122406,357.42506431514624,0.0,
1117136365_5948288020_1413_33463080@N00.jpg,11.824005,104.744682,15.182156562805176,106.28791809082031,0.03255542367696762,408.9825428593433,2,208,0.8125,7.932075023651123,80.71912384033203,0.020770441740751266,2666.1446135580654,-2257.1620706987223,
1117496242_4cf8c11162_1012_33463080@N00.jpg,11.580858,104.921321,20.85744857788086,106.67861938476562,0.02896200865507126,1048.3902960476405,4,200,0.78125,9.934357643127441,106.34192657470703,0.03622082248330116,240.0016561088455,808.388639938795,
1117586944_cc641006da_1329_75653366@N00.jpg,13.743908,100.488917,13.74992561340332,100.49130249023438,0.03570543974637985,0.7170219707177308,1,128,0.5,13.74992561340332,100.49130249023438,0.04572564736008644,0.7170219707177308,0.0,
1117715992_d0a96a4caa_1337_75653366@N00.jpg,13.743908,100.488917,13.74992561340332,100.49130249023438,0.050024863332509995,0.7170219707177308,1,192,0.75,13.74992561340332,100.49130249023438,0.048490140587091446,0.7170219707177308,0.0,
1118479971_9ad6008b4f_1327_82927779@N00.jpg,-13.400983,48.270638,9.40130615234375,-0.8327289819717407,0.024076368659734726,5983.463394716369,0,0,0.0,9.40130615234375,-0.8327289819717407,0.024076368659734726,5983.463394716369,0.0,
1119125029_545a19a16b_1428_82927779@N00.jpg,-13.313916,48.153652,-33.84283447265625,151.24082946777344,0.021090704947710037,10356.63036332179,1,182,0.7109375,-33.84283447265625,151.24082946777344,0.02036946266889572,10356.63036332179,0.0,
1119257150_4ac3eebadf_1032_82927779@N00.jpg,-13.313369,48.154238,-22.618446350097656,45.35362243652344,0.02137181907892227,1076.1305529299718,3,170,0.6640625,-26.83751106262207,152.96084594726562,0.030697032809257507,10760.718598999496,-9684.588046069524,
1119668171_48a230b741_1404_82927779@N00.jpg,-13.316188,48.151458,-20.693819046020508,164.98770141601562,0.01788780651986599,12147.2538286372,0,0,0.0,-20.693819046020508,164.98770141601562,0.01788780651986599,12147.2538286372,0.0,
1120309050_e71f17aeb3_1128_82927779@N00.jpg,-13.313252,48.154486,-8.6896390914917,125.947265625,0.06984354555606842,8475.292652163422,1,112,0.4375,-8.535358428955078,125.54437255859375,0.0695086270570755,8435.385564980885,39.907087182537,
1121659017_07efbb5264_1399_93455345@N00.jpg,43.137069,131.929321,-33.00981521606445,-71.55335235595703,0.016865819692611694,17682.860991814927,0,0,0.0,-33.00981521606445,-71.55335235595703,0.016865819692611694,17682.860991814927,0.0,
1123241881_4bf8ae2419_1016_33463080@N00.jpg,10.591433,103.764495,11.577432632446289,103.02669525146484,0.05606357008218765,136.02248226913878,4,234,0.9140625,11.604598045349121,103.32860565185547,0.052803944796323776,122.28718024232226,13.735302026816512,
1125007623_477d5426e9_1379_93455345@N00.jpg,37.331948,136.785278,34.68559265136719,135.8411407470703,0.027059031650424004,306.2656482477065,0,0,0.0,34.68559265136719,135.8411407470703,0.027059031650424004,306.2656482477065,0.0,
1125649897_d94e38d2b5_1327_96332550@N00.jpg,35.416684,-95.714607,30.338916778564453,-98.26212310791016,0.07117708027362823,612.6245788438841,1,96,0.375,43.526981353759766,5.534244060516357,0.034010838717222214,8173.953159942702,-7561.328581098818,
1125852220_b13d685cea_1111_93455345@N00.jpg,36.087118,136.221542,34.815704345703125,135.6584930419922,0.006330433301627636,150.29211203204665,6,217,0.84765625,34.815704345703125,135.6584930419922,0.003875073743984103,150.29211203204665,0.0,
1126734821_cbf0860b66_1080_30571787@N00.jpg,51.506605,-0.081367,21.364309310913086,-157.95384216308594,0.14383657276630402,11629.447665888121,2,16,0.0625,52.30809783935547,7.967281818389893,0.0021461478900164366,558.9808762233777,11070.466789664744,
113446159_010a80fd72_54_50994135@N00.jpg,55.856997,-4.263124,45.65597152709961,10.234149932861328,0.005078725051134825,1519.2711467970607,1,72,0.28125,40.857666015625,-74.20899963378906,0.00435038423165679,5182.529423040144,-3663.2582762430834,
1134826966_548613fd5d_1359_30571787@N00.jpg,51.597827,-0.238491,51.59841537475586,-0.2350749969482422,0.14674480259418488,0.24485080644019797,1,256,1.0,51.59841537475586,-0.2350749969482422,0.14381186664104462,0.24485080644019797,0.0,
1136685211_813651b657_1140_22941966@N00.jpg,45.001269,-93.273346,45.40325927734375,-71.88893127441406,0.0034321106504648924,1671.0997146560057,1,256,1.0,56.027889251708984,-3.790153980255127,0.009347744286060333,5987.175486849962,-4316.075772193956,
113820435_b8d6945a79_56_87434398@N00.jpg,43.480577,-72.386426,41.819087982177734,-71.42880249023438,0.018345968797802925,200.66050530659717,1,14,0.0546875,39.60676956176758,-90.80534362792969,0.008945566602051258,1588.5125905048865,-1387.8520851982894,
113820995_a4ce685a48_51_87434398@N00.jpg,43.137445,-72.500581,43.52627182006836,-71.3783187866211,0.043580178171396255,100.54097732043542,5,88,0.34375,42.05752944946289,-73.52220153808594,0.033914435654878616,146.3269390925109,-45.785961772075495,
113822018_7975267242_49_87434398@N00.jpg,44.540262,-72.524313,59.4555549621582,-135.31581115722656,0.02482837624847889,4411.439367014702,1,9,0.03515625,53.40147018432617,-117.5785140991211,0.019813915714621544,3370.224756786331,1041.214610228371,
113823369_54ebe138ba_38_87434398@N00.jpg,42.762137,-72.513799,43.88428497314453,-73.449951171875,0.03530760109424591,145.9572708210211,3,176,0.6875,43.46757125854492,-72.34870147705078,0.023356886580586433,79.5772769647605,66.3799938562606,
113823452_c141b6ee5c_36_87434398@N00.jpg,42.762137,-72.513799,44.463069915771484,-70.31867980957031,0.14021992683410645,258.8301194480676,3,78,0.3046875,43.85733413696289,-70.10316467285156,0.11437591910362244,229.92960346097698,28.900515987090614,
113833447_7e18ad9cf1_42_87434398@N00.jpg,44.57578,-72.295816,44.05234146118164,-71.12857818603516,0.051402974873781204,109.59847328376745,4,68,0.265625,43.515071868896484,-70.37395477294922,0.061679307371377945,193.65535275196436,-84.05687946819691,
113861643_a1febd9dd0_45_87434398@N00.jpg,42.929907,-72.578473,43.52627182006836,-71.3783187866211,0.03213059902191162,117.69429425979278,2,200,0.78125,43.17631149291992,-73.05696868896484,0.03269372880458832,47.56331753194744,70.13097672784534,
113879033_bfd1de651d_49_87434398@N00.jpg,44.723076,-73.294,44.94142532348633,-85.28119659423828,0.023229975253343582,944.721453407011,3,137,0.53515625,42.31392288208008,-112.0033950805664,0.07687672972679138,3103.2416324728933,-2158.520179065882,
113885544_d7fbd527c6_48_87434398@N00.jpg,42.889674,-72.952909,44.8658447265625,-71.2957763671875,0.09471092373132706,256.74957784670795,1,128,0.5,42.6374626159668,-73.16748809814453,0.0868215337395668,33.065898921035625,223.68367892567233,
113900033_9051f51fbb_52_87434398@N00.jpg,43.147591,-73.199415,42.98616027832031,-72.65618896484375,0.031030064448714256,47.639658855414474,1,132,0.515625,44.44868850708008,-64.37816619873047,0.028801975771784782,722.2282699474385,-674.588611092024,
113907854_ac0a856b31_53_87434398@N00.jpg,43.963538,-73.207998,39.00437927246094,-89.78181457519531,0.01641983352601528,1483.3527659989245,2,214,0.8359375,38.92162322998047,-82.35540008544922,0.03522995486855507,945.4535556637022,537.8992103352223,
113910978_c1353d9035_55_87434398@N00.jpg,44.421704,-72.850384,38.41411590576172,-79.99546813964844,0.07436607778072357,894.3887014167824,1,8,0.03125,36.13544845581055,-81.67802429199219,0.025695817545056343,1185.8366191185273,-291.4479177017449,
113912238_2a4c51a668_43_87434398@N00.jpg,43.891459,-72.490625,42.98616027832031,-72.65618896484375,0.03521295264363289,101.54838020320152,3,256,1.0,42.98616027832031,-72.65618896484375,0.05968967825174332,101.54838020320152,0.0,
1143703719_b8942ef862_1094_70323761@N00.jpg,40.721664,-74.038297,-37.78374099731445,144.9982452392578,0.0024449785705655813,16665.710387043015,1,121,0.47265625,42.26747131347656,2.96411395072937,0.0029812029097229242,6182.7371950178385,10482.973192025176,
114862608_ba258c245d_50_82927779@N00.jpg,-24.74995,25.7944,-23.915470123291016,31.470539093017578,0.0747385248541832,582.4818871651844,2,152,0.59375,-23.915470123291016,31.470539093017578,0.056349825114011765,582.4818871651844,0.0,
114868308_3bf8f90326_46_82927779@N00.jpg,-24.74995,25.7944,-23.915470123291016,31.470539093017578,0.07241376489400864,582.4818871651844,1,84,0.328125,-23.915470123291016,31.470539093017578,0.08085227012634277,582.4818871651844,0.0,
1155935557_5d22312c46_1219_41894197861@N01.jpg,40.418993,-3.6922,40.416175842285156,-3.7095160484313965,0.004302600864320993,1.4990240415535352,1,256,1.0,41.653358459472656,-4.725869178771973,0.004360394086688757,162.34074926892592,-160.8417252273724,
115638799_b6b6e74e07_53_88483799@N00.jpg,39.397726,-76.597608,40.5235595703125,-80.08430480957031,0.018510831519961357,322.43032994835437,0,0,0.0,40.5235595703125,-80.08430480957031,0.018510831519961357,322.43032994835437,0.0,
1156773764_43e2a07c5b_1180_41894197861@N01.jpg,40.416453,-3.700203,39.47071838378906,-0.3761419951915741,0.004938407801091671,302.23716172292177,1,256,1.0,39.47071838378906,-0.3761419951915741,0.003218679688870907,302.23716172292177,0.0,
116048252_e64be89628_54_88483799@N00.jpg,39.397726,-76.597608,41.81053161621094,-87.66034698486328,0.0013243915745988488,970.9065237228025,0,0,0.0,41.81053161621094,-87.66034698486328,0.0013243915745988488,970.9065237228025,0.0,
117005476_0584800acc_50_69212252@N00.jpg,41.940507,-87.640589,41.59749984741211,-72.98416900634766,0.002674056449905038,1214.6234268337853,0,0,0.0,41.59749984741211,-72.98416900634766,0.002674056449905038,1214.6234268337853,0.0,
1172480740_81de303685_1003_36093984@N00.jpg,40.765071,-111.842365,35.876407623291016,-78.79020690917969,0.018168386071920395,2916.325846246595,1,9,0.03515625,41.90042495727539,2.7656359672546387,0.024630816653370857,8716.066648784068,-5799.740802537473,
117397326_1aaf6dac8d_19_18684820@N00.jpg,10.784407,106.680679,10.804746627807617,106.63922119140625,0.03762461990118027,5.061711778377164,8,146,0.5703125,10.757087707519531,106.64042663574219,0.048517126590013504,5.3443214505380405,-0.2826096721608762,
117400305_1dea9da931_46_18684820@N00.jpg,10.784407,106.680679,10.77502727508545,106.702392578125,0.03319264203310013,2.591025821936942,1,63,0.24609375,32.63175964355469,110.79741668701172,0.01707615703344345,2465.6036055333543,-2463.0125797114174,
117407151_e5ab0fb208_53_18684820@N00.jpg,10.784407,106.680679,11.932218551635742,-85.96080780029297,0.007520553655922413,17128.889565453675,7,158,0.6171875,19.432701110839844,-99.1332778930664,0.011097956448793411,15623.50293951151,1505.3866259421648,
117409880_be8da6a355_37_18684820@N00.jpg,10.784407,106.680679,16.46209716796875,102.82413482666016,0.02292010746896267,756.3731445711805,1,192,0.75,16.46209716796875,102.82413482666016,0.025514990091323853,756.3731445711805,0.0,
117415082_1349ec00bd_53_18684820@N00.jpg,10.784407,106.680679,17.965505599975586,102.60799407958984,0.015159504488110542,910.9027872259869,11,111,0.43359375,10.757087707519531,106.64042663574219,0.028617387637495995,5.3443214505380405,905.5584657754489,
117418457_244e0d7f56_46_18684820@N00.jpg,10.784407,106.680679,-3.7011899948120117,128.16549682617188,0.020458361133933067,2872.109814034591,2,29,0.11328125,11.935882568359375,79.83592987060547,0.02698318287730217,2928.207428879019,-56.09761484442788,
1177618026_9cf484ed83_1039_10976003@N07.jpg,39.051451,-94.480361,43.0282096862793,-87.9711685180664,0.08638555556535721,702.1660678127885,0,0,0.0,43.0282096862793,-87.9711685180664,0.08638555556535721,702.1660678127885,0.0,
118131355_5451e9534a_56_18684820@N00.jpg,13.735383,100.500183,13.74992561340332,100.49130249023438,0.008418072946369648,1.8801518624349607,1,256,1.0,13.74992561340332,100.49130249023438,0.009124540723860264,1.8801518624349607,0.0,
118132126_bbbcb867a9_54_18684820@N00.jpg,13.735383,100.500183,28.73033332824707,118.77799987792969,0.009338789619505405,2516.9553551246886,3,208,0.8125,24.93366813659668,121.37059783935547,0.00999533198773861,2513.7388545028584,3.216500621830164,
118134421_9ec58cf95a_35_18684820@N00.jpg,13.735383,100.500183,13.74992561340332,100.49130249023438,0.048367198556661606,1.8801518624349607,0,0,0.0,13.74992561340332,100.49130249023438,0.048367198556661606,1.8801518624349607,0.0,
118150932_baf301f1d2_34_18684820@N00.jpg,13.735383,100.500183,13.74992561340332,100.49130249023438,0.053143084049224854,1.8801518624349607,3,256,1.0,13.74992561340332,100.49130249023438,0.0565500371158123,1.8801518624349607,0.0,
118159659_c2cc29c6a1_52_18684820@N00.jpg,13.735383,100.500183,15.8774995803833,108.33499908447266,0.017299244180321693,875.1990701366759,1,126,0.4921875,13.678701400756836,101.07117462158203,0.021333592012524605,62.00437108282411,813.1946990538518,
1182903598_51bdaa7836_1385_15376845@N00.jpg,41.947553,-72.691576,33.98130416870117,-117.64131164550781,0.04558105021715164,3991.3359881388124,1,256,1.0,43.97947311401367,-88.55683898925781,0.05803355202078819,1308.4636180323164,2682.872370106496,
1182926817_f5c931db2b_1109_15376845@N00.jpg,41.947553,-72.691576,40.7374382019043,-73.4133529663086,0.050246596336364746,147.43253555005015,1,256,1.0,29.60794448852539,-95.16705322265625,0.029444122686982155,2436.1117821402017,-2288.6792465901517,
1183171295_73c6565f16_1175_47311799@N00.jpg,44.499489,11.34392,43.77484130859375,7.505121231079102,0.004057853017002344,316.7288812416043,2,93,0.36328125,38.81857681274414,121.37283325195312,0.004358392208814621,8404.087641322838,-8087.358760081233,
118469151_65ad932ce3_48_41894197861@N01.jpg,51.494797,-0.195007,51.51374435424805,-0.0982540026307106,0.0019295659149065614,7.020270782725889,1,128,0.5,51.513938903808594,-0.09778200089931488,0.002434066031128168,7.057920917462959,-0.03765013473707057,
118489811_f07bfb2347_53_41894197861@N01.jpg,51.499473,-0.119862,51.5098762512207,-0.10318899899721146,0.007007751148194075,1.6339740061478583,0,0,0.0,51.5098762512207,-0.10318899899721146,0.007007751148194075,1.6339740061478583,0.0,
118498673_8e6fd335d3_42_41894197861@N01.jpg,51.499473,-0.119862,51.50783157348633,-0.09883400052785873,0.015011067502200603,1.7269014845928112,0,0,0.0,51.50783157348633,-0.09883400052785873,0.015011067502200603,1.7269014845928112,0.0,
118511568_34404be213_49_41894197861@N01.jpg,51.499473,-0.119862,51.5057258605957,-0.11825300008058548,0.0030814819037914276,0.7041503045682239,0,0,0.0,51.5057258605957,-0.11825300008058548,0.0030814819037914276,0.7041503045682239,0.0,
118549043_489c2a4b3e_56_41894197861@N01.jpg,51.494583,-0.202045,51.59480667114258,-0.06608899682760239,0.009692196734249592,14.58044435264981,0,0,0.0,51.59480667114258,-0.06608899682760239,0.009692196734249592,14.58044435264981,0.0,
118556934_32ccc0ff16_42_41894197861@N01.jpg,51.494583,-0.202045,51.520263671875,-0.009290999732911587,0.00645711924880743,13.642563221313694,1,208,0.8125,51.520263671875,-0.009290999732911587,0.013066737912595272,13.642563221313694,0.0,
1185635638_4d58194376_1126_15376845@N00.jpg,41.962066,-72.745124,41.43081283569336,-72.890380859375,0.15834416449069977,60.29124792488161,0,0,0.0,41.43081283569336,-72.890380859375,0.15834416449069977,60.29124792488161,0.0,
1185751817_d2918624dc_1084_47311799@N00.jpg,45.49075,10.607771,46.78641128540039,17.694889068603516,0.013197263702750206,564.5179385180074,1,4,0.015625,45.54167938232422,13.65678882598877,0.018648017197847366,237.61806768972272,326.89987082828475,
118594842_b32034ba4c_50_41894197861@N01.jpg,47.459897,8.549766,51.88984298706055,0.2610960006713867,0.036049921065568924,772.7184022607566,3,7,0.02734375,52.165138244628906,-0.14874400198459625,0.03425462916493416,813.4612829686827,-40.74288070792602,
118654486_9f20d0ae96_21_18684820@N00.jpg,13.735383,100.500183,14.008695602416992,100.37109375,0.03140297159552574,33.43366169858375,2,256,1.0,14.008695602416992,100.37109375,0.025907034054398537,33.43366169858375,0.0,
1187469358_26459f74ff_1070_43616936@N00.jpg,42.346571,-71.097228,42.346744537353516,-71.09699249267578,0.03587348759174347,0.027330450486961956,2,6,0.0234375,42.346866607666016,-71.09626007080078,0.03415865823626518,0.086070392325367,-0.05873994183840505,
1190585699_2de6e84746_1076_47311799@N00.jpg,45.442037,10.998301,45.44230651855469,10.998257637023926,0.05411574989557266,0.03015948292379055,0,0,0.0,45.44230651855469,10.998257637023926,0.05411574989557266,0.03015948292379055,0.0,
1191410915_2c99edb131_1099_47311799@N00.jpg,45.434068,12.34079,45.43697738647461,12.334663391113281,0.0055608623661100864,0.5772180560464318,1,96,0.375,45.43439865112305,12.339595794677734,0.005484900437295437,0.10017346413758187,0.47704459190884996,
1191595911_b68bf58ca5_1402_47311799@N00.jpg,45.440621,12.321445,45.43886184692383,12.319320678710938,0.005453465972095728,0.25638500153514326,0,0,0.0,45.43886184692383,12.319320678710938,0.005453465972095728,0.25638500153514326,0.0,
1192463216_a5f06caf2c_1050_47311799@N00.jpg,45.440621,12.321445,45.43858337402344,12.319868087768555,0.005419089924544096,0.2578231870065815,1,256,1.0,45.43251037597656,12.332601547241211,0.00486424146220088,1.2534410474941329,-0.9956178604875514,
1193809473_4fc475d918_1122_47311799@N00.jpg,45.456465,12.356743,45.43848419189453,12.318592071533203,0.006902571767568588,3.5853978852545247,1,56,0.21875,45.431949615478516,12.323397636413574,0.0057671251706779,3.7680869104400876,-0.18268902518556285,
1194828036_f64ee2efe4_1197_47311799@N00.jpg,45.435133,12.336788,45.438934326171875,12.321852684020996,0.0062705944292247295,1.2396158031532227,1,60,0.234375,45.43825149536133,12.318490028381348,0.00605285307392478,1.4692111433582806,-0.2295953402050579,
1195299939_f2cdf9d4aa_1381_99746029@N00.jpg,31.23394,121.462097,40.08138656616211,116.59222412109375,0.2685922384262085,1077.2240675447592,1,18,0.0703125,40.08138656616211,116.59222412109375,0.21720722317695618,1077.2240675447592,0.0,
1195497993_ca828ba353_1439_99746029@N00.jpg,31.23394,121.462097,21.031835556030273,105.85189819335938,0.015314213931560516,1923.881805533739,4,199,0.77734375,10.041879653930664,105.77362060546875,0.01019129529595375,2858.7315419974157,-934.8497364636767,
1195826477_e2f02e85a0_1134_97522422@N00.jpg,40.17743,44.517974,40.177791595458984,44.513126373291016,0.16665562987327576,0.4138046443502545,4,47,0.18359375,40.177791595458984,44.513126373291016,0.09573998302221298,0.4138046443502545,0.0,
1196029876_9a678a04da_1348_11786349@N08.jpg,37.962403,27.365226,31.955219268798828,35.936622619628906,0.04114818945527077,1026.9295452885192,0,0,0.0,31.955219268798828,35.936622619628906,0.04114818945527077,1026.9295452885192,0.0,
1196386402_e718d5e619_1280_99746029@N00.jpg,31.23394,121.462097,3.3379530906677246,101.513671875,0.005501490086317062,3740.057315945473,6,252,0.984375,3.3379530906677246,101.513671875,0.008783578872680664,3740.057315945473,0.0,
1196415390_d7caf5e3ac_1106_97522422@N00.jpg,42.661799,44.637279,43.09519958496094,19.074304580688477,0.08637987077236176,2075.4283288813954,1,120,0.46875,50.13180160522461,13.08647632598877,0.007749553769826889,2535.7772858109984,-460.348956929603,
1196637106_439ebcfa9e_1089_97522422@N00.jpg,41.273678,44.590759,43.21918869018555,23.2965087890625,0.018661465495824814,1761.251353469482,0,0,0.0,43.21918869018555,23.2965087890625,0.018661465495824814,1761.251353469482,0.0,
1196697986_3f09d5e590_1028_40829484@N00.jpg,40.206213,-8.419003,40.1595573425293,-8.871803283691406,0.013964667916297913,38.81441694649772,2,54,0.2109375,-12.045280456542969,-77.03113555908203,0.008580983616411686,9127.673327159668,-9088.85891021317,
1196952297_41615841a2_1206_70323761@N00.jpg,41.520317,-71.443115,52.21516418457031,-1.9807499647140503,0.0064226360991597176,5201.491105244856,3,195,0.76171875,52.21516418457031,-1.9807499647140503,0.007607903331518173,5201.491105244856,0.0,
1198701343_618ff4d0d0_1058_16418049@N00.jpg,37.97443,23.732013,37.97099685668945,23.72494888305664,0.03533919155597687,0.727428036658825,0,0,0.0,37.97099685668945,23.72494888305664,0.03533919155597687,0.727428036658825,0.0,
1199147355_c2b4c49248_1121_16418049@N00.jpg,37.090924,25.370521,36.180355072021484,-5.49324893951416,0.012437962926924229,2743.641858153656,3,256,1.0,40.16196060180664,-3.3676950931549072,0.022699564695358276,2508.5980397219837,235.0438184316722,
1199232827_50d480ebb5_1089_16418049@N00.jpg,37.090924,25.370521,39.76395034790039,19.930315017700195,0.03833954036235809,559.2296581214497,6,57,0.22265625,40.1595573425293,-8.871803283691406,0.16171391308307648,2975.6366143028526,-2416.406956181403,
1199535862_d1024b2cb4_1143_70323761@N00.jpg,41.490983,-71.315447,42.5223503112793,-70.89057922363281,0.02444923296570778,119.93506016965631,5,256,1.0,42.5223503112793,-70.89057922363281,0.027307206764817238,119.93506016965631,0.0,
1199601372_1be627557f_1213_16418049@N00.jpg,37.97443,23.732013,37.97194290161133,23.725854873657227,0.020078416913747787,0.6065106102141594,4,46,0.1796875,-22.850500106811523,-45.233760833740234,0.007249131798744202,9868.725961273929,-9868.119450663715,
1199908420_caf0674a09_1363_16418049@N00.jpg,37.090924,25.370521,39.48814392089844,13.532408714294434,0.012677089311182499,1066.1188932525747,1,144,0.5625,35.63079071044922,-5.27618408203125,0.007685910444706678,2737.1908874666856,-1671.0719942141109,
1199940142_4f1af0e9c6_1344_16418049@N00.jpg,37.090924,25.370521,35.58885192871094,27.068767547607422,0.048558540642261505,225.89899818772807,0,0,0.0,35.58885192871094,27.068767547607422,0.048558540642261505,225.89899818772807,0.0,
1200015784_72326eb8bd_1007_59341685@N00.jpg,39.44819,-106.467432,42.64557647705078,1.4297670125961304,0.050990570336580276,8358.91584801855,0,0,0.0,42.64557647705078,1.4297670125961304,0.050990570336580276,8358.91584801855,0.0,
1200038814_4bf38d326c_1178_16418049@N00.jpg,37.090924,25.370521,38.920654296875,8.915655136108398,0.026758253574371338,1453.9539506898134,1,1,0.00390625,37.11378860473633,-7.627943992614746,0.018603598698973656,2911.447643819754,-1457.4936931299405,
1201299651_02e87d146d_1010_47311799@N00.jpg,46.539026,12.138133,46.709617614746094,12.220230102539062,0.06124170124530792,19.978164321073365,5,99,0.38671875,46.49503707885742,9.84404468536377,0.05735260620713234,175.6002214152973,-155.62205709422395,
1202468581_af97878357_1431_47311799@N00.jpg,46.489351,9.840649,46.49503707885742,9.84404468536377,0.3631698787212372,0.6836161625419737,1,24,0.09375,46.49503707885742,9.84404468536377,0.3381583094596863,0.6836161625419737,0.0,
1202645062_161c4a3360_1301_65768710@N00.jpg,-33.927551,151.254272,-43.46260070800781,172.59490966796875,0.025963306427001953,2124.966045065525,1,208,0.8125,-43.46260070800781,172.59490966796875,0.029253022745251656,2124.966045065525,0.0,
120317522_749fbcec2e_34_18684820@N00.jpg,13.735383,100.500183,-6.492447853088379,106.76556396484375,0.014866859652101994,2353.1658885670945,0,0,0.0,-6.492447853088379,106.76556396484375,0.014866859652101994,2353.1658885670945,0.0,
1203237811_23e521fb8f_1224_47311799@N00.jpg,46.195517,9.450473,46.13175964355469,8.197430610656738,0.07291196286678314,96.76064396260061,1,30,0.1171875,46.40999984741211,12.886999130249023,0.03103739395737648,265.0438560515024,-168.2832120889018,
1205192842_abe51c5638_1326_47311799@N00.jpg,45.468121,9.19532,45.46605682373047,9.185333251953125,0.008038632571697235,0.8119172312376872,5,25,0.09765625,46.949676513671875,7.440489768981934,0.007776441518217325,213.00045011159366,-212.18853288035598,
1208388445_947a7b9831_1097_70323761@N00.jpg,41.484393,-71.314954,41.49141311645508,-72.08966827392578,0.01481262780725956,64.53490853965327,1,256,1.0,41.49141311645508,-72.08966827392578,0.027602478861808777,64.53490853965327,0.0,
120899260_27fd657739_55_57253263@N00.jpg,42.205983,-71.328049,43.12813186645508,-70.7171401977539,0.04165148362517357,114.05636417603294,3,189,0.73828125,42.01199722290039,-70.87606048583984,0.023649562150239944,43.07533570113027,70.98102847490267,
1212815991_d0db96dfae_1100_47311799@N00.jpg,45.467,9.189891,45.069557189941406,7.683906078338623,0.027571000158786774,125.86604331638834,3,54,0.2109375,45.069557189941406,7.683906078338623,0.02181987650692463,125.86604331638834,0.0,
1212979628_9a198136be_1049_47311799@N00.jpg,45.917362,9.153327,46.02247619628906,9.406012535095215,0.02308199368417263,22.759233943302153,0,0,0.0,46.02247619628906,9.406012535095215,0.02308199368417263,22.759233943302153,0.0,
1212998956_261bcf7be9_1251_47311799@N00.jpg,45.858575,9.116592,45.853912353515625,9.102343559265137,0.1327008306980133,1.2191758308743685,2,26,0.1015625,45.853912353515625,9.102343559265137,0.04543496295809746,1.2191758308743685,0.0,
1213672418_c0a23932ef_1080_47311799@N00.jpg,45.464758,9.189934,45.46488952636719,9.190427780151367,0.025498954579234123,0.04119183598932048,1,256,1.0,45.46501922607422,9.189976692199707,0.024915926158428192,0.029237241609038254,0.011954594380282228,
1214032151_2bccd236cb_1431_26519935@N00.jpg,26.057708,119.279766,29.344547271728516,113.11677551269531,0.0951157659292221,708.1375497687554,3,31,0.12109375,29.344547271728516,113.11677551269531,0.042435191571712494,708.1375497687554,0.0,
1215127132_ef69c16a1e_1274_26519935@N00.jpg,26.062334,119.267406,21.910240173339844,96.05054473876953,0.013324026018381119,2399.9590661818074,4,7,0.02734375,45.228965759277344,12.312668800354004,0.004606068134307861,9193.6086817955,-6793.649615613693,
1215157478_41bd37102c_1392_11786349@N08.jpg,13.420845,103.871097,13.360894203186035,103.86079406738281,0.02199080027639866,6.758754054988151,3,128,0.5,17.753135681152344,102.7876968383789,0.0602044016122818,495.4999316341078,-488.7411775791196,
1215271571_22c5991425_1431_11786349@N08.jpg,-14.83886,-74.945983,-14.912938117980957,-74.98924255371094,0.06426595896482468,9.458523099625088,1,6,0.0234375,35.15816116333008,-116.7639389038086,0.04679162800312042,7094.2019109354505,-7084.743387835825,
1215336556_279c61471b_1358_11786349@N08.jpg,13.749806,100.493659,13.704146385192871,100.50961303710938,0.03290509805083275,5.36163174882908,1,9,0.03515625,30.446657180786133,-91.18850708007812,0.010717783123254776,14944.122862106036,-14938.761230357208,
1215842913_10057b338b_1105_97522422@N00.jpg,40.17743,44.517974,42.70462417602539,-4.411481857299805,0.010581930167973042,4030.9103569069352,0,0,0.0,42.70462417602539,-4.411481857299805,0.010581930167973042,4030.9103569069352,0.0,
1221245649_d7301c9e5e_1426_47311799@N00.jpg,47.052295,8.30812,45.898780822753906,6.128829002380371,0.03475544974207878,210.46508405904726,1,3,0.01171875,45.89926528930664,6.12788200378418,0.06521002948284149,210.4891747823872,-0.024090723339952547,
1222111024_5f9bd39a03_1342_47311799@N00.jpg,47.052295,8.30812,45.89926528930664,6.12788200378418,0.035200826823711395,210.4891747823872,2,8,0.03125,49.0196647644043,12.09720230102539,0.021344207227230072,356.6142721492509,-146.12509736686368,
1222747967_39c1091f85_1043_56945335@N00.jpg,32.661673,51.678067,39.90595626831055,41.27765655517578,0.036722175776958466,1230.4700754814091,0,0,0.0,39.90595626831055,41.27765655517578,0.036722175776958466,1230.4700754814091,0.0,
1222946416_16db22f95d_1310_47311799@N00.jpg,46.219128,6.107196,50.879817962646484,4.704700946807861,0.0025700132828205824,528.4007878808502,5,114,0.4453125,50.63713073730469,3.065635919570923,0.005067161284387112,539.9760187165083,-11.57523083565809,
1223225942_44420da21b_1061_65768710@N00.jpg,-33.927551,151.254272,-36.75600051879883,144.281494140625,0.01865105889737606,706.0792622645635,0,0,0.0,-36.75600051879883,144.281494140625,0.01865105889737606,706.0792622645635,0.0,
1224896902_5acf368aa5_1062_48637819@N00.jpg,50.279906,8.52539,48.53044509887695,8.07784652709961,0.030430065467953682,197.20717005757047,0,0,0.0,48.53044509887695,8.07784652709961,0.030430065467953682,197.20717005757047,0.0,
1225755425_ac9e307610_1382_96928198@N00.jpg,62.147036,6.062039,62.331119537353516,7.473678112030029,0.0710330605506897,75.92229490312874,0,0,0.0,62.331119537353516,7.473678112030029,0.0710330605506897,75.92229490312874,0.0,
1225986996_60db89c58a_1239_92123108@N00.jpg,37.7718,-122.454986,37.79404067993164,-122.39762115478516,0.006703437305986881,5.615236584419472,2,198,0.7734375,37.79404067993164,-122.39762115478516,0.007106086704879999,5.615236584419472,0.0,
1226154195_49065b65e5_1017_65768710@N00.jpg,-33.870344,151.225433,-33.855499267578125,151.21217346191406,0.009900879114866257,2.055137103941795,3,88,0.34375,31.238122940063477,121.49349212646484,0.0036159639712423086,7882.206471818221,-7880.151334714279,
1226778732_aa330b8a02_1359_65768710@N00.jpg,-33.870344,151.225433,-33.85074234008789,151.20973205566406,0.018254242837429047,2.617728262356587,5,21,0.08203125,-33.851314544677734,151.2120361328125,0.00826125405728817,2.451034316287864,0.16669394606872334,
122874346_d2c3b79d6a_1_69212252@N00.jpg,-33.899201,151.191015,43.8045539855957,131.95574951171875,0.0038515524938702583,8857.568713857156,3,223,0.87109375,43.8045539855957,131.95574951171875,0.004924443084746599,8857.568713857156,0.0,
1233312144_1c4d07b7c8_1160_70323761@N00.jpg,41.469381,-71.297648,41.47075271606445,-71.30663299560547,0.17650406062602997,0.7639984222791187,1,176,0.6875,41.47075271606445,-71.30663299560547,0.17940646409988403,0.7639984222791187,0.0,
123515458_4aa6de7f6b_41_18684820@N00.jpg,13.735383,100.500183,13.74574089050293,100.53223419189453,0.01482988242059946,3.648498858791031,0,0,0.0,13.74574089050293,100.53223419189453,0.01482988242059946,3.648498858791031,0.0,
123533499_51f11eb999_42_18684820@N00.jpg,1.286665,103.838653,22.198213577270508,113.54301452636719,0.004428664688020945,2551.24685478054,1,256,1.0,22.198213577270508,113.54301452636719,0.004095117095857859,2551.24685478054,0.0,
123555933_757507030c_43_18684820@N00.jpg,1.286665,103.838653,5.104878902435303,-1.2421410083770752,0.04432426765561104,11664.052224773219,2,20,0.078125,13.106731414794922,103.20470428466797,0.007688717916607857,1316.1856968964812,10347.866527876737,
123561474_1809108154_34_18684820@N00.jpg,1.286665,103.838653,35.787113189697266,-5.8114237785339355,0.0070714326575398445,11680.53507668283,3,37,0.14453125,25.270776748657227,55.303802490234375,0.005070758052170277,5842.005490182724,5838.529586500106,
123587853_a130483c5c_34_18684820@N00.jpg,1.286665,103.838653,25.2667236328125,55.29774475097656,0.016839774325489998,5842.431517422616,2,45,0.17578125,25.2667236328125,55.29774475097656,0.004754306748509407,5842.431517422616,0.0,
123606435_741ca30bfa_34_18684820@N00.jpg,1.286665,103.838653,54.657798767089844,-5.943775177001953,0.004390624817460775,11143.872336590499,0,0,0.0,54.657798767089844,-5.943775177001953,0.004390624817460775,11143.872336590499,0.0,
123607970_f74b7851d9_1_18684820@N00.jpg,1.286665,103.838653,1.4047349691390991,103.79024505615234,0.02156972698867321,14.188837926075337,1,100,0.390625,1.3181079626083374,103.70677185058594,0.008464260026812553,15.071881717253866,-0.8830437911785296,
123608981_175ef3bbf1_37_18684820@N00.jpg,1.286665,103.838653,47.24810028076172,1.3523999452590942,0.005997204687446356,10839.682385109058,1,40,0.15625,51.31406784057617,-0.47339800000190735,0.003464446170255542,10882.802563555566,-43.12017844650836,
123612898_c81bdbfbfe_38_18684820@N00.jpg,1.286665,103.838653,1.2558859586715698,103.82189178466797,0.034285180270671844,3.8968274748965883,1,112,0.4375,1.2558859586715698,103.82189178466797,0.021393805742263794,3.8968274748965883,0.0,
123625628_be50228cf2_39_18684820@N00.jpg,1.286665,103.838653,40.863956451416016,-73.88150024414062,0.012542303651571274,15322.49383288302,1,169,0.66015625,40.863956451416016,-73.88150024414062,0.014896631240844727,15322.49383288302,0.0,
123629025_55fdb536b2_39_18684820@N00.jpg,1.286665,103.838653,13.746148109436035,100.53449249267578,0.0039946408942341805,1432.3238232133567,5,225,0.87890625,13.746148109436035,100.53449249267578,0.004658812656998634,1432.3238232133567,0.0,
1238255019_bd52b89e57_1088_42126397@N00.jpg,25.316097,83.017673,25.528308868408203,84.8620834350586,0.1095915287733078,186.72570402693862,1,2,0.0078125,25.282678604125977,82.96456909179688,0.10402052849531174,6.504487204596802,180.2212168223418,
1239082441_bd8a278b64_1110_56945335@N00.jpg,37.933637,58.425636,41.97570037841797,44.10942077636719,0.008313844911754131,1298.4405208635085,2,43,0.16796875,47.426387786865234,19.0009822845459,0.006545293144881725,3350.2756445316163,-2051.835123668108,
1239496073_6a512711e3_1288_33463080@N00.jpg,10.573547,103.553009,14.348372459411621,107.99697875976562,0.09878188371658325,639.4485318794807,5,120,0.46875,16.687829971313477,121.54509735107422,0.07506893575191498,2058.276559682324,-1418.8280278028435,
1239645650_26eb6f8c9e_1299_33463080@N00.jpg,13.372585,103.856849,14.367341041564941,101.34475708007812,0.026420902460813522,292.873431106509,1,150,0.5859375,-16.609050750732422,-49.19179153442383,0.009981267154216766,17100.23910782346,-16807.365676716952,
1240036828_0ff689cf33_1249_56945335@N00.jpg,37.950018,58.372936,41.685218811035156,26.54296875,0.04989536479115486,2734.1765454290853,0,0,0.0,41.685218811035156,26.54296875,0.04989536479115486,2734.1765454290853,0.0,
1240411287_59013dee8b_1332_33463080@N00.jpg,10.573547,103.553009,-8.78261947631836,115.14633178710938,0.017737023532390594,2505.595897592359,5,232,0.90625,8.162044525146484,98.29845428466797,0.024481400847434998,635.7536680018474,1869.8422295905116,
1241130901_28561e7e52_1095_77235581@N00.jpg,58.20312,-6.379559,52.79720687866211,-6.1539740562438965,0.030243517830967903,601.2779069506795,1,2,0.0078125,52.79720687866211,-6.1539740562438965,0.017255842685699463,601.2779069506795,0.0,
1241572527_b18d472438_1367_33463080@N00.jpg,10.573547,103.553009,15.608233451843262,99.32072448730469,0.043251827359199524,723.4372946712364,9,250,0.9765625,15.608233451843262,99.32072448730469,0.0646103024482727,723.4372946712364,0.0,
1241642199_db1d63975f_1336_33463080@N00.jpg,10.573547,103.553009,15.225144386291504,104.853515625,0.05426054447889328,536.0867232568072,7,253,0.98828125,14.847820281982422,120.80703735351562,0.031089667230844498,1930.1307599815896,-1394.0440367247825,
1241732945_6ee69f48e8_1279_33463080@N00.jpg,10.573547,103.553009,16.687829971313477,121.54509735107422,0.028389986604452133,2058.276559682324,6,252,0.984375,16.687829971313477,121.54509735107422,0.06743014603853226,2058.276559682324,0.0,
1242046453_2804afc587_1160_33463080@N00.jpg,10.573547,103.553009,19.53066635131836,103.7689208984375,0.05397195369005203,996.2567452027446,10,200,0.78125,19.53066635131836,103.7689208984375,0.06008315458893776,996.2567452027446,0.0,
1242572793_a243c9a727_1035_56945335@N00.jpg,37.668976,62.184934,32.18447494506836,48.240966796875,0.20854580402374268,1407.935194835593,0,0,0.0,32.18447494506836,48.240966796875,0.20854580402374268,1407.935194835593,0.0,
1242574962_38fcdbea18_1439_33463080@N00.jpg,10.573547,103.553009,4.20090389251709,-73.71766662597656,0.010799191892147064,18344.71038857597,2,256,1.0,4.20090389251709,-73.71766662597656,0.011931813322007656,18344.71038857597,0.0,
1242610350_6171d4a56f_1233_33463080@N00.jpg,10.573547,103.553009,17.753135681152344,102.7876968383789,0.036500584334135056,802.5810263933464,8,203,0.79296875,17.753135681152344,102.7876968383789,0.06205294653773308,802.5810263933464,0.0,
1242660112_8fcf13d11e_1084_11786349@N08.jpg,31.622909,-8.001823,31.627897262573242,-7.98713493347168,0.01653815619647503,1.4972285120516426,6,104,0.40625,41.410804748535156,-0.4555889964103699,0.059299226850271225,1279.1229213843553,-1277.6256928723037,
1243559720_4caa8169cb_1151_56945335@N00.jpg,37.668976,62.184934,26.54422950744629,13.102993965148926,0.06304220855236053,4729.401196563891,0,0,0.0,26.54422950744629,13.102993965148926,0.06304220855236053,4729.401196563891,0.0,
1244438112_65fcf1bc8d_1256_70323761@N00.jpg,41.470025,-71.29856,48.80500411987305,2.1192879676818848,0.0059467400424182415,5589.941785054751,1,224,0.875,48.80500411987305,2.1192879676818848,0.014883751049637794,5589.941785054751,0.0,
1244486280_8b5202fc1a_1382_70323761@N00.jpg,41.304021,-72.91782,44.64391326904297,-63.57426452636719,0.01542147621512413,845.3351642992332,2,192,0.75,44.64391326904297,-63.57426452636719,0.008039182983338833,845.3351642992332,0.0,
1245560986_808a9e823a_1027_79756109@N00.jpg,47.543033,-121.837702,47.542293548583984,-121.83919525146484,0.14534251391887665,0.13901006226573784,0,0,0.0,47.542293548583984,-121.83919525146484,0.14534251391887665,0.13901006226573784,0.0,
1248081071_ee072bf9c9_1100_33463080@N00.jpg,11.580858,104.921321,13.354533195495605,103.85540008544922,0.012300842441618443,228.6689689680255,1,143,0.55859375,20.653345108032227,111.59912109375,0.0032509188167750835,1234.993175587841,-1006.3242066198155,
1248129431_933a98b29d_1241_33463080@N00.jpg,11.580858,104.921321,16.566665649414062,104.73332977294922,0.06196284294128418,554.7676661981901,0,0,0.0,16.566665649414062,104.73332977294922,0.06196284294128418,554.7676661981901,0.0,
1249185427_7c30d4f1ce_1274_79756109@N00.jpg,46.781908,-121.762322,48.18568801879883,-120.90779876708984,0.024892933666706085,168.78257424748077,6,192,0.75,53.10916519165039,-119.21183776855469,0.04883220046758652,726.720390716912,-557.9378164694313,
1249207786_015f8f88f7_1352_33463080@N00.jpg,11.580858,104.921321,11.484451293945312,104.90192413330078,0.06461657583713531,10.926269197609392,1,88,0.34375,11.484451293945312,104.90192413330078,0.04795335233211517,10.926269197609392,0.0,
1249405208_40b4cf2f20_1235_79756109@N00.jpg,47.604774,-122.340037,35.78858947753906,-83.55590057373047,0.007187075912952423,3434.0335499398425,5,208,0.8125,35.78858947753906,-83.55590057373047,0.024974754080176353,3434.0335499398425,0.0,
1249645106_0d8a8350ce_1080_79756109@N00.jpg,47.61166,-122.421855,47.594268798828125,-122.38468933105469,0.048655182123184204,3.39178050258878,0,0,0.0,47.594268798828125,-122.38468933105469,0.048655182123184204,3.39178050258878,0.0,
1249725202_7af1ec000c_1322_33463080@N00.jpg,11.554707,104.904499,11.484451293945312,104.90192413330078,0.03172188997268677,7.817124671143828,0,0,0.0,11.484451293945312,104.90192413330078,0.03172188997268677,7.817124671143828,0.0,
1249792433_027b208092_1308_79756109@N00.jpg,47.57882,-122.41295,47.59088134765625,-122.38288879394531,0.014725245535373688,2.6233576863309476,2,24,0.09375,49.28451919555664,-123.1441650390625,0.02433384209871292,197.18605447227463,-194.5626967859437,
1251244724_1aaa516fb3_1392_56945335@N00.jpg,33.590742,56.911754,29.69932746887207,34.99515151977539,0.04827721044421196,2115.031874543735,2,13,0.05078125,33.0519905090332,-1.9929100275039673,0.07121160626411438,5395.291533826869,-3280.2596592831346,
1251348239_6f573bc099_1003_11786349@N08.jpg,36.744248,-5.17044,37.18507385253906,-5.781040191650391,0.007881869561970234,73.11396153817874,6,98,0.3828125,43.39433670043945,-5.6619977951049805,0.0024969119112938643,740.6351036619468,-667.5211421237681,
1251387723_b4d633582b_1171_11786349@N08.jpg,37.17403,-3.599824,37.690338134765625,-4.4879150390625,0.002611480886116624,97.18484553889964,5,224,0.875,38.61262893676758,-1.1169040203094482,0.008927596732974052,270.2763416358005,-173.09149609690087,
1251466701_378c962215_1413_11786349@N08.jpg,37.176526,-3.586564,37.17721176147461,-3.589524984359741,0.019826436415314674,0.27319296987766256,0,0,0.0,37.17721176147461,-3.589524984359741,0.019826436415314674,0.27319296987766256,0.0,
1252004259_be0f378cb7_1078_75452460@N00.jpg,47.074973,12.936401,46.0,7.0,0.02907080389559269,469.40664302951075,0,0,0.0,46.0,7.0,0.02907080389559269,469.40664302951075,0.0,
1252593516_99c382dad0_1393_11786349@N08.jpg,36.717833,-4.42646,37.38524627685547,-5.992096900939941,0.02305998094379902,157.5156114685658,2,224,0.875,37.3856315612793,-5.992999076843262,0.02405008114874363,157.60609905410553,-0.09048758553973357,
1252724508_99102153a3_1421_11786349@N08.jpg,36.766323,-4.418907,-22.967609405517578,-43.22414779663086,0.02825104631483555,7789.089937312767,6,129,0.50390625,50.87520217895508,-2.8893179893493652,0.13319577276706696,1573.5386560564932,6215.551281256274,
1252756124_a05b114bc5_1035_11786349@N08.jpg,36.772648,-4.418735,43.17713928222656,6.533689022064209,0.015321344137191772,1172.2789655028382,8,148,0.578125,41.570499420166016,1.8279999494552612,0.015553345903754234,757.6139555435923,414.66500995924594,
1252977522_2fe41a92c3_1011_11786349@N08.jpg,36.906117,-4.761543,42.42613983154297,19.869718551635742,0.022984329611063004,2187.0314782142636,0,0,0.0,42.42613983154297,19.869718551635742,0.022984329611063004,2187.0314782142636,0.0,
1253181830_a6de7cfd5b_1212_11786349@N08.jpg,36.717833,-4.42646,43.09783172607422,-0.05521000176668167,0.00294123450294137,801.1395947781584,3,240,0.9375,41.90245056152344,12.453112602233887,0.008528612554073334,1559.1168340388845,-757.977239260726,
1253192502_707696b8be_1082_11786349@N08.jpg,36.717833,-4.42646,41.38017654418945,2.1784420013427734,0.004664698615670204,770.3306311691462,3,96,0.375,51.23150634765625,2.9148099422454834,0.0026150313206017017,1715.3306106760383,-944.9999795068921,
125342735_f25e530991_37_88483799@N00.jpg,39.45099,-76.587817,44.463069915771484,-70.31867980957031,0.02489587478339672,760.6767832905305,3,127,0.49609375,67.2951889038086,28.160594940185547,0.0065609002485871315,6595.653108794623,-5834.9763255040925,
125342914_1f6d74eea8_36_88483799@N00.jpg,39.45099,-76.587817,39.38290786743164,-89.07469940185547,0.007374969311058521,1071.8327268795529,1,192,0.75,33.256961822509766,-86.82215881347656,0.006952861323952675,1145.1812000915863,-73.34847321203347,
1255692815_4bf2057ff8_1030_33463080@N00.jpg,11.580858,104.921321,10.983830451965332,104.78570556640625,0.0203469879925251,68.01370446772619,6,247,0.96484375,15.225144386291504,104.853515625,0.030260173603892326,405.29305767414064,-337.27935320641444,
1256214157_e5f8bc3389_1430_33463080@N00.jpg,11.580858,104.921321,15.225144386291504,104.853515625,0.027815647423267365,405.29305767414064,2,256,1.0,14.348372459411621,107.99697875976562,0.02998095192015171,453.59612176308923,-48.30306408894859,
1256515861_5d15208bb2_1371_59555137@N00.jpg,22.254068,114.133272,39.44255447387695,2.752074956893921,0.0011000470258295536,10134.822875186248,0,0,0.0,39.44255447387695,2.752074956893921,0.0011000470258295536,10134.822875186248,0.0,
1256839408_e551eab404_1196_33463080@N00.jpg,11.580858,104.921321,24.61484146118164,121.8291015625,0.009884590283036232,2296.423110138824,3,166,0.6484375,28.48925018310547,98.90914916992188,0.014294506050646305,1981.2360259608686,315.1870841779555,
1259515638_35322982ee_1179_48264126@N00.jpg,-37.513266,145.75407,-31.457294464111328,152.73260498046875,0.008687300607562065,928.1632976753021,1,192,0.75,-37.883056640625,145.35194396972656,0.02112295664846897,54.244757272229585,873.9185404030726,
1259522892_ceb36d34ca_1025_48264126@N00.jpg,-37.509044,145.74583,41.7899055480957,-124.07525634765625,0.07084505259990692,12682.328501386317,0,0,0.0,41.7899055480957,-124.07525634765625,0.07084505259990692,12682.328501386317,0.0,
1259948091_17e2a9dcf9_1138_11786349@N08.jpg,18.815723,99.022178,17.58847427368164,99.81997680664062,0.01639554277062416,160.38662362954034,2,110,0.4296875,14.807485580444336,-89.53321838378906,0.0065248021855950356,16160.786834042066,-16000.400210412527,
1260064233_97929e63ac_1258_11786349@N08.jpg,18.809792,98.856525,-1.0316400527954102,-77.66661834716797,0.05538232997059822,18002.239849579313,9,116,0.453125,-1.0316400527954102,-77.66661834716797,0.06904061138629913,18002.239849579313,0.0,
1260199045_1e18d6e6eb_1072_11786349@N08.jpg,19.975607,102.246665,0.08785799890756607,-76.88916778564453,0.00956812221556902,17782.17149937303,0,0,0.0,0.08785799890756607,-76.88916778564453,0.00956812221556902,17782.17149937303,0.0,
1260856617_94d698c56b_1065_11786349@N08.jpg,8.289297,98.474578,8.985461235046387,98.65619659423828,0.03965955600142479,79.9434302049039,0,0,0.0,8.985461235046387,98.65619659423828,0.03965955600142479,79.9434302049039,0.0,
1261644928_48ef0ee9be_1399_11786349@N08.jpg,8.395195,98.453807,32.36338806152344,-96.88945007324219,0.011094758287072182,15199.542908213032,1,208,0.8125,49.81349563598633,6.421648025512695,0.004990660585463047,9440.426950563251,5759.115957649781,
1261684822_79e785f829_1142_11786349@N08.jpg,8.289297,98.474578,8.011125564575195,98.8388442993164,0.040670666843652725,50.63982544985708,1,144,0.5625,-12.576008796691895,130.8966064453125,0.03250906616449356,4268.065348133946,-4217.425522684089,
1267522835_1c0fd52781_1409_75452460@N00.jpg,47.052054,12.961978,46.67501449584961,7.999715805053711,0.04687768965959549,379.529482278181,3,143,0.55859375,33.853919982910156,76.37413787841797,0.02834584377706051,5406.64766015269,-5027.1181778745095,
1268682921_a4f066d15f_1117_11786349@N08.jpg,6.079363,116.588973,6.080472946166992,116.56837463378906,0.20182548463344574,2.2808951957098964,0,0,0.0,6.080472946166992,116.56837463378906,0.20182548463344574,2.2808951957098964,0.0,
1269568816_b5b0448cce_1207_11786349@N08.jpg,6.079363,116.588973,52.891300201416016,-3.913878917694092,0.030773499980568886,11421.112314105821,2,208,0.8125,6.077655792236328,116.56494140625,0.07940050959587097,2.6639435774726556,11418.44837052835,
1270344796_dbc1fd0673_1103_11786349@N08.jpg,48.295871,4.071636,48.29621124267578,4.075411796569824,0.026558594778180122,0.281869214051711,2,147,0.57421875,50.63762283325195,3.0645840167999268,0.023914938792586327,270.36243828752725,-270.08056907347554,
1270437192_ba09da11c3_1030_11786349@N08.jpg,48.862964,2.390727,47.64468765258789,4.402770042419434,0.009334170259535313,201.33744730303584,2,42,0.1640625,46.565032958984375,0.8658810257911682,0.05941421166062355,279.81428408407254,-78.4768367810367,
1270529974_9426a4dd7d_1308_11786349@N08.jpg,48.402197,2.684268,48.402042388916016,2.699352979660034,0.03616408631205559,1.1137398690143259,4,36,0.140625,47.615928649902344,1.516402006149292,0.045056045055389404,123.25202810201667,-122.13828823300234,
1271785262_5415d7141b_1100_59555137@N00.jpg,22.319539,114.169996,22.317127227783203,114.1695785522461,0.013573245145380497,0.27159332084474314,3,48,0.1875,14.609620094299316,121.00588989257812,0.006660897750407457,1119.6803283113475,-1119.4087349905028,
1274846689_de0487a42d_1006_22941966@N00.jpg,44.9805,-93.254833,44.98188018798828,-93.25096893310547,0.08752630650997162,0.34046995071513886,0,0,0.0,44.98188018798828,-93.25096893310547,0.08752630650997162,0.34046995071513886,0.0,
1277769767_0ad30d8663_1398_97522422@N00.jpg,40.488215,45.032272,-16.161041259765625,-69.08941650390625,0.045951928943395615,13191.819446065303,0,0,0.0,-16.161041259765625,-69.08941650390625,0.045951928943395615,13191.819446065303,0.0,
1278592897_d887e822b8_1032_15274769@N00.jpg,-2.166697,34.139313,-24.03141212463379,31.293182373046875,0.0714016705751419,2450.435973254994,2,117,0.45703125,-24.03141212463379,31.293182373046875,0.1600840836763382,2450.435973254994,0.0,
127865347_3ef9196bc8_54_42485416@N00.jpg,40.771636,-73.973693,40.77010726928711,-73.97382354736328,0.010235602036118507,0.17034245371030957,3,111,0.43359375,40.77010726928711,-73.97382354736328,0.007424576207995415,0.17034245371030957,0.0,
1278816041_3bce7c47eb_1335_98545448@N00.jpg,51.6825,-1.786333,51.3968505859375,-3.3475680351257324,0.10383114963769913,112.54774966943845,1,128,0.5,52.34876251220703,4.713305950164795,0.06101042404770851,450.76701187849756,-338.21926220905914,
1279376988_04a72ed7d8_1132_98545448@N00.jpg,51.680333,-1.781166,-25.93180274963379,28.01539421081543,0.07292117178440094,9107.473134614054,1,96,0.375,51.71054458618164,0.430869996547699,0.09955155104398727,152.49204426928887,8954.981090344765,
1279408183_4544a317f4_1149_11786349@N08.jpg,41.01912,28.9891,41.04898452758789,29.029966354370117,0.026226041838526726,4.772523467074051,1,63,0.24609375,35.28499984741211,139.6931610107422,0.07186168432235718,8974.924971164914,-8970.15244769784,
1279669510_d92c94851b_1012_11786349@N08.jpg,41.01912,28.9891,41.0064582824707,28.977642059326172,0.01835370808839798,1.7048345453243003,5,21,0.08203125,41.0064582824707,28.977642059326172,0.01730993203818798,1.7048345453243003,0.0,
1279824162_213c13300d_1393_98545448@N00.jpg,51.6825,-1.786333,53.167457580566406,-0.5338659882545471,0.047475967556238174,185.67269386818634,1,80,0.3125,52.165138244628906,-0.14874400198459625,0.0836140364408493,124.45854965022679,61.21414421795956,
128000926_362e21360f_51_42485416@N00.jpg,49.299123,-123.120861,49.30066680908203,-123.13133239746094,0.0580582432448864,0.7784476838150184,0,0,0.0,49.30066680908203,-123.13133239746094,0.0580582432448864,0.7784476838150184,0.0,
128003004_89a8cb6880_44_42485416@N00.jpg,48.421155,-123.369963,48.42188262939453,-123.36963653564453,0.041307684034109116,0.0844193013774485,5,210,0.8203125,48.42188262939453,-123.36963653564453,0.038295578211545944,0.0844193013774485,0.0,
128003524_7ce27fb463_54_42485416@N00.jpg,49.014624,-125.661964,44.26929473876953,-124.10542297363281,0.006479339208453894,540.8389474057348,1,256,1.0,19.2884464263916,-99.35415649414062,0.010448449291288853,4054.0057398649387,-3513.166792459204,
1280299112_9d7c5e33e1_1149_11786349@N08.jpg,41.01912,28.9891,41.046409606933594,29.033945083618164,0.06816677749156952,4.832918112614374,1,6,0.0234375,41.13364791870117,29.075918197631836,0.0650966465473175,14.667591224180114,-9.83467311156574,
1280339902_00ad0870a9_1255_11786349@N08.jpg,41.01912,28.9891,30.454710006713867,78.07373809814453,0.009267446584999561,4520.825786257705,8,242,0.9453125,31.1143856048584,77.16058349609375,0.01153985969722271,4409.129699639589,111.69608661811617,
1280379538_93cd5dbe87_1208_11786349@N08.jpg,41.01912,28.9891,33.10592269897461,35.822811126708984,0.05108373612165451,1067.788033932141,8,191,0.74609375,24.07248306274414,52.66674041748047,0.03066873364150524,2894.0809218998565,-1826.2928879677156,
128191361_f5564bdb12_50_43616936@N00.jpg,35.13751,-120.643551,32.847862243652344,-117.27699279785156,0.06853985041379929,401.3876716922663,1,128,0.5,36.49568176269531,-4.9603800773620605,0.01756342314183712,9641.70853050069,-9240.320858808424,
128197335_d4c2d76e1a_53_43616936@N00.jpg,33.344116,-118.328204,33.34027862548828,-118.333740234375,0.14098240435123444,0.6682439039483942,0,0,0.0,33.34027862548828,-118.333740234375,0.14098240435123444,0.6682439039483942,0.0,
128197528_92352e972e_51_43616936@N00.jpg,33.344116,-118.328204,36.61868667602539,-121.90255737304688,0.026026349514722824,488.4092025632879,2,12,0.046875,36.61868667602539,-121.90255737304688,0.007884666323661804,488.4092025632879,0.0,
128198321_3e7ce3be40_1_43616936@N00.jpg,33.344116,-118.328204,33.1051025390625,-116.60016632080078,0.022013414651155472,162.91876127626202,3,150,0.5859375,34.64909744262695,-114.08134460449219,0.11588813364505768,417.4927266808914,-254.57396540462938,
128242206_5c2c7c805f_56_90833046@N00.jpg,59.916168,10.737628,60.42375183105469,7.128859043121338,0.01922556571662426,207.4028583023588,2,256,1.0,60.42375183105469,7.128859043121338,0.011928192339837551,207.4028583023588,0.0,
1285219328_b446b6a044_1308_70323761@N00.jpg,40.764677,-73.97365,40.75566864013672,-73.98431396484375,0.003393123159185052,1.3453920255541234,4,138,0.5390625,40.7757568359375,-73.97499084472656,0.0046346597373485565,1.2371867640645244,0.10820526148959897,
1286567787_c041916e0a_1075_77235581@N00.jpg,58.20312,-6.379559,69.32088470458984,16.124345779418945,0.00647508492693305,1639.6662083942883,0,0,0.0,69.32088470458984,16.124345779418945,0.00647508492693305,1639.6662083942883,0.0,
1286612727_a76207e86d_1277_77235581@N00.jpg,58.313501,-6.739253,51.586116790771484,-10.224281311035156,0.1565745770931244,780.1894670315971,0,0,0.0,51.586116790771484,-10.224281311035156,0.1565745770931244,780.1894670315971,0.0,
1287131609_caa54f3402_1246_11786349@N08.jpg,43.539962,5.632724,43.53212356567383,5.574016094207764,0.2180480808019638,4.812031624342583,0,0,0.0,43.53212356567383,5.574016094207764,0.2180480808019638,4.812031624342583,0.0,
1287254325_d7877fc5c8_1258_11786349@N08.jpg,43.52926,5.448789,43.3447151184082,3.212620973587036,0.03707706928253174,181.7098073947698,2,24,0.09375,48.81440734863281,2.105052947998047,0.02469351701438427,641.4470347170748,-459.737227322305,
1287545391_2d4b5ae8a3_1229_11786349@N08.jpg,22.231904,31.440124,29.97623634338379,31.13227081298828,0.0462501160800457,861.6787100977903,5,17,0.06640625,29.467697143554688,30.404834747314453,0.19781799614429474,811.2120627494156,50.466647348374636,
1287803509_d45ce0c9c0_1023_11786349@N08.jpg,24.079536,32.879676,24.10163116455078,32.882938385009766,0.14262476563453674,2.4790922131358935,1,2,0.0078125,24.371179580688477,32.925167083740234,0.08426851034164429,32.755772609680534,-30.27668039654464,
1288127209_be2c0b579b_1229_11786349@N08.jpg,25.715554,32.657375,26.1417236328125,32.66930389404297,0.06828683614730835,47.40297885422971,8,65,0.25390625,26.1417236328125,32.66930389404297,0.05571799352765083,47.40297885422971,0.0,
1288513797_921fc7f215_1191_11786349@N08.jpg,30.050447,31.235675,31.95070457458496,35.92700958251953,0.03641051799058914,494.48464106817596,3,108,0.421875,25.2667236328125,55.29774475097656,0.01882050558924675,2423.8641881172603,-1929.3795470490843,
1288818896_b0267a3878_1228_11786349@N08.jpg,25.697225,32.637462,25.69892692565918,32.64235305786133,0.08856479823589325,0.5253395713739986,0,0,0.0,25.69892692565918,32.64235305786133,0.08856479823589325,0.5253395713739986,0.0,
1289028189_89ca47a3e1_1286_40279823@N00.jpg,37.059286,15.293301,39.21651077270508,9.112635612487793,0.0233614481985569,591.2060735204608,2,96,0.375,38.082000732421875,13.292201042175293,0.020838094875216484,209.84083488113217,381.3652386393286,
1289098928_abb8d00a78_1388_11786349@N08.jpg,25.715554,32.657375,26.549222946166992,32.34375,0.07369105517864227,97.84413918444974,5,35,0.13671875,25.730632781982422,32.59986877441406,0.048507366329431534,5.999780788909076,91.84435839554067,
1289245500_e863099269_1081_11786349@N08.jpg,25.697225,32.637462,29.272554397583008,30.02693748474121,0.09461064636707306,473.630153918631,3,156,0.609375,20.86153793334961,-17.034130096435547,0.021078620105981827,5073.316739225042,-4599.686585306411,
1289357310_26a2f53437_1001_11786349@N08.jpg,30.050447,31.235675,31.732839584350586,-7.993927001953125,0.016116810962557793,3727.81169047056,2,90,0.3515625,28.371614456176758,-81.55072784423828,0.021430768072605133,10370.993404163197,-6643.181713692637,
1289716380_697417ac40_1382_11786349@N08.jpg,25.710759,32.63832,26.616500854492188,29.84670066833496,0.25313979387283325,296.2438322094016,0,0,0.0,26.616500854492188,29.84670066833496,0.25313979387283325,296.2438322094016,0.0,
1289737112_0d52702257_1110_11786349@N08.jpg,25.754135,32.619781,25.741920471191406,32.603302001953125,0.08792969584465027,2.137448675137305,3,54,0.2109375,31.317903518676758,35.35276794433594,0.03012220561504364,673.7302590053552,-671.5928103302178,
1292236241_522bdec086_1335_15274769@N00.jpg,-3.349213,36.687213,-12.431212425231934,40.60752868652344,0.0471760630607605,1098.1236015562456,5,188,0.734375,-12.431212425231934,40.60752868652344,0.04965232312679291,1098.1236015562456,0.0,
1293116004_cb46fbfe39_1336_15274769@N00.jpg,-5.953541,38.796152,-7.7086100578308105,38.15491485595703,0.03151465207338333,207.59862948964224,2,45,0.17578125,-7.7086100578308105,38.15491485595703,0.2538949251174927,207.59862948964224,0.0,
1293505189_072a3104de_1427_97522422@N00.jpg,40.372182,49.834842,40.39990234375,49.86419677734375,0.017889535054564476,3.9601080805793982,5,256,1.0,40.39990234375,49.86419677734375,0.07760311663150787,3.9601080805793982,0.0,
1294140133_277c0f6eb6_1350_26519935@N00.jpg,22.309157,114.244068,22.274124145507812,114.14554595947266,0.044900547713041306,10.85919107503818,0,0,0.0,22.274124145507812,114.14554595947266,0.044900547713041306,10.85919107503818,0.0,
129432720_8054659c71_1_69212252@N00.jpg,41.87691,-87.627553,41.881919860839844,-87.63673400878906,0.009723109193146229,0.9423804687652553,0,0,0.0,41.881919860839844,-87.63673400878906,0.009723109193146229,0.9423804687652553,0.0,
129509096_0a9e9e9b0f_1_42485416@N00.jpg,48.861326,2.346954,48.86069107055664,2.351567029953003,0.008235722780227661,0.34476734127946024,8,51,0.19921875,52.079833984375,4.315694808959961,0.01783115416765213,384.0113896832664,-383.6666223419869,
1296438631_17517c359d_1035_43935788@N00.jpg,38.461519,-82.645082,45.12464904785156,1.7239789962768555,0.009809788316488266,6708.5914409372745,1,72,0.28125,46.342857360839844,-72.5821533203125,0.009635728783905506,1202.5628911552699,5506.028549782004,
1297522299_1d487977b3_1008_85417391@N00.jpg,41.823005,-72.443321,45.72907257080078,-65.30994415283203,0.03524493798613548,718.3201011572835,0,0,0.0,45.72907257080078,-65.30994415283203,0.03524493798613548,718.3201011572835,0.0,
1300123632_36361364c9_1048_50435419@N00.jpg,43.036713,-88.241887,43.37904739379883,-84.66157531738281,0.015849927440285683,292.637073953906,1,66,0.2578125,28.051359176635742,-82.40715789794922,0.009854858741164207,1746.7427741084152,-1454.1057001545091,
1300383440_e445726635_1185_50435419@N00.jpg,43.036713,-88.241887,37.98043441772461,-90.04399108886719,0.013200565241277218,582.4682965300736,4,248,0.96875,37.98043441772461,-90.04399108886719,0.012223457917571068,582.4682965300736,0.0,
1301398204_91d2c72016_1205_65768710@N00.jpg,48.854875,2.347383,48.861854553222656,2.3366010189056396,0.007050798274576664,1.1065719667598672,1,224,0.875,48.86154556274414,2.3366758823394775,0.00683171208947897,1.078770319188181,0.02780164757168624,
130155278_0295cc4bc0_55_42485416@N00.jpg,23.163956,-81.232738,-12.5745849609375,-38.00016403198242,0.044020410627126694,6157.938427677922,2,11,0.04296875,18.734682083129883,-68.4659194946289,0.014882010407745838,1413.5178622157391,4744.420565462183,
1301640818_ae2a23eaef_1243_65768710@N00.jpg,48.854875,2.347383,48.874000549316406,2.2958199977874756,0.02747410349547863,4.330012387907502,3,26,0.1015625,48.86687088012695,2.3117380142211914,0.008009158074855804,2.9289417628610743,1.4010706250464273,
130197022_8d06261ba7_55_42485416@N00.jpg,43.082712,-79.073882,43.08286666870117,-79.0744400024414,0.03442171961069107,0.0484709589969044,1,8,0.03125,43.080875396728516,-79.07840728759766,0.040614329278469086,0.4204483492720348,-0.3719773902751304,
130197353_352e2cc286_48_42485416@N00.jpg,45.499052,-73.552093,40.868675231933594,-124.08658599853516,0.008390877395868301,4061.4219737552944,13,194,0.7578125,41.410804748535156,-0.4555889964103699,0.020253146067261696,5709.376173869994,-1647.9542001146997,
1302320269_fc6a307a57_1414_56249023@N00.jpg,-13.529938,-71.952724,-13.516125679016113,-71.97870635986328,0.055343836545944214,3.20147245535682,0,0,0.0,-13.516125679016113,-71.97870635986328,0.055343836545944214,3.20147245535682,0.0,
130255570_f299828f32_54_66516604@N00.jpg,53.127204,-3.98735,53.11772537231445,-4.024428844451904,0.09234826266765594,2.689365057406351,1,15,0.05859375,53.117618560791016,-4.101290225982666,0.09523345530033112,7.677460804994484,-4.988095747588133,
1303164579_aaaa55aaba_1288_43935788@N00.jpg,38.461519,-82.645082,26.550758361816406,-82.19953155517578,0.0007612091139890254,1325.071581643083,2,256,1.0,26.550758361816406,-82.19953155517578,0.0012601680355146527,1325.071581643083,0.0,
1303949077_23dbb49738_1348_11786349@N08.jpg,-34.620424,-58.369674,-34.6085205078125,-58.373538970947266,0.013647186569869518,1.370051964235969,12,189,0.73828125,-31.409912109375,-64.193115234375,0.006505095399916172,649.6295606903993,-648.2595087261634,
1304384259_3856ef14e7_1137_11786349@N08.jpg,-34.620424,-58.369674,32.07533264160156,-81.09333038330078,0.031006978824734688,7787.26906882538,1,32,0.125,38.80520248413086,-77.04419708251953,0.0017529282486066222,8387.875634554966,-600.6065657295867,
1304568210_41d6110f20_1295_11786349@N08.jpg,-50.396481,-73.031272,-50.24225997924805,-73.32731628417969,0.08677134662866592,27.126812968847002,0,0,0.0,-50.24225997924805,-73.32731628417969,0.08677134662866592,27.126812968847002,0.0,
1304739833_3ea33bdd0a_1429_11786349@N08.jpg,-50.396481,-73.031272,-50.20503234863281,-73.28567504882812,0.046143434941768646,27.922874709340423,1,120,0.46875,-43.96952819824219,170.4452362060547,0.02707592397928238,7864.692429745939,-7836.769555036599,
1304783312_333b198c30_1162_11786349@N08.jpg,-50.396481,-73.031272,-50.23798370361328,-73.33545684814453,0.058174245059490204,27.875989176146817,0,0,0.0,-50.23798370361328,-73.33545684814453,0.058174245059490204,27.875989176146817,0.0,
1305586742_609f59f844_1431_11786349@N08.jpg,-50.396481,-73.031272,-49.530555725097656,-72.29965209960938,0.058683477342128754,109.58770603140073,0,0,0.0,-49.530555725097656,-72.29965209960938,0.058683477342128754,109.58770603140073,0.0,
130646873_5571a97011_49_18684820@N00.jpg,37.445255,-122.162904,25.790830612182617,-80.13318634033203,0.007730770856142044,4147.057581635144,1,192,0.75,45.22758865356445,13.594508171081543,0.008215180598199368,9809.71814946783,-5662.660567832686,
130650021_49c1fb0df2_52_18684820@N00.jpg,37.445255,-122.162904,37.78725814819336,-122.40735626220703,0.0020433280151337385,43.70125203737889,3,64,0.25,40.77153778076172,-73.98294830322266,0.0016497852047905326,4121.251147510881,-4077.5498954735026,
1315394026_64f26cee38_1312_89904893@N00.jpg,50.622404,-2.275586,50.62232208251953,-2.2756290435791016,0.147171288728714,0.009601619731424637,0,0,0.0,50.62232208251953,-2.2756290435791016,0.147171288728714,0.009601619731424637,0.0,
1319266947_876ba5b28e_1380_79039156@N00.jpg,40.706148,17.33591,38.56757354736328,-7.90943717956543,0.023720256984233856,2167.3093066902966,1,224,0.875,38.56757354736328,-7.90943717956543,0.032944269478321075,2167.3093066902966,0.0,
1323238107_eee7142781_1400_11786349@N08.jpg,-42.504502,-63.619937,36.618385314941406,-121.90206146240234,0.022913724184036255,10594.043514796862,1,66,0.2578125,36.61868667602539,-121.90255737304688,0.016044294461607933,10594.097417906465,-0.05390310960319766,
1324546426_7a13887c58_1216_11786349@N08.jpg,-41.144535,-71.304702,45.8194580078125,4.622413158416748,0.006815777625888586,12246.529869170794,1,256,1.0,43.030250549316406,0.5742070078849792,0.0030817000661045313,11800.814808659903,445.7150605108909,
1324644192_426f256077_1203_11786349@N08.jpg,-41.144535,-71.304702,-32.8907585144043,-68.83878326416016,0.0065821330063045025,943.4105860751172,8,88,0.34375,36.116737365722656,-115.17447662353516,0.008593481965363026,9684.20973920414,-8740.799153129023,
1324660448_c996c595db_1082_11786349@N08.jpg,-41.144535,-71.304702,44.6878776550293,7.061976909637451,0.03606829047203064,12317.974502799141,0,0,0.0,44.6878776550293,7.061976909637451,0.03606829047203064,12317.974502799141,0.0,
1329253238_3b1b76a747_1288_79039156@N00.jpg,41.890361,12.490167,41.89043045043945,12.489148139953613,0.012842290103435516,0.08469022068271005,1,32,0.125,41.10832977294922,28.9764404296875,0.00956475269049406,1373.6250624210982,-1373.5403722004155,
1332338678_42c42655de_1222_11786349@N08.jpg,-32.897533,-68.833808,41.5836067199707,1.6197960376739502,0.08789954334497452,10969.1689332535,11,110,0.4296875,41.58126449584961,1.6163309812545776,0.038000307977199554,10968.782124917469,0.38680833603211795,
1332717371_0b5251f838_1350_9729483@N02.jpg,42.490857,-96.416632,38.494285583496094,-77.31317138671875,0.0021840000990778208,1671.383965040311,1,75,0.29296875,40.689971923828125,-74.04685974121094,0.005343785975128412,1865.6289520340677,-194.24498699375658,
1333624324_f23b38fb53_1340_9729483@N02.jpg,42.307252,-96.320722,38.7142219543457,-90.47830963134766,0.02249322272837162,635.0050996346995,0,0,0.0,38.7142219543457,-90.47830963134766,0.02249322272837162,635.0050996346995,0.0,
1333746673_49d86db2c7_1246_79039156@N00.jpg,40.786195,17.236969,40.785560607910156,17.235231399536133,0.42577430605888367,0.16241137455492793,1,25,0.09765625,40.785560607910156,17.235231399536133,0.04821222648024559,0.16241137455492793,0.0,
1333791140_ef6f8d0ee4_1102_9729483@N02.jpg,41.010135,-96.303019,36.21958923339844,-95.9055404663086,0.04453660175204277,533.8014829669909,4,217,0.84765625,51.85016632080078,-0.5447030067443848,0.02629834972321987,6895.615765583934,-6361.814282616943,
1334591019_5959ffbbf2_1061_50994135@N00.jpg,56.528536,-6.784744,53.3009033203125,-8.741600036621094,0.005956678185611963,380.0256170680402,1,256,1.0,53.3009033203125,-8.741600036621094,0.013783063739538193,380.0256170680402,0.0,
1335712671_b5eed6419b_1076_99437479@N00.jpg,37.323826,26.542775,28.38924217224121,-16.52298355102539,0.0392802469432354,4106.360999095432,4,122,0.4765625,35.17001724243164,-5.261936187744141,0.0069626010954380035,2848.7246169122827,1257.6363821831492,
1339265654_2c0b13ea09_1201_93455345@N00.jpg,34.691944,135.466918,35.67179870605469,139.76702880859375,0.004754889756441116,405.66911094202686,3,58,0.2265625,-36.63316345214844,174.375,0.004881988279521465,8894.484456528708,-8488.815345586681,
1339284664_c26d7fcee3_1016_93455345@N00.jpg,34.691944,135.466918,35.278385162353516,139.66201782226562,0.005563256796449423,387.674254853574,3,256,1.0,26.219083786010742,127.68563842773438,0.004904166329652071,1200.6842345732964,-813.0099797197224,
1342064999_3bd9ab7c28_1075_11786349@N08.jpg,-32.897533,-68.833808,40.85017776489258,17.12026023864746,0.007793075405061245,12018.641777848963,5,124,0.484375,-32.84912109375,-68.81562042236328,0.012645641341805458,5.644775136743289,12012.99700271222,
1342605412_be16a333a3_1259_50994135@N00.jpg,56.413569,-5.443983,56.282833099365234,-4.609167098999023,0.024942627176642418,53.454096747496976,1,144,0.5625,56.10432052612305,-4.90144681930542,0.04356718435883522,48.01286837424156,5.441228373255413,
1342950510_55358a1b9d_1121_11786349@N08.jpg,-32.897533,-68.833808,-32.84912109375,-68.81562042236328,0.010657777078449726,5.644775136743289,8,208,0.8125,41.805870056152344,12.323141098022461,0.009574317373335361,11721.876074969221,-11716.231299832478,
1343085868_18861e2149_1078_11786349@N08.jpg,-32.897533,-68.833808,-33.670066833496094,-69.13764953613281,0.025504693388938904,90.42575853337057,1,256,1.0,37.05093002319336,-2.4142448902130127,0.030321849510073662,10384.828198027255,-10294.402439493884,
134325491_70d249d150_55_84498284@N00.jpg,41.893205,12.485167,41.8990592956543,12.476778030395508,0.004773060791194439,0.9517748270853058,2,150,0.5859375,41.902099609375,12.455599784851074,0.007685036398470402,2.6394896773232825,-1.6877148502379766,
1343470355_1f5abc0196_1166_11786349@N08.jpg,-31.397897,-64.182472,20.745241165161133,-99.95196533203125,0.0246975589543581,6939.800968030237,0,0,0.0,20.745241165161133,-99.95196533203125,0.0246975589543581,6939.800968030237,0.0,
1344037949_1a3665ad3d_1394_11786349@N08.jpg,-25.277996,-65.476112,30.558713912963867,-8.646240234375,0.07743960618972778,8666.637354953069,0,0,0.0,30.558713912963867,-8.646240234375,0.07743960618972778,8666.637354953069,0.0,
1344160892_7ba880a020_1239_11786349@N08.jpg,-33.639847,-69.875621,-16.362308502197266,-68.2470703125,0.04582228511571884,1928.086681645399,3,120,0.46875,-31.94269371032715,-70.61016082763672,0.061372533440589905,200.81595648010753,1727.2707251652914,
1344177554_4e5a0f7431_1322_11786349@N08.jpg,-33.639847,-69.875621,29.015832901000977,87.4941635131836,0.06172267347574234,17809.893489443606,0,0,0.0,29.015832901000977,87.4941635131836,0.06172267347574234,17809.893489443606,0.0,
1344281668_415cb41e7d_1142_11786349@N08.jpg,-31.397897,-64.182472,-24.787357330322266,-65.40779113769531,0.021902645006775856,744.8020142641948,2,26,0.1015625,46.48445510864258,30.736173629760742,0.006493381690233946,12826.724077862635,-12081.92206359844,
1345358029_1664cc187f_1318_11786349@N08.jpg,-31.397897,-64.182472,20.675886154174805,-103.34750366210938,0.006450613960623741,7138.758874340764,5,185,0.72265625,18.466989517211914,-66.11621856689453,0.005096786189824343,5548.571260169044,1590.1876141717203,
1345873903_1690ffacbe_1374_11786349@N08.jpg,-24.787124,-65.414314,-25.713619232177734,-66.00208282470703,0.1113269031047821,118.77543532768067,0,0,0.0,-25.713619232177734,-66.00208282470703,0.1113269031047821,118.77543532768067,0.0,
1346676982_dc8e17dcdb_1213_11786349@N08.jpg,-24.787124,-65.414314,20.96710968017578,-89.62380981445312,0.019687341526150703,5721.135918291684,0,0,0.0,20.96710968017578,-89.62380981445312,0.019687341526150703,5721.135918291684,0.0,
1346831653_d9079cd9a8_1198_11786349@N08.jpg,-20.457333,-66.913604,29.0908260345459,83.4148941040039,0.05526530370116234,16879.55550673398,0,0,0.0,29.0908260345459,83.4148941040039,0.05526530370116234,16879.55550673398,0.0,
1347168398_11ddf283c6_1331_65768710@N00.jpg,-33.870344,151.225433,-33.871315002441406,151.208251953125,0.010066556744277477,1.5899078816213998,1,3,0.01171875,48.87016677856445,2.7791659832000732,0.0015220807399600744,16932.070094692874,-16930.48018681125,
1347352507_c957183767_1146_11786349@N08.jpg,-20.457333,-66.913604,-23.72186851501465,-67.8350830078125,0.18833503127098083,375.2061646297425,0,0,0.0,-23.72186851501465,-67.8350830078125,0.18833503127098083,375.2061646297425,0.0,
134738204_382d178c4c_48_96155869@N00.jpg,47.50375,19.058532,50.22936248779297,12.874387741088867,0.022560948505997658,544.211745626531,0,0,0.0,50.22936248779297,12.874387741088867,0.022560948505997658,544.211745626531,0.0,
134738205_31d6fe2300_46_96155869@N00.jpg,47.50375,19.058532,50.061187744140625,19.937368392944336,0.023187922313809395,291.5675654803185,1,192,0.75,50.059749603271484,19.9377498626709,0.021214472129940987,291.41798114046964,0.14958433984884323,
134742472_c48a79fb05_46_96155869@N00.jpg,47.50375,19.058532,45.6507682800293,13.769989013671875,0.00961513351649046,453.56664606247693,3,34,0.1328125,45.40696334838867,11.87549877166748,0.0019716229289770126,597.3134049498334,-143.74675888735646,
134748098_708f26d4a9_45_96155869@N00.jpg,47.50375,19.058532,48.2282829284668,15.332976341247559,0.0033268886618316174,289.3231780195772,1,192,0.75,48.2282829284668,15.332976341247559,0.005703156813979149,289.3231780195772,0.0,
134748100_f424b8bf3f_49_96155869@N00.jpg,47.50375,19.058532,42.267921447753906,2.9596080780029297,0.0016352439997717738,1392.074569558539,3,208,0.8125,42.267921447753906,2.9596080780029297,0.00418375339359045,1392.074569558539,0.0,
134748101_56f256634f_47_96155869@N00.jpg,47.50375,19.058532,47.48986053466797,19.0478458404541,0.01732807606458664,1.7406355124296389,0,0,0.0,47.48986053466797,19.0478458404541,0.01732807606458664,1.7406355124296389,0.0,
134750510_02dcff4328_46_96155869@N00.jpg,47.50375,19.058532,47.499080657958984,19.04314613342285,0.01737160235643387,1.2670551679285762,0,0,0.0,47.499080657958984,19.04314613342285,0.01737160235643387,1.2670551679285762,0.0,
1347600659_88c757afc0_1063_50994135@N00.jpg,56.338046,-6.389579,49.98611068725586,20.3759765625,0.013990622013807297,1903.97477446429,1,110,0.4296875,48.286903381347656,18.986434936523438,0.012706424109637737,1928.0330140478527,-24.05823958356268,
1347659436_1670d13f50_1122_11786349@N08.jpg,-20.457333,-66.913604,-23.72186851501465,-67.8350830078125,0.32853150367736816,375.2061646297425,1,6,0.0234375,-23.72186851501465,-67.8350830078125,0.1426246166229248,375.2061646297425,0.0,
1348254806_9773623620_1041_11786349@N08.jpg,-20.457333,-66.913604,-19.90106201171875,-67.62645721435547,0.1794610619544983,96.75395066045091,1,84,0.328125,-21.176727294921875,-67.76641845703125,0.151626318693161,119.39635358995226,-22.642402929501344,
1350713510_bede33fc72_1354_50994135@N00.jpg,56.412977,-5.471329,55.80099105834961,-6.079902172088623,0.055485423654317856,77.81174984642026,2,78,0.3046875,51.339900970458984,-3.1085000038146973,0.006416543386876583,584.8885937076763,-507.076843861256,
135114980_3c12a84ca9_48_70323761@N00.jpg,37.97136,23.727797,37.64291763305664,21.626672744750977,0.021566612645983696,188.1634470467551,4,192,0.75,37.64291763305664,21.626672744750977,0.02401473931968212,188.1634470467551,0.0,
1352223289_07789b3625_1335_24311489@N00.jpg,41.883333,-87.6278,41.882022857666016,-87.6260986328125,0.007708296645432711,0.20263692601492664,7,181,0.70703125,34.148441314697266,-118.0020751953125,0.009007731452584267,2779.5395376906213,-2779.3369007646065,
1352605866_c9492f7724_1205_50994135@N00.jpg,56.952932,-7.483749,57.04586410522461,-7.451648235321045,0.16395802795886993,10.514876500017374,0,0,0.0,57.04586410522461,-7.451648235321045,0.16395802795886993,10.514876500017374,0.0,
1353805528_ef062711aa_1115_15376845@N00.jpg,41.482605,-73.137016,42.240081787109375,-83.52192687988281,0.19944076240062714,863.5854266591191,1,112,0.4375,42.240081787109375,-83.52192687988281,0.16612672805786133,863.5854266591191,0.0,
1353839770_690cc854a8_1267_15376845@N00.jpg,41.482605,-73.137016,52.641082763671875,-2.3105618953704834,0.03778787702322006,5279.910386441209,1,240,0.9375,50.696781158447266,-2.2394940853118896,0.057021867483854294,5348.265903211285,-68.35551677007606,
1355206888_39136773a2_1173_44067110@N00.jpg,52.372536,4.89195,52.3755989074707,4.897263050079346,0.006162834353744984,0.4960669303467676,2,157,0.61328125,52.37696075439453,4.90144681930542,0.006540103815495968,0.8109804272335951,-0.3149134968868275,
1356370638_0426ac7dcb_1264_23437487@N00.jpg,18.469468,-66.119842,18.466989517211914,-66.11621856689453,0.06212104484438896,0.47116595801411165,1,192,0.75,18.465972900390625,-66.11834716796875,0.05296729877591133,0.419398957510555,0.05176700050355665,
136130181_62907d33f2_50_18684820@N00.jpg,37.377898,-122.117757,-24.1931095123291,-65.29981231689453,0.003571936162188649,9061.631870161933,2,256,1.0,20.742778778076172,-89.40552520751953,0.009807953611016273,3650.5451229670434,5411.0867471948895,
136353845_74031b3ca1_44_70323761@N00.jpg,38.881896,-77.041046,38.88222885131836,-77.03679656982422,0.021912967786192894,0.3696824051619527,0,0,0.0,38.88222885131836,-77.03679656982422,0.021912967786192894,0.3696824051619527,0.0,
136353947_c262689bc0_46_70323761@N00.jpg,38.887984,-77.048041,38.890010833740234,-77.0496597290039,0.013651333749294281,0.2653710611844736,4,122,0.4765625,38.87670135498047,-77.06616973876953,0.041425395756959915,2.009060698703188,-1.7436896375187145,
136358852_1838d2bb1f_38_70323761@N00.jpg,36.412303,25.42983,36.421817779541016,25.429058074951172,0.05402756109833717,1.0602490017855069,1,108,0.421875,36.41929626464844,25.428537368774414,0.07299917191267014,0.7861720741494855,0.2740769276360213,
136391842_68f06d661b_50_40279823@N00.jpg,39.145671,8.307573,-38.002723693847656,-57.5408935546875,0.0031183422543108463,10893.746867967611,8,204,0.796875,23.62574005126953,-101.95625305175781,0.007569954264909029,9963.551217293942,930.1956506736697,
136609024_18c1c8dcb5_50_69212252@N00.jpg,41.948702,-87.655727,40.82923889160156,-73.9278793334961,0.06242365017533302,1150.7066349330526,10,97,0.37890625,41.82892608642578,-87.63045501708984,0.028158152475953102,13.481786819952948,1137.2248481130996,
136609298_840a239a07_47_69212252@N00.jpg,41.948702,-87.655727,41.94831848144531,-87.6556625366211,0.0446917898952961,0.04297731487193417,0,0,0.0,41.94831848144531,-87.6556625366211,0.0446917898952961,0.04297731487193417,0.0,
1367552397_bcb665cd04_1204_98545448@N00.jpg,28.41048,-16.55688,1.2564610242843628,103.82135772705078,0.007400724571198225,12869.519384563937,0,0,0.0,1.2564610242843628,103.82135772705078,0.007400724571198225,12869.519384563937,0.0,
1368606694_ab937b7b68_1026_98545448@N00.jpg,28.41176,-16.5357,28.417522430419922,-16.547834396362305,0.12538638710975647,1.3486660791356455,0,0,0.0,28.417522430419922,-16.547834396362305,0.12538638710975647,1.3486660791356455,0.0,
137043228_107fdc2e3e_49_63163416@N00.jpg,39.497616,33.253641,40.94126510620117,45.07347106933594,0.08621418476104736,1015.5151096900114,0,0,0.0,40.94126510620117,45.07347106933594,0.08621418476104736,1015.5151096900114,0.0,
1370960903_9d221ee27f_1110_23601949@N00.jpg,50.840595,4.3932,51.21697235107422,4.421224117279053,0.019959095865488052,41.897171840568,1,28,0.109375,39.770084381103516,-86.15701293945312,0.0033736799377948046,6735.055856273508,-6693.1586844329395,
137150404_f96a58534c_53_18684820@N00.jpg,37.809783,-122.279205,42.131439208984375,-83.1417236328125,0.028736259788274765,3340.011687809322,1,96,0.375,46.27806854248047,6.166461944580078,0.01100247073918581,9346.795327890772,-6006.783640081449,
137150643_a4a92b8528_52_18684820@N00.jpg,37.809783,-122.279205,33.760650634765625,-118.19469451904297,0.02646881900727749,581.63537171681,0,0,0.0,33.760650634765625,-118.19469451904297,0.02646881900727749,581.63537171681,0.0,
1371736638_5ac4bdff89_1278_23601949@N00.jpg,50.837302,4.350435,51.05397415161133,3.723026990890503,0.007896236144006252,50.125353782242705,1,176,0.6875,50.84846878051758,4.353772163391113,0.010232350789010525,1.2636061578909885,48.861747624351715,
1375948742_e589d9e742_1191_9729483@N02.jpg,38.077495,-97.92906,41.59766387939453,-93.55296325683594,0.08329487591981888,540.9799135079968,9,67,0.26171875,42.95035934448242,-100.7520523071289,0.15367941558361053,591.9675240373826,-50.98761052938585,
138375662_7c0781d232_56_23601949@N00.jpg,35.914309,-79.049334,49.516292572021484,31.956138610839844,0.014479250647127628,8347.255227836724,5,256,1.0,49.516292572021484,31.956138610839844,0.04037345573306084,8347.255227836724,0.0,
1384168949_239862d371_1155_70323761@N00.jpg,48.854846,2.316248,43.36250305175781,-5.84747314453125,0.00259777600876987,876.0271873849528,0,0,0.0,43.36250305175781,-5.84747314453125,0.00259777600876987,876.0271873849528,0.0,
1385529714_d911cf7771_1213_50517642@N00.jpg,34.040098,-118.270343,-33.91740036010742,151.23049926757812,0.00827470701187849,12071.639082033136,4,126,0.4921875,52.324378967285156,9.807926177978516,0.00493424478918314,9172.489552595069,2899.1495294380675,
1386768513_361870386f_1152_70323761@N00.jpg,48.852863,2.339122,48.85531997680664,2.3450980186462402,0.004646210465580225,0.5155675503330507,6,65,0.25390625,51.20903396606445,3.224358081817627,0.007194289471954107,269.5113500882531,-268.99578253792004,
1387040884_345294c41e_1154_70323761@N00.jpg,48.855334,2.315862,48.86101531982422,2.3356239795684814,0.006843621842563152,1.5777437448347067,1,208,0.8125,48.86101531982422,2.3356239795684814,0.0062804194167256355,1.5777437448347067,0.0,
1388076875_5eb2f52dba_1218_74196805@N00.jpg,51.480941,-3.182559,49.192298889160156,-2.100554943084717,0.01817278377711773,265.81174432396097,3,165,0.64453125,49.192298889160156,-2.100554943084717,0.014061636291444302,265.81174432396097,0.0,
1388999682_0dc47349fe_1001_50435419@N00.jpg,39.946364,-87.059569,38.14886474609375,-90.53768920898438,0.045631371438503265,360.73758302804015,1,9,0.03515625,-25.092439651489258,-54.5855712890625,0.0010257265530526638,7976.385307799877,-7615.647724771838,
1389099936_4f28149d3b_1012_70323761@N00.jpg,48.844775,2.352393,43.20746612548828,2.36240291595459,0.003951523918658495,626.8414873840319,3,105,0.41015625,48.167137145996094,7.296937942504883,0.07354262471199036,371.91102305255305,254.93046433147884,
139128782_dc4e0e1b44_55_82927779@N00.jpg,-28.652783,20.446243,-35.02164840698242,138.7124786376953,0.017215970903635025,10422.93461925325,2,256,1.0,33.744571685791016,-116.71297454833984,0.021021082997322083,15930.301959179049,-5507.367339925799,
139129008_0d0fdae5b0_44_82927779@N00.jpg,-28.674172,20.527095,-24.31424903869629,18.004016876220703,0.14813217520713806,545.9157303279806,0,0,0.0,-24.31424903869629,18.004016876220703,0.14813217520713806,545.9157303279806,0.0,
1391821404_2e29a83777_1315_61417564@N00.jpg,15.86893,-61.57543,17.932355880737305,-62.85612869262695,0.06689395755529404,266.84697235162895,0,0,0.0,17.932355880737305,-62.85612869262695,0.06689395755529404,266.84697235162895,0.0,
1393279130_7fc2413121_1079_70323761@N00.jpg,48.859929,2.326183,27.382713317871094,-82.56077575683594,0.0043925074860453606,7396.622394181901,2,208,0.8125,40.77926254272461,-73.96302032470703,0.0037661059759557247,5828.053359033849,1568.5690351480516,
1394279368_872342f02e_1251_70323761@N00.jpg,48.854035,2.333655,41.90241241455078,12.453710556030273,0.00368698313832283,1103.7871503317635,0,0,0.0,41.90241241455078,12.453710556030273,0.00368698313832283,1103.7871503317635,0.0,
1395394586_9076002eee_1025_36093984@N00.jpg,45.595542,25.552825,45.558834075927734,18.67598533630371,0.03762596473097801,535.0811233592931,5,23,0.08984375,45.69420623779297,-0.32638099789619446,0.01091515738517046,2002.9785638693738,-1467.8974405100807,
139606509_a57318c3ed_48_14542551@N00.jpg,49.035617,104.066791,48.766597747802734,106.31607055664062,0.07467354089021683,167.10420775761608,0,0,0.0,48.766597747802734,106.31607055664062,0.07467354089021683,167.10420775761608,0.0,
1396805906_2884c6e192_1016_70323761@N00.jpg,48.855743,2.287843,48.8659553527832,2.321033000946045,0.004444886930286884,2.6804139086925516,1,105,0.41015625,48.80519485473633,2.1210899353027344,0.0035632464569061995,13.438026994190798,-10.757613085498246,
1397079054_476c297c47_1182_67879480@N00.jpg,55.749723,37.624998,55.75426483154297,37.61864471435547,0.02757302112877369,0.6427448318259814,4,246,0.9609375,55.75426483154297,37.61864471435547,0.027459219098091125,0.6427448318259814,0.0,
1397714919_58377b610b_1117_7885919@N07.jpg,48.861835,2.318345,51.50676727294922,-0.12846699357032776,0.0030394538771361113,341.7835906595568,3,137,0.53515625,48.80519485473633,2.1210899353027344,0.04091254994273186,15.751791937890331,326.03179872166646,
1397742163_1a6b87eb5a_1164_7885919@N07.jpg,48.862195,2.317262,48.80500411987305,2.1192879676818848,0.04160214215517044,15.824528431594644,7,256,1.0,48.80500411987305,2.1192879676818848,0.035048771649599075,15.824528431594644,0.0,
1399334159_ded0f3866e_1173_23601949@N00.jpg,43.89715,-69.518051,44.79316329956055,-62.69768524169922,0.0540408156812191,551.2578075515383,2,162,0.6328125,44.79316329956055,-62.69768524169922,0.1600741595029831,551.2578075515383,0.0,
1403169945_82348edf46_1129_11786349@N08.jpg,-20.457333,-66.913604,-23.72186851501465,-67.8350830078125,0.09884157031774521,375.2061646297425,0,0,0.0,-23.72186851501465,-67.8350830078125,0.09884157031774521,375.2061646297425,0.0,
1403253427_7a36819f5e_1108_11786349@N08.jpg,-20.457333,-66.913604,-23.288795471191406,-68.17694854736328,0.2705731987953186,340.75939920388373,3,86,0.3359375,-23.288795471191406,-68.17694854736328,0.1031125858426094,340.75939920388373,0.0,
1403883634_ef6873ac58_1229_30571787@N00.jpg,44.302038,9.211682,44.35112762451172,9.150538444519043,0.022812528535723686,7.3110187107514015,0,0,0.0,44.35112762451172,9.150538444519043,0.022812528535723686,7.3110187107514015,0.0,
1403895483_6275236853_1310_11786349@N08.jpg,-25.692894,-54.446353,-25.589826583862305,-54.59149169921875,0.0665959045290947,18.521050711939633,0,0,0.0,-25.589826583862305,-54.59149169921875,0.0665959045290947,18.521050711939633,0.0,
1404679418_601bdb6cb3_1010_11786349@N08.jpg,-25.692894,-54.446353,14.822389602661133,-89.15010070800781,0.01533953845500946,5865.7960895518045,3,256,1.0,14.822389602661133,-89.15010070800781,0.020966235548257828,5865.7960895518045,0.0,
1404731528_7a541c7416_1438_11786349@N08.jpg,-25.692894,-54.446353,26.17711067199707,-98.36524963378906,0.02053823508322239,7446.334799579053,1,72,0.28125,9.97797966003418,-84.38134765625,0.024408450350165367,5120.974804023933,2325.35999555512,
1404856312_2b42ffc6fc_1197_11786349@N08.jpg,-25.692894,-54.446353,43.118011474609375,-79.06881713867188,0.032567236572504044,8055.420409054732,0,0,0.0,43.118011474609375,-79.06881713867188,0.032567236572504044,8055.420409054732,0.0,
1404943106_79473320ae_1187_11786349@N08.jpg,-25.692894,-54.446353,-25.53740119934082,-54.59930419921875,0.09054100513458252,23.11135891450531,0,0,0.0,-25.53740119934082,-54.59930419921875,0.09054100513458252,23.11135891450531,0.0,
140569222_85ec512f5d_45_85417391@N00.jpg,48.859294,2.343864,48.80662155151367,2.113924026489258,0.04348916932940483,17.820397585871103,0,0,0.0,48.80662155151367,2.113924026489258,0.04348916932940483,17.820397585871103,0.0,
1407798359_570d7be503_1242_11786349@N08.jpg,-34.620424,-58.369674,40.77914810180664,-73.96273803710938,0.003310389118269086,8534.607685355899,1,256,1.0,50.69295883178711,3.1680850982666016,0.005503860767930746,11232.968446487706,-2698.3607611318075,
1407883917_e96b68342f_1021_11786349@N08.jpg,-34.620424,-58.369674,-34.6085205078125,-58.373538970947266,0.011961963959038258,1.370051964235969,3,129,0.50390625,13.699444770812988,-89.20074462890625,0.02911306545138359,6282.158679406869,-6280.788627442633,
1409290106_c2eb3fc6fb_1358_88483799@N00.jpg,39.39751,-76.600466,40.67315673828125,-74.53358459472656,0.011261905543506145,226.00674947796344,2,215,0.83984375,41.26533126831055,-75.95850372314453,0.00706079974770546,214.70090035135246,11.30584912661098,
1409312350_af3d22a110_1389_88483799@N00.jpg,39.395114,-76.602344,38.97435760498047,-77.03514862060547,0.027680810540914536,59.83658852947811,1,150,0.5859375,38.97435760498047,-77.03514862060547,0.07879917323589325,59.83658852947811,0.0,
141288167_7321e778af_54_85417391@N00.jpg,48.859294,2.343864,48.857826232910156,2.3411169052124023,0.004050837829709053,0.2588941102110283,2,228,0.890625,48.857826232910156,2.3411169052124023,0.004595523234456778,0.2588941102110283,0.0,
1413398881_4cecb99a7b_1200_73293249@N00.jpg,51.503018,-0.204759,52.53721237182617,13.576269149780273,0.00791014265269041,948.5112631714604,0,0,0.0,52.53721237182617,13.576269149780273,0.00791014265269041,948.5112631714604,0.0,
1413521035_a30171c418_1402_73293249@N00.jpg,51.507886,-0.128336,51.508392333984375,-0.1279889941215515,0.005913362372666597,0.06120988221734945,0,0,0.0,51.508392333984375,-0.1279889941215515,0.005913362372666597,0.06120988221734945,0.0,
1413619747_d7903c0e93_1364_73293249@N00.jpg,51.511538,-0.119897,40.76276779174805,-73.97837829589844,0.0027850947808474302,5565.310415519758,3,50,0.1953125,43.119686126708984,-79.24932861328125,0.021795375272631645,5741.38775482053,-176.0773393007721,
1413644279_bd885b7f3c_1349_73293249@N00.jpg,51.508373,-0.126366,51.51055908203125,-0.12943199276924133,0.0034467412624508142,0.32266299124462544,2,12,0.046875,51.48223876953125,-0.6128309965133667,0.0021528664510697126,33.80193437840334,-33.47927138715871,
1414473940_08d97d09f6_1244_73293249@N00.jpg,51.499163,-0.162777,53.10577392578125,-2.021354913711548,0.002813863568007946,218.81052601309779,4,127,0.49609375,34.07350540161133,-118.4038314819336,0.003428554628044367,8760.71165219134,-8541.901126178242,
1417701803_884aaf3fe2_1028_15376845@N00.jpg,41.547018,-73.029749,39.62964630126953,-79.95783233642578,0.07739987224340439,622.4354338750227,0,0,0.0,39.62964630126953,-79.95783233642578,0.07739987224340439,622.4354338750227,0.0,
1417732845_8f6f8f4092_1221_77235581@N00.jpg,58.20312,-6.379559,60.00533676147461,20.00284194946289,0.04656899720430374,1509.283190463362,1,112,0.4375,63.11106491088867,7.729674816131592,0.12945987284183502,939.5955017414251,569.6876887219369,
1417808121_c7a24a29df_1161_15376845@N00.jpg,41.547018,-73.029749,41.03038024902344,-74.28655242919922,0.005303727928549051,119.69287617729638,0,0,0.0,41.03038024902344,-74.28655242919922,0.005303727928549051,119.69287617729638,0.0,
141803382_35d0352693_45_51035632501@N01.jpg,-27.464499,153.009681,-33.844329833984375,151.0621795654297,0.08992825448513031,733.4074011217097,2,24,0.09375,-33.84774398803711,151.0642547607422,0.03935284912586212,733.7234694294362,-0.3160683077265958,
1418555842_07c89e4599_1143_15376845@N00.jpg,41.547018,-73.029749,43.21918869018555,23.2965087890625,0.001946637174114585,7426.874814904366,0,0,0.0,43.21918869018555,23.2965087890625,0.001946637174114585,7426.874814904366,0.0,
1418574240_977c307033_1371_15376845@N00.jpg,41.547018,-73.029749,42.211212158203125,-72.60186004638672,0.042445775121450424,81.91141336353228,1,176,0.6875,41.28583526611328,-73.9321517944336,0.02267281897366047,80.65858089936674,1.252832464165536,
1418634028_059e73ebaf_1046_15376845@N00.jpg,41.547018,-73.029749,35.08346939086914,-90.05594635009766,0.009969495236873627,1646.2415167490094,1,48,0.1875,48.25971221923828,-1.6735260486602783,0.018182257190346718,5464.480608630584,-3818.239091881575,
1418704382_6138cdb429_1378_15376845@N00.jpg,41.547018,-73.029749,52.94540023803711,5.965822219848633,0.003246252192184329,5784.369203526871,1,130,0.5078125,40.237876892089844,-74.71896362304688,0.014789960347115993,203.34283434851136,5581.02636917836,
142108311_4cc11320e6_50_11114422@N00.jpg,51.096272,-0.181446,52.270442962646484,4.545936107635498,0.040814947336912155,351.00943283349585,7,101,0.39453125,52.270442962646484,4.545936107635498,0.0764753594994545,351.00943283349585,0.0,
1422853173_2acc46e311_1172_70323761@N00.jpg,48.852849,2.350285,51.27981185913086,1.0828499794006348,0.006625231355428696,284.61382427219064,6,163,0.63671875,39.858299255371094,-4.023227214813232,0.006792272441089153,1120.2257542310608,-835.6119299588702,
1424280848_41d1636615_1343_96928198@N00.jpg,59.671883,10.620775,60.00575256347656,5.207672119140625,0.09076087176799774,304.6029258521285,1,144,0.5625,58.04623794555664,7.164712905883789,0.16083389520645142,268.58678538099974,36.01614047112878,
1428156208_25c84442f7_1080_22941966@N00.jpg,43.801833,-91.252,44.77616882324219,-94.98761749267578,0.036553915590047836,316.42770273564497,1,55,0.21484375,-31.414745330810547,117.29724884033203,0.015378803014755249,17168.42461814573,-16851.996915410087,
1429153870_ab4563bc6e_1252_77235581@N00.jpg,58.261277,-6.139812,60.48522186279297,-1.4998910427093506,0.06720222532749176,360.73170378763916,0,0,0.0,60.48522186279297,-1.4998910427093506,0.06720222532749176,360.73170378763916,0.0,
143033183_8fd477e31d_56_46054052@N00.jpg,-12.608176,132.297363,-17.874610900878906,138.28443908691406,0.06571230292320251,868.9762319166631,0,0,0.0,-17.874610900878906,138.28443908691406,0.06571230292320251,868.9762319166631,0.0,
1433387965_ce90b5bc81_1331_97522422@N00.jpg,60.393398,5.33178,3.1486690044403076,101.71306610107422,0.0014586037723347545,10052.610040988195,0,0,0.0,3.1486690044403076,101.71306610107422,0.0014586037723347545,10052.610040988195,0.0,
1433405849_7eb435c131_1060_97522422@N00.jpg,60.390748,5.321009,31.784908294677734,35.218177795410156,0.0017475240165367723,3859.5988643178703,2,42,0.1640625,53.30824279785156,12.739866256713867,0.0008290073019452393,906.3320256431919,2953.266838674678,
1434280462_b424fafbcd_1033_97522422@N00.jpg,60.394798,5.322682,64.14535522460938,-21.929569244384766,0.003027769038453698,1457.538077198356,2,224,0.875,56.83782196044922,60.608863830566406,0.004405925516039133,3129.9245459390395,-1672.3864687406835,
1434291853_faa298e88a_1080_15376845@N00.jpg,41.334931,-72.90243,37.47077178955078,-122.3113021850586,0.0063646333292126656,4209.543532413625,1,90,0.3515625,35.42070388793945,137.09744262695312,0.032090138643980026,10948.32289263896,-6738.779360225335,
1435158786_27638e84a3_1131_15376845@N00.jpg,41.334931,-72.90243,-37.80266571044922,175.30116271972656,0.02744383178651333,14309.753018207792,2,178,0.6953125,-35.12306594848633,173.86834716796875,0.025201087817549706,14286.087416992083,23.665601215709103,
143699234_fe93cf7e84_55_70323761@N00.jpg,25.790946,-80.133633,25.790424346923828,-80.13377380371094,0.038234103471040726,0.05969370325291588,1,240,0.9375,25.790424346923828,-80.13377380371094,0.044436924159526825,0.05969370325291588,0.0,
143709426_5d2dcad5e5_52_70323761@N00.jpg,39.094514,-84.510312,39.08920669555664,-84.51155853271484,0.05519538000226021,0.5998713938741299,0,0,0.0,39.08920669555664,-84.51155853271484,0.05519538000226021,0.5998713938741299,0.0,
143717975_c1f50a2d44_46_70323761@N00.jpg,39.905316,-75.166236,39.90584945678711,-75.16626739501953,0.15953074395656586,0.05937818787508302,1,1,0.00390625,39.90584945678711,-75.16626739501953,0.14988137781620026,0.05937818787508302,0.0,
143718342_24d7f1a6c0_49_70323761@N00.jpg,39.906888,-75.1666,39.90584945678711,-75.16626739501953,0.1671709567308426,0.11891470525895109,1,2,0.0078125,39.90584945678711,-75.16626739501953,0.1648436039686203,0.11891470525895109,0.0,
1439282511_637e146810_1059_70323761@N00.jpg,48.840292,2.34977,48.88600158691406,2.3429999351501465,0.006338916718959808,5.10675103598971,4,242,0.9453125,48.88600158691406,2.3429999351501465,0.005011205095797777,5.10675103598971,0.0,
1439496567_d11099afd3_1400_70323761@N00.jpg,48.852665,2.367634,52.4996223449707,13.419949531555176,0.0011312054703012109,876.7720664770816,0,0,0.0,52.4996223449707,13.419949531555176,0.0011312054703012109,876.7720664770816,0.0,
1439764921_79ff783423_1129_91062007@N00.jpg,36.859948,-75.978484,36.888389587402344,-76.30470275878906,0.007830091752111912,29.189331734492033,3,33,0.12890625,38.13043975830078,-85.70357513427734,0.008670657873153687,869.1013629305237,-839.9120311960316,
1440937386_f2e8c786cb_1104_70323761@N00.jpg,48.873832,2.295064,48.858360290527344,2.2945759296417236,0.00600530905649066,1.7207483590377397,0,0,0.0,48.858360290527344,2.2945759296417236,0.00600530905649066,1.7207483590377397,0.0,
144544459_664547d7e4_53_14542551@N00.jpg,47.91939,106.917057,15.87647819519043,108.3342056274414,0.010057198815047741,3565.3810522201666,4,246,0.9609375,21.031694412231445,105.851318359375,0.014087872579693794,2991.3035046776995,574.0775475424671,
144674080_e1cc10f2b7_53_49503208420@N01.jpg,41.456911,2.057404,36.83388137817383,-3.9755051136016846,0.0046746083535254,731.017975584315,1,2,0.0078125,27.917449951171875,34.32523727416992,0.0016457110177725554,3285.7001533420357,-2554.6821777577206,
144721518_64de9b1726_48_82927779@N00.jpg,-33.8812,18.6357,-35.1164665222168,147.35618591308594,0.011221000924706459,10672.0001264803,4,256,1.0,-35.1164665222168,147.35618591308594,0.008185816928744316,10672.0001264803,0.0,
144751098_42ff5d78dc_48_82927779@N00.jpg,-34.1644,18.8589,41.68932342529297,10.34912109375,0.038978174328804016,8479.21670669181,1,208,0.8125,41.68932342529297,10.34912109375,0.09989503771066666,8479.21670669181,0.0,
1448913311_682c1b352a_1102_98545448@N00.jpg,44.0,11.0,38.55082321166992,-8.794255256652832,0.039191149175167084,1756.3300088522553,1,84,0.328125,-12.566375732421875,131.30743408203125,0.03084825538098812,13383.5658427094,-11627.235833857145,
144923582_a38a726f01_44_18684820@N00.jpg,37.781298,-122.424774,37.77029037475586,-122.50917053222656,0.049547888338565826,7.517930641912336,0,0,0.0,37.77029037475586,-122.50917053222656,0.049547888338565826,7.517930641912336,0.0,
144924835_553de1e86e_51_18684820@N00.jpg,37.781298,-122.424774,37.77029037475586,-122.50917053222656,0.06133684143424034,7.517930641912336,0,0,0.0,37.77029037475586,-122.50917053222656,0.06133684143424034,7.517930641912336,0.0,
144932452_72bb0014e2_56_18684820@N00.jpg,37.781298,-122.424774,37.8021125793457,-122.44864654541016,0.02259499579668045,3.1236513153309993,0,0,0.0,37.8021125793457,-122.44864654541016,0.02259499579668045,3.1236513153309993,0.0,
1449758003_5f3d505402_1363_36093984@N00.jpg,47.512852,19.079754,50.70983123779297,7.141627788543701,0.003878729185089469,937.4934554401248,1,4,0.015625,-35.29764175415039,149.13140869140625,0.008935223333537579,15715.886980742642,-14778.393525302517,
145092128_b7c078ab88_48_88483799@N00.jpg,39.45099,-76.587817,39.38290786743164,-89.07469940185547,0.006047750357538462,1071.8327268795529,0,0,0.0,39.38290786743164,-89.07469940185547,0.006047750357538462,1071.8327268795529,0.0,
145638495_67d3159f05_53_69212252@N00.jpg,35.318346,24.325017,37.69090270996094,26.943111419677734,0.031688839197158813,352.60902990362274,2,48,0.1875,32.0731201171875,34.855499267578125,0.0055206697434186935,1038.2163844992635,-685.6073545956408,
145639002_c3a6121180_50_69212252@N00.jpg,35.318346,24.325017,37.561859130859375,25.18881607055664,0.004078989382833242,261.15655034053333,2,98,0.3828125,53.61255645751953,-1.5736969709396362,0.014293684624135494,2861.162677910567,-2600.0061275700336,
1459427691_7854826cee_1082_77235581@N00.jpg,58.20312,-6.379559,57.28331756591797,-5.714704990386963,0.0895140990614891,109.62309489023484,0,0,0.0,57.28331756591797,-5.714704990386963,0.0895140990614891,109.62309489023484,0.0,
146028219_0e8b5712f5_55_46054052@N00.jpg,-16.917238,145.773468,-16.921323776245117,145.77850341796875,0.1514091193675995,0.7023932043693069,0,0,0.0,-16.921323776245117,145.77850341796875,0.1514091193675995,0.7023932043693069,0.0,
147006132_8f66c6164a_46_69212252@N00.jpg,41.396899,2.169027,41.403465270996094,2.174420118331909,0.02326936088502407,0.8575829258101981,0,0,0.0,41.403465270996094,2.174420118331909,0.02326936088502407,0.8575829258101981,0.0,
147027079_76f2bd040e_54_69212252@N00.jpg,41.38943,2.18585,-31.72553825378418,-60.53089141845703,0.003183826571330428,10359.198133186308,3,224,0.875,-26.410551071166992,-54.62574005126953,0.010317106731235981,9537.45363020925,821.7445029770588,
147073780_4ea5f4062e_51_82927779@N00.jpg,-34.1154,19.0352,-34.03941345214844,24.064865112304688,0.07495839893817902,463.26649212549796,5,176,0.6875,-34.03941345214844,24.064865112304688,0.03321819007396698,463.26649212549796,0.0,
147074401_f7808ab1de_49_82927779@N00.jpg,-34.1154,19.0352,35.59687805175781,-105.7704849243164,0.03155122697353363,15044.018672897011,2,162,0.6328125,43.91963577270508,-124.11131286621094,0.03358118608593941,16681.83031075869,-1637.8116378616796,
147161933_563ed66668_54_69212252@N00.jpg,35.370015,24.230346,38.756690979003906,30.531381607055664,0.024295834824442863,673.8227654786436,1,144,0.5625,42.14418029785156,-3.675795078277588,0.012612329795956612,2521.2521910287123,-1847.4294255500686,
147590406_89c5176d13_55_96155869@N00.jpg,45.793262,24.150695,45.79721450805664,24.148738861083984,0.12302099913358688,0.4649291796105855,1,72,0.28125,49.367164611816406,0.08048699796199799,0.03460171818733215,1840.2348735136927,-1839.769944334082,
147592083_a7ec8db93f_53_96155869@N00.jpg,45.793262,24.150695,46.22106170654297,24.795040130615234,0.03404703363776207,68.84234890385159,0,0,0.0,46.22106170654297,24.795040130615234,0.03404703363776207,68.84234890385159,0.0,
147843919_ca25979404_51_69212252@N00.jpg,37.98331,23.745059,37.97145462036133,23.726648330688477,0.0185550507158041,2.0837028118331555,0,0,0.0,37.97145462036133,23.726648330688477,0.0185550507158041,2.0837028118331555,0.0,
147952757_809c6ed52e_49_18684820@N00.jpg,37.331795,-121.928758,38.52678298950195,-120.80484008789062,0.024826960638165474,165.44584169387127,3,201,0.78515625,38.52678298950195,-120.80484008789062,0.027455076575279236,165.44584169387127,0.0,
148132071_d34756b6a1_52_96155869@N00.jpg,45.793262,24.150695,45.79721450805664,24.148738861083984,0.10579785704612732,0.4649291796105855,0,0,0.0,45.79721450805664,24.148738861083984,0.10579785704612732,0.4649291796105855,0.0,
149061074_32b49b014b_54_18684820@N00.jpg,37.781298,-122.424774,33.93864822387695,-118.24249267578125,0.001426838105544448,569.6194168185172,2,45,0.17578125,52.50299835205078,13.444999694824219,0.0011881215032190084,9107.85435255028,-8538.234935731762,
149075440_b0db725148_53_18684820@N00.jpg,37.781298,-122.424774,32.729896545410156,-117.15047454833984,0.03336644172668457,737.8508938339894,0,0,0.0,32.729896545410156,-117.15047454833984,0.03336644172668457,737.8508938339894,0.0,
149105529_b3a4e8192e_50_90833046@N00.jpg,58.476824,7.209606,63.58198547363281,10.9599027633667,0.03265852481126785,602.2819880785594,0,0,0.0,63.58198547363281,10.9599027633667,0.03265852481126785,602.2819880785594,0.0,
149167298_0e5d506d05_55_81421684@N00.jpg,-41.580717,145.935001,-41.89435577392578,146.0906982421875,0.10533390939235687,37.190945057374165,1,112,0.4375,-37.784645080566406,144.9517059326172,0.012450848706066608,430.40058259820495,-393.2096375408308,
149526558_f698e05dfa_56_42126397@N00.jpg,51.475395,-3.164577,53.36235809326172,-2.2742979526519775,0.03245135024189949,218.32999145430176,2,113,0.44140625,23.38574981689453,113.30337524414062,0.04291901737451553,9652.331214865855,-9434.001223411553,
149540682_168698b38d_54_70323761@N00.jpg,36.101275,-115.172418,36.109554290771484,-115.17375183105469,0.01073733251541853,0.9283822370719108,1,180,0.703125,36.106834411621094,-115.17283630371094,0.009741347283124924,0.6193204599924815,0.3090617770794293,
149541933_8f4f14047e_44_70323761@N00.jpg,36.101821,-115.173352,36.1010856628418,-115.17422485351562,0.01428998913615942,0.113292972785361,0,0,0.0,36.1010856628418,-115.17422485351562,0.01428998913615942,0.113292972785361,0.0,
149595930_cb9cc33668_48_70323761@N00.jpg,18.32351,-65.765925,21.33823013305664,-157.80543518066406,0.0589480996131897,9478.62222442248,1,12,0.046875,21.387916564941406,-157.81016540527344,0.04229523241519928,9477.397046497648,1.2251779248308594,
149758042_f684833100_55_50994135@N00.jpg,55.778672,-5.098857,49.2109260559082,-123.23870849609375,0.03485266491770744,7014.036499170546,0,0,0.0,49.2109260559082,-123.23870849609375,0.03485266491770744,7014.036499170546,0.0,
149770181_3cc1a80695_51_70323761@N00.jpg,39.938352,-75.157932,40.04006576538086,-76.30809783935547,0.030149081721901894,98.63689009406036,7,90,0.3515625,33.952659606933594,-84.5495376586914,0.006989669986069202,1066.4428351330432,-967.8059450389828,
149866866_e6a46a330b_52_63163416@N00.jpg,41.023297,28.990259,40.9535026550293,17.304431915283203,0.0009693240863271058,980.1446630573408,1,256,1.0,37.4477424621582,25.330181121826172,0.001771898358128965,507.2793955631386,472.8652674942022,
149875000_472676347e_49_63163416@N00.jpg,41.023297,28.990259,34.23529052734375,-77.95108795166016,0.014500804245471954,8805.762612496696,1,256,1.0,59.94879913330078,30.3167724609375,0.015086141414940357,2106.4106926883223,6699.351919808373,
149933808_2c100376d6_52_67879480@N00.jpg,15.357362,44.201259,16.886432647705078,-24.983339309692383,0.01613227091729641,7352.211601558005,12,217,0.84765625,-12.532193183898926,-38.76577377319336,0.021388249471783638,9639.18089378886,-2286.969292230855,
149949702_f90e05b5f0_48_67879480@N00.jpg,1.304513,103.821487,4.887269973754883,114.93690490722656,0.017447559162974358,1296.6826046299216,2,10,0.0390625,3.1482930183410645,101.69552612304688,0.029896140098571777,312.7730293332499,983.9095752966716,
149950164_367962d6b0_56_67879480@N00.jpg,1.304513,103.821487,40.626136779785156,14.373722076416016,0.000871257740072906,9866.512650816216,14,240,0.9375,46.203678131103516,6.143245220184326,0.0018276290502399206,10492.312746680967,-625.8000958647517,
150023825_1be7481535_52_18684820@N00.jpg,37.350611,-121.98252,38.52678298950195,-120.80484008789062,0.013015620410442352,166.64252689380854,1,224,0.875,34.72926712036133,-118.39991760253906,0.012516970746219158,434.35649955668276,-267.7139726628742,
150027080_5686e4610e_48_18684820@N00.jpg,37.350611,-121.98252,-26.404659271240234,-54.620819091796875,0.0038246966432780027,9980.417860922207,3,46,0.1796875,28.411436080932617,-16.53765296936035,0.00484848627820611,9353.628136126968,626.7897247952387,
150231770_b286dbb25b_44_18684820@N00.jpg,37.445255,-122.162904,42.68706130981445,-83.1942138671875,0.0013853134587407112,3336.6606084925806,2,121,0.47265625,25.48295021057129,121.2890625,0.0026550160255283117,10381.985020317963,-7045.324411825382,
150801299_c3eab611fc_44_70323761@N00.jpg,42.349576,-71.099674,42.359901428222656,-71.08846282958984,0.015500430949032307,1.472041162078381,0,0,0.0,42.359901428222656,-71.08846282958984,0.015500430949032307,1.472041162078381,0.0,
150891657_8ea3eb60ca_46_70323761@N00.jpg,42.359213,-71.056855,43.07749938964844,-70.7576675415039,0.007054724730551243,83.52597000764875,1,72,0.28125,45.91266632080078,-113.09916687011719,0.0027282179798930883,3339.110194544159,-3255.5842245365106,
150894163_98eaf5e3e3_52_70323761@N00.jpg,42.350163,-71.076285,42.359161376953125,-71.05794525146484,0.014386721886694431,1.8089323450999428,8,118,0.4609375,40.7055549621582,-74.01347351074219,0.007002915255725384,305.2951909205236,-303.4862585754237,
152451822_06f9b5cff0_46_70323761@N00.jpg,40.757875,-73.957128,40.757755279541016,-73.95539093017578,0.014609363861382008,0.14691359896277106,1,60,0.234375,40.755977630615234,-73.95659637451172,0.006796877831220627,0.21567767034693427,-0.06876407138416321,
152574094_fdb6569e00_45_50994135@N00.jpg,55.857377,-5.094671,54.23721694946289,-1.2078089714050293,0.010673284530639648,306.13696718079996,3,31,0.12109375,53.2509651184082,-1.8320560455322266,0.017025286331772804,358.0499417735179,-51.912974592717944,
152574247_4462a1a738_56_50994135@N00.jpg,55.867413,-5.096282,48.25971221923828,-1.6735260486602783,0.0119272880256176,877.4239860691415,2,15,0.05859375,52.869834899902344,6.619999885559082,0.008186726830899715,827.5892880137146,49.834698055426884,
152575746_29634262e5_47_50994135@N00.jpg,55.933843,-5.179604,56.23394775390625,-4.428839206695557,0.049958258867263794,57.29990492375586,2,208,0.8125,56.23394775390625,-4.428839206695557,0.10279640555381775,57.29990492375586,0.0,
152679292_649cde712c_50_50994135@N00.jpg,56.004972,-5.096484,53.475223541259766,-1.9031230211257935,0.002846660790964961,347.9820963247756,1,15,0.05859375,47.84536361694336,12.476048469543457,0.0025940972846001387,1501.2427974609102,-1153.2607011361347,
153750307_6ce5b13522_71_50994135@N00.jpg,41.119366,1.258863,39.46025085449219,-5.881525993347168,0.028683364391326904,632.8863997020006,1,4,0.015625,41.13108825683594,-3.8114399909973145,0.009276747703552246,424.6323799366497,208.2540197653509,
154004410_7e282fe701_76_90833046@N00.jpg,44.980486,-93.269811,42.47590637207031,-83.24916076660156,0.00504131568595767,851.2968944084745,5,183,0.71484375,-35.23849868774414,149.08433532714844,0.007473250851035118,14736.187125898707,-13884.890231490232,
154004633_75094bab75_56_90833046@N00.jpg,44.97745,-93.267182,44.9793701171875,-93.26712036132812,0.026960665360093117,0.2135626243628862,2,80,0.3125,44.97694778442383,-93.27081298828125,0.019327731803059578,0.2910148621659451,-0.07745223780305888,
154271569_ccfe0a546c_65_63163416@N00.jpg,38.67432,34.903135,39.983253479003906,-3.4345788955688477,0.08419282734394073,3275.18954142241,1,6,0.0234375,39.983253479003906,-3.4345788955688477,0.015757257118821144,3275.18954142241,0.0,
154894131_de74372f94_76_25159586@N00.jpg,35.658225,139.723901,34.694332122802734,135.19332885742188,0.022919276729226112,425.45323968950134,2,28,0.109375,41.982948303222656,2.82373309135437,0.0012763056438416243,10333.001230100615,-9907.547990411114,
155752484_3097841eb4_51_69212252@N00.jpg,51.228602,-1.062412,52.98867416381836,-1.8904310464859009,0.009000863879919052,203.7130416815348,3,228,0.890625,52.98867416381836,-1.8904310464859009,0.012393023818731308,203.7130416815348,0.0,
155827985_45ad1e73b5_75_57253263@N00.jpg,42.218359,-71.223286,35.835506439208984,-78.57662200927734,0.035383064299821854,951.7067997904994,9,170,0.6640625,35.835506439208984,-78.57662200927734,0.03933501988649368,951.7067997904994,0.0,
155848826_47175e6d14_48_23601949@N00.jpg,17.226069,-89.612388,24.357730865478516,123.7558364868164,0.019313067197799683,14143.608325198877,0,0,0.0,24.357730865478516,123.7558364868164,0.019313067197799683,14143.608325198877,0.0,
157362427_ecae14ffc8_45_50994135@N00.jpg,56.846093,-4.989787,56.567806243896484,-4.748839855194092,0.05122235044836998,34.26111751727205,0,0,0.0,56.567806243896484,-4.748839855194092,0.05122235044836998,34.26111751727205,0.0,
158307292_d73d7226ef_73_70323761@N00.jpg,40.735364,-73.990779,42.355560302734375,-71.06475067138672,0.0029622188303619623,302.8771808936969,2,116,0.453125,42.35496139526367,-71.06693267822266,0.006662103813141584,302.69255999545373,0.18462089824316763,
158949150_80eccf453a_78_18684820@N00.jpg,37.415981,-122.057418,33.98130416870117,-117.64131164550781,0.174774631857872,552.0320429914323,1,256,1.0,33.98130416870117,-117.64131164550781,0.10777181386947632,552.0320429914323,0.0,
158951680_1cff631a7e_74_18684820@N00.jpg,37.415981,-122.057418,33.98130416870117,-117.64131164550781,0.18815885484218597,552.0320429914323,1,192,0.75,33.98130416870117,-117.64131164550781,0.16365468502044678,552.0320429914323,0.0,
158954882_19d19c170c_62_18684820@N00.jpg,37.415981,-122.057418,33.98130416870117,-117.64131164550781,0.09441301971673965,552.0320429914323,1,256,1.0,33.98130416870117,-117.64131164550781,0.1024484857916832,552.0320429914323,0.0,
158955434_7da6c487d6_51_18684820@N00.jpg,37.415981,-122.057418,33.98130416870117,-117.64131164550781,0.28182822465896606,552.0320429914323,1,96,0.375,33.98130416870117,-117.64131164550781,0.23307669162750244,552.0320429914323,0.0,
159969431_2246ec6548_54_14542551@N00.jpg,47.91939,106.917057,60.68124771118164,151.644287109375,0.07859117537736893,3149.4467185325825,0,0,0.0,60.68124771118164,151.644287109375,0.07859117537736893,3149.4467185325825,0.0,
160432037_5c2a37ec92_76_70323761@N00.jpg,36.412303,25.42983,36.46183395385742,25.37583351135254,0.03694678097963333,7.325730188634155,3,240,0.9375,37.00035858154297,24.707805633544922,0.028083382174372673,91.75256771014696,-84.42683752151281,
160457478_07abc55f2b_58_41315423@N00.jpg,41.850303,-88.307204,42.04469680786133,-88.29075622558594,0.04979138821363449,21.658393275509003,0,0,0.0,42.04469680786133,-88.29075622558594,0.04979138821363449,21.658393275509003,0.0,
160514066_251c53aefa_47_70323761@N00.jpg,40.748281,-73.84616,40.75104522705078,-73.84568786621094,0.05741734430193901,0.30993086507557543,1,8,0.03125,52.514678955078125,13.239468574523926,0.028439803048968315,6362.743970896986,-6362.434040031911,
162269716_416d749b3f_74_18684820@N00.jpg,37.778516,-122.389841,37.77893829345703,-122.38947296142578,0.020389854907989502,0.05701928089866003,2,196,0.765625,37.77893829345703,-122.38947296142578,0.022007370367646217,0.05701928089866003,0.0,
162271409_1a83da0190_19_18684820@N00.jpg,37.778516,-122.389841,43.028358459472656,-87.97186279296875,0.05652009695768356,2950.6401001566774,6,43,0.16796875,43.028358459472656,-87.97186279296875,0.01502533070743084,2950.6401001566774,0.0,
162279260_7e7e1c518d_47_18684820@N00.jpg,37.778516,-122.389841,37.778831481933594,-122.38916778564453,0.03557273745536804,0.06878441074027236,0,0,0.0,37.778831481933594,-122.38916778564453,0.03557273745536804,0.06878441074027236,0.0,
162282175_c39d49d6a5_55_18684820@N00.jpg,37.778516,-122.389841,34.07355880737305,-118.24046325683594,0.021720224991440773,556.029851304949,0,0,0.0,34.07355880737305,-118.24046325683594,0.021720224991440773,556.029851304949,0.0,
162707046_bd16c9f152_68_41894197861@N01.jpg,41.427604,2.177524,45.56736755371094,9.374256134033203,0.01922975294291973,740.352383948163,0,0,0.0,45.56736755371094,9.374256134033203,0.01922975294291973,740.352383948163,0.0,
163147186_89c392bb0a_73_63163416@N00.jpg,40.677448,43.65941,40.78105926513672,43.829097747802734,0.11995144933462143,18.362532976268493,1,8,0.03125,43.40224075317383,10.857560157775879,0.03510155528783798,2708.1103243780562,-2689.7477914017877,
163155972_28d9e18d7c_76_63163416@N00.jpg,40.677448,43.65941,42.999874114990234,23.350753784179688,0.015068294480443,1697.852500416052,0,0,0.0,42.999874114990234,23.350753784179688,0.015068294480443,1697.852500416052,0.0,
163166143_0242fe64f1_75_63163416@N00.jpg,39.908814,41.328592,37.87006378173828,32.50067901611328,0.016832685098052025,796.575109941846,2,93,0.36328125,43.85860061645508,18.429500579833984,0.01351330429315567,1939.1370164503248,-1142.5619065084788,
165027099_e9e1d1c610_70_23601949@N00.jpg,16.246155,-89.02256,14.518449783325195,-84.99829864501953,0.05006055906414986,472.2626613934345,4,152,0.59375,14.550686836242676,-90.94482421875,0.040111154317855835,279.2935142657789,192.96914712765556,
165342347_dc3662a8a9_64_23601949@N00.jpg,17.226069,-89.612388,17.222999572753906,-89.62333679199219,0.11848752945661545,1.2119042567497915,0,0,0.0,17.222999572753906,-89.62333679199219,0.11848752945661545,1.2119042567497915,0.0,
165344228_16e8167f93_53_23601949@N00.jpg,17.226069,-89.612388,16.799999237060547,-90.88333129882812,0.04312434419989586,143.20162128793433,1,208,0.8125,-5.000050067901611,-59.32109069824219,0.041634637862443924,4144.239401689909,-4001.0377804019745,
165493189_8385fc7e9b_56_23601949@N00.jpg,16.246155,-89.02256,10.695357322692871,-61.578369140625,0.01576991379261017,3028.3299284341842,1,143,0.55859375,10.695357322692871,-61.578369140625,0.03993590921163559,3028.3299284341842,0.0,
165496002_64580a67ac_49_23601949@N00.jpg,16.246155,-89.02256,5.341700077056885,116.1566162109375,0.05866420641541481,16349.843777991444,0,0,0.0,5.341700077056885,116.1566162109375,0.05866420641541481,16349.843777991444,0.0,
165539256_7befe68333_58_23601949@N00.jpg,16.095876,-88.806781,-12.375823020935059,130.87960815429688,0.004372154828161001,15724.03251575871,1,224,0.875,5.163778781890869,-52.63429641723633,0.0038739885203540325,4127.23408469417,11596.79843106454,
165548046_17b218674c_48_23601949@N00.jpg,16.095876,-88.806781,17.94007110595703,-76.90730285644531,0.05360729247331619,1281.4744790341176,0,0,0.0,17.94007110595703,-76.90730285644531,0.05360729247331619,1281.4744790341176,0.0,
165767244_d5121281d3_54_23601949@N00.jpg,16.570143,-88.356513,9.778985977172852,-84.62689208984375,0.0404532365500927,856.195427653554,1,224,0.875,9.778985977172852,-84.62689208984375,0.07650303840637207,856.195427653554,0.0,
166306401_d24beeb1b6_65_23601949@N00.jpg,43.904857,-69.508041,44.08926010131836,-74.05625915527344,0.036721691489219666,364.3473137679117,3,256,1.0,44.08926010131836,-74.05625915527344,0.024801697582006454,364.3473137679117,0.0,
166869956_84928fd11b_60_55085284@N00.jpg,48.859068,2.343177,48.80500411987305,2.1192879676818848,0.05283041298389435,17.455675622774802,1,240,0.9375,48.80493927001953,2.1206181049346924,0.05039455369114876,17.36681081936596,0.08886480340884262,
167233057_2e1444f6e5_72_79954435@N00.jpg,48.42087,-123.369587,50.58244705200195,-126.9292984008789,0.049511466175317764,351.8486656413582,2,84,0.328125,55.34272766113281,-131.6428985595703,0.03171214088797569,955.107339787411,-603.2586741460527,
167258849_a4fe0a5944_56_79954435@N00.jpg,49.291545,-124.618778,49.35610580444336,-123.03738403320312,0.026899980381131172,114.8341321756567,1,256,1.0,49.36728286743164,-123.02953338623047,0.04776541516184807,115.47289503125128,-0.6387628555945781,
167277941_4038f94f38_59_79954435@N00.jpg,54.433759,-124.259619,47.437347412109375,-69.04413604736328,0.0636354386806488,3842.415090959909,2,169,0.66015625,42.431312561035156,-73.33736419677734,0.028751596808433533,3888.4380201465024,-46.0229291865935,
167282187_9f6fa09010_58_79954435@N00.jpg,52.887363,-118.462829,53.10916519165039,-119.21183776855469,0.06438381224870682,55.86354427972341,0,0,0.0,53.10916519165039,-119.21183776855469,0.06438381224870682,55.86354427972341,0.0,
167298135_0773165b4a_66_50994135@N00.jpg,50.086776,14.415607,50.09000015258789,14.401187896728516,0.007556419353932142,1.089388417133012,2,70,0.2734375,50.09000015258789,14.401187896728516,0.013269072398543358,1.089388417133012,0.0,
167299408_f36b914be4_77_50994135@N00.jpg,50.089591,14.413402,50.08710479736328,14.410715103149414,0.008647189475595951,0.33641118877299986,4,42,0.1640625,50.086334228515625,14.41783332824707,0.004221988841891289,0.4807214054831133,-0.14431021671011346,
167304827_8f440582dd_50_79954435@N00.jpg,52.919874,-118.001575,51.29069519042969,-115.82645416259766,0.07616625726222992,234.25595809722066,0,0,0.0,51.29069519042969,-115.82645416259766,0.07616625726222992,234.25595809722066,0.0,
167309259_19db21cf71_46_79954435@N00.jpg,52.546295,-117.638854,52.17087936401367,-117.07460021972656,0.10863889753818512,56.66398279429623,1,28,0.109375,52.17087936401367,-117.07460021972656,0.1291324645280838,56.66398279429623,0.0,
167322301_5d0c781dd5_45_79954435@N00.jpg,51.327876,-116.182651,51.32819747924805,-116.1809310913086,0.11564786732196808,0.1247337304498214,1,30,0.1171875,51.32819747924805,-116.1809310913086,0.051367390900850296,0.1247337304498214,0.0,
167345423_ba2914f302_59_79954435@N00.jpg,51.440312,-116.541595,51.677886962890625,-116.46763610839844,0.05000966414809227,26.90738890731893,0,0,0.0,51.677886962890625,-116.46763610839844,0.05000966414809227,26.90738890731893,0.0,
167350351_a83cfe926e_64_79954435@N00.jpg,51.421048,-117.477493,50.36748123168945,-122.50131225585938,0.13617002964019775,371.2284162386782,0,0,0.0,50.36748123168945,-122.50131225585938,0.13617002964019775,371.2284162386782,0.0,
167353961_01ad3264ef_50_79954435@N00.jpg,51.257188,-117.587356,6.678246974945068,117.00164794921875,0.005178031977266073,11745.784962701218,2,152,0.59375,6.678246974945068,117.00164794921875,0.005333296488970518,11745.784962701218,0.0,
167383119_8539fd4f2f_53_79954435@N00.jpg,49.28953,-123.110218,49.2880744934082,-123.11639404296875,0.01506147813051939,0.4762697350414234,2,141,0.55078125,49.2880744934082,-123.11639404296875,0.01420461107045412,0.4762697350414234,0.0,
167656331_f5116eed7f_59_79954435@N00.jpg,40.68272,-112.364044,40.984432220458984,-112.21942138671875,0.07997461408376694,35.687144129266734,0,0,0.0,40.984432220458984,-112.21942138671875,0.07997461408376694,35.687144129266734,0.0,
167672483_f28504a65e_74_79954435@N00.jpg,44.976456,-110.722961,44.9654655456543,-110.70791625976562,0.08943652361631393,1.7012371507365187,0,0,0.0,44.9654655456543,-110.70791625976562,0.08943652361631393,1.7012371507365187,0.0,
167914950_05505ef5b6_51_11398209@N00.jpg,-33.900626,151.269378,-33.89916229248047,151.2734375,0.06578624993562698,0.40848961081059443,0,0,0.0,-33.89916229248047,151.2734375,0.06578624993562698,0.40848961081059443,0.0,
168377287_732fbd7c56_45_50994135@N00.jpg,49.101914,-117.707004,49.94130325317383,-119.39743041992188,0.0809352695941925,153.61876671380577,3,138,0.5390625,49.94130325317383,-119.39743041992188,0.08049558848142624,153.61876671380577,0.0,
169118448_83bf055da6_51_69212252@N00.jpg,41.940243,-87.64414,34.148441314697266,-118.0020751953125,0.003607766469940543,2779.0880258115126,1,210,0.8203125,38.40260314941406,-122.82889556884766,0.002463689772412181,2994.0214842231453,-214.93345841163273,
169118791_9cc600f1a6_65_69212252@N00.jpg,41.940507,-87.640589,46.73353576660156,-116.9983139038086,0.02345651015639305,2380.032645219305,2,27,0.10546875,42.05630111694336,-87.67544555664062,0.0008302585338242352,13.19398864369538,2366.8386565756095,
169119141_638d11a504_72_69212252@N00.jpg,41.976194,-87.675683,35.33772659301758,139.6466064453125,0.0015461842995136976,10162.100970708312,2,58,0.2265625,22.23933219909668,114.17416381835938,0.0011115990346297622,12529.255885896022,-2367.15491518771,
169121981_263e72dd38_52_69212252@N00.jpg,41.925222,-87.634592,41.44740676879883,-81.71371459960938,0.014299597591161728,494.43192084561076,1,195,0.76171875,53.49478530883789,-1.049536943435669,0.014666481874883175,6194.276168190833,-5699.844247345222,
169124556_8c3bac0e70_68_69212252@N00.jpg,41.925222,-87.634592,40.848812103271484,-73.87841796875,0.06365787237882614,1152.580241448372,3,8,0.03125,40.85049819946289,-73.87767028808594,0.027200274169445038,1152.6079749464056,-0.027733498033740034,
169423153_c5f141cdca_58_18684820@N00.jpg,37.796763,-122.428207,48.565147399902344,-123.46929931640625,0.0028803283348679543,1200.331330624912,0,0,0.0,48.565147399902344,-123.46929931640625,0.0028803283348679543,1200.331330624912,0.0,
169442297_1067e613f1_45_18684820@N00.jpg,37.796763,-122.428207,38.67465591430664,-121.73186492919922,0.01613246276974678,115.01245649736987,1,256,1.0,38.67465591430664,-121.73186492919922,0.019752830266952515,115.01245649736987,0.0,
169442676_2f7549d18c_71_18684820@N00.jpg,37.796763,-122.428207,43.98136901855469,-124.1008529663086,0.004628570284694433,701.8794752540906,2,224,0.875,47.57439041137695,-122.33394622802734,0.0036705213133245707,1087.2511281983607,-385.37165294427007,
169449274_bc2e107976_78_18684820@N00.jpg,37.796763,-122.428207,37.798099517822266,-122.4072036743164,0.00937914289534092,1.8514190206934193,3,95,0.37109375,37.796382904052734,-122.40516662597656,0.003668012097477913,2.024893415662949,-0.17347439496952965,
169451925_ea6efa0a53_73_18684820@N00.jpg,37.796763,-122.428207,37.79670715332031,-122.40660095214844,0.005156862549483776,1.8984305899971907,4,132,0.515625,37.78850173950195,-122.40733337402344,0.005592782516032457,2.051345627501247,-0.15291503750405622,
169704454_e92ae19bd9_72_50994135@N00.jpg,41.116663,1.258123,41.78132629394531,2.7588770389556885,0.005356251262128353,145.28139394856012,4,124,0.484375,41.388084411621094,2.169853925704956,0.00393104599788785,81.97611918745231,63.30527476110781,
169956693_5edea53724_78_70323761@N00.jpg,41.947577,-87.656264,41.948001861572266,-87.65499877929688,0.025303548201918602,0.11480661093572866,1,35,0.13671875,39.344478607177734,-84.26850128173828,0.005369570106267929,406.72045182321835,-406.60564521228264,
170107254_0ba8388eb8_76_17351226@N00.jpg,38.34933,-75.070438,36.85477066040039,-75.97552490234375,0.06873821467161179,184.3228670587295,8,66,0.2578125,-3.6276960372924805,-38.7297248840332,0.040989749133586884,5977.685911983135,-5793.363044924406,
170116125_c0c907770d_73_17351226@N00.jpg,38.34933,-75.070438,21.337810516357422,-158.12454223632812,0.025615409016609192,7971.957824492005,7,149,0.58203125,-8.793376922607422,115.13943481445312,0.014861084520816803,16573.447279190925,-8601.48945469892,
170164345_27d733f7e5_76_17351226@N00.jpg,38.34933,-75.070438,36.85298538208008,-75.97706604003906,0.07365497201681137,184.56098250035572,8,222,0.8671875,36.85298538208008,-75.97706604003906,0.022602031007409096,184.56098250035572,0.0,
170736070_5b209ff56c_68_97458173@N00.jpg,46.017946,7.739524,45.51685333251953,7.655113220214844,0.017487194389104843,56.10240176474804,6,82,0.3203125,46.865665435791016,9.380666732788086,0.032398127019405365,157.15168819991288,-101.04928643516484,
170747608_cf4538d97b_50_97458173@N00.jpg,46.496974,7.675924,46.94933319091797,9.024832725524902,0.039900582283735275,114.46485653055838,6,83,0.32421875,47.44753646850586,10.236425399780273,0.038422878831624985,221.15160289622403,-106.68674636566566,
170747663_daaba5da7f_48_73091266@N00.jpg,50.877206,6.025485,37.219852447509766,-80.41779327392578,0.026847640052437782,6668.5364943574,3,82,0.3203125,51.87187957763672,-2.242455005645752,0.010554417967796326,584.1074629296037,6084.429031427797,
170754421_e3eba57cb8_64_97458173@N00.jpg,46.496974,7.675924,46.49697494506836,7.670344829559326,0.0325959213078022,0.427062643002414,1,176,0.6875,46.49697494506836,7.670344829559326,0.02159063145518303,0.427062643002414,0.0,
170851364_11ba8b4fb0_65_70323761@N00.jpg,41.883408,-87.630262,41.88882827758789,-87.62443542480469,0.0040394701063632965,0.7719478429533874,1,256,1.0,40.752586364746094,-73.97261810302734,0.010142850689589977,1146.2774956772669,-1145.5055478343136,
171046893_b97c4f0aa5_73_30571787@N00.jpg,51.511733,-0.125827,51.49399948120117,-0.17366699874401093,0.002843286842107773,3.853964286484125,2,36,0.140625,51.49626541137695,-0.17202599346637726,0.00841689482331276,3.630843372403936,0.22312091408018864,
171249791_e9175d9fec_75_25159586@N00.jpg,36.820278,138.946838,-44.9808349609375,168.6861114501953,0.054869379848241806,9573.796460967957,9,35,0.13671875,37.14663314819336,128.20632934570312,0.01004802342504263,954.1915246749851,8619.604936292972,
171635800_464be20292_57_97458173@N00.jpg,45.746443,4.822311,41.634002685546875,-70.92061614990234,0.028117293491959572,5873.429199022911,3,112,0.4375,38.91781997680664,-6.34644889831543,0.005804180633276701,1189.4276660650296,4684.001532957882,
171638526_5e242f702e_71_97458173@N00.jpg,46.205022,7.821578,45.91716003417969,6.86843204498291,0.032153382897377014,80.20534994300267,3,114,0.4453125,34.663570404052734,73.95103454589844,0.06641927361488342,5575.473476311864,-5495.268126368861,
171638986_3bd38f0ac5_54_97458173@N00.jpg,46.205022,7.821578,47.05702590942383,10.97259521484375,0.027301371097564697,258.5584372247001,0,0,0.0,47.05702590942383,10.97259521484375,0.027301371097564697,258.5584372247001,0.0,
171887535_83ea3b0392_42_96155869@N00.jpg,45.646268,25.592994,45.64332962036133,25.592308044433594,0.21831881999969482,0.3310561122573721,1,256,1.0,45.64332962036133,25.592308044433594,0.05255083367228508,0.3310561122573721,0.0,
172537164_a1ac3116c6_49_40279823@N00.jpg,31.509007,-9.770665,34.023353576660156,-6.839590072631836,0.048497460782527924,391.46531369033585,0,0,0.0,34.023353576660156,-6.839590072631836,0.048497460782527924,391.46531369033585,0.0,
172541835_d2f7d6ba98_46_40279823@N00.jpg,31.509007,-9.770665,31.513946533203125,-9.768562316894531,0.07961417734622955,0.5843028594811799,2,256,1.0,31.513507843017578,-9.7684326171875,0.12000273913145065,0.5433756706583366,0.0409271888228433,
172547950_fa21b898b5_58_40279823@N00.jpg,31.509007,-9.770665,42.409263610839844,27.696533203125,0.07989116758108139,3509.2673337558376,4,62,0.2421875,36.87961959838867,3.0761709213256836,0.019798053428530693,1322.2863888171746,2186.980944938663,
172900664_0bd09a7811_58_70323761@N00.jpg,40.709051,-74.010992,41.882022857666016,-87.6260986328125,0.00832171831279993,1143.6681444453643,4,256,1.0,41.882022857666016,-87.6260986328125,0.0068060485646128654,1143.6681444453643,0.0,
173878689_accde2e920_57_82927779@N00.jpg,50.954365,6.975524,50.94154739379883,6.964538097381592,0.025057852268218994,1.6197763749749672,1,15,0.05859375,53.625919342041016,11.416540145874023,0.021079083904623985,423.50154769442963,-421.8817713194547,
174479269_a04b4d9f57_65_42126397@N00.jpg,48.798722,9.192466,10.505111694335938,-66.90084075927734,0.006379774305969477,8114.114839882499,2,146,0.5703125,-23.9466495513916,-46.33256530761719,0.010676388628780842,9782.133664777177,-1668.018824894678,
174533354_bdf1dd35e1_53_82927779@N00.jpg,51.502358,-0.021843,51.50426483154297,-0.01849599927663803,0.05972075089812279,0.31404658625647214,0,0,0.0,51.50426483154297,-0.01849599927663803,0.05972075089812279,0.31404658625647214,0.0,
174602623_39c7a7a901_73_30571787@N00.jpg,40.7672,-73.976933,40.77456283569336,-73.97266387939453,0.014408206567168236,0.8941662152815985,0,0,0.0,40.77456283569336,-73.97266387939453,0.014408206567168236,0.8941662152815985,0.0,
175664036_e254575efd_74_77325609@N00.jpg,51.546581,-0.08384,51.52642059326172,-0.08372700214385986,0.00649716192856431,2.241751668608022,3,39,0.15234375,51.40911102294922,-0.30346500873565674,0.002700246637687087,21.5639350036123,-19.32218333500428,
175718513_3f77a43027_62_73293249@N00.jpg,40.418511,-3.71428,40.41767883300781,-3.702392101287842,0.0035737059079110622,1.010633514260918,5,228,0.890625,44.407779693603516,8.931241035461426,0.008039187639951706,1127.3786026577936,-1126.3679691435327,
175720014_1541436462_64_73293249@N00.jpg,40.418511,-3.71428,40.41715621948242,-3.706576108932495,0.00738003384321928,0.6693595828900754,2,97,0.37890625,42.815486907958984,-1.6445260047912598,0.00487631605938077,317.217864958672,-316.54850537578193,
175790478_dab3630a7a_66_73293249@N00.jpg,40.418511,-3.71428,41.49011993408203,13.81309700012207,0.007586591877043247,1474.1922206308827,2,224,0.875,39.63133239746094,-8.673941612243652,0.016389701515436172,431.2236490662094,1042.9685715646733,
175835676_2354cb3d72_76_73293249@N00.jpg,52.357243,4.882017,52.359130859375,4.882906913757324,0.0066245864145457745,0.21844656161261708,2,30,0.1171875,52.08190155029297,4.316013813018799,0.01779133267700672,49.23439343173585,-49.01594687012324,
178084312_9a388e89a9_65_63163416@N00.jpg,40.154277,26.407957,41.1365852355957,28.831043243408203,0.013486944139003754,231.7727613971131,2,52,0.203125,49.775394439697266,4.715579986572266,0.0021398537792265415,2003.0890798259036,-1771.3163184287905,
178210612_4ccce218e1_75_14542551@N00.jpg,47.91939,106.917057,42.70085525512695,23.316421508789062,0.03574685752391815,6234.284815969034,0,0,0.0,42.70085525512695,23.316421508789062,0.03574685752391815,6234.284815969034,0.0,
178507270_a5c01195b7_61_63163416@N00.jpg,38.67432,34.903135,38.66666793823242,34.83333206176758,0.07164681702852249,6.119441710658047,0,0,0.0,38.66666793823242,34.83333206176758,0.07164681702852249,6.119441710658047,0.0,
178527376_73751d9d73_68_63163416@N00.jpg,38.67432,34.903135,35.66341781616211,-106.40962982177734,0.016072643920779228,10843.171959354111,3,60,0.234375,35.04875946044922,-107.40620422363281,0.03243919089436531,10946.89954077898,-103.72758142486964,
180310297_2a7e1e8133_77_43935788@N00.jpg,24.938747,-80.650634,21.521352767944336,-87.24431610107422,0.018811598420143127,773.3323194048872,0,0,0.0,21.521352767944336,-87.24431610107422,0.018811598420143127,773.3323194048872,0.0,
180338295_7517397b13_75_43935788@N00.jpg,24.938747,-80.650634,25.492509841918945,-80.18733215332031,0.06839848309755325,77.22585142525935,0,0,0.0,25.492509841918945,-80.18733215332031,0.06839848309755325,77.22585142525935,0.0,
180651864_84511421f2_59_40279823@N00.jpg,50.937607,6.977348,48.1320686340332,11.54971981048584,0.009135876782238483,453.9267210056716,4,240,0.9375,48.1320686340332,11.54971981048584,0.006669302936643362,453.9267210056716,0.0,
181175040_f0ab843234_63_70323761@N00.jpg,40.7369,-74.037063,46.01134490966797,-112.53638458251953,0.01240614615380764,3134.8255508051843,1,256,1.0,46.01134490966797,-112.53638458251953,0.016980741173028946,3134.8255508051843,0.0,
181219558_e8b2280e84_76_77392231@N00.jpg,48.871969,2.292623,43.85569763183594,125.30387878417969,0.001621934468857944,8308.84171946715,2,117,0.45703125,24.07248306274414,52.66674041748047,0.00389806367456913,5153.913054461772,3154.9286650053773,
181250337_841120eaba_66_77392231@N00.jpg,48.852517,2.305412,48.85868453979492,2.294018030166626,0.0131995202973485,1.079451870312648,0,0,0.0,48.85868453979492,2.294018030166626,0.0131995202973485,1.079451870312648,0.0,
181607715_d26c19625c_59_77392231@N00.jpg,52.370883,4.889259,52.3731575012207,4.891645908355713,0.0065621365793049335,0.30037148734109154,2,256,1.0,52.38133239746094,4.637332916259766,0.007531017530709505,17.140632556376456,-16.840261069035364,
181843835_0af23794dd_65_77325609@N00.jpg,51.546581,-0.08384,35.3226432800293,139.3526153564453,0.003552648238837719,9578.338678412014,1,176,0.6875,22.574527740478516,120.56912231445312,0.002480526687577367,9957.469445271445,-379.1307668594309,
181848051_3f34be1b5d_68_70323761@N00.jpg,40.698096,-73.997163,40.70418930053711,-73.99440002441406,0.010946325957775116,0.7164618970966693,2,48,0.1875,40.699039459228516,-74.03971862792969,0.008126392960548401,3.5890844788406437,-2.8726225817439746,
181860736_4dc151fcf7_58_77392231@N00.jpg,52.370883,4.889259,52.37525939941406,4.89638090133667,0.004957263357937336,0.6859787412695171,2,14,0.0546875,52.08190155029297,4.316013813018799,0.014639650471508503,50.56693290325299,-49.880954161983475,
181876927_f171e3f91a_48_70323761@N00.jpg,40.704131,-73.990457,40.70370864868164,-73.99472045898438,0.009181824512779713,0.3624473604781422,0,0,0.0,40.70370864868164,-73.99472045898438,0.009181824512779713,0.3624473604781422,0.0,
181880910_b78dccf672_62_77392231@N00.jpg,52.370883,4.889259,52.45905685424805,4.814183235168457,0.003253070404753089,11.047830808009788,4,151,0.58984375,52.4760627746582,4.810723781585693,0.008796202950179577,12.850833139284239,-1.8030023312744508,
181896908_9a6295b083_60_77392231@N00.jpg,52.320441,4.90179,52.37525939941406,4.89638090133667,0.00515979016199708,6.106599421823122,3,150,0.5859375,52.38133239746094,4.637332916259766,0.011154690757393837,19.195840132737715,-13.089240710914591,
182032884_4d2e269a5c_54_77392231@N00.jpg,52.370883,4.889259,52.37098693847656,4.890974998474121,0.007150556892156601,0.11707071535106685,6,256,1.0,52.37098693847656,4.890974998474121,0.007362463977187872,0.11707071535106685,0.0,
182060212_8143f50969_67_43616936@N00.jpg,40.805948,-81.933889,46.70750045776367,-1.9794269800186157,0.0015475928084924817,6172.963039604002,0,0,0.0,46.70750045776367,-1.9794269800186157,0.0015475928084924817,6172.963039604002,0.0,
182104467_7712c6f402_65_77392231@N00.jpg,52.370883,4.889259,52.37354278564453,4.893894195556641,0.006829243153333664,0.43184543196573644,1,256,1.0,52.37354278564453,4.893894195556641,0.006868750788271427,0.43184543196573644,0.0,
183737240_a11f25bfa9_60_69212252@N00.jpg,42.006767,-87.668581,39.682247161865234,-75.7497329711914,0.007254232652485371,1034.401732774285,6,240,0.9375,39.682247161865234,-75.7497329711914,0.004115913528949022,1034.401732774285,0.0,
185281760_26244048e9_58_91062007@N00.jpg,32.849271,-117.275598,34.002723693847656,-118.80795288085938,0.010563550516963005,191.4972388444354,0,0,0.0,34.002723693847656,-118.80795288085938,0.010563550516963005,191.4972388444354,0.0,
186489559_1c06f55cac_73_82927779@N00.jpg,22.220224,114.115591,1.310333013534546,103.94750213623047,0.021420715376734734,2572.0851843091345,0,0,0.0,1.310333013534546,103.94750213623047,0.021420715376734734,2572.0851843091345,0.0,
186684963_7fa97e938b_56_40829484@N00.jpg,38.039438,-119.520263,37.72700881958008,-119.54443359375,0.026427460834383965,34.80528950892205,0,0,0.0,37.72700881958008,-119.54443359375,0.026427460834383965,34.80528950892205,0.0,
186707214_28d47e2f28_74_40829484@N00.jpg,37.83975,-122.275428,37.80295181274414,-122.44833374023438,0.01822706125676632,15.728885379804732,3,16,0.0625,41.008392333984375,-8.645825386047363,0.010569069534540176,8960.139157351576,-8944.41027197177,
186707726_49fd73e638_65_40829484@N00.jpg,37.83975,-122.275428,37.805747985839844,-122.4470443725586,0.022844355553388596,15.540729562543499,1,144,0.5625,37.80424118041992,-122.45873260498047,0.014598746784031391,16.57766265236696,-1.0369330898234619,
186730346_83d7629ad5_56_40829484@N00.jpg,36.882916,-121.830139,36.63460922241211,-121.93854522705078,0.07087050378322601,29.250714228762618,1,128,0.5,37.472984313964844,-122.44872283935547,0.032923098653554916,85.48936699492114,-56.23865276615852,
186756668_0b6ad5b3c2_45_40829484@N00.jpg,51.121411,2.622985,51.31704330444336,3.13216495513916,0.03448282554745674,41.6026530260666,4,34,0.1328125,20.99221420288086,107.76351928710938,0.02861129678785801,9203.80452887509,-9162.201875849025,
187815690_3824c2a894_74_23601949@N00.jpg,36.591333,-121.96455,36.59103012084961,-121.96418762207031,0.06532605737447739,0.04670081035352159,4,31,0.12109375,32.84916305541992,-117.27544403076172,0.008525464683771133,597.1800424645023,-597.1333416541488,
187822795_5e4024485f_61_23601949@N00.jpg,36.583606,-121.96721,36.57706832885742,-121.97486877441406,0.04708351194858551,0.9980690353077059,0,0,0.0,36.57706832885742,-121.97486877441406,0.04708351194858551,0.9980690353077059,0.0,
188083861_6cd7ceb991_56_39303693@N00.jpg,43.953683,-86.469461,42.131439208984375,-83.1417236328125,0.027217501774430275,337.8746632391332,2,76,0.296875,41.966861724853516,-87.63871002197266,0.01541135087609291,240.5358931953236,97.3387700438096,
188442683_e2445ccded_67_87434398@N00.jpg,43.894552,-73.309793,43.545562744140625,-80.56111145019531,0.024045972153544426,583.8430574539053,1,15,0.05859375,43.08147430419922,-88.91172790527344,0.008724603801965714,1260.0320727350504,-676.1890152811451,
188452886_3a09f9b30e_55_87434398@N00.jpg,44.125672,-73.17418,40.8317985534668,-75.8834228515625,0.055955130606889725,428.32440668727327,1,112,0.4375,40.8317985534668,-75.8834228515625,0.17281362414360046,428.32440668727327,0.0,
189497574_7aebf15977_44_90672364@N00.jpg,51.38994,-0.720462,50.9083366394043,-1.641726016998291,0.017991168424487114,83.64798581033108,1,256,1.0,50.9083366394043,-1.641726016998291,0.030139049515128136,83.64798581033108,0.0,
189942886_6376c63106_57_96155869@N00.jpg,48.834554,2.368412,51.51396560668945,-0.10019800066947937,0.006814949214458466,345.89111585547323,1,256,1.0,51.5145378112793,-0.10350099951028824,0.010008665733039379,346.0648259619425,-0.17371010646928653,
189952154_4f4adf804b_66_30571787@N00.jpg,40.729242,-73.993735,42.86253356933594,-73.8890380859375,0.0028334790840744972,237.3701919466613,1,256,1.0,38.24259567260742,-122.62913513183594,0.005135319661349058,4129.351025672319,-3891.980833725658,
190573925_39c637d6a5_57_91728102@N00.jpg,36.2333,117.11,30.30168914794922,119.12713623046875,0.01109581720083952,685.6562839814598,0,0,0.0,30.30168914794922,119.12713623046875,0.01109581720083952,685.6562839814598,0.0,
190587123_6f999d54dc_75_19355699@N00.jpg,40.765461,-73.978157,40.705665588378906,-73.99633026123047,0.022944865748286247,6.822989854894395,0,0,0.0,40.705665588378906,-73.99633026123047,0.022944865748286247,6.822989854894395,0.0,
190594890_28cc900948_73_91728102@N00.jpg,36.1924,117.125,39.87944412231445,116.40666961669922,0.020076561719179153,414.7752435749625,0,0,0.0,39.87944412231445,116.40666961669922,0.020076561719179153,414.7752435749625,0.0,
190595343_f22f777963_77_19355699@N00.jpg,40.765461,-73.978157,39.90400695800781,-75.17137145996094,0.01962669938802719,139.29768370567746,6,148,0.578125,38.65607833862305,-121.51596069335938,0.021471844986081123,4023.0887075959245,-3883.791023890247,
190595866_28fb44c396_54_19355699@N00.jpg,40.765461,-73.978157,40.77404022216797,-73.9718017578125,0.01773250289261341,1.0938384939143504,2,66,0.2578125,40.79640579223633,-73.9561767578125,0.008919919840991497,3.907037106855553,-2.8131986129412025,
190617363_42f0d6d304_45_19355699@N00.jpg,43.090516,-79.067916,32.62620544433594,129.7379913330078,0.033880483359098434,11099.852237316945,1,144,0.5625,32.62620544433594,129.7379913330078,0.044556066393852234,11099.852237316945,0.0,
190617581_6e7ec120ab_70_19355699@N00.jpg,43.090516,-79.067916,43.091426849365234,-79.07435607910156,0.04633180424571037,0.5326676038329194,1,81,0.31640625,39.021183013916016,125.74813842773438,0.035342101007699966,10548.801933717195,-10548.269266113362,
190632279_8200596bca_58_19355699@N00.jpg,41.882853,-87.630043,41.87898635864258,-87.63595581054688,0.008876146748661995,0.651522085923837,3,192,0.75,41.88882827758789,-87.62443542480469,0.007161692250519991,0.8105208526599565,-0.15899876673611957,
190632702_c9712e22dd_61_19355699@N00.jpg,41.882853,-87.630043,41.878761291503906,-87.637939453125,0.01045995019376278,0.796477583982829,0,0,0.0,41.878761291503906,-87.637939453125,0.01045995019376278,0.796477583982829,0.0,
190633086_d744a81490_55_19355699@N00.jpg,41.882853,-87.630043,41.877037048339844,-87.61770629882812,0.015405815094709396,1.2088791758447093,1,10,0.0390625,41.88027572631836,-87.61903381347656,0.007701592519879341,0.9554180075385528,0.2534611683061565,
190856047_2512318795_75_82927779@N00.jpg,22.185338,113.537693,22.198213577270508,113.54301452636719,0.037121985107660294,1.5329567796230257,0,0,0.0,22.198213577270508,113.54301452636719,0.037121985107660294,1.5329567796230257,0.0,
190981523_c584634c53_72_90833046@N00.jpg,44.888715,-93.313407,26.07404327392578,-80.31336212158203,0.015011354349553585,2393.495123718943,1,70,0.2734375,32.824249267578125,-96.71649932861328,0.004334252327680588,1373.1427959072273,1020.3523278117157,
191259820_05864d024a_56_91062007@N00.jpg,32.849271,-117.275598,32.847862243652344,-117.27699279785156,0.08874542266130447,0.20375301986133315,0,0,0.0,32.847862243652344,-117.27699279785156,0.08874542266130447,0.20375301986133315,0.0,
192049090_ae473cbf3e_61_39595541@N00.jpg,51.503613,-0.11909,51.50337219238281,-0.11921299993991852,0.013262138701975346,0.028097450461989568,1,240,0.9375,51.50356674194336,-0.11906799674034119,0.013163785450160503,0.0053643941999799724,0.022733056262009596,
192465047_b12a81c861_46_85417391@N00.jpg,55.68523,12.586727,45.77964401245117,4.852867126464844,0.022866368293762207,1226.8430149585247,1,90,0.3515625,43.43995666503906,142.44049072265625,0.02241751179099083,8028.852927816822,-6802.009912858297,
192469263_96c9b6fdd0_44_85417391@N00.jpg,55.68523,12.586727,49.2396240234375,-123.13175964355469,0.011754942126572132,7646.889284723776,0,0,0.0,49.2396240234375,-123.13175964355469,0.011754942126572132,7646.889284723776,0.0,
192661465_af7eee6df5_71_82927779@N00.jpg,22.270511,114.161682,22.272167205810547,114.15083312988281,0.04115036129951477,1.131435718070556,1,176,0.6875,22.272167205810547,114.15083312988281,0.0409310907125473,1.131435718070556,0.0,
192922377_2812411201_64_39303693@N00.jpg,33.078241,-116.602159,-41.135921478271484,-71.3060073852539,0.003142721951007843,9466.074486560918,3,30,0.1171875,42.143917083740234,-77.05684661865234,0.0003613854059949517,3591.0469860512485,5875.027500509669,
192975525_11ca682ff9_48_70323761@N00.jpg,40.826978,-73.928461,40.82923889160156,-73.9278793334961,0.0820343866944313,0.25611940008974726,4,7,0.02734375,40.82923889160156,-73.9278793334961,0.06986483186483383,0.25611940008974726,0.0,
192980337_e08a36edb5_73_70323761@N00.jpg,40.826978,-73.928461,40.82923889160156,-73.9278793334961,0.05808544531464577,0.25611940008974726,0,0,0.0,40.82923889160156,-73.9278793334961,0.05808544531464577,0.25611940008974726,0.0,
193833980_0880797f01_68_85417391@N00.jpg,52.372559,4.896469,52.37245559692383,4.895094871520996,0.006285920273512602,0.09399193101545061,7,189,0.73828125,52.37234878540039,4.896639823913574,0.004722681362181902,0.02609345820495319,0.06789847281049742,
193834637_455e444f1b_76_85417391@N00.jpg,52.372559,4.896469,52.373268127441406,4.891819000244141,0.005920125171542168,0.3253725946306436,6,86,0.3359375,52.422523498535156,4.822998046875,0.005173490848392248,7.464345218373123,-7.138972623742479,
193835830_22beea59f1_63_85417391@N00.jpg,52.372559,4.896469,52.37525939941406,4.89638090133667,0.005202106200158596,0.30033068240071437,10,107,0.41796875,52.079833984375,4.315694808959961,0.007384396158158779,51.227538388997665,-50.92720770659695,
194700057_04c99126b9_64_96155869@N00.jpg,50.854942,4.350585,50.87184524536133,4.400023937225342,0.013129932805895805,3.9461521970652553,0,0,0.0,50.87184524536133,4.400023937225342,0.013129932805895805,3.9461521970652553,0.0,
194806576_a225f9957e_63_96155869@N00.jpg,50.854942,4.350585,48.89144515991211,11.182499885559082,0.0033211398404091597,535.802937208367,0,0,0.0,48.89144515991211,11.182499885559082,0.0033211398404091597,535.802937208367,0.0,
195179855_cb4001e4fe_69_73935513@N00.jpg,-25.499066,-54.621276,-25.53740119934082,-54.59930419921875,0.10006705671548843,4.799138232368482,1,54,0.2109375,-25.547069549560547,-54.588890075683594,0.11739201843738556,6.249190416260072,-1.4500521838915903,
195180812_8762d1dba5_70_73935513@N00.jpg,-25.499066,-54.621276,-25.547861099243164,-54.61294937133789,0.07759981602430344,5.489729669017577,2,108,0.421875,-25.68709373474121,-54.444034576416016,0.05419642850756645,27.442178509678417,-21.95244884066084,
195181447_f5e6079a68_78_73935513@N00.jpg,-25.499066,-54.621276,-25.68709373474121,-54.444034576416016,0.07753479480743408,27.442178509678417,4,166,0.6484375,-25.68709373474121,-54.444034576416016,0.09796188026666641,27.442178509678417,0.0,
195181973_f6a23128ef_76_85417391@N00.jpg,52.372559,4.896469,-25.614667892456055,-54.4831657409668,0.009187142364680767,10402.723934030824,4,66,0.2578125,32.73524856567383,-117.14934539794922,0.014095823280513287,9010.988423104516,1391.735510926308,
195819600_2033633f7d_71_85417391@N00.jpg,52.372559,4.896469,52.1541862487793,5.387286186218262,0.020278548821806908,41.29569115013059,3,127,0.49609375,56.032012939453125,14.156366348266602,0.012003811076283455,725.9169062855274,-684.6212151353968,
196314134_0d7e80fc95_74_40829484@N00.jpg,43.10399,-79.057617,43.08286666870117,-79.0744400024414,0.03520931303501129,2.717150053997018,0,0,0.0,43.08286666870117,-79.0744400024414,0.03520931303501129,2.717150053997018,0.0,
196460521_0a3c304099_61_40829484@N00.jpg,40.736331,-73.997039,40.70923614501953,-74.01122283935547,0.006559060420840979,3.241264227816482,3,46,0.1796875,33.74831008911133,-84.39111328125,0.0028614746406674385,1202.7556170234375,-1199.514352795621,
196467137_f72a7e3558_76_40829484@N00.jpg,40.736331,-73.997039,34.0687141418457,-118.44261932373047,0.0012299634981900454,3952.311639642123,8,212,0.828125,34.0687141418457,-118.44261932373047,0.0012159699108451605,3952.311639642123,0.0,
196469344_2731d92ad7_77_40829484@N00.jpg,40.736331,-73.997039,41.87913131713867,-87.62996673583984,0.008680076338350773,1144.556670861877,6,111,0.43359375,41.879112243652344,-87.62603759765625,0.004354133736342192,1144.2314720170225,0.3251988448544125,
196471550_9c6d718e8b_57_40829484@N00.jpg,40.736331,-73.997039,40.734500885009766,-73.9905014038086,0.0023433638270944357,0.5872201684597559,5,164,0.640625,43.655391693115234,-79.38082122802734,0.0044840299524366856,549.4046343581209,-548.8174141896611,
196550010_3b92326b80_64_18684820@N00.jpg,37.350611,-121.98252,37.68247985839844,-122.05815124511719,0.06838527321815491,37.500215894149036,0,0,0.0,37.68247985839844,-122.05815124511719,0.06838527321815491,37.500215894149036,0.0,
196562276_9b2f885f6b_65_18684820@N00.jpg,37.350611,-121.98252,37.68247985839844,-122.05815124511719,0.06769420206546783,37.500215894149036,0,0,0.0,37.68247985839844,-122.05815124511719,0.06769420206546783,37.500215894149036,0.0,
196954120_bc743fb164_74_75452460@N00.jpg,46.504063,9.295806,44.6878776550293,7.061976909637451,0.03714432939887047,266.4189263942112,0,0,0.0,44.6878776550293,7.061976909637451,0.03714432939887047,266.4189263942112,0.0,
197332087_b9b6259fb6_60_57253263@N00.jpg,42.269044,-71.800648,43.656402587890625,-70.25896453857422,0.01336715742945671,198.82907896663642,0,0,0.0,43.656402587890625,-70.25896453857422,0.01336715742945671,198.82907896663642,0.0,
197495849_b5787ee039_64_35468147630@N01.jpg,27.203342,77.983703,18.753000259399414,99.12249755859375,0.006972231436520815,2354.700744159351,5,245,0.95703125,18.753000259399414,99.12249755859375,0.007575575262308121,2354.700744159351,0.0,
197508182_721f559e6a_60_35468147630@N01.jpg,27.203342,77.983703,27.173402786254883,78.04215240478516,0.044679392129182816,6.6711945972619136,0,0,0.0,27.173402786254883,78.04215240478516,0.044679392129182816,6.6711945972619136,0.0,
197544370_c433b664eb_61_69212252@N00.jpg,41.940507,-87.640589,14.587632179260254,-90.55182647705078,0.0017173775704577565,3054.362136247569,1,40,0.15625,41.135520935058594,-8.538801193237305,0.003081094240769744,6330.864590646802,-3276.5024543992326,
197840971_8f20a52297_57_35468147630@N01.jpg,26.920845,75.791759,26.985809326171875,75.85016632080078,0.08902669697999954,9.257220686874302,1,6,0.0234375,26.985809326171875,75.85016632080078,0.01555087324231863,9.257220686874302,0.0,
197846059_bee5d51f48_61_35468147630@N01.jpg,26.920845,75.791759,26.985809326171875,75.85016632080078,0.08031909167766571,9.257220686874302,5,41,0.16015625,26.986793518066406,75.84918212890625,0.0689525455236435,9.282724474603166,-0.02550378772886397,
197897732_b134457ea6_78_35468147630@N01.jpg,27.717573,85.307464,28.046079635620117,84.58663177490234,0.3146478831768036,79.71052750401088,10,229,0.89453125,28.046079635620117,84.58663177490234,0.3683074116706848,79.71052750401088,0.0,
199074829_bee759aeb6_77_85971448@N00.jpg,40.891131,38.998203,41.413509368896484,45.554466247558594,0.024121571332216263,551.8575097539147,2,224,0.875,42.019840240478516,45.55472183227539,0.04320286959409714,560.476065571728,-8.61855581781333,
199186260_97c4c8f997_57_69212252@N00.jpg,50.43903,-3.579483,53.26057434082031,-1.3611880540847778,0.023837612941861153,348.74250050778886,3,256,1.0,53.26057434082031,-1.3611880540847778,0.0344914011657238,348.74250050778886,0.0,
199202001_024fdaee59_73_39303693@N00.jpg,42.359059,-83.065411,47.36805725097656,8.543965339660645,0.0010924502275884151,6805.868747169063,3,240,0.9375,47.36805725097656,8.543965339660645,0.0016742921434342861,6805.868747169063,0.0,
199300245_2b38ee3d16_78_23601949@N00.jpg,43.947179,-69.461252,34.72402572631836,-85.30375671386719,0.014169339090585709,1700.3966892129379,2,192,0.75,42.121971130371094,-72.20643615722656,0.017457125708460808,301.58514480036774,1398.8115444125701,
199387214_cc3c9db19f_75_23601949@N00.jpg,43.876968,-69.493374,44.311649322509766,-72.16659545898438,0.035024676471948624,218.87516538669962,3,52,0.203125,42.42962646484375,-71.3138656616211,0.008608732372522354,218.41351225663416,0.46165313006545716,
199388185_da2ef09e0a_72_23601949@N00.jpg,43.875499,-69.468441,39.48814392089844,13.532408714294434,0.011659293435513973,6608.690475356635,0,0,0.0,39.48814392089844,13.532408714294434,0.011659293435513973,6608.690475356635,0.0,
199526677_3ddc888515_70_85971448@N00.jpg,37.872549,32.491378,33.51136016845703,36.306671142578125,0.027789462357759476,594.7489054444748,2,168,0.65625,39.90595626831055,41.27765655517578,0.030366137623786926,792.9587991199212,-198.20989367544644,
199526712_617424ef01_68_85971448@N00.jpg,37.872549,32.491378,37.87006378173828,32.50067901611328,0.02688608504831791,0.8619117258956303,1,208,0.8125,41.00716781616211,28.976167678833008,0.013581686653196812,461.0145562601227,-460.152644534227,
199526748_3259ca2aff_73_85971448@N00.jpg,38.66038,34.805889,38.64315414428711,34.81086730957031,0.08233875036239624,1.9636101284996796,0,0,0.0,38.64315414428711,34.81086730957031,0.08233875036239624,1.9636101284996796,0.0,
199527383_818e8e0167_77_85971448@N00.jpg,38.642953,34.831123,38.64020538330078,34.823570251464844,0.09621161967515945,0.7236231678733115,0,0,0.0,38.64020538330078,34.823570251464844,0.09621161967515945,0.7236231678733115,0.0,
199527753_19fa9e6074_70_85971448@N00.jpg,38.671304,34.839363,38.66666793823242,34.83333206176758,0.08303769677877426,0.7347762562272534,1,128,0.5,32.050498962402344,48.83087921142578,0.059770651161670685,1464.4467438760287,-1463.7119676198015,
199527863_7d85bd7343_71_85971448@N00.jpg,38.671304,34.839363,38.63861083984375,34.84611129760742,0.07330272346735,3.682243979104927,2,225,0.87890625,38.63861083984375,34.84611129760742,0.07053826749324799,3.682243979104927,0.0,
199527987_c36b6752da_65_85971448@N00.jpg,38.671304,34.839363,38.491756439208984,34.749755859375,0.09777320176362991,21.430385620206216,2,29,0.11328125,43.74620056152344,4.79640007019043,0.013003809377551079,2560.7532809036666,-2539.32289528346,
199528247_66da61f266_70_85971448@N00.jpg,38.671304,34.839363,38.64315414428711,34.81086730957031,0.1348419040441513,3.989989718937974,1,40,0.15625,38.957740783691406,35.43170166015625,0.06007085740566254,60.40065457672167,-56.41066485778369,
199528593_5e0e76e802_64_85971448@N00.jpg,38.671304,34.839363,-1.3621759414672852,36.2109375,0.02460179664194584,4453.740520997011,1,10,0.0390625,38.614051818847656,-6.8223700523376465,0.05088939890265465,3586.2816473509356,867.4588736460755,
199530729_bafe6d02cc_73_85971448@N00.jpg,38.671304,34.839363,38.588966369628906,34.836273193359375,0.0491202175617218,9.159472580244257,0,0,0.0,38.588966369628906,34.836273193359375,0.0491202175617218,9.159472580244257,0.0,
199794838_c2a1c00e03_73_85971448@N00.jpg,37.887183,27.448139,37.93973159790039,27.341365814208984,0.0979282334446907,11.03990126680802,2,22,0.0859375,37.94270706176758,27.345314025878906,0.07606758922338486,10.930848351265166,0.10905291554285412,
199796278_3b37b057cc_61_85971448@N00.jpg,37.87404,27.262229,42.71000289916992,27.760562896728516,0.02909976989030838,539.3906843762306,7,249,0.97265625,22.513824462890625,-78.5247802734375,0.024183310568332672,9773.762961436241,-9234.37227706001,
199796718_ef80a4d13b_60_85971448@N00.jpg,37.845037,27.110824,41.1365852355957,28.831043243408203,0.14105159044265747,394.6269907529942,5,166,0.6484375,41.1365852355957,28.831043243408203,0.2535710334777832,394.6269907529942,0.0,
199802332_27a09191e6_64_85971448@N00.jpg,37.921654,29.124755,37.92345428466797,29.12359619140625,0.26706022024154663,0.22451041274062544,0,0,0.0,37.92345428466797,29.12359619140625,0.26706022024154663,0.22451041274062544,0.0,
199806297_d650c1c479_45_85971448@N00.jpg,37.872549,32.491378,40.76558303833008,29.421171188354492,0.017358316108584404,416.1590551085329,3,256,1.0,40.63427734375,33.101375579833984,0.025235069915652275,311.5473386669666,104.61171644156633,
200122311_69e1bf6d4a_72_18684820@N00.jpg,37.796763,-122.428207,-34.63917541503906,-58.36274337768555,0.009949827566742897,10415.74588099726,3,32,0.125,38.345829010009766,-0.48528599739074707,0.003818814642727375,9673.94233268959,741.8035483076692,
200132082_7a49b4b77a_65_18684820@N00.jpg,37.796763,-122.428207,37.809547424316406,-122.41788482666016,0.008946836926043034,1.686203148752606,1,12,0.046875,37.80976867675781,-122.41048431396484,0.009500930085778236,2.125057074243107,-0.4388539254905013,
200150346_6705a9c76e_52_18684820@N00.jpg,37.393754,-122.078983,34.39892578125,-118.91412353515625,0.04107053205370903,438.3057527181344,3,26,0.1015625,36.96371841430664,-122.01968383789062,0.005899928044527769,48.105572570911264,390.20018014722314,
200157310_45817adaeb_61_18684820@N00.jpg,37.393754,-122.078983,48.719947814941406,-122.50276947021484,0.044248804450035095,1259.882051601681,0,0,0.0,48.719947814941406,-122.50276947021484,0.044248804450035095,1259.882051601681,0.0,
201447596_b22107374e_74_48947971@N00.jpg,35.009752,135.736083,35.03933334350586,135.7288360595703,0.10579075664281845,3.3548404189739998,1,160,0.625,35.03933334350586,135.7288360595703,0.08680404722690582,3.3548404189739998,0.0,
201606318_0c2807c504_66_18684820@N00.jpg,13.735383,100.500183,13.734048843383789,100.50687408447266,0.011937594972550869,0.7378093135507685,4,158,0.6171875,14.008695602416992,100.37109375,0.017928333953022957,33.43366169858375,-32.69585238503298,
201633165_cd0e2cc539_65_18684820@N00.jpg,13.735383,100.500183,13.74574089050293,100.53223419189453,0.006459828000515699,3.648498858791031,3,228,0.890625,19.489513397216797,-99.17720031738281,0.008043570443987846,15738.628901514245,-15734.980402655454,
201651298_4f21bd5826_66_18684820@N00.jpg,13.735383,100.500183,31.850147247314453,120.38063049316406,0.01584014669060707,2855.0123288721984,2,128,0.5,31.850147247314453,120.38063049316406,0.05127106234431267,2855.0123288721984,0.0,
201657210_e68cce9a1b_65_18684820@N00.jpg,13.735383,100.500183,13.752723693847656,100.41915893554688,0.010248495265841484,8.96140729503969,3,195,0.76171875,13.754860877990723,100.50416564941406,0.01202967669814825,2.2081499741054738,6.753257320934216,
202508316_91f909efd1_74_23601949@N00.jpg,43.763291,-69.30754,46.77478790283203,-60.33348083496094,0.07658679038286209,777.407024274382,0,0,0.0,46.77478790283203,-60.33348083496094,0.07658679038286209,777.407024274382,0.0,
203318443_0fba9d92de_78_40829484@N00.jpg,50.484599,5.890045,50.4439582824707,5.968021869659424,0.06977859139442444,7.1333946080932495,1,91,0.35546875,51.35881042480469,0.26384299993515015,0.03904830664396286,406.06097132049126,-398.92757671239804,
203360313_e74db93bdd_78_85417391@N00.jpg,56.157023,10.208787,56.032012939453125,14.156366348266602,0.020365320146083832,245.21842132236483,1,121,0.47265625,60.39531326293945,5.32437801361084,0.012019738554954529,550.724382286743,-305.5059609643781,
203362451_11ffc99579_72_85417391@N00.jpg,56.157023,10.208787,55.681453704833984,12.573851585388184,0.006164324004203081,156.5566663837548,0,0,0.0,55.681453704833984,12.573851585388184,0.006164324004203081,156.5566663837548,0.0,
203369990_ce5bc48c5e_73_40829484@N00.jpg,50.484599,5.890045,44.54171371459961,6.060976028442383,0.06644151359796524,660.9437774436839,5,146,0.5703125,47.95291519165039,0.2121729999780655,0.03848082572221756,499.0870003741136,161.85677706957028,
203372498_c307077bc6_72_40829484@N00.jpg,50.484599,5.890045,47.95291519165039,0.2121729999780655,0.034085020422935486,499.0870003741136,1,208,0.8125,50.86967849731445,-0.7338089942932129,0.013669845648109913,468.53797492353794,30.54902545057564,
203380906_c7f7ea7d75_64_85417391@N00.jpg,56.157023,10.208787,49.184349060058594,-0.36111000180244446,0.001871784101240337,1050.863053445303,1,144,0.5625,49.184349060058594,-0.36111000180244446,0.002521764487028122,1050.863053445303,0.0,
203382931_becf34eb9c_73_40829484@N00.jpg,50.484599,5.890045,50.44307327270508,5.968493938446045,0.08665028214454651,7.221840036138515,3,192,0.75,47.822086334228516,13.175567626953125,0.05589408054947853,606.5608166963771,-599.3389766602386,
203414504_6dce8e2783_60_40829484@N00.jpg,50.484599,5.890045,50.44307327270508,5.968493938446045,0.02042653039097786,7.221840036138515,4,223,0.87109375,50.333614349365234,6.9421892166137695,0.04020513966679573,76.42606224553278,-69.20422220939426,
203420486_c21ed696cc_65_40829484@N00.jpg,50.484599,5.890045,46.60721206665039,14.178295135498047,0.03804802522063255,746.3829538639405,4,72,0.28125,52.962120056152344,6.525094985961914,0.14106248319149017,278.9361995327588,467.44675433118175,
203433765_e18047ec80_68_40829484@N00.jpg,50.484599,5.890045,47.95291519165039,0.2121729999780655,0.04598507285118103,499.0870003741136,2,224,0.875,47.95291519165039,0.2121729999780655,0.02401319146156311,499.0870003741136,0.0,
203556116_5ccfe51938_71_40829484@N00.jpg,50.484599,5.890045,47.95291519165039,0.2121729999780655,0.07168392091989517,499.0870003741136,1,50,0.1953125,47.95291519165039,0.2121729999780655,0.05002737045288086,499.0870003741136,0.0,
204077214_df3394ae6e_60_96155869@N00.jpg,51.522843,-0.097503,51.5040283203125,-0.12037699669599533,0.01010746881365776,2.6234335791853125,1,96,0.375,51.503150939941406,-0.1200449988245964,0.009615066461265087,2.6884897683998177,-0.06505618921450518,
205937104_f815e40606_92_50994135@N00.jpg,55.868599,-4.290461,55.8612174987793,-4.249176025390625,0.015422265976667404,2.703645692936967,0,0,0.0,55.8612174987793,-4.249176025390625,0.015422265976667404,2.703645692936967,0.0,
205953850_37fcc34cc9_59_18684820@N00.jpg,37.352036,-122.004761,37.6666374206543,-121.0304946899414,0.00915844738483429,92.78277839849045,2,192,0.75,37.6666374206543,-121.0304946899414,0.00788024626672268,92.78277839849045,0.0,
206677401_8c512bf0f7_81_57253263@N00.jpg,41.791793,-70.586472,45.59740447998047,-122.64810180664062,0.019369641318917274,4133.045828454092,3,256,1.0,45.59740447998047,-122.64810180664062,0.036437880247831345,4133.045828454092,0.0,
206687007_7beae5e6dd_59_57253263@N00.jpg,41.791793,-70.586472,41.5843620300293,-70.5419921875,0.1043967753648758,23.35915623689214,5,148,0.578125,41.5843620300293,-70.5419921875,0.03403144329786301,23.35915623689214,0.0,
206811821_cdaba6cb18_80_96155869@N00.jpg,51.218282,3.22586,51.2083740234375,3.224529981613159,0.028082935139536858,1.1056065052696382,2,225,0.87890625,51.2083740234375,3.224529981613159,0.028970874845981598,1.1056065052696382,0.0,
206828863_f2f60dd4f6_90_96155869@N00.jpg,51.218282,3.22586,51.23344039916992,2.9106900691986084,0.0436084046959877,22.011829433153164,0,0,0.0,51.23344039916992,2.9106900691986084,0.0436084046959877,22.011829433153164,0.0,
207015107_cb18f205d0_66_18684820@N00.jpg,37.781298,-122.424774,37.773712158203125,-122.43179321289062,0.007354088127613068,1.0450255323744544,2,218,0.8515625,37.775726318359375,-122.43390655517578,0.006990639492869377,1.0139291740796919,0.03109635829476254,
207028436_967c83d1b1_71_14542551@N00.jpg,48.973343,89.959659,41.84296417236328,75.0750732421875,0.18826331198215485,1402.7833856818202,0,0,0.0,41.84296417236328,75.0750732421875,0.18826331198215485,1402.7833856818202,0.0,
207029327_fe3decd583_92_18684820@N00.jpg,37.781298,-122.424774,36.97471618652344,-122.02576446533203,0.004814361222088337,96.36862388916416,1,256,1.0,36.97471618652344,-122.02576446533203,0.005174512043595314,96.36862388916416,0.0,
207032418_9e334a5962_68_18684820@N00.jpg,37.781298,-122.424774,40.46564865112305,-79.95482635498047,0.0037720766849815845,3640.437352060991,2,240,0.9375,40.46564865112305,-79.95482635498047,0.0038149598985910416,3640.437352060991,0.0,
207043724_733226857b_79_14542551@N00.jpg,48.973343,89.959659,47.845767974853516,16.833887100219727,0.10920801013708115,5181.179477336189,2,40,0.15625,46.403072357177734,6.206867218017578,0.07986492663621902,5942.753665397389,-761.5741880612004,
207058783_4fed7a547e_91_81421684@N00.jpg,39.87916,116.437032,39.915000915527344,116.3896713256836,0.006802879273891449,5.675094265137814,1,150,0.5859375,26.59600067138672,106.70649719238281,0.011171823367476463,1729.6150639804248,-1723.939969715287,
207058986_dfd7d6ad9a_73_81421684@N00.jpg,39.880136,116.434736,39.91625213623047,116.39019012451172,0.009421270340681076,5.528869355791115,6,154,0.6015625,39.915000915527344,116.3896713256836,0.008989530615508556,5.45975034268786,0.06911901310325508,
207072624_f2a0d76266_63_14542551@N00.jpg,48.973343,89.959659,28.91869354248047,89.59913635253906,0.05161375179886818,2230.189667568983,3,18,0.0703125,-30.13837242126465,-70.40227508544922,0.04846671223640442,17344.676340200294,-15114.486672631312,
207074756_a378657b87_84_81421684@N00.jpg,39.953725,116.410231,39.882080078125,116.40668487548828,0.007939370349049568,7.972300991652757,6,224,0.875,39.882080078125,116.40668487548828,0.007993098348379135,7.972300991652757,0.0,
208272937_acd6a0833d_86_40829484@N00.jpg,49.608818,6.550941,50.213775634765625,4.894432067871094,0.062378693372011185,136.35892742140888,1,77,0.30078125,46.717708587646484,-92.21846771240234,0.07659976184368134,6768.911476028452,-6632.552548607043,
208287783_ecee29445f_85_40279823@N00.jpg,37.078188,37.378234,37.18220138549805,38.7652587890625,0.054944541305303574,123.50419131368326,4,253,0.98828125,38.503395080566406,43.39812469482422,0.05548117309808731,552.0861051619581,-428.5819138482749,
208971772_74d9278ada_64_40279823@N00.jpg,37.160863,38.793411,30.342065811157227,48.291778564453125,0.04755577817559242,1159.0423587090356,4,256,1.0,30.342065811157227,48.291778564453125,0.10415013134479523,1159.0423587090356,0.0,
209252616_2c699c99d1_77_23601949@N00.jpg,37.715747,-119.677001,37.7231559753418,-119.63776397705078,0.034825269132852554,3.5481424601201965,0,0,0.0,37.7231559753418,-119.63776397705078,0.034825269132852554,3.5481424601201965,0.0,
209321033_92dcb3204b_64_20194767@N00.jpg,13.735299,100.499324,3.3379530906677246,101.513671875,0.0026624787133187056,1161.486139950206,2,210,0.8203125,3.3379530906677246,101.513671875,0.0022170860320329666,1161.486139950206,0.0,
209376246_6a22f4a602_80_20194767@N00.jpg,9.544551,100.045623,-21.542499542236328,-62.98866653442383,0.01665307581424713,17764.219304524595,2,190,0.7421875,34.1299934387207,73.8226318359375,0.01831134967505932,3822.687137620761,13941.532166903835,
209396738_8907d1cdbe_64_50994135@N00.jpg,55.818258,-5.134735,54.11310577392578,-9.934557914733887,0.04537397623062134,360.1918393091649,0,0,0.0,54.11310577392578,-9.934557914733887,0.04537397623062134,360.1918393091649,0.0,
209415303_0f7e058f99_86_36887937@N00.jpg,28.592702,77.220553,28.65436553955078,77.23925018310547,0.03922318294644356,7.095387693183004,1,208,0.8125,28.65436553955078,77.23925018310547,0.036212269216775894,7.095387693183004,0.0,
209425611_7a44efd58c_68_36887937@N00.jpg,28.595034,77.220973,28.59320640563965,77.24972534179688,0.04006430506706238,2.814519261380971,1,165,0.64453125,28.52425193786621,77.18556213378906,0.024913789704442024,8.596925081736709,-5.782405820355738,
209542022_9cf365d523_77_44972214@N00.jpg,41.860356,-87.633819,30.267906188964844,-97.76776123046875,0.009285014122724533,1575.819095430478,8,100,0.390625,52.43740463256836,5.7546467781066895,0.009028099477291107,6655.961828303939,-5080.142732873461,
209583162_5bfaa2d0a7_59_44972214@N00.jpg,41.860356,-87.633819,41.883365631103516,-87.62257385253906,0.008430037647485733,2.722713134564336,1,4,0.015625,41.883365631103516,-87.62257385253906,0.00897420383989811,2.722713134564336,0.0,
209583270_5a138b56f6_82_44972214@N00.jpg,41.860356,-87.633819,40.7598876953125,-73.97469329833984,0.004255818668752909,1146.175335469497,1,30,0.1171875,48.89155578613281,2.2396650314331055,0.0017597840633243322,6643.105124456232,-5496.929788986736,
209596142_a75f006b1d_72_44972214@N00.jpg,41.860356,-87.633819,41.88924026489258,-87.62042999267578,0.009170452132821083,3.3977187928047026,3,164,0.640625,41.88924026489258,-87.62042999267578,0.009806245565414429,3.3977187928047026,0.0,
209625280_8eebafb764_81_41894169878@N01.jpg,40.033912,-105.24073,28.671119689941406,-81.33712768554688,0.0027774800546467304,2520.142142441303,2,192,0.75,32.20884704589844,-80.6807861328125,0.003025499638170004,2361.68690141468,158.45524102662284,
210493419_e5d535568a_97_25159586@N00.jpg,37.783316,-122.403659,37.783935546875,-122.4015884399414,0.011932364664971828,0.19456687661289945,0,0,0.0,37.783935546875,-122.4015884399414,0.011932364664971828,0.19456687661289945,0.0,
211682093_66e3ac0796_93_41894197861@N01.jpg,34.065174,-5.000152,31.949840545654297,35.92237091064453,0.01708587072789669,3797.8305650769003,6,94,0.3671875,26.034727096557617,51.36919403076172,0.022848619148135185,5431.340218425076,-1633.509653348176,
212281180_eea8432bf2_92_18684820@N00.jpg,37.781298,-122.424774,37.79806137084961,-122.40692138671875,0.004782147239893675,2.4363012055054143,1,144,0.5625,37.79857635498047,-122.40711212158203,0.0038227953482419252,2.4698176725209415,-0.03351646701552724,
212282384_0197cde807_83_18684820@N00.jpg,37.781298,-122.424774,37.78730010986328,-122.40885162353516,0.004239844623953104,1.5502756994498414,2,169,0.66015625,37.786537170410156,-122.40814208984375,0.004082821309566498,1.5734425100055234,-0.023166810555681927,
212283623_a8f086d248_72_18684820@N00.jpg,37.781298,-122.424774,43.73465347290039,-79.25825500488281,0.008792242035269737,3653.1871497260186,1,144,0.5625,43.73465347290039,-79.25825500488281,0.15372100472450256,3653.1871497260186,0.0,
215004503_0f00559d3c_64_41894197861@N01.jpg,31.624444,-8.002166,31.627897262573242,-7.98713493347168,0.016640381887555122,1.4740518139254581,0,0,0.0,31.627897262573242,-7.98713493347168,0.016640381887555122,1.4740518139254581,0.0,
215915448_ae93e0bde3_95_20194767@N00.jpg,9.376241,99.94091,9.737688064575195,100.01859283447266,0.010418976657092571,41.0838715055845,5,256,1.0,9.737688064575195,100.01859283447266,0.019661398604512215,41.0838715055845,0.0,
215949553_7254bad20f_93_20194767@N00.jpg,13.735299,100.499324,37.949851989746094,58.37310791015625,0.004182922188192606,4940.138965303479,0,0,0.0,37.949851989746094,58.37310791015625,0.004182922188192606,4940.138965303479,0.0,
215950062_e1d745088d_89_20194767@N00.jpg,13.735299,100.499324,-33.66435241699219,-70.92567443847656,0.0037501323968172073,17635.920773046502,1,256,1.0,-33.66435241699219,-70.92567443847656,0.006474461406469345,17635.920773046502,0.0,
216548983_a3eddb2676_92_90833046@N00.jpg,60.377302,6.720371,61.22249984741211,7.097221851348877,0.06292977184057236,96.17917825816174,1,128,0.5,62.100669860839844,7.2015380859375,0.06488613039255142,193.35006502492075,-97.17088676675901,
216559937_9f0431978d_79_90833046@N00.jpg,60.377302,6.720371,42.431312561035156,-73.33736419677734,0.013789939694106579,5503.632577183071,4,217,0.84765625,50.90801239013672,-0.7579240202903748,0.02779991552233696,1151.0742685287578,4352.558308654313,
216575529_a69f907165_82_41894169878@N01.jpg,40.01529,-105.256104,47.86638259887695,-121.98955535888672,0.03208661824464798,1593.855743362168,1,12,0.046875,47.13394546508789,-122.49268341064453,0.014150134287774563,1593.2621644050475,0.5935789571203713,
217552984_53e8b16fed_71_84498284@N00.jpg,41.888237,12.484288,41.892921447753906,12.483419418334961,0.003778782906010747,0.5258261250219766,2,192,0.75,41.89308547973633,12.483471870422363,0.0037030207458883524,0.5433431837175035,-0.017517058695526888,
217716345_b00abbacf8_63_63163416@N00.jpg,36.85387,28.265504,39.48814392089844,13.532408714294434,0.0405617281794548,1319.1875861807307,1,64,0.25,39.48814392089844,13.532408714294434,0.07560335099697113,1319.1875861807307,0.0,
217720482_cb17dffd7c_86_63163416@N00.jpg,36.85387,28.265504,42.67725372314453,18.002622604370117,0.008012328296899796,1088.9797653150597,0,0,0.0,42.67725372314453,18.002622604370117,0.008012328296899796,1088.9797653150597,0.0,
217726612_48fdd833cd_57_63163416@N00.jpg,36.85387,28.265504,36.856754302978516,28.260183334350586,0.1332329362630844,0.5718086379229085,2,66,0.2578125,36.856754302978516,28.260183334350586,0.07974796742200851,0.5718086379229085,0.0,
217794663_d021aa874e_43_50994135@N00.jpg,55.836963,-4.475426,53.78645324707031,9.950008392333984,0.058439455926418304,950.1342209411897,0,0,0.0,53.78645324707031,9.950008392333984,0.058439455926418304,950.1342209411897,0.0,
217950393_07f9f328c9_83_97522422@N00.jpg,34.048392,-4.994659,31.31023406982422,-7.372511863708496,0.01743362471461296,377.10462764250735,2,130,0.5078125,33.97026824951172,75.31453704833984,0.02905454859137535,7186.155750319541,-6809.051122677033,
218549139_b11e73ec8f_64_25159586@N00.jpg,35.316745,139.535723,35.320796966552734,139.5516815185547,0.015705449506640434,1.516390008778347,7,159,0.62109375,35.32355499267578,139.55462646484375,0.017990045249462128,1.8748009320003014,-0.35841092322195434,
218660500_f9555dc18c_89_84498284@N00.jpg,41.884619,12.479889,44.49355697631836,11.343382835388184,0.012074160389602184,304.37273785065486,0,0,0.0,44.49355697631836,11.343382835388184,0.012074160389602184,304.37273785065486,0.0,
218915561_5f9f7aa0d2_67_25159586@N00.jpg,35.660408,139.729239,35.66081619262695,139.73902893066406,0.01652006059885025,0.8856280900608134,0,0,0.0,35.66081619262695,139.73902893066406,0.01652006059885025,0.8856280900608134,0.0,
219346161_f39fc945ef_59_97522422@N00.jpg,34.048392,-4.994659,29.616594314575195,52.545997619628906,0.013692297972738743,5387.26829230739,1,256,1.0,41.007259368896484,28.977941513061523,0.012309323996305466,3073.086709239407,2314.181583067983,
219419138_65789972f8_60_97522422@N00.jpg,37.390618,-5.986175,37.387447357177734,-5.993856906890869,0.013848543167114258,0.7647912933442624,0,0,0.0,37.387447357177734,-5.993856906890869,0.013848543167114258,0.7647912933442624,0.0,
219433381_8241d768c8_79_97522422@N00.jpg,37.390618,-5.986175,37.3856315612793,-5.992999076843262,0.009729924611747265,0.8190988661712216,1,126,0.4921875,42.267921447753906,2.9596080780029297,0.007583065424114466,936.003719417416,-935.1846205512448,
219448158_7cabaeb085_52_97522422@N00.jpg,37.027773,-8.918838,57.4754638671875,9.795513153076172,0.014307208359241486,2656.8746533332014,7,177,0.69140625,57.462772369384766,9.7833251953125,0.02515503577888012,2655.3205584152397,1.55409491796172,
219471810_5b289ac6bd_75_97522422@N00.jpg,38.571639,-7.910242,40.70042037963867,14.229353904724121,0.007270788308233023,1905.4600755411636,0,0,0.0,40.70042037963867,14.229353904724121,0.007270788308233023,1905.4600755411636,0.0,
219473099_a1ce775855_75_97522422@N00.jpg,38.571639,-7.910242,37.016700744628906,-7.933300018310547,0.017226526513695717,172.91335240120335,3,208,0.8125,37.016700744628906,-7.933300018310547,0.022142328321933746,172.91335240120335,0.0,
219476609_1f217aef4c_89_97522422@N00.jpg,38.608285,-7.932128,38.57539749145508,-7.910326957702637,0.014756830409169197,4.118642805964457,0,0,0.0,38.57539749145508,-7.910326957702637,0.014756830409169197,4.118642805964457,0.0,
219603103_9ed70b5c08_81_82927779@N00.jpg,13.752432,100.487415,13.678701400756836,101.07117462158203,0.08453250676393509,63.59092799124917,0,0,0.0,13.678701400756836,101.07117462158203,0.08453250676393509,63.59092799124917,0.0,
219687801_ab67a8f5ca_70_88483799@N00.jpg,37.15156,-76.582088,29.389205932617188,-98.6247787475586,0.1862698197364807,2216.779080331334,5,224,0.875,29.389205932617188,-98.6247787475586,0.0902707576751709,2216.779080331334,0.0,
219701030_078cb79db4_57_88483799@N00.jpg,37.15156,-76.582088,41.94790267944336,-72.69168090820312,0.08089594542980194,628.8786822043656,2,9,0.03515625,46.16437530517578,-94.39778900146484,0.06952900439500809,1780.9776005463934,-1152.098918342028,
219746086_6acbf8a5fe_77_88483799@N00.jpg,37.15156,-76.582088,35.12945556640625,-79.15168762207031,0.0707235038280487,322.1530342816773,7,128,0.5,29.389205932617188,-98.6247787475586,0.08775316178798676,2216.779080331334,-1894.626046049657,
219747702_cdd6619915_62_88483799@N00.jpg,37.15156,-76.582088,29.389205932617188,-98.6247787475586,0.03931600600481033,2216.779080331334,4,256,1.0,29.389205932617188,-98.6247787475586,0.08674389123916626,2216.779080331334,0.0,
219856380_2a6e77dd3e_70_67879480@N00.jpg,55.749723,37.624998,50.43386459350586,30.562440872192383,0.008901843801140785,755.3981374524022,2,238,0.9296875,50.43386459350586,30.562440872192383,0.010251151397824287,755.3981374524022,0.0,
219858712_6077ca65fb_75_67879480@N00.jpg,55.749723,37.624998,49.37814712524414,10.178682327270508,0.0036643357016146183,1969.8703973588501,1,6,0.0234375,41.2554817199707,-95.93275451660156,0.0009084416669793427,8374.625584125895,-6404.755186767045,
219898919_220c455b81_78_82927779@N00.jpg,-34.39919,21.326351,35.57607650756836,-120.72695922851562,0.010272674262523651,16577.21189549751,3,160,0.625,35.58254623413086,-105.73426055908203,0.02253429777920246,15250.531524325013,1326.6803711724951,
220370411_4858003563_87_73293249@N00.jpg,46.522734,6.632744,56.17201614379883,14.862442016601562,0.002347598085179925,1213.7449632207931,2,204,0.796875,56.17201614379883,14.862442016601562,0.005137144587934017,1213.7449632207931,0.0,
221063300_5c36bfd02b_76_83794921@N00.jpg,43.1075,-79.072036,43.08286666870117,-79.0744400024414,0.03881693258881569,2.7460516373257606,1,78,0.3046875,43.08286666870117,-79.0744400024414,0.04167841374874115,2.7460516373257606,0.0,
221067713_42e08f1360_61_83794921@N00.jpg,43.1075,-79.072036,40.38648986816406,-79.86412811279297,0.011930888518691063,309.6123374466154,0,0,0.0,40.38648986816406,-79.86412811279297,0.011930888518691063,309.6123374466154,0.0,
222234584_644707585e_75_50994135@N00.jpg,55.832047,-4.473752,51.160953521728516,-0.5780749917030334,0.014636769890785217,579.5917917130487,1,256,1.0,51.160953521728516,-0.5780749917030334,0.018935801461338997,579.5917917130487,0.0,
222304519_610babac7c_71_73293249@N00.jpg,46.199279,7.075465,44.6878776550293,7.061976909637451,0.05740252882242203,168.06368735545908,0,0,0.0,44.6878776550293,7.061976909637451,0.05740252882242203,168.06368735545908,0.0,
222340717_906d5c4a48_76_73293249@N00.jpg,46.199279,7.075465,45.872703552246094,6.942843914031982,0.04139762371778488,37.729007962268525,0,0,0.0,45.872703552246094,6.942843914031982,0.04139762371778488,37.729007962268525,0.0,
222341691_0fec9bd818_81_73293249@N00.jpg,46.199279,7.075465,45.88618469238281,6.892889976501465,0.029792020097374916,37.55829769102245,0,0,0.0,45.88618469238281,6.892889976501465,0.029792020097374916,37.55829769102245,0.0,
222676259_4a2b80105e_87_91728102@N00.jpg,31.240306,121.486129,-2.1915810108184814,-79.87438201904297,0.032932572066783905,16083.098143099114,1,4,0.015625,-34.60874938964844,-58.362911224365234,0.011362584307789803,19640.29535816736,-3557.197215068247,
223034433_453c483c15_60_82927779@N00.jpg,31.238095,121.486473,31.23929786682129,121.49419403076172,0.016267163679003716,0.7461504032157641,1,176,0.6875,31.23929786682129,121.49419403076172,0.01620360277593136,0.7461504032157641,0.0,
223047309_5fb9b8cf18_80_82927779@N00.jpg,31.238095,121.486473,31.548580169677734,121.1396484375,0.03984769061207771,47.703612745551126,0,0,0.0,31.548580169677734,121.1396484375,0.03984769061207771,47.703612745551126,0.0,
223050902_e41c4e4d3c_60_82927779@N00.jpg,31.238095,121.486473,31.23929786682129,121.49419403076172,0.040624793618917465,0.7461504032157641,2,20,0.078125,31.23929786682129,121.49419403076172,0.028010273352265358,0.7461504032157641,0.0,
223105519_7a0434ee4f_62_73293249@N00.jpg,45.995832,7.342446,46.65367889404297,8.205412864685059,0.018084142357110977,98.69999944854577,0,0,0.0,46.65367889404297,8.205412864685059,0.018084142357110977,98.69999944854577,0.0,
223135885_c58b8e27ed_87_56186870@N00.jpg,62.577859,11.392028,62.57788848876953,11.395739555358887,0.20706431567668915,0.19009729822669238,2,225,0.87890625,62.57788848876953,11.395739555358887,0.2750900387763977,0.19009729822669238,0.0,
223480237_aed4e273a8_62_73293249@N00.jpg,46.002618,7.326676,46.39643478393555,7.7369489669799805,0.0708925649523735,53.98737390105405,0,0,0.0,46.39643478393555,7.7369489669799805,0.0708925649523735,53.98737390105405,0.0,
223847473_1096223854_98_50994135@N00.jpg,55.790014,-4.536495,54.41972732543945,-2.4013710021972656,0.05486288666725159,204.09700138448702,0,0,0.0,54.41972732543945,-2.4013710021972656,0.05486288666725159,204.09700138448702,0.0,
223926041_ea1d744041_94_73293249@N00.jpg,46.032729,7.307592,46.42448806762695,8.174858093261719,0.03145544230937958,79.6747642226226,1,21,0.08203125,46.310001373291016,9.825339317321777,0.022069314494729042,196.30153150638336,-116.62676728376076,
223933653_f3f23609a5_93_40829484@N00.jpg,40.731909,-74.010086,40.71369552612305,-74.01493835449219,0.007015706971287727,2.066118497525426,1,20,0.078125,31.19297981262207,121.49299621582031,0.024593535810709,11859.980889017404,-11857.91477051988,
223993413_aad528d393_62_69212252@N00.jpg,48.873973,2.293825,44.8416748046875,-0.572983980178833,0.01904532127082348,498.45903301378235,1,21,0.08203125,48.865238189697266,2.3230929374694824,0.0053125303238630295,2.350731915923088,496.1083010978593,
224260045_431e8a656e_72_73293249@N00.jpg,46.050615,7.183459,45.50857162475586,6.707452774047852,0.04915257543325424,70.67806607103178,0,0,0.0,45.50857162475586,6.707452774047852,0.04915257543325424,70.67806607103178,0.0,
224678347_9770ec6c46_90_83039477@N00.jpg,23.623136,32.780456,24.10163116455078,32.882938385009766,0.055364105850458145,54.217310099287744,5,25,0.09765625,32.83720016479492,-96.71808624267578,0.05498174950480461,11764.90134878838,-11710.684038689093,
224678511_036523375f_63_83039477@N00.jpg,23.623136,32.780456,24.10163116455078,32.882938385009766,0.18927986919879913,54.217310099287744,1,60,0.234375,29.272554397583008,30.02693748474121,0.08619681000709534,685.3171409773602,-631.0998308780725,
224684739_65efc4ea07_74_83039477@N00.jpg,24.547123,32.958984,24.45245361328125,32.92850875854492,0.10117343068122864,10.969111177963667,0,0,0.0,24.45245361328125,32.92850875854492,0.10117343068122864,10.969111177963667,0.0,
224685543_40f3f3ab9a_90_83039477@N00.jpg,24.547123,32.958984,12.361465454101562,40.62744140625,0.024350494146347046,1576.9663055093902,2,178,0.6953125,40.11910629272461,94.59571838378906,0.03774910047650337,5922.527650754765,-4345.5613452453745,
224689507_9a79541652_90_83039477@N00.jpg,25.809781,32.607421,26.051692962646484,32.77290344238281,0.10281135886907578,31.582024298853216,0,0,0.0,26.051692962646484,32.77290344238281,0.10281135886907578,31.582024298853216,0.0,
224695491_dbae968598_94_83039477@N00.jpg,25.809781,32.607421,26.147733688354492,32.730674743652344,0.055922336876392365,39.546783695977275,5,27,0.10546875,36.811309814453125,28.753660202026367,0.03326982632279396,1276.5793229680676,-1237.0325392720904,
224699005_dd9f92eb9a_72_83039477@N00.jpg,27.337614,33.826904,60.26165771484375,-1.2918369770050049,0.0015265288529917598,4515.429441025734,2,168,0.65625,46.11090850830078,7.929210186004639,0.007697009947150946,3086.1229830342654,1429.306457991469,
225391990_b58f194986_63_43935788@N00.jpg,25.729318,-80.248517,25.61432456970215,-80.30587768554688,0.021031362935900688,14.019506007698107,3,225,0.87890625,25.61432456970215,-80.30587768554688,0.03213077783584595,14.019506007698107,0.0,
225738663_66f272076e_88_70484005@N00.jpg,41.746157,-73.932248,39.91997146606445,-86.22093963623047,0.008680503815412521,1052.654920348533,8,146,0.5703125,39.91997146606445,-86.22093963623047,0.0066832443699240685,1052.654920348533,0.0,
225818309_6337809ecc_95_18684820@N00.jpg,3.15997,101.709194,47.45357131958008,8.55815601348877,0.05422668531537056,9985.26442871572,1,96,0.375,47.45357131958008,8.55815601348877,0.11158832907676697,9985.26442871572,0.0,
225828659_f616555d96_65_18684820@N00.jpg,3.15997,101.709194,3.1443328857421875,101.69783020019531,0.02737736888229847,2.1482959324692366,3,224,0.875,-5.145750045776367,119.40922546386719,0.017643874511122704,2172.2386476553247,-2170.0903517228553,
225829998_0af6b8cbef_86_18684820@N00.jpg,3.15997,101.709194,1.4463449716567993,103.81929016113281,0.020343013107776642,302.10481695967013,1,91,0.35546875,1.4463449716567993,103.81929016113281,0.014053606428205967,302.10481695967013,0.0,
225981131_3f3f2f0ff5_81_18684820@N00.jpg,3.15997,101.709194,39.80672073364258,116.15406799316406,0.0022287790197879076,4327.112095135748,1,225,0.87890625,23.54384422302246,112.939453125,0.0043671512976288795,2568.092612097996,1759.0194830377518,
226297550_dc8a399209_71_69212252@N00.jpg,-19.570789,-65.750684,64.49468231201172,60.025177001953125,0.037366338074207306,13638.156583839951,5,161,0.62890625,-19.623886108398438,-65.74968719482422,0.055672537535429,5.905060523410824,13632.25152331654,
226581688_4fa967a103_85_78225438@N00.jpg,38.891099,-77.047762,38.87921905517578,-77.07332611083984,0.008821559138596058,2.577024366339163,1,169,0.66015625,48.860904693603516,2.394331932067871,0.018447337672114372,6169.350941956259,-6166.77391758992,
226631276_fffdc6b372_66_83039477@N00.jpg,28.553163,-81.416931,28.373096466064453,-81.55001068115234,0.016754096373915672,23.877553787726935,0,0,0.0,28.373096466064453,-81.55001068115234,0.016754096373915672,23.877553787726935,0.0,
226638894_1adf1a354d_91_83039477@N00.jpg,25.935817,-80.337524,25.958024978637695,-80.2390365600586,0.36655691266059875,10.152328037048948,0,0,0.0,25.958024978637695,-80.2390365600586,0.36655691266059875,10.152328037048948,0.0,
226792156_62969afc45_77_18684820@N00.jpg,3.15997,101.709194,3.1553850173950195,101.71009826660156,0.006513937376439571,0.5196188154642108,1,176,0.6875,3.1577200889587402,101.71183013916016,0.005806372966617346,0.38503419012768103,0.13458462533652982,
226988259_3817f4dcdb_96_18684820@N00.jpg,3.15997,101.709194,2.195251941680908,102.24836730957031,0.06825737655162811,122.85659794487943,5,98,0.3828125,2.195251941680908,102.24836730957031,0.009638430550694466,122.85659794487943,0.0,
226994106_d9dddbf0e3_86_18684820@N00.jpg,3.15997,101.709194,3.1482930183410645,101.69552612304688,0.03519688919186592,1.9971738477105365,7,168,0.65625,3.1482930183410645,101.69552612304688,0.02782483398914337,1.9971738477105365,0.0,
227545156_0fed163283_73_36887937@N00.jpg,13.011787,77.551152,12.67249584197998,77.19131469726562,0.03445347771048546,54.27005974302169,8,112,0.4375,24.086589813232422,90.19775390625,0.048649862408638,1812.6600961782551,-1758.3900364352335,
227569033_4e625d93c3_74_48637819@N00.jpg,34.147612,77.571716,34.62100601196289,77.61376953125,0.07187705487012863,52.7803517947909,0,0,0.0,34.62100601196289,77.61376953125,0.07187705487012863,52.7803517947909,0.0,
227748905_062b192640_63_88895879@N00.jpg,51.556582,-0.153808,51.50732421875,-0.12745800614356995,0.005938482005149126,5.772533323531015,1,48,0.1875,44.30732727050781,-69.78204345703125,0.007175224833190441,5049.916409898791,-5044.14387657526,
227817748_9ab448629e_78_88895879@N00.jpg,51.556582,-0.153808,36.61868667602539,-121.90255737304688,0.01462202426046133,8694.793709527627,0,0,0.0,36.61868667602539,-121.90255737304688,0.01462202426046133,8694.793709527627,0.0,
227849281_c7d1e6c72c_79_88895879@N00.jpg,51.556582,-0.153808,51.50342559814453,-0.12325199693441391,0.008987161330878735,6.2773008537796775,1,96,0.375,51.5040283203125,-0.12037699669599533,0.01036850269883871,6.284659851930575,-0.007358998150897911,
227971154_bee07fe5ca_63_18684820@N00.jpg,3.162455,101.686706,51.35465621948242,-0.466746985912323,0.0051652356050908566,10570.13887456654,2,256,1.0,50.86967849731445,-0.7338089942932129,0.009453852660953999,10599.233112710723,-29.094238144181872,
228148462_0149f1d055_61_27274415@N00.jpg,38.576588,-121.493731,38.58180618286133,-121.50243377685547,0.08553115278482437,0.9533982135363256,2,240,0.9375,38.58180618286133,-121.50243377685547,0.0927731841802597,0.9533982135363256,0.0,
228150696_b8c6bb601b_74_27274415@N00.jpg,38.576588,-121.493731,36.11726760864258,-115.17229461669922,0.012195185758173466,621.925256959535,3,230,0.8984375,36.11815643310547,-115.17256164550781,0.010518649592995644,621.8577234832192,0.06753347631581619,
228563008_aa5e543c44_80_36887937@N00.jpg,12.941802,77.567884,13.74992561340332,100.49130249023438,0.008663949556648731,2480.8438863940096,1,256,1.0,13.749534606933594,100.4896240234375,0.014821103774011135,2480.663088730534,0.18079766347545956,
228577160_70baefeeec_71_41894197861@N01.jpg,31.043521,-9.676208,32.696773529052734,-4.736005783081055,0.156253382563591,501.3576097028358,3,207,0.80859375,32.296417236328125,-4.492033958435059,0.16938084363937378,509.94502161276716,-8.587411909931348,
228850873_0545142eed_73_55085284@N00.jpg,48.859068,2.343177,48.80519485473633,2.1210899353027344,0.05028236657381058,17.324532925207592,0,0,0.0,48.80519485473633,2.1210899353027344,0.05028236657381058,17.324532925207592,0.0,
228863764_fb245c2576_94_55085284@N00.jpg,48.859068,2.343177,48.80500411987305,2.1192879676818848,0.049732521176338196,17.455675622774802,1,144,0.5625,48.80488586425781,2.1201889514923096,0.03148782253265381,17.398343453910826,0.05733216886397585,
228909896_02464233a2_65_55085284@N00.jpg,48.859068,2.343177,48.853271484375,2.3493459224700928,0.011851196177303791,0.7868485700884108,1,256,1.0,48.853179931640625,2.3494009971618652,0.01224472001194954,0.7975030871018339,-0.010654517013423126,
228921183_dd74aa514f_61_55085284@N00.jpg,48.859068,2.343177,48.853370666503906,2.3479409217834473,0.007156631909310818,0.7230608168863738,2,81,0.31640625,48.40229797363281,2.705651044845581,0.012102260254323483,57.35204442849773,-56.62898361161135,
229784262_bdd796c1b3_95_55085284@N00.jpg,48.859068,2.343177,48.86088943481445,2.3359251022338867,0.007718998938798904,0.5678617549363605,0,0,0.0,48.86088943481445,2.3359251022338867,0.007718998938798904,0.5678617549363605,0.0,
230287889_35c49503a4_84_40829484@N00.jpg,40.856798,-73.874816,40.848812103271484,-73.87841796875,0.061606962233781815,0.9382483723044169,1,45,0.17578125,52.680545806884766,10.240801811218262,0.015120466239750385,6164.792927226407,-6163.8546788541025,
230288671_353b5e8818_72_40829484@N00.jpg,40.856798,-73.874816,51.51985168457031,5.10898494720459,0.03486853092908859,5891.6096962419415,2,18,0.0703125,51.18755340576172,-2.2794220447540283,0.011521067470312119,5420.274803361572,471.3348928803698,
230313836_5939192c5f_81_40829484@N00.jpg,40.74872,-73.986053,40.74915313720703,-73.98553466796875,0.005700929090380669,0.06500897055785977,1,256,1.0,40.74850082397461,-73.9858169555664,0.0076634855940938,0.031453804150458314,0.03355516640740146,
230314514_8576ef678e_66_40829484@N00.jpg,40.74872,-73.986053,40.748531341552734,-73.98555755615234,0.008207447826862335,0.04671134798307784,1,176,0.6875,40.74846649169922,-73.98534393310547,0.009551730938255787,0.06604876380273286,-0.01933741581965502,
230349449_6c4c137bfd_58_73293249@N00.jpg,46.041714,7.318256,46.88436508178711,12.154805183410645,0.042909711599349976,382.0449804841198,1,80,0.3125,46.5831298828125,12.25220012664795,0.05530323088169098,383.63886578956595,-1.5938853054461788,
230395946_e770929544_89_50994135@N00.jpg,55.780434,-5.104522,56.96669006347656,-5.824899196624756,0.11026056855916977,139.16280335993207,0,0,0.0,56.96669006347656,-5.824899196624756,0.11026056855916977,139.16280335993207,0.0,
230659931_49e5f50664_95_16836474@N00.jpg,23.13073,-82.379264,22.500028610229492,-79.55028533935547,0.027994712814688683,298.3105420700207,1,14,0.0546875,41.19309616088867,-8.707480430603027,0.006356712896376848,7010.465066382066,-6712.154524312045,
231068772_1acbfb9b54_91_96155869@N00.jpg,49.750218,13.373794,50.08060836791992,14.431742668151855,0.006188374012708664,84.18726342341992,1,15,0.05859375,47.268192291259766,11.393239974975586,0.0046049426309764385,312.1533902844565,-227.9661268610366,
231548757_1255a79ddd_81_55085284@N00.jpg,41.890393,12.49197,41.904090881347656,12.482389450073242,0.006065831985324621,1.7171857302847149,0,0,0.0,41.904090881347656,12.482389450073242,0.006065831985324621,1.7171857302847149,0.0,
231549393_9a09043acc_81_55085284@N00.jpg,41.890393,12.49197,37.50227737426758,15.087499618530273,0.002584647387266159,536.0217457071973,1,110,0.4296875,43.81170654296875,11.174210548400879,0.00223043211735785,239.11923777689282,296.90250793030447,
231681284_f16f724cd6_81_56945335@N00.jpg,-33.80939,18.924636,-33.93916702270508,18.860166549682617,0.10783084481954575,15.609811792354922,1,108,0.421875,-34.0614128112793,19.443580627441406,0.180641770362854,55.473863713578574,-39.86405192122365,
231684287_aff6d170ca_93_32367657@N00.jpg,-17.922555,13.859147,38.194480895996094,13.414993286132812,0.00547023257240653,6240.110731908965,5,214,0.8359375,38.61262893676758,-1.1169040203094482,0.009578658267855644,6477.425844389713,-237.3151124807482,
231831541_38b0538166_79_16836474@N00.jpg,8.625745,-77.34641,20.34776496887207,-74.4994888305664,0.04578844830393791,1338.83482311772,4,250,0.9765625,20.34776496887207,-74.4994888305664,0.03555915504693985,1338.83482311772,0.0,
231864523_d3b9586bfb_85_16836474@N00.jpg,8.625745,-77.34641,6.7071027755737305,116.32066345214844,0.018643243238329887,17734.35518908182,0,0,0.0,6.7071027755737305,116.32066345214844,0.018643243238329887,17734.35518908182,0.0,
231903216_66813fce66_88_55085284@N00.jpg,41.890393,12.49197,41.90241241455078,12.453710556030273,0.01692030392587185,3.4371586690610303,3,217,0.84765625,41.90298080444336,12.455662727355957,0.015775786712765694,3.315070084536542,0.12208858452448812,
232610378_b145f4e033_80_14542551@N00.jpg,40.261188,116.074676,40.354000091552734,116.00738525390625,0.11567456275224686,11.792596664748695,1,128,0.5,40.43080520629883,116.56470489501953,0.11582320928573608,45.610706766598305,-33.81811010184961,
232614710_f81d7e73dc_97_14542551@N00.jpg,39.903139,116.422301,29.32602882385254,104.74346160888672,0.05083758383989334,1586.2967297707492,1,9,0.03515625,39.90678787231445,116.4546890258789,0.00966575089842081,2.7922952982676583,1583.5044344724815,
232651201_3ad49f032e_83_14542551@N00.jpg,34.800695,114.356174,39.93218231201172,116.39705657958984,0.007573476992547512,598.372252874222,2,33,0.12890625,37.537635803222656,121.40785217285156,0.004541649948805571,702.0890561997232,-103.71680332550125,
232837707_29551dad12_81_40829484@N00.jpg,39.919216,-75.145111,32.37445068359375,-90.8702392578125,0.002835452789440751,1638.7846011323657,2,81,0.31640625,32.39503860473633,-96.85340881347656,0.009375303983688354,2113.8178782986897,-475.03327716632407,
232911101_e22379d1e6_81_63163416@N00.jpg,36.85387,28.265504,36.76790237426758,28.051958084106445,0.16572384536266327,21.27887760071722,4,169,0.66015625,36.76790237426758,28.051958084106445,0.17254790663719177,21.27887760071722,0.0,
232936533_dabfbc7cd8_88_63163416@N00.jpg,36.85387,28.265504,39.20895004272461,20.142955780029297,0.07383672147989273,757.737980739254,0,0,0.0,39.20895004272461,20.142955780029297,0.07383672147989273,757.737980739254,0.0,
233086532_eb2f9c59aa_97_50994135@N00.jpg,41.883572,-87.621889,41.88054656982422,-87.62061309814453,0.01741797663271427,0.352605976508342,1,18,0.0703125,43.037071228027344,-87.89379119873047,0.012762149795889854,130.1882053203171,-129.83559934380878,
233199619_e6363d0b50_94_36887937@N00.jpg,41.383252,2.176491,41.5930061340332,1.836766004562378,0.011835628189146519,36.670680671587164,1,45,0.17578125,41.5930061340332,1.836766004562378,0.004742031451314688,36.670680671587164,0.0,
233200383_ccacba74e6_95_36887937@N00.jpg,41.383627,2.176119,42.88043975830078,-8.545130729675293,0.01484895870089531,898.9730407603313,5,109,0.42578125,24.43339729309082,111.50848388671875,0.01361849531531334,9706.01347198346,-8807.04043122313,
233644773_e2caabe0bc_83_83794921@N00.jpg,47.059013,8.307037,47.05170440673828,8.307535171508789,0.04488265886902809,0.8135554272192879,0,0,0.0,47.05170440673828,8.307535171508789,0.04488265886902809,0.8135554272192879,0.0,
234076174_e97c055bcc_83_57253263@N00.jpg,42.703679,-71.130101,42.31597137451172,-71.22320556640625,0.03488984704017639,43.78145015839258,0,0,0.0,42.31597137451172,-71.22320556640625,0.03488984704017639,43.78145015839258,0.0,
234209048_a289f0f66d_85_73293249@N00.jpg,46.138316,7.57388,45.92888641357422,9.384554862976074,0.021671069785952568,141.69960694866145,3,55,0.21484375,61.369258880615234,8.30042839050293,0.018672453239560127,1694.253153960266,-1552.5535470116045,
234270041_a4787189dd_82_50994135@N00.jpg,41.994137,-87.812004,39.128910064697266,-76.61487579345703,0.003709645476192236,997.1981750696582,3,240,0.9375,24.07248306274414,52.66674041748047,0.005034762900322676,11620.96429712965,-10623.766122059993,
234333488_744cb7ae38_91_73293249@N00.jpg,46.138316,7.57388,46.02249526977539,7.74690580368042,0.06735202670097351,18.546254287464325,1,154,0.6015625,46.024139404296875,7.7484002113342285,0.06603557616472244,18.50330834254102,0.04294594492330717,
234460712_26610989ef_91_20871343@N00.jpg,40.825752,-74.10819,36.068790435791016,-79.7911376953125,0.011217097751796246,724.0404125357002,5,155,0.60546875,57.01564407348633,24.15121078491211,0.02405250072479248,6750.818589808429,-6026.778177272729,
234783624_86a205ca63_96_73293249@N00.jpg,46.042806,7.338406,46.993995666503906,10.807060241699219,0.0372561439871788,285.6731055036937,0,0,0.0,46.993995666503906,10.807060241699219,0.0372561439871788,285.6731055036937,0.0,
234791016_cbdfb51ba1_92_73293249@N00.jpg,46.042806,7.338406,45.667686462402344,7.353285789489746,0.022507106885313988,41.72736181272939,0,0,0.0,45.667686462402344,7.353285789489746,0.022507106885313988,41.72736181272939,0.0,
234795046_8b783e6563_91_73293249@N00.jpg,46.042806,7.338406,42.64557647705078,1.4297670125961304,0.027419887483119965,602.5992190557557,0,0,0.0,42.64557647705078,1.4297670125961304,0.027419887483119965,602.5992190557557,0.0,
235419360_93d534a2f5_94_82927779@N00.jpg,-33.950472,18.474913,-33.92478561401367,18.416606903076172,0.035886455327272415,6.090178970837539,6,102,0.3984375,15.040543556213379,-24.334030151367188,0.04063490033149719,7085.177942907376,-7079.087763936538,
235966050_584677dcdb_95_82927779@N00.jpg,-33.973511,18.469622,38.81449890136719,-76.8759765625,0.01442326232790947,12702.240209517362,0,0,0.0,38.81449890136719,-76.8759765625,0.01442326232790947,12702.240209517362,0.0,
235973586_9169f6ad32_81_82927779@N00.jpg,-33.973511,18.469622,-33.903648376464844,18.41118049621582,0.0560121014714241,9.455898299251261,6,23,0.08984375,17.14997673034668,-61.83586120605469,0.038462694734334946,10207.246917770159,-10197.791019470907,
235981461_e4e633d8aa_80_82927779@N00.jpg,-33.973511,18.469622,51.45595932006836,-0.3412190079689026,0.01731005869805813,9675.56771025701,8,30,0.1171875,-33.89841842651367,151.2314453125,0.02244923822581768,11003.501971202848,-1327.934260945838,
236092953_a8c26eb7a1_88_79954435@N00.jpg,37.814123,-119.528503,37.7274169921875,-119.57524108886719,0.04806586354970932,10.480016831031547,0,0,0.0,37.7274169921875,-119.57524108886719,0.04806586354970932,10.480016831031547,0.0,
236099783_4a3be97835_85_79954435@N00.jpg,37.814123,-119.528503,39.38506317138672,-122.75796508789062,0.02993069961667061,330.5343882637583,0,0,0.0,39.38506317138672,-122.75796508789062,0.02993069961667061,330.5343882637583,0.0,
236100670_aea8896275_89_79954435@N00.jpg,37.814123,-119.528503,38.1820182800293,-119.83892822265625,0.057547688484191895,49.12603380742413,1,112,0.4375,37.926570892333984,-119.45596313476562,0.06473568081855774,14.031562980708317,35.09447082671581,
236100705_740713878c_98_79954435@N00.jpg,37.814123,-119.528503,37.83640670776367,-119.45320892333984,0.07134555280208588,7.062136731682144,3,106,0.4140625,37.83640670776367,-119.45320892333984,0.06072431057691574,7.062136731682144,0.0,
236124895_2db9c8c623_96_79954435@N00.jpg,43.105267,-124.434564,42.3005256652832,-124.41145324707031,0.12054559588432312,89.50320175899022,0,0,0.0,42.3005256652832,-124.41145324707031,0.12054559588432312,89.50320175899022,0.0,
236124993_c02c4b4418_86_79954435@N00.jpg,43.105267,-124.434564,37.78049087524414,-122.51359558105469,0.038554973900318146,613.9497826623038,0,0,0.0,37.78049087524414,-122.51359558105469,0.038554973900318146,613.9497826623038,0.0,
236131661_6baede971f_97_79954435@N00.jpg,40.274287,-123.850936,37.8972053527832,-122.57686614990234,0.07188212871551514,286.2723750091834,0,0,0.0,37.8972053527832,-122.57686614990234,0.07188212871551514,286.2723750091834,0.0,
236303536_53fd5d3d53_95_40829484@N00.jpg,51.121411,2.622985,53.44083023071289,5.7698822021484375,0.09318235516548157,335.1125295714752,5,196,0.765625,53.44083023071289,5.7698822021484375,0.07152747362852097,335.1125295714752,0.0,
237094601_17eb5323aa_79_40425693@N00.jpg,37.392936,-5.992698,37.675296783447266,-1.695755958557129,0.015347646549344063,380.15476401626256,0,0,0.0,37.675296783447266,-1.695755958557129,0.015347646549344063,380.15476401626256,0.0,
237534282_314299a83e_95_82981539@N00.jpg,37.567031,126.980667,-23.598739624023438,-46.914859771728516,0.020873846486210823,18356.690612411876,4,167,0.65234375,41.053466796875,111.60598754882812,0.0765746608376503,1376.2694004526236,16980.421211959252,
237534811_baaa86ac76_89_82981539@N00.jpg,37.567031,126.980667,22.254024505615234,113.90498352050781,0.016486182808876038,2113.524523075776,7,99,0.38671875,22.254024505615234,113.90498352050781,0.011690027080476284,2113.524523075776,0.0,
237535386_c5f13037d2_95_82981539@N00.jpg,37.567031,126.980667,35.79051208496094,129.3314971923828,0.02440677583217621,288.028755003475,4,126,0.4921875,39.86396408081055,116.75050354003906,0.01060678344219923,922.9869199485587,-634.9581649450837,
238959570_6cfcdc0f52_93_70323761@N00.jpg,39.097428,-84.5072,39.09649658203125,-84.50623321533203,0.04322280362248421,0.13299287972987592,0,0,0.0,39.09649658203125,-84.50623321533203,0.04322280362248421,0.13299287972987592,0.0,
239537996_5341181b89_79_70323761@N00.jpg,39.097428,-84.5072,39.09649658203125,-84.50623321533203,0.05647910758852959,0.13299287972987592,0,0,0.0,39.09649658203125,-84.50623321533203,0.05647910758852959,0.13299287972987592,0.0,
239674532_db51f5d860_97_48637819@N00.jpg,33.139851,78.129272,29.158885955810547,88.05559539794922,0.185130774974823,1042.5485501070223,0,0,0.0,29.158885955810547,88.05559539794922,0.185130774974823,1042.5485501070223,0.0,
240600390_9e156e3889_86_50994135@N00.jpg,56.927835,-7.534046,57.04586410522461,-7.451648235321045,0.3224583864212036,14.041537568582802,0,0,0.0,57.04586410522461,-7.451648235321045,0.3224583864212036,14.041537568582802,0.0,
240622093_6ec9843d59_82_30571787@N00.jpg,45.180577,9.140689,32.51555252075195,130.60272216796875,0.0026082515250891447,9554.464290727557,0,0,0.0,32.51555252075195,130.60272216796875,0.0026082515250891447,9554.464290727557,0.0,
240623218_4305b7c86f_90_30571787@N00.jpg,45.180577,9.140689,32.51555252075195,130.60272216796875,0.0010098752100020647,9554.464290727557,1,256,1.0,32.51555252075195,130.60272216796875,0.0024641307536512613,9554.464290727557,0.0,
240624487_0aee559cd5_79_30571787@N00.jpg,45.180577,9.140689,32.51555252075195,130.60272216796875,0.0025349766947329044,9554.464290727557,0,0,0.0,32.51555252075195,130.60272216796875,0.0025349766947329044,9554.464290727557,0.0,
240927245_ee64c3903a_83_50994135@N00.jpg,57.002606,-7.422809,53.45710754394531,-9.865739822387695,0.07291819155216217,423.5175707321285,0,0,0.0,53.45710754394531,-9.865739822387695,0.07291819155216217,423.5175707321285,0.0,
241797522_a2c7427658_82_73293249@N00.jpg,46.006873,7.279987,46.42717742919922,8.09323787689209,0.0443083830177784,78.09753283216286,0,0,0.0,46.42717742919922,8.09323787689209,0.0443083830177784,78.09753283216286,0.0,
241840147_d42ffe7454_82_73293249@N00.jpg,46.006873,7.279987,45.86192321777344,7.072277069091797,0.06489519774913788,22.755256501735452,0,0,0.0,45.86192321777344,7.072277069091797,0.06489519774913788,22.755256501735452,0.0,
241871314_da124b8144_91_74806935@N00.jpg,41.591639,-82.705136,45.31617736816406,-85.25902557373047,0.03933098912239075,462.55734306671314,0,0,0.0,45.31617736816406,-85.25902557373047,0.03933098912239075,462.55734306671314,0.0,
241902142_490d9342bc_84_82981539@N00.jpg,36.746999,139.617004,36.755184173583984,139.6126251220703,0.046561408787965775,0.9902415958383469,0,0,0.0,36.755184173583984,139.6126251220703,0.046561408787965775,0.9902415958383469,0.0,
241908178_6ec3ec5187_88_82981539@N00.jpg,35.316245,139.540786,35.8890495300293,27.9931640625,0.027206243947148323,9394.39561800578,8,91,0.35546875,-23.598739624023438,-46.914859771728516,0.04495466500520706,18570.980948157903,-9176.585330152124,
241911789_4c33c700f1_91_82981539@N00.jpg,34.394728,132.453575,34.39040756225586,132.4393310546875,0.03433415666222572,1.3924745832802847,3,196,0.765625,-2.5297770500183105,-44.30486297607422,0.005283926613628864,16456.002962258903,-16454.61048767562,
241911900_fe2a32511b_85_82981539@N00.jpg,34.394728,132.453575,45.523414611816406,-122.67913818359375,0.002838663524016738,8366.556149257547,1,128,0.5,47.1664924621582,28.80786895751953,0.005982137285172939,8186.8764122515495,179.6797370059976,
241918266_87b67ececf_79_82981539@N00.jpg,34.288566,132.320365,34.29599380493164,132.31988525390625,0.020129980519413948,0.8271104047479428,1,256,1.0,34.29586410522461,132.31942749023438,0.020784469321370125,0.8160708596146755,0.011039545133267326,
241921396_742fe1f0fd_90_82981539@N00.jpg,35.012283,135.749473,33.954833984375,134.33583068847656,0.025351539254188538,174.96500255578005,1,36,0.140625,38.06950378417969,-81.08499908447266,0.0026129665784537792,11046.083034006939,-10871.118031451158,
242030412_c264aba8ee_89_74806935@N00.jpg,41.593661,-82.709933,42.019256591796875,-83.00260925292969,0.11061926931142807,53.17928358901457,1,48,0.1875,41.183563232421875,-73.90082550048828,0.01961180381476879,735.9766457810189,-682.7973621920044,
242234791_a53ad989fb_84_74806935@N00.jpg,42.300594,-83.233848,41.79056930541992,-87.5824203491211,0.0071595595218241215,363.49128107878056,9,230,0.8984375,48.8339958190918,9.151172637939453,0.03520580008625984,6771.358247075413,-6407.866965996632,
242243818_ab2516b74d_85_74806935@N00.jpg,42.300594,-83.233848,41.79056930541992,-87.5824203491211,0.020822905004024506,363.49128107878056,0,0,0.0,41.79056930541992,-87.5824203491211,0.020822905004024506,363.49128107878056,0.0,
242396364_6941c47678_86_91728102@N00.jpg,31.23971,121.486043,31.23929786682129,121.49419403076172,0.03375111147761345,0.7762932059863364,1,12,0.046875,31.239002227783203,121.49728393554688,0.04135328158736229,1.0716000807650004,-0.2953068747786639,
243444851_f71dc78503_83_40829484@N00.jpg,51.518998,-0.131835,51.50623321533203,-0.07494000345468521,0.01744658313691616,4.18524701121157,0,0,0.0,51.50623321533203,-0.07494000345468521,0.01744658313691616,4.18524701121157,0.0,
243466839_393944d5e2_88_40829484@N00.jpg,51.518998,-0.131835,51.51386642456055,-0.09542199969291687,0.005306572653353214,2.583422875145741,1,176,0.6875,51.51386642456055,-0.09542199969291687,0.005825722590088844,2.583422875145741,0.0,
243624793_40b1adf4d7_83_40829484@N00.jpg,51.518998,-0.131835,51.47993850708008,-0.2940550148487091,0.025220826268196106,12.039768248133582,3,86,0.3359375,-37.922733306884766,144.66697692871094,0.03311969339847565,16891.714515974694,-16879.67474772656,
243644504_a13149b567_81_40829484@N00.jpg,51.518998,-0.131835,50.360958099365234,-4.744011878967285,0.006399575155228376,347.7977317603792,1,256,1.0,25.941755294799805,-81.46941375732422,0.00763022480532527,7198.787618506548,-6850.989886746169,
244035501_3708124424_87_40829484@N00.jpg,40.774886,-73.972513,40.77010726928711,-73.97382354736328,0.014859328977763653,0.5427106118019632,0,0,0.0,40.77010726928711,-73.97382354736328,0.014859328977763653,0.5427106118019632,0.0,
244383114_9d86be522e_91_40829484@N00.jpg,40.747305,-74.035384,40.76069641113281,-73.97624206542969,0.0055031729862093925,5.199453881074972,1,240,0.9375,40.76069641113281,-73.97624206542969,0.0054500410333275795,5.199453881074972,0.0,
244563496_1439c608d0_90_40829484@N00.jpg,40.706018,-74.00176,40.648704528808594,-74.06491088867188,0.019172420725226402,8.30515202121326,3,50,0.1953125,37.550392150878906,122.26934051513672,0.051141686737537384,11157.125457887782,-11148.820305866568,
244571324_a13f911215_97_40829484@N00.jpg,40.706018,-74.00176,53.54473876953125,8.57084846496582,0.01422150805592537,6043.79516495855,1,256,1.0,53.54473876953125,8.57084846496582,0.008219394832849503,6043.79516495855,0.0,
244667527_c7586ea2b9_89_77235581@N00.jpg,58.202872,-6.379451,57.71580505371094,-7.171154022216797,0.007110126782208681,71.51457286069005,2,256,1.0,52.2432975769043,-4.262738227844238,0.005797398742288351,676.0494364254829,-604.5348635647929,
244685754_fa9cd577a8_94_77235581@N00.jpg,58.313501,-6.739253,60.74406051635742,-0.9515190124511719,0.12105609476566315,423.4747684264178,0,0,0.0,60.74406051635742,-0.9515190124511719,0.12105609476566315,423.4747684264178,0.0,
244687585_a1129f5f8a_80_77235581@N00.jpg,58.18989,-6.350097,55.577205657958984,-5.152822971343994,0.03941798582673073,299.471838919045,0,0,0.0,55.577205657958984,-5.152822971343994,0.03941798582673073,299.471838919045,0.0,
244979958_94606ddf2e_86_41894169878@N01.jpg,41.451408,-96.491859,46.14166259765625,-122.93727111816406,0.01564660854637623,2174.6454206284297,4,182,0.7109375,46.14166259765625,-122.93727111816406,0.023526733741164207,2174.6454206284297,0.0,
245449689_564d7887db_93_77235581@N00.jpg,58.202872,-6.379451,61.72957229614258,4.857329845428467,0.016701968386769295,736.6868492935158,0,0,0.0,61.72957229614258,4.857329845428467,0.016701968386769295,736.6868492935158,0.0,
245557524_df1bab48d1_87_77235581@N00.jpg,58.202872,-6.379451,54.80916976928711,-4.959597110748291,0.037766169756650925,387.26752872293673,0,0,0.0,54.80916976928711,-4.959597110748291,0.037766169756650925,387.26752872293673,0.0,
246843099_c293371aaf_95_70323761@N00.jpg,40.781955,-73.972223,40.79747772216797,-73.95428466796875,0.007038527633994818,2.2934439745863027,0,0,0.0,40.79747772216797,-73.95428466796875,0.007038527633994818,2.2934439745863027,0.0,
246883155_96c13254f2_96_77235581@N00.jpg,58.202872,-6.379451,55.634925842285156,-4.823855876922607,0.055367641150951385,300.72637904892935,1,78,0.3046875,56.188777923583984,-2.9993960857391357,0.03553616628050804,302.6137113410574,-1.8873322921280646,
246888441_63ed315af3_92_77235581@N00.jpg,58.202872,-6.379451,55.634925842285156,-4.823855876922607,0.25080206990242004,300.72637904892935,1,10,0.0390625,55.634925842285156,-4.823855876922607,0.18632236123085022,300.72637904892935,0.0,
246948452_d81a20cf55_85_82927779@N00.jpg,39.911369,116.391233,39.91608810424805,116.39066314697266,0.023205896839499474,0.5269871094688503,5,31,0.12109375,39.90657424926758,116.38984680175781,0.02108928933739662,0.5461053985875395,-0.01911828911868918,
246990526_31af1d6802_94_82927779@N00.jpg,39.881513,116.406722,39.87944412231445,116.40666961669922,0.04079572856426239,0.230092440314575,5,32,0.125,39.90657424926758,116.38984680175781,0.017075467854738235,3.136599991764304,-2.906507551449729,
247014491_578751c1d1_79_82927779@N00.jpg,39.877094,116.407841,39.87944412231445,116.40666961669922,0.013429872691631317,0.27978655202428,2,54,0.2109375,24.43339729309082,111.50848388671875,0.015463896095752716,1777.3162823006633,-1777.036495748639,
247024863_42eec50d76_91_82927779@N00.jpg,39.93935,116.391841,34.48844528198242,108.720703125,0.012655384838581085,909.7426155657183,6,137,0.53515625,34.31962203979492,108.94660949707031,0.009073437191545963,908.2747330199129,1.4678825458054234,
247114082_803e9a566f_98_41894169878@N01.jpg,41.292177,-96.100684,38.957061767578125,-84.39430236816406,0.03586498275399208,1027.7362067136046,4,196,0.765625,38.957061767578125,-84.39430236816406,0.06308235228061676,1027.7362067136046,0.0,
247343249_52f63976e0_86_18684820@N00.jpg,13.800772,100.551853,12.522390365600586,122.01416015625,0.04939878731966019,2327.3888078900027,3,212,0.828125,14.938067436218262,-91.1104736328125,0.050271086394786835,16571.563847660567,-14244.175039770565,
247392561_b5d625a8f1_98_18684820@N00.jpg,13.800772,100.551853,18.788911819458008,98.99522399902344,0.006703210063278675,578.9846916598315,1,224,0.875,18.788911819458008,98.99522399902344,0.003667837707325816,578.9846916598315,0.0,
247705387_80a84ec97e_80_73293249@N00.jpg,46.050615,7.183459,44.928714752197266,6.58355712890625,0.042276717722415924,133.22552489634262,0,0,0.0,44.928714752197266,6.58355712890625,0.042276717722415924,133.22552489634262,0.0,
247740239_8eb0f66fb4_87_73293249@N00.jpg,46.050615,7.183459,45.41682815551758,6.63333797454834,0.023282354697585106,82.39851440623781,0,0,0.0,45.41682815551758,6.63333797454834,0.023282354697585106,82.39851440623781,0.0,
247815805_df4b6c1f1f_91_82927779@N00.jpg,-32.840197,17.862027,-26.092363357543945,113.58008575439453,0.10647711902856827,8962.27287979812,4,28,0.109375,-17.095428466796875,-71.9177474975586,0.0504806712269783,8967.639111293125,-5.366231495005195,
248331722_0585313310_80_77235581@N00.jpg,57.987083,-6.755733,53.597068786621094,-9.734915733337402,0.07788117974996567,522.3419337560847,0,0,0.0,53.597068786621094,-9.734915733337402,0.07788117974996567,522.3419337560847,0.0,
248333250_1e32208126_83_77235581@N00.jpg,57.889991,-6.80397,51.586116790771484,-10.224281311035156,0.05150262638926506,734.3047229912384,0,0,0.0,51.586116790771484,-10.224281311035156,0.05150262638926506,734.3047229912384,0.0,
248340525_2d7e7de143_79_77235581@N00.jpg,58.206015,-6.381983,53.10855484008789,-9.667797088623047,0.04367837682366371,602.9469773564266,0,0,0.0,53.10855484008789,-9.667797088623047,0.04367837682366371,602.9469773564266,0.0,
248345692_9235d65429_81_77235581@N00.jpg,58.202872,-6.379451,60.00533676147461,20.00284194946289,0.030679695308208466,1509.2860964190322,1,112,0.4375,63.11106491088867,7.729674816131592,0.07401391118764877,939.6089862770153,569.6771101420169,
248352126_d67539938a_90_77235581@N00.jpg,58.398451,-6.498413,55.54868698120117,-5.330513954162598,0.03436717018485069,324.67526829936503,0,0,0.0,55.54868698120117,-5.330513954162598,0.03436717018485069,324.67526829936503,0.0,
248369077_6b71edbe5d_91_50994135@N00.jpg,55.852577,-5.129413,55.54868698120117,-5.330513954162598,0.07515501976013184,36.06411355873505,1,140,0.546875,57.477264404296875,-4.106997966766357,0.07349929213523865,191.14927367523183,-155.08516011649678,
248369340_4bc9ad59d7_96_50994135@N00.jpg,55.791341,-5.041351,56.02633285522461,-4.988833904266357,0.018893418833613396,26.33414703165703,1,256,1.0,56.02633285522461,-4.988833904266357,0.03373616188764572,26.33414703165703,0.0,
250616879_f6db5ba70f_79_69212252@N00.jpg,41.939621,-87.639763,42.36415481567383,-83.0885238647461,0.00523744709789753,378.09933369851836,5,158,0.6171875,42.36415481567383,-83.0885238647461,0.0021909032948315144,378.09933369851836,0.0,
251444561_200441e41b_104_50994135@N00.jpg,55.847385,-4.424142,-31.839357376098633,115.78164672851562,0.0028929677791893482,14741.2794960956,2,256,1.0,50.63955307006836,3.0634679794311523,0.0016608210280537605,763.0585471425644,13978.220948953036,
251575277_db1a98076e_96_50994135@N00.jpg,55.846018,-4.428477,55.87776184082031,-4.289956092834473,0.011806746013462543,9.336832871144818,0,0,0.0,55.87776184082031,-4.289956092834473,0.011806746013462543,9.336832871144818,0.0,
251593538_30b0b981a6_114_36887937@N00.jpg,41.403422,2.173802,41.38596725463867,2.178757905960083,0.0031258389353752136,1.9844195916042136,7,224,0.875,41.41448211669922,2.1535019874572754,0.004100382328033447,2.092512588644603,-0.10809299704038944,
251769194_f3d9a0c9a9_100_36093984@N00.jpg,38.736577,-109.499788,38.73942184448242,-109.51428985595703,0.054279543459415436,1.2969708278363654,0,0,0.0,38.73942184448242,-109.51428985595703,0.054279543459415436,1.2969708278363654,0.0,
253009776_17a6f34c9f_84_36093984@N00.jpg,37.682733,-122.443313,45.91266632080078,-113.09916687011719,0.010821478441357613,1197.2280763331692,1,256,1.0,45.91266632080078,-113.09916687011719,0.007250824011862278,1197.2280763331692,0.0,
253013198_0869efe061_109_36093984@N00.jpg,37.682733,-122.443313,37.79925537109375,-122.41487121582031,0.008659664541482925,13.19587379301847,4,103,0.40234375,-41.28622817993164,174.7760772705078,0.006899731233716011,10846.713267116611,-10833.517393323593,
253669843_4309c7351b_113_32367657@N00.jpg,49.069183,10.319444,49.37997055053711,10.18093490600586,0.05308794975280762,35.992141519278974,2,154,0.6015625,49.37997055053711,10.18093490600586,0.03565926477313042,35.992141519278974,0.0,
253671255_b0bb5ec494_92_23601949@N00.jpg,35.803039,-75.542399,32.65385055541992,-79.94318389892578,0.07066018134355545,534.9696266506256,2,34,0.1328125,52.06928253173828,4.220724105834961,0.007553634699434042,6297.133119748558,-5762.163493097933,
253676472_ba46fc27fc_81_23601949@N00.jpg,35.303007,-75.513753,30.288137435913086,-81.38812255859375,0.019751885905861855,782.2631720245745,0,0,0.0,30.288137435913086,-81.38812255859375,0.019751885905861855,782.2631720245745,0.0,
254459078_2775bae2c3_98_32367657@N00.jpg,47.468258,11.12108,47.38446044921875,7.752205848693848,0.024956122040748596,253.58371087226834,0,0,0.0,47.38446044921875,7.752205848693848,0.024956122040748596,253.58371087226834,0.0,
254505106_ba96558469_115_32367657@N00.jpg,48.578183,13.470069,48.574222564697266,13.47507381439209,0.06277142465114594,0.5740269736966859,0,0,0.0,48.574222564697266,13.47507381439209,0.06277142465114594,0.5740269736966859,0.0,
254511671_0b3096b467_88_90833046@N00.jpg,44.945239,-93.097329,42.69990158081055,-74.92310333251953,0.0022009401582181454,1476.0162415586283,1,192,0.75,40.69840621948242,-74.0420150756836,0.0007996917702257633,1619.8778905147435,-143.86164895611523,
254513447_afaa81653c_115_90833046@N00.jpg,44.945239,-93.097329,45.8194580078125,4.622413158416748,0.011766036972403526,7102.413678459085,1,256,1.0,45.8194580078125,4.622413158416748,0.005061900243163109,7102.413678459085,0.0,
254667590_0e47ee8040_115_90833046@N00.jpg,44.945239,-93.097329,-34.586334228515625,-58.39216613769531,0.0019401232711970806,9509.936813755658,3,218,0.8515625,39.04240036010742,-94.59112548828125,0.003233236027881503,667.8401586250412,8842.096655130616,
254683249_db4d8ed592_110_73293249@N00.jpg,46.009809,7.231385,45.739742279052734,6.71287202835083,0.045047346502542496,50.131379342037505,0,0,0.0,45.739742279052734,6.71287202835083,0.045047346502542496,50.131379342037505,0.0,
254704683_01af66fb02_97_40279823@N00.jpg,50.919809,-2.937126,51.24159240722656,-2.5362110137939453,0.001715258345939219,45.43776980242239,2,240,0.9375,9.647600173950195,77.45295715332031,0.008424341678619385,8503.812122022364,-8458.374352219942,
254704979_0b5bd13127_115_40279823@N00.jpg,50.919809,-2.937126,55.3065299987793,8.978436470031738,0.010367259383201599,931.1261462797223,2,73,0.28515625,50.66849899291992,-3.899833917617798,0.019530154764652252,73.20859411469021,857.9175521650321,
254719194_273ce9fc3d_97_79267922@N00.jpg,39.94133,116.383666,39.91625213623047,116.39019012451172,0.016484012827277184,2.84348461215886,1,208,0.8125,39.91625213623047,116.39019012451172,0.015299750491976738,2.84348461215886,0.0,
254731459_a4d6501db6_105_79267922@N00.jpg,39.94133,116.383666,51.183109283447266,71.4343032836914,0.04866635426878929,3649.738889581076,2,25,0.09765625,51.183109283447266,71.4343032836914,0.04129358008503914,3649.738889581076,0.0,
254771337_2e9211fab4_79_79267922@N00.jpg,39.94133,116.383666,31.325851440429688,120.62613677978516,0.012219064868986607,1031.5227950706158,1,80,0.3125,31.21828842163086,121.55168914794922,0.016994567587971687,1076.1679603241462,-44.64516525353042,
254994149_844b89545b_115_79267922@N00.jpg,39.94133,116.383666,24.43339729309082,111.50848388671875,0.006430617067962885,1783.5909641190908,0,0,0.0,24.43339729309082,111.50848388671875,0.006430617067962885,1783.5909641190908,0.0,
255056111_c0f44247b7_105_79267922@N00.jpg,39.94133,116.383666,39.982460021972656,116.49287414550781,0.014871087856590748,10.370511987569445,0,0,0.0,39.982460021972656,116.49287414550781,0.014871087856590748,10.370511987569445,0.0,
255122047_2316ee5900_119_79267922@N00.jpg,39.94133,116.383666,38.89744567871094,115.4608154296875,0.01842297613620758,140.5596206901607,4,176,0.6875,24.43339729309082,111.50848388671875,0.03564995154738426,1783.5909641190908,-1643.03134342893,
255190768_a1897bb837_102_79267922@N00.jpg,39.94133,116.383666,35.8619270324707,10.612448692321777,0.011498980224132538,8677.697922808415,3,155,0.60546875,36.83168411254883,31.30725860595703,0.018125388771295547,7122.456689472037,1555.2412333363773,
255193932_236d07c8cb_84_79267922@N00.jpg,39.94133,116.383666,31.191877365112305,121.48338317871094,0.012836005538702011,1076.1979353255936,5,81,0.31640625,31.228666305541992,121.52133178710938,0.010866926051676273,1073.931864654847,2.266070670746558,
255204951_b039c58e98_115_43935788@N00.jpg,25.678275,-80.27019,-16.750022888183594,145.67044067382812,0.02059789001941681,15174.809740482046,1,96,0.375,-26.83751106262207,152.96084594726562,0.07073956727981567,14745.48613975701,429.32360072503616,
255231316_950ef27f22_95_79267922@N00.jpg,39.94133,116.383666,39.915000915527344,116.3896713256836,0.01521544810384512,2.9721103192169505,2,96,0.375,39.87944412231445,116.40666961669922,0.01738416589796543,7.155646775734246,-4.183536456517295,
255288935_f24df89722_103_79267922@N00.jpg,39.94133,116.383666,38.26017761230469,-0.6947129964828491,0.002516301115974784,9218.69298286945,2,256,1.0,40.20889663696289,-8.427338600158691,0.0021152261178940535,9496.045883370356,-277.3529005009059,
255311575_48a38c856b_93_36093984@N00.jpg,41.384907,2.177052,56.1209716796875,-3.9444780349731445,0.005795173812657595,1697.2821533398003,1,140,0.546875,55.97849655151367,-3.600167989730835,0.009156971238553524,1675.8008415453626,21.481311794437715,
255543136_6c73fe47ae_109_73091266@N00.jpg,-24.657626,25.906963,-24.60706901550293,25.751953125,0.32797473669052124,16.645861277922716,1,208,0.8125,-24.60706901550293,25.751953125,0.05344506353139877,16.645861277922716,0.0,
256519587_c1c0dcf030_91_36093984@N00.jpg,47.236354,16.628494,45.25273895263672,19.850130081176758,0.01774500124156475,331.65268353946385,1,36,0.140625,47.49128341674805,19.052223205566406,0.005155008751899004,184.72774557333904,146.92493796612482,
256555763_fdd24b7b40_104_36093984@N00.jpg,47.258728,16.929244,48.148475646972656,16.93645477294922,0.0769992247223854,98.93703227175985,1,55,0.21484375,50.037681579589844,13.871988296508789,0.057358428835868835,381.93546473211944,-282.9984324603596,
256718877_67e9b4f39b_83_50994135@N00.jpg,55.939298,-4.766693,51.72953414916992,4.439420223236084,0.007858133874833584,763.1851800218209,6,90,0.3515625,54.55703353881836,-6.648015022277832,0.011937660165131092,194.51884775934548,568.6663322624754,
256791270_59fb19c02b_103_55085284@N00.jpg,40.851215,14.241027,40.62724304199219,14.480751991271973,0.13706344366073608,32.06492157839619,0,0,0.0,40.62724304199219,14.480751991271973,0.13706344366073608,32.06492157839619,0.0,
256792231_9811830c15_119_55085284@N00.jpg,40.851215,14.241027,40.6277961730957,14.484572410583496,0.1187232956290245,32.221132160027445,5,94,0.3671875,40.551048278808594,14.242568969726562,0.06182469427585602,33.37731576107019,-1.1561836010427484,
256875153_b1892b72fe_87_55085284@N00.jpg,42.652268,18.079891,42.64131546020508,18.109315872192383,0.03008546680212021,2.697231708742174,5,66,0.2578125,42.64131546020508,18.109315872192383,0.028492439538240433,2.697231708742174,0.0,
256882055_627234a4c8_98_90833046@N00.jpg,44.916217,-93.214037,43.141082763671875,141.42660522460938,0.0006240324000827968,8829.945085363457,0,0,0.0,43.141082763671875,141.42660522460938,0.0006240324000827968,8829.945085363457,0.0,
256884676_2d4c71fc90_80_90833046@N00.jpg,44.94855,-93.202686,44.913551330566406,-93.20259857177734,0.040084294974803925,3.8916859415809575,1,112,0.4375,44.913551330566406,-93.20259857177734,0.023108113557100296,3.8916859415809575,0.0,
256993506_1e014f2094_119_26519935@N00.jpg,9.538203,100.072746,11.961409568786621,121.9266128540039,0.06711012125015259,2401.851061848117,0,0,0.0,11.961409568786621,121.9266128540039,0.06711012125015259,2401.851061848117,0.0,
256993899_ae46ddc511_118_26519935@N00.jpg,9.538203,100.072746,9.52614974975586,100.06416320800781,0.03706413507461548,1.6377227289056246,0,0,0.0,9.52614974975586,100.06416320800781,0.03706413507461548,1.6377227289056246,0.0,
257026858_defeac8909_92_26519935@N00.jpg,13.74989,100.494861,13.74992561340332,100.49130249023438,0.025555990636348724,0.3843697088427042,0,0,0.0,13.74992561340332,100.49130249023438,0.025555990636348724,0.3843697088427042,0.0,
257051385_9c98a4c1e8_97_26519935@N00.jpg,36.060756,120.328445,18.211313247680664,109.47950744628906,0.009182312525808811,2252.6372770524135,7,134,0.5234375,22.28115463256836,113.56464385986328,0.011425843462347984,1665.78120275725,586.8560742951636,
257058084_300ab83ed7_121_26519935@N00.jpg,22.465609,114.236955,22.370424270629883,114.31609344482422,0.13451431691646576,13.349048012472693,0,0,0.0,22.370424270629883,114.31609344482422,0.13451431691646576,13.349048012472693,0.0,
257067529_4918662fb9_108_26519935@N00.jpg,22.343089,114.173183,22.270877838134766,114.14909362792969,0.030962258577346802,8.403247448068116,1,6,0.0234375,22.468463897705078,114.00454711914062,0.01809757761657238,22.246038352247258,-13.842790904179141,
257070012_8417c605b9_94_26519935@N00.jpg,22.343089,114.173183,34.09452438354492,131.397705078125,0.006299723871052265,2128.877640675257,0,0,0.0,34.09452438354492,131.397705078125,0.006299723871052265,2128.877640675257,0.0,
257071520_f2a757875f_113_26519935@N00.jpg,22.343089,114.173183,22.429168701171875,114.12105560302734,0.060711562633514404,10.969977395498521,0,0,0.0,22.429168701171875,114.12105560302734,0.060711562633514404,10.969977395498521,0.0,
257076208_e5de62cc01_94_26519935@N00.jpg,22.378571,114.236354,22.407041549682617,114.12177276611328,0.02645709365606308,12.198099987081045,0,0,0.0,22.407041549682617,114.12177276611328,0.02645709365606308,12.198099987081045,0.0,
257077427_16b650fd33_112_26519935@N00.jpg,22.378571,114.236354,-33.53873062133789,150.42178344726562,0.02024718001484871,7304.069712322331,1,15,0.05859375,-33.53873062133789,150.42178344726562,0.017145385965704918,7304.069712322331,0.0,
257078011_49363dd3f7_81_26519935@N00.jpg,22.378571,114.236354,30.343151092529297,-84.74082946777344,0.018652647733688354,13812.197086868413,1,24,0.09375,30.343151092529297,-84.74082946777344,0.020599642768502235,13812.197086868413,0.0,
257078399_0bb17c80d4_114_26519935@N00.jpg,22.378571,114.236354,30.343151092529297,-84.74082946777344,0.019391639158129692,13812.197086868413,1,2,0.0078125,30.343151092529297,-84.74082946777344,0.012658251449465752,13812.197086868413,0.0,
257085114_260d4f7008_112_26519935@N00.jpg,22.493526,114.04787,22.468463897705078,114.00454711914062,0.09081266820430756,5.251610095562241,0,0,0.0,22.468463897705078,114.00454711914062,0.09081266820430756,5.251610095562241,0.0,
257087349_9d4cabec56_112_26519935@N00.jpg,22.493526,114.04787,22.468463897705078,114.00454711914062,0.0444035567343235,5.251610095562241,0,0,0.0,22.468463897705078,114.00454711914062,0.0444035567343235,5.251610095562241,0.0,
257096067_fb518c570a_115_26519935@N00.jpg,1.325021,103.823719,1.3146599531173706,103.81499481201172,0.027424268424510956,1.5059540487855425,1,84,0.328125,1.3102840185165405,103.8161849975586,0.03375747427344322,1.8403031050956038,-0.3343490563100613,
257101205_9647bf8fbb_108_26519935@N00.jpg,22.310061,114.252147,22.350074768066406,114.1259765625,0.011216125451028347,13.719005787717785,2,188,0.734375,22.350074768066406,114.1259765625,0.012389167211949825,13.719005787717785,0.0,
257153262_a8d9a955a6_99_26519935@N00.jpg,40.748557,14.47689,40.75032043457031,14.48731803894043,0.06229478493332863,0.9000583826587361,0,0,0.0,40.75032043457031,14.48731803894043,0.06229478493332863,0.9000583826587361,0.0,
257175054_d80090a6cb_104_41336221@N00.jpg,40.371528,49.851064,40.97416687011719,29.094165802001953,0.017067670822143555,1747.7013165766398,3,256,1.0,41.07313919067383,28.999786376953125,0.005931250285357237,1754.734028770807,-7.0327121941672885,
257175807_b63cf1baee_84_41336221@N00.jpg,40.371266,49.840421,47.80883026123047,22.864952087402344,0.02069845423102379,2293.198479100197,4,208,0.8125,47.80883026123047,22.864952087402344,0.04696246609091759,2293.198479100197,0.0,
257178005_eb5d576fab_85_26519935@N00.jpg,41.898699,12.481498,41.89210510253906,12.489630699157715,0.004302317276597023,0.9953465339332113,5,129,0.50390625,48.804649353027344,2.1209189891815186,0.0050767264328897,1114.001849854894,-1113.006503320961,
257179560_9e099d44ac_88_26519935@N00.jpg,41.898699,12.481498,41.90230941772461,12.45308780670166,0.019862152636051178,2.3853427059067953,1,240,0.9375,41.90230941772461,12.45308780670166,0.021651776507496834,2.3853427059067953,0.0,
257185393_b7a0a3918d_97_26519935@N00.jpg,41.898699,12.481498,41.889617919921875,12.490983009338379,0.015685752034187317,1.2790621617487055,0,0,0.0,41.889617919921875,12.490983009338379,0.015685752034187317,1.2790621617487055,0.0,
257188809_2a77cdc664_112_26519935@N00.jpg,41.898699,12.481498,41.90241241455078,12.453710556030273,0.01138694491237402,2.3365482322241977,1,256,1.0,41.90245056152344,12.453112602233887,0.0049631111323833466,2.386011119973048,-0.049462887748850104,
257240730_1f0385dec4_95_18684820@N00.jpg,13.735383,100.500183,13.74574089050293,100.53223419189453,0.015249243006110191,3.648498858791031,1,156,0.609375,13.798644065856934,100.54898071289062,0.01196663361042738,8.789565919762262,-5.141067060971231,
257440998_c7264dda3a_86_26519935@N00.jpg,48.860818,2.29391,48.858360290527344,2.2945759296417236,0.008150416426360607,0.2775934465580039,1,256,1.0,48.858360290527344,2.2945759296417236,0.012029653415083885,0.2775934465580039,0.0,
257460462_aacdfe8b7f_116_26519935@N00.jpg,47.874619,6.784057,44.546287536621094,-0.8535209894180298,0.00511289993301034,694.030396787539,4,185,0.72265625,45.87330627441406,13.533096313476562,0.005867206957191229,558.9543478737044,135.0760489138346,
257602406_355013c44f_87_40829484@N00.jpg,42.345001,-71.063024,42.37458038330078,-71.11913299560547,0.04097183793783188,5.663220319755193,7,246,0.9609375,42.37458038330078,-71.11913299560547,0.0343189537525177,5.663220319755193,0.0,
257704192_7cc27c25ae_93_77235581@N00.jpg,57.994908,-6.866798,56.64508819580078,-4.905480861663818,0.049383971840143204,190.7571160858045,0,0,0.0,56.64508819580078,-4.905480861663818,0.049383971840143204,190.7571160858045,0.0,
257821839_6f34b838f8_84_50994135@N00.jpg,55.834686,-4.480533,44.11531448364258,2.719499111175537,0.0037609816063195467,1399.3576274917261,1,110,0.4296875,22.467105865478516,114.17955780029297,0.004261862486600876,9578.44738130756,-8179.089753815834,
258114292_997e2ef2bf_99_26519935@N00.jpg,47.823759,6.841392,44.432456970214844,-74.24718475341797,0.018664145842194557,5962.759260865122,4,102,0.3984375,36.49845886230469,-105.04199981689453,0.03854536637663841,8465.875687712967,-2503.116426847845,
258147176_e0af10e624_120_26519935@N00.jpg,30.663386,104.060869,30.811080932617188,75.47761535644531,0.03629324957728386,2724.3440477448094,0,0,0.0,30.811080932617188,75.47761535644531,0.03629324957728386,2724.3440477448094,0.0,
258150310_8a64c0e8e5_101_26519935@N00.jpg,1.249853,103.82698,-17.788000106811523,-63.18408966064453,0.010021301917731762,17692.360205861856,1,2,0.0078125,-12.375823020935059,130.87960815429688,0.006074783392250538,3348.7363101162855,14343.623895745572,
258175488_56e0a77151_120_26519935@N00.jpg,1.405164,103.965167,1.3680959939956665,104.09709167480469,0.0145791694521904,15.233305822979194,1,144,0.5625,1.3680959939956665,104.09709167480469,0.031340014189481735,15.233305822979194,0.0,
258178803_bb312b5b0e_98_26519935@N00.jpg,1.405164,103.965167,1.3929799795150757,103.98567962646484,0.09883582592010498,2.652340333304065,1,14,0.0546875,25.182043075561523,121.41336822509766,0.0341511070728302,3239.3896359832665,-3236.7372956499626,
258180274_0e064dfdd9_92_26519935@N00.jpg,1.328454,103.73497,1.338333010673523,103.72766876220703,0.007477696985006332,1.3658180879305741,5,256,1.0,1.338333010673523,103.72766876220703,0.00844449270516634,1.3658180879305741,0.0,
258180468_1e47cd528e_67_26519935@N00.jpg,1.328454,103.73497,1.254014015197754,103.82321166992188,0.016462240368127823,12.835182429473893,7,102,0.3984375,1.254014015197754,103.82321166992188,0.03537406399846077,12.835182429473893,0.0,
258187822_c64d7cc548_116_26519935@N00.jpg,42.015631,128.047885,46.98806381225586,12.777243614196777,0.022868687286973,8245.452429575002,1,30,0.1171875,51.786956787109375,4.675539970397949,0.0010801018215715885,8245.263823163137,0.18860641186438443,
258209727_eb39e94b09_92_26519935@N00.jpg,34.681075,135.827579,34.683837890625,135.83778381347656,0.040998294949531555,0.9823794214707312,5,15,0.05859375,34.68559265136719,135.8411407470703,0.017821773886680603,1.3379280619826268,-0.3555486405118956,
258211385_4d053c1222_116_26519935@N00.jpg,34.681075,135.827579,35.03667068481445,135.72938537597656,0.01849736087024212,40.542831392223775,0,0,0.0,35.03667068481445,135.72938537597656,0.01849736087024212,40.542831392223775,0.0,
258211965_f20acee03a_109_26519935@N00.jpg,34.681075,135.827579,35.03933334350586,135.7288360595703,0.016502900049090385,40.84263314461921,0,0,0.0,35.03933334350586,135.7288360595703,0.016502900049090385,40.84263314461921,0.0,
258228729_baebc18de7_112_26519935@N00.jpg,35.001597,135.75634,35.03933334350586,135.7288360595703,0.03178303688764572,4.886735264147223,0,0,0.0,35.03933334350586,135.7288360595703,0.03178303688764572,4.886735264147223,0.0,
258230664_ad9759b634_79_26519935@N00.jpg,35.001597,135.75634,35.03933334350586,135.7288360595703,0.10400452464818954,4.886735264147223,1,88,0.34375,35.03933334350586,135.7288360595703,0.04885227233171463,4.886735264147223,0.0,
258233550_c842ed614b_113_26519935@N00.jpg,35.001597,135.75634,34.21464157104492,135.5863037109375,0.03044886328279972,88.87846626924107,0,0,0.0,34.21464157104492,135.5863037109375,0.03044886328279972,88.87846626924107,0.0,
258243662_ae502bd8f3_95_26519935@N00.jpg,38.369184,141.069602,38.35364532470703,141.05194091796875,0.4071815311908722,2.3144200319142243,1,84,0.328125,38.35364532470703,141.05194091796875,0.2284494936466217,2.3144200319142243,0.0,
258262335_399e73f18e_93_26519935@N00.jpg,36.328817,139.452896,34.45342254638672,131.75250244140625,0.2915918529033661,728.26664583876,3,72,0.28125,34.45342254638672,131.75250244140625,0.02779821678996086,728.26664583876,0.0,
258278531_8d61408e4b_108_26519935@N00.jpg,35.449133,139.641895,35.67953872680664,139.7594757080078,0.004361278377473354,27.7398231744746,6,118,0.4609375,31.239002227783203,121.49728393554688,0.01855047605931759,1746.3661664769752,-1718.6263433025006,
258294439_190aff8a3e_117_26519935@N00.jpg,35.680585,139.75708,35.689701080322266,139.6921844482422,0.007748031988739967,5.94814886962918,2,66,0.2578125,48.89133071899414,2.2399439811706543,0.01665445789694786,9716.893133765443,-9710.944984895814,
258294706_f0eca64cc1_81_26519935@N00.jpg,35.680585,139.75708,35.689701080322266,139.6921844482422,0.012896999716758728,5.94814886962918,1,27,0.10546875,35.689701080322266,139.6921844482422,0.01324711088091135,5.94814886962918,0.0,
258312596_16b2c35bc0_117_26519935@N00.jpg,26.063028,119.473657,29.988666534423828,120.58183288574219,0.028881629928946495,449.85062715533047,2,101,0.39453125,28.401140213012695,111.49469757080078,0.017280161380767822,830.3983398760543,-380.5477127207238,
258319087_4f3a348235_109_26519935@N00.jpg,30.250466,120.1373,30.249576568603516,120.12245178222656,0.020060120150446892,1.4296591840463375,0,0,0.0,30.249576568603516,120.12245178222656,0.020060120150446892,1.4296591840463375,0.0,
258322852_15fc18f907_80_26519935@N00.jpg,30.250466,120.1373,30.246313095092773,120.13893127441406,0.0821276307106018,0.4876433051312782,0,0,0.0,30.246313095092773,120.13893127441406,0.0821276307106018,0.4876433051312782,0.0,
258324933_26a6e2354f_79_26519935@N00.jpg,30.250466,120.1373,30.30168914794922,119.12713623046875,0.4544074237346649,97.17151469532277,0,0,0.0,30.30168914794922,119.12713623046875,0.4544074237346649,97.17151469532277,0.0,
258336246_35b404e80a_96_26519935@N00.jpg,26.214283,116.934099,59.46147918701172,108.83177947998047,0.016538694500923157,3749.4727657979815,1,256,1.0,60.68124771118164,151.644287109375,0.027046294882893562,4640.310122520188,-890.8373567222066,
258352718_90f62d1d52_112_26519935@N00.jpg,31.303635,120.610399,30.249576568603516,120.12245178222656,0.03378482908010483,126.13569587280296,0,0,0.0,30.249576568603516,120.12245178222656,0.03378482908010483,126.13569587280296,0.0,
258371602_b2c7ba5c70_113_26519935@N00.jpg,26.214283,116.934099,27.731855392456055,109.17457580566406,0.03952941671013832,787.1034694629026,6,48,0.1875,29.32602882385254,104.74346160888672,0.0832902118563652,1247.5916241246682,-460.48815466176563,
258395282_4ba36c8a88_58_26519935@N00.jpg,2.861092,104.150991,37.597957611083984,-8.816927909851074,0.015093140304088593,11804.552480612681,0,0,0.0,37.597957611083984,-8.816927909851074,0.015093140304088593,11804.552480612681,0.0,
258398208_1e88bce83e_96_26519935@N00.jpg,2.820115,104.148588,10.066557884216309,99.82452392578125,0.04541271552443504,936.598782349113,1,160,0.625,12.652166366577148,109.39483642578125,0.035537783056497574,1236.333540906943,-299.73475855783,
258409574_25b6f009f1_88_26519935@N00.jpg,1.343298,103.821573,14.367341041564941,101.34475708007812,0.021052367985248566,1473.5688286472089,1,256,1.0,14.367341041564941,101.34475708007812,0.024977169930934906,1473.5688286472089,0.0,
258543646_f6f1dc31ea_79_26519935@N00.jpg,30.663386,104.060869,30.25343132019043,120.11627197265625,0.05925443768501282,1538.276036411387,1,91,0.35546875,34.885929107666016,117.0703125,0.014489141292870045,1302.4839793633237,235.79205704806327,
258545107_8a74858ee7_103_26519935@N00.jpg,30.931237,104.262056,34.48844528198242,108.720703125,0.009702332317829132,574.7391184998588,1,156,0.609375,34.38954544067383,109.27954864501953,0.015350026078522205,606.8837014645787,-32.144582964719916,
258547410_49fb2f5a7f_117_26519935@N00.jpg,31.004906,103.605794,32.397178649902344,111.02096557617188,0.018647190183401108,718.223138505478,3,194,0.7578125,30.25343132019043,120.11627197265625,0.011481761932373047,1580.5065035904495,-862.2833650849715,
258548532_fa29c81fcc_91_26519935@N00.jpg,30.663386,104.060869,29.988666534423828,120.58183288574219,0.011556624434888363,1586.0276065962523,2,28,0.109375,24.867666244506836,121.10299682617188,0.01958138309419155,1793.9056559385556,-207.87804934230326,
258549051_b0ebeaa5f9_89_26519935@N00.jpg,30.663386,104.060869,34.684200286865234,112.46875762939453,0.013130033388733864,904.6144599195665,5,99,0.38671875,24.867666244506836,121.10299682617188,0.01610816828906536,1793.9056559385556,-889.2911960189891,
258553389_2dd3e7f6a8_117_26519935@N00.jpg,30.931237,104.262056,34.48844528198242,108.720703125,0.032150089740753174,574.7391184998588,0,0,0.0,34.48844528198242,108.720703125,0.032150089740753174,574.7391184998588,0.0,
258554251_771177d0e3_118_26519935@N00.jpg,30.931237,104.262056,48.268333435058594,7.720631122589111,0.005052235443145037,7942.127282831952,1,156,0.609375,28.41826820373535,-81.5811996459961,0.004453478381037712,13386.75140620376,-5444.624123371809,
258557980_810886e7f5_119_26519935@N00.jpg,31.004906,103.605794,39.918601989746094,116.39119720458984,0.011379745788872242,1521.364871348767,14,72,0.28125,39.87957763671875,116.40400695800781,0.009290280751883984,1519.654584474417,1.710286874350004,
258567449_5edf3de154_118_26519935@N00.jpg,29.523355,103.334913,29.573333740234375,103.39183044433594,0.1562635451555252,7.822939507100741,1,30,0.1171875,30.30168914794922,119.12713623046875,0.011402837000787258,1523.3269758583915,-1515.5040363512908,
258570071_65e585377e_106_26519935@N00.jpg,32.736317,103.831186,32.6890869140625,103.82492065429688,0.23455478250980377,5.284365106295015,0,0,0.0,32.6890869140625,103.82492065429688,0.23455478250980377,5.284365106295015,0.0,
258651765_c7d816addc_106_26519935@N00.jpg,33.219733,103.91015,32.6890869140625,103.82492065429688,0.05777228623628616,59.53868490301223,1,48,0.1875,46.81216049194336,7.917270183563232,0.035313356667757034,7799.585745380797,-7740.047060477785,
258737651_a16c694870_117_26519935@N00.jpg,33.162558,103.880453,32.97318649291992,103.34516906738281,0.10014688223600388,54.14250712795802,3,108,0.421875,32.031654357910156,-6.791781902313232,0.056789420545101166,9755.196946306662,-9701.054439178704,
258738822_732859f961_82_26519935@N00.jpg,33.162558,103.880453,33.27600860595703,103.90422821044922,0.052435148507356644,12.807552652256653,0,0,0.0,33.27600860595703,103.90422821044922,0.052435148507356644,12.807552652256653,0.0,
258744703_ba6e81b4e7_92_26519935@N00.jpg,33.069678,103.857965,45.93166732788086,-121.76899719238281,0.027913274243474007,10106.563258545488,0,0,0.0,45.93166732788086,-121.76899719238281,0.027913274243474007,10106.563258545488,0.0,
258910068_2e6cde75cc_104_36093984@N00.jpg,47.315319,18.783531,50.83071517944336,4.5186848640441895,0.009856482967734337,1107.9953530036266,1,96,0.375,48.81440734863281,2.105052947998047,0.0764862522482872,1247.9713363434244,-139.97598333979772,
258914017_d44284d695_102_36093984@N00.jpg,47.097941,17.912864,49.93948745727539,14.189313888549805,0.09063678234815598,418.2800892965707,0,0,0.0,49.93948745727539,14.189313888549805,0.09063678234815598,418.2800892965707,0.0,
259107554_972eac0255_45_50994135@N00.jpg,55.846018,-4.428477,37.09986114501953,126.84539794921875,0.00391117949038744,8700.0480230812,1,48,0.1875,50.11199188232422,3.804788112640381,0.002332656877115369,841.698281748657,7858.349741332544,
259420071_436696c584_105_67879480@N00.jpg,56.02218,39.976501,55.046024322509766,39.11338806152344,0.059266347438097,121.37170133023471,0,0,0.0,55.046024322509766,39.11338806152344,0.059266347438097,121.37170133023471,0.0,
259736489_d389231b31_103_36093984@N00.jpg,43.074875,-89.38425,43.07365036010742,-89.384765625,0.03398127108812332,0.14246891912547263,1,256,1.0,43.07365036010742,-89.384765625,0.033943548798561096,0.14246891912547263,0.0,
259753942_91fa04f9dd_107_77235581@N00.jpg,57.98772,-6.831779,57.24043655395508,-6.14353084564209,0.11912517249584198,92.65358392894397,0,0,0.0,57.24043655395508,-6.14353084564209,0.11912517249584198,92.65358392894397,0.0,
259887965_26896fe5ba_122_26519935@N00.jpg,24.447696,118.067235,29.568679809570312,106.58660888671875,0.011815185658633709,1270.9923673984515,1,6,0.0234375,29.568679809570312,106.58660888671875,0.032375868409872055,1270.9923673984515,0.0,
259891320_632adfe5f0_110_26519935@N00.jpg,24.441679,118.110322,25.69416618347168,100.14350128173828,0.022912701591849327,1813.59351175971,15,98,0.3828125,31.850147247314453,120.38063049316406,0.05670188367366791,853.253062980776,960.340448778934,
259893027_0541bf8636_112_26519935@N00.jpg,24.441679,118.110322,24.867666244506836,121.10299682617188,0.018056051805615425,306.1147128658827,3,56,0.21875,38.89744567871094,115.4608154296875,0.009916326031088829,1626.6280677792793,-1320.5133549133966,
259893195_ca9571258a_111_26519935@N00.jpg,24.441679,118.110322,37.20305633544922,112.1759033203125,0.060752540826797485,1527.0436642662187,1,25,0.09765625,39.915000915527344,116.3896713256836,0.018104199320077896,1728.059874138135,-201.01620987191632,
259894864_1d96332820_83_26519935@N00.jpg,24.441679,118.110322,29.548969268798828,103.33259582519531,0.02237659879028797,1568.861801931477,0,0,0.0,29.548969268798828,103.33259582519531,0.02237659879028797,1568.861801931477,0.0,
259896941_840bb20c09_114_26519935@N00.jpg,24.441679,118.110322,29.32602882385254,104.74346160888672,0.011807309463620186,1431.403334534633,0,0,0.0,29.32602882385254,104.74346160888672,0.011807309463620186,1431.403334534633,0.0,
260651931_22a7eedff0_97_26519935@N00.jpg,1.446436,103.724498,1.445235013961792,103.73359680175781,0.014957319013774395,1.0201980686495775,0,0,0.0,1.445235013961792,103.73359680175781,0.014957319013774395,1.0201980686495775,0.0,
260652188_527c0e2011_95_26519935@N00.jpg,1.446436,103.724498,21.869144439697266,89.82147216796875,0.024297650903463364,2724.230408991707,0,0,0.0,21.869144439697266,89.82147216796875,0.024297650903463364,2724.230408991707,0.0,
260653368_ddc2b0dbaa_110_26519935@N00.jpg,1.446436,103.724498,24.62837028503418,-81.3964614868164,0.02940637618303299,17063.584152579115,0,0,0.0,24.62837028503418,-81.3964614868164,0.02940637618303299,17063.584152579115,0.0,
260660602_b1a4e60f4d_105_26519935@N00.jpg,26.096563,119.288091,14.706999778747559,109.05477905273438,0.014633330516517162,1653.9964919892084,3,169,0.66015625,11.069254875183105,106.16363525390625,0.025499530136585236,2165.6430958869364,-511.646603897728,
260661189_609d6f55a1_82_26519935@N00.jpg,26.052464,119.278221,29.376789093017578,113.1014175415039,0.10855619609355927,711.3913714447054,2,66,0.2578125,53.44049835205078,-3.0508511066436768,0.026195533573627472,9582.946101491263,-8871.554730046557,
260662920_5f7bbf5677_79_26519935@N00.jpg,26.06696,119.315986,25.446874618530273,119.00569152832031,0.04745352640748024,75.62945160112069,1,130,0.5078125,33.6168327331543,120.08716583251953,0.028614385053515434,842.7878991023721,-767.1584475012514,
260680200_466f1ebcc4_109_26519935@N00.jpg,47.882276,6.779594,56.12336730957031,36.621337890625,0.005695748142898083,2216.202470325856,1,256,1.0,57.44333267211914,-4.510058879852295,0.006129080429673195,1304.0296432298958,912.1728270959604,
260683472_b93ae2a37b_110_26519935@N00.jpg,47.882276,6.779594,61.3593864440918,23.851490020751953,0.00836019404232502,1846.3667269148712,1,256,1.0,61.481510162353516,23.75104522705078,0.008362616412341595,1852.5839319406793,-6.217205025808198,
260687452_2aa9a32688_96_26519935@N00.jpg,13.74989,100.494861,13.752723693847656,100.41915893554688,0.01799347810447216,8.182486761119184,1,28,0.109375,-12.037809371948242,-77.14324951171875,0.005844897590577602,19696.08973398759,-19687.90724722647,
260692273_eb9d887eb2_114_26519935@N00.jpg,13.74989,100.494861,13.74992561340332,100.49130249023438,0.024603264406323433,0.3843697088427042,0,0,0.0,13.74992561340332,100.49130249023438,0.024603264406323433,0.3843697088427042,0.0,
260755847_b256d278c0_112_77235581@N00.jpg,58.206546,-6.397154,56.080657958984375,-5.549468040466309,0.08151903748512268,241.85137195164103,0,0,0.0,56.080657958984375,-5.549468040466309,0.08151903748512268,241.85137195164103,0.0,
261517384_292417efcc_117_60558526@N00.jpg,34.954337,137.162418,35.09812927246094,135.71893310546875,0.008652967400848866,132.4063399448107,0,0,0.0,35.09812927246094,135.71893310546875,0.008652967400848866,132.4063399448107,0.0,
262146399_1f4af77d7a_110_77235581@N00.jpg,58.18342,-6.593513,60.49409866333008,-1.5576549768447876,0.06483417749404907,383.9479019412368,0,0,0.0,60.49409866333008,-1.5576549768447876,0.06483417749404907,383.9479019412368,0.0,
262653598_490dd2382d_70_18684820@N00.jpg,37.33281,-121.898825,33.502262115478516,-117.6625747680664,0.0961691215634346,573.2611206496948,2,208,0.8125,33.502262115478516,-117.6625747680664,0.07469524443149567,573.2611206496948,0.0,
262745363_f8f1962227_90_35468147630@N01.jpg,42.36246,-71.084353,56.17201614379883,14.862442016601562,0.0011883388506248593,5996.346441054956,2,256,1.0,52.05829620361328,-2.7187719345092773,0.0010310731595382094,5077.323757913465,919.0226831414911,
262745523_30ffd673fc_86_35468147630@N01.jpg,42.36246,-71.084353,52.37354278564453,4.893894195556641,0.001064252108335495,5558.255925343224,2,240,0.9375,51.45720672607422,-0.30581599473953247,0.0018236883915960789,5255.731770549701,302.52415479352294,
263058974_16748edba3_77_30571787@N00.jpg,44.908778,8.61371,22.90756607055664,114.06297302246094,0.007761288434267044,9362.881193694033,0,0,0.0,22.90756607055664,114.06297302246094,0.007761288434267044,9362.881193694033,0.0,
263160217_c2338ab2a0_82_24311489@N00.jpg,41.883237,-87.652251,38.918331146240234,-77.04149627685547,0.004847864620387554,956.2700344149652,1,80,0.3125,41.89879608154297,-87.62347412109375,0.001282828045077622,2.944016678694296,953.3260177362708,
263338556_b89f064da9_99_44067110@N00.jpg,51.446386,-0.966147,51.21881866455078,-3.6266889572143555,0.022500749677419662,186.5531808723496,2,256,1.0,51.21881866455078,-3.6266889572143555,0.019887709990143776,186.5531808723496,0.0,
263900684_da7a3f34ee_33_74806935@N00.jpg,37.318012,-121.950309,37.321048736572266,-121.94953155517578,0.017164919525384903,0.34459774023392215,1,30,0.1171875,37.47077178955078,-122.3113021850586,0.007697017397731543,36.13231055516956,-35.78771281493564,
264072697_0bb27f33c4_95_90833046@N00.jpg,44.968039,-93.232448,44.91083908081055,-93.21063995361328,0.015603434294462204,6.587901537996844,0,0,0.0,44.91083908081055,-93.21063995361328,0.015603434294462204,6.587901537996844,0.0,
264073955_abec0f8b39_106_90833046@N00.jpg,44.968039,-93.232448,44.97336196899414,-93.23828125,0.026134340092539787,0.7489366478366808,0,0,0.0,44.97336196899414,-93.23828125,0.026134340092539787,0.7489366478366808,0.0,
264214006_aa0972d142_93_90168643@N00.jpg,40.966159,117.934284,39.012115478515625,113.5982894897461,0.09642942994832993,428.4847760985887,1,160,0.625,39.012115478515625,113.5982894897461,0.02733633853495121,428.4847760985887,0.0,
264292876_7c212571e8_102_77235581@N00.jpg,58.09666,-6.643123,58.536155700683594,-4.196595191955566,0.056488219648599625,150.9998503388571,0,0,0.0,58.536155700683594,-4.196595191955566,0.056488219648599625,150.9998503388571,0.0,
264293237_3f0e83b0e7_114_77235581@N00.jpg,58.116432,-6.617717,53.557491302490234,-10.134757995605469,0.08619511872529984,552.2739892858194,0,0,0.0,53.557491302490234,-10.134757995605469,0.08619511872529984,552.2739892858194,0.0,
265350530_0c57e98adb_105_44972214@N00.jpg,32.845269,-117.273988,-34.838321685791016,116.01802825927734,0.032938916236162186,15147.080980988445,0,0,0.0,-34.838321685791016,116.01802825927734,0.032938916236162186,15147.080980988445,0.0,
265352838_57c66fa05c_80_44972214@N00.jpg,32.845269,-117.273988,32.735267639160156,-116.97313690185547,0.004994350951164961,30.667520409706917,2,256,1.0,32.735267639160156,-116.97313690185547,0.010109174996614456,30.667520409706917,0.0,
265395253_dd3889460f_92_44972214@N00.jpg,32.845269,-117.273988,34.01289749145508,-118.81975555419922,0.025745224207639694,193.47363325895043,2,95,0.37109375,40.091156005859375,-74.0379409790039,0.019559280946850777,3909.7097394579,-3716.2361061989495,
265461911_2bb8e765f9_82_40829484@N00.jpg,36.498804,32.103939,36.74546432495117,-3.8758668899536133,0.03169144317507744,3191.8569927074354,0,0,0.0,36.74546432495117,-3.8758668899536133,0.03169144317507744,3191.8569927074354,0.0,
265731362_9d673c7348_88_44972214@N00.jpg,34.013965,-118.80083,32.79643249511719,-117.25785827636719,0.031048914417624474,197.08004493001138,3,87,0.33984375,34.0875244140625,-119.06242370605469,0.056604571640491486,25.450746227897056,171.62929870211434,
265732218_b03d17c79d_115_44972214@N00.jpg,34.013965,-118.80083,34.04553985595703,-118.93412780761719,0.06699980795383453,12.775645693388343,0,0,0.0,34.04553985595703,-118.93412780761719,0.06699980795383453,12.775645693388343,0.0,
265978507_7beab0310f_85_40425693@N00.jpg,44.494423,11.341581,43.319183349609375,11.331366539001465,0.027230141684412956,130.6834289205517,8,64,0.25,43.318870544433594,11.331517219543457,0.016955126076936722,130.7181356477092,-0.03470672715749856,
266076989_bf6bee6638_89_40829484@N00.jpg,49.69917,6.391296,47.12995147705078,7.998045921325684,0.018995055928826332,309.2994260251893,10,133,0.51953125,51.68766784667969,5.075683116912842,0.05311080813407898,239.7351694058534,69.56425661933588,
266092150_376c40a4a6_97_40829484@N00.jpg,49.69917,6.391296,50.9581298828125,5.536904811859131,0.03754650801420212,152.56050682566956,12,152,0.59375,51.68766784667969,5.075683116912842,0.0735887959599495,239.7351694058534,-87.17466258018385,
266190940_5198e1683e_97_40829484@N00.jpg,49.69917,6.391296,53.17898178100586,-2.6160171031951904,0.023030223324894905,733.706810349562,2,144,0.5625,53.17898178100586,-2.6160171031951904,0.012551246210932732,733.706810349562,0.0,
266287734_114d6cc260_94_40829484@N00.jpg,49.69917,6.391296,56.073856353759766,13.232002258300781,0.04933079704642296,843.5563169709985,3,165,0.64453125,46.60598373413086,14.182147026062012,0.017178872600197792,672.0569054617393,171.49941150925918,
266315571_e6b5826c7c_115_35468147630@N01.jpg,42.36246,-71.084353,51.60810470581055,-2.2202680110931396,0.003468256676569581,5124.422406605242,0,0,0.0,51.60810470581055,-2.2202680110931396,0.003468256676569581,5124.422406605242,0.0,
266488116_a6492639a0_85_18684820@N00.jpg,37.808554,-122.409871,25.48295021057129,121.2890625,0.014055972918868065,10340.665866254762,2,85,0.33203125,25.48295021057129,121.2890625,0.0070793102495372295,10340.665866254762,0.0,
266488307_e1e4113249_86_18684820@N00.jpg,37.808554,-122.409871,35.79574966430664,-83.53462219238281,0.021851303055882454,3443.5588733599047,0,0,0.0,35.79574966430664,-83.53462219238281,0.021851303055882454,3443.5588733599047,0.0,
266501144_9cf5ecfa8a_106_18684820@N00.jpg,37.77891,-122.393156,34.067378997802734,-118.40222930908203,0.0027394022326916456,547.1158797480825,2,256,1.0,34.067378997802734,-118.40222930908203,0.004583005793392658,547.1158797480825,0.0,
266523968_39f7b84005_110_18684820@N00.jpg,37.803095,-122.400666,33.733367919921875,-118.25245666503906,0.009913886897265911,587.100173017989,1,192,0.75,33.733367919921875,-118.25245666503906,0.03858921304345131,587.100173017989,0.0,
266531088_e1fe886484_103_18684820@N00.jpg,37.808554,-122.409871,33.344688415527344,-118.32563018798828,0.009323115460574627,618.5602866687688,0,0,0.0,33.344688415527344,-118.32563018798828,0.009323115460574627,618.5602866687688,0.0,
266539680_dab460324f_118_18684820@N00.jpg,37.807402,-122.410933,37.7252082824707,-122.44902038574219,0.003166500711813569,9.733437242291634,2,66,0.2578125,37.79857635498047,-122.27999877929688,0.006478750146925449,11.545375107922196,-1.8119378656305614,
266753174_a117c7c9cc_113_27274415@N00.jpg,37.897783,-122.573626,39.2290153503418,-123.38788604736328,0.10040082782506943,164.08310361500125,1,256,1.0,39.2290153503418,-123.38788604736328,0.06939742714166641,164.08310361500125,0.0,
267246433_1d0488c673_94_40829484@N00.jpg,49.785475,6.297912,47.38446044921875,7.752205848693848,0.01682674139738083,287.5996423568676,0,0,0.0,47.38446044921875,7.752205848693848,0.01682674139738083,287.5996423568676,0.0,
267592596_98c7aa1b2b_94_40829484@N00.jpg,49.785475,6.297912,45.62371826171875,7.983768939971924,0.017332253977656364,479.61890098140645,4,177,0.69140625,48.2609977722168,7.721371173858643,0.018802408128976822,198.75805636212976,280.8608446192767,
267679909_09b397c0e8_89_20194767@N00.jpg,51.497148,-0.204942,53.32879638671875,-1.5146540403366089,0.003563269739970565,222.18984295507775,6,178,0.6953125,53.32879638671875,-1.5146540403366089,0.01503631379455328,222.18984295507775,0.0,
267752659_e415cbfd32_81_81421684@N00.jpg,48.242167,16.42559,44.071678161621094,3.9790239334106445,0.0013986313715577126,1063.2506974586852,1,256,1.0,44.071678161621094,3.9790239334106445,0.0028236431535333395,1063.2506974586852,0.0,
267940251_1553589168_80_91728102@N00.jpg,32.457704,111.001224,35.576602935791016,137.59603881835938,0.009099321439862251,2467.9298742706605,1,30,0.1171875,40.37879180908203,-8.358489036560059,0.022089246660470963,9800.266720895923,-7332.336846625262,
267986751_a9f6f98dc2_91_40829484@N00.jpg,40.706246,-74.001781,40.65739440917969,-74.05316925048828,0.05873779207468033,6.9486917521593865,2,256,1.0,40.65739440917969,-74.05316925048828,0.08602297306060791,6.9486917521593865,0.0,
267990728_9275978ebb_79_40829484@N00.jpg,40.706246,-74.001781,40.648704528808594,-74.06491088867188,0.02202495001256466,8.323483554777177,6,159,0.62109375,40.648704528808594,-74.06491088867188,0.027043020352721214,8.323483554777177,0.0,
268693450_c34d0d0c2f_82_50994135@N00.jpg,55.858593,-4.289271,55.85711669921875,-4.287414073944092,0.09259653836488724,0.20094142729995332,0,0,0.0,55.85711669921875,-4.287414073944092,0.09259653836488724,0.20094142729995332,0.0,
268962293_01c29a5431_105_98908999@N00.jpg,29.738454,-95.397301,25.807193756103516,-80.19503021240234,0.0012175157899037004,1556.8199502898137,0,0,0.0,25.807193756103516,-80.19503021240234,0.0012175157899037004,1556.8199502898137,0.0,
269021210_b9a01a23ff_115_64855637@N00.jpg,38.911681,-77.444418,38.911808013916016,-77.44331359863281,0.07370015978813171,0.09659365153731543,2,126,0.4921875,38.911808013916016,-77.44331359863281,0.07721473276615143,0.09659365153731543,0.0,
269021268_2da09e5d4c_109_64855637@N00.jpg,38.911681,-77.444418,51.59841537475586,-0.2350749969482422,0.09760799258947372,5913.770598835123,3,90,0.3515625,38.91110610961914,-77.4442138671875,0.07187473773956299,0.06632009866434518,5913.704278736458,
269110735_b4df79901e_89_40829484@N00.jpg,48.85887,2.293524,48.871952056884766,2.330759048461914,0.009908774867653847,3.087766585972633,0,0,0.0,48.871952056884766,2.330759048461914,0.009908774867653847,3.087766585972633,0.0,
269308182_7305465138_87_77235581@N00.jpg,58.202872,-6.379451,56.1209716796875,-3.9444780349731445,0.0033092310186475515,274.0912286996924,1,112,0.4375,51.4034423828125,-0.337678998708725,0.010159438475966454,848.6722057606572,-574.5809770609649,
269314053_2fa681ed1b_109_77235581@N00.jpg,57.895876,-6.36177,52.05766296386719,-5.040835857391357,0.09842611849308014,654.5970948032784,0,0,0.0,52.05766296386719,-5.040835857391357,0.09842611849308014,654.5970948032784,0.0,
269315895_354abd1a07_88_77235581@N00.jpg,58.360133,-6.205043,58.671077728271484,-3.377120018005371,0.05839923396706581,167.8138026741311,0,0,0.0,58.671077728271484,-3.377120018005371,0.05839923396706581,167.8138026741311,0.0,
269316014_841f16332f_116_77235581@N00.jpg,58.358377,-6.243152,50.483558654785156,-4.002889156341553,0.0605805404484272,887.4259430177597,0,0,0.0,50.483558654785156,-4.002889156341553,0.0605805404484272,887.4259430177597,0.0,
269495620_f673e7a7a1_109_85417391@N00.jpg,41.347304,-71.967487,59.90468215942383,10.684807777404785,0.012534692883491516,5749.362174764536,1,60,0.234375,52.703330993652344,5.288887023925781,0.004093675408512354,5699.147826366539,50.21434839799622,
269561392_fac2c78180_82_77235581@N00.jpg,58.202872,-6.379451,56.62443161010742,-6.069708824157715,0.07149412482976913,176.49176284518805,2,43,0.16796875,-3.040153980255127,-60.04594802856445,0.042904190719127655,8287.775756626126,-8111.2839937809385,
269563561_fe7f5308cf_112_77235581@N00.jpg,58.099858,-6.407132,55.6155891418457,-5.224102973937988,0.02075899951159954,285.4355425994725,1,110,0.4296875,57.07387924194336,-5.636672019958496,0.015492291189730167,122.97725410509156,162.45828849438095,
269569755_ff19bf135d_79_85417391@N00.jpg,42.850547,-72.558174,46.77431869506836,-72.88475799560547,0.07174938172101974,437.0628515360857,1,24,0.09375,46.77431869506836,-72.88475799560547,0.014844576828181744,437.0628515360857,0.0,
269676409_df3ef47234_100_97522422@N00.jpg,45.229085,13.605537,44.765506744384766,16.66522979736328,0.013614743016660213,246.02896559689432,0,0,0.0,44.765506744384766,16.66522979736328,0.013614743016660213,246.02896559689432,0.0,
269681146_530c564994_107_97522422@N00.jpg,45.229085,13.605537,45.5256233215332,13.568929672241211,0.017118064686655998,33.0973407999493,3,224,0.875,41.98041915893555,2.821254014968872,0.012144221924245358,939.5073797636525,-906.4100389637032,
269802426_cd916f37fa_109_64855637@N00.jpg,32.139426,-110.868691,50.6317138671875,3.7758629322052,0.11749234050512314,8807.159885470937,2,10,0.0390625,50.47609329223633,3.650099992752075,0.09869017452001572,8810.940760736392,-3.780875265454597,
270134298_d66c191c64_88_35468147630@N01.jpg,42.36246,-71.084353,42.360572814941406,-71.06094360351562,0.011862294748425484,1.9347983658928105,4,46,0.1796875,42.35664749145508,-71.06668090820312,0.00645871227607131,1.589384271756111,0.34541409413669943,
270383923_a5c3f2eaee_83_64855637@N00.jpg,32.139426,-110.868691,38.9493293762207,-1.8628690242767334,0.11443275213241577,9241.425218567672,1,144,0.5625,38.9493293762207,-1.8628690242767334,0.10146460682153702,9241.425218567672,0.0,
270426691_42f06b31b0_106_50994135@N00.jpg,56.041171,-4.987106,54.42996597290039,-3.3189010620117188,0.10878003388643265,208.03647532528214,0,0,0.0,54.42996597290039,-3.3189010620117188,0.10878003388643265,208.03647532528214,0.0,
270550637_8f094e1f30_122_64855637@N00.jpg,32.139426,-110.868691,32.14200973510742,-110.85678100585938,0.155589297413826,1.1575893883359039,1,208,0.8125,32.14200973510742,-110.85678100585938,0.14368978142738342,1.1575893883359039,0.0,
270978097_e66005524a_112_81421684@N00.jpg,31.241003,121.586015,32.907405853271484,-96.82920837402344,0.01718759350478649,11819.967664111275,9,149,0.58203125,34.07194519042969,-118.44239044189453,0.010920475237071514,10410.775417499954,1409.192246611321,
270986503_2d4e217c50_101_81421684@N00.jpg,31.242352,121.579685,52.340396881103516,5.231841087341309,0.11567282676696777,8862.507532384596,11,165,0.64453125,23.047405242919922,113.39177703857422,0.06076053902506828,1218.400031958915,7644.107500425681,
270989483_e6200b1e79_107_81421684@N00.jpg,31.242352,121.579685,31.391157150268555,121.39892578125,0.014928225427865982,23.84600790675131,10,152,0.59375,52.6834716796875,-7.825225830078125,0.02719873934984207,9475.145177152972,-9451.29916924622,
270989853_76b0ab3f5d_80_81421684@N00.jpg,31.242352,121.579685,41.701114654541016,-86.23885345458984,0.004642705898731947,11417.7415434305,11,60,0.234375,-43.4639778137207,172.59437561035156,0.012973600067198277,9793.341892031129,1624.3996513993716,
271407163_e05772b8a3_111_27274415@N00.jpg,35.685239,-121.168304,35.685333251953125,-121.16816711425781,0.03879706934094429,0.016207470460611086,2,256,1.0,35.685333251953125,-121.16816711425781,0.038706980645656586,0.016207470460611086,0.0,
271410902_9b62772aee_119_27274415@N00.jpg,35.685239,-121.168304,40.456233978271484,-3.5991768836975098,0.0203327015042305,9417.59303053025,4,28,0.109375,52.53721237182617,13.576269149780273,0.01037062332034111,9271.713791307251,145.87923922299888,
271477585_96ec46601b_107_64855637@N00.jpg,32.139426,-110.868691,32.14200973510742,-110.85678100585938,0.20235615968704224,1.1575893883359039,1,112,0.4375,32.14200973510742,-110.85678100585938,0.2484128773212433,1.1575893883359039,0.0,
271517794_bcd0d062eb_79_40829484@N00.jpg,40.738673,-73.995494,38.89167404174805,-77.03563690185547,0.011221641674637794,331.0266874337845,1,4,0.015625,38.89012908935547,-77.03621673583984,0.009357284754514694,331.1743603371632,-0.147672903378691,
271519231_f1f922a1b7_93_40829484@N00.jpg,40.738673,-73.995494,38.89076614379883,-77.03377532958984,0.00873406883329153,330.96602492019827,1,154,0.6015625,38.88959503173828,-77.03484344482422,0.009848707355558872,331.1200727546459,-0.15404783444762415,
271534568_037f050f58_119_40829484@N00.jpg,40.738673,-73.995494,38.88767623901367,-77.03956604003906,0.013149811886250973,331.5714490924377,0,0,0.0,38.88767623901367,-77.03956604003906,0.013149811886250973,331.5714490924377,0.0,
271701445_654fc76f71_119_77235581@N00.jpg,58.208677,-6.391725,57.14512252807617,-4.681354999542236,0.023465193808078766,155.96084834136525,0,0,0.0,57.14512252807617,-4.681354999542236,0.023465193808078766,155.96084834136525,0.0,
271702072_30c8d49553_101_77235581@N00.jpg,58.208027,-6.388335,54.3331413269043,-4.3831467628479,0.01794302649796009,448.2514982141977,2,40,0.15625,53.144195556640625,-1.2014570236206055,0.008979025296866894,649.8115207742876,-201.56002256008992,
271702330_bbffd58093_110_77235581@N00.jpg,58.208784,-6.389687,57.005859375,-5.82974910736084,0.025577908381819725,137.85413329839432,1,110,0.4296875,57.696441650390625,-2.010498046875,0.07983174175024033,264.5372217634082,-126.68308846501387,
271702939_8f50cdbe5f_115_73293249@N00.jpg,46.378216,7.630273,46.22343444824219,11.95569896697998,0.011840235441923141,332.689797828368,2,108,0.421875,42.397220611572266,2.154736042022705,0.010605904273688793,620.4034725994849,-287.71367477111687,
271706309_56c500bfcc_90_77235581@N00.jpg,58.208434,-6.389515,54.200809478759766,-8.308067321777344,0.03419008478522301,461.10741612610434,2,43,0.16796875,54.938499450683594,8.8638334274292,0.01512405276298523,999.8551630688005,-538.7477469426962,
271713607_99bf5b8290_92_50994135@N00.jpg,56.034122,-4.983844,51.60810470581055,-2.2202680110931396,0.1459929645061493,524.4104752566012,0,0,0.0,51.60810470581055,-2.2202680110931396,0.1459929645061493,524.4104752566012,0.0,
272102116_d23280f872_111_27274415@N00.jpg,37.778792,-122.410156,41.47899627685547,1.9905099868774414,0.0009931243257597089,9553.494025550532,7,82,0.3203125,38.38694763183594,-0.512237012386322,0.006504868157207966,9669.409660822086,-115.91563527155449,
272444543_33fce374f4_79_97522422@N00.jpg,45.669604,12.231903,38.92864227294922,-9.005270004272461,0.0067485929466784,1893.2574759941788,1,12,0.046875,42.59812927246094,-5.571660041809082,0.0027329532895237207,1457.9688134242767,435.28866256990204,
272525305_0f97f8ae4b_105_77235581@N00.jpg,58.208784,-6.389687,52.84648132324219,-8.985443115234375,0.041020799428224564,618.1190197952877,0,0,0.0,52.84648132324219,-8.985443115234375,0.041020799428224564,618.1190197952877,0.0,
273331753_7ee27c4c48_87_57749403@N00.jpg,53.229056,-0.547943,53.23400115966797,-0.5371059775352478,0.16529114544391632,0.9069995776623243,1,72,0.28125,53.23400115966797,-0.5371059775352478,0.04121626168489456,0.9069995776623243,0.0,
273332918_c1e858f397_100_57749403@N00.jpg,53.229056,-0.547943,53.23400115966797,-0.5371059775352478,0.09822195023298264,0.9069995776623243,1,256,1.0,53.23400115966797,-0.5371059775352478,0.09392711520195007,0.9069995776623243,0.0,
273351128_4de15bdcae_104_57749403@N00.jpg,53.205621,-2.89627,53.19186782836914,-2.8922150135040283,0.026866715401411057,1.5529549443297608,2,240,0.9375,53.19186782836914,-2.8922150135040283,0.025727227330207825,1.5529549443297608,0.0,
273363975_0fe241fdc4_92_57749403@N00.jpg,52.96477,-1.16867,55.414058685302734,-1.7006490230560303,0.023921657353639603,274.53704258813053,0,0,0.0,55.414058685302734,-1.7006490230560303,0.023921657353639603,274.53704258813053,0.0,
274048435_509d7b2f5a_114_50994135@N00.jpg,55.950064,-4.922733,47.39873504638672,-1.451159954071045,0.0012006621109321713,980.2149204454405,1,3,0.01171875,44.75930404663086,-0.4325000047683716,0.0022058403119444847,1283.799599589576,-303.5846791441355,
274055313_6c7ec9f864_82_29251780@N00.jpg,26.701375,-80.189208,26.35026741027832,-80.30353546142578,0.04289812222123146,40.664612818630665,0,0,0.0,26.35026741027832,-80.30353546142578,0.04289812222123146,40.664612818630665,0.0,
274303527_3a18c801ec_84_29251780@N00.jpg,52.99278,-6.072864,53.81443786621094,-7.796173095703125,0.017458777874708176,146.2749794923083,0,0,0.0,53.81443786621094,-7.796173095703125,0.017458777874708176,146.2749794923083,0.0,
274303892_29f0fa29a4_96_29251780@N00.jpg,52.99278,-6.072864,52.24241256713867,14.02662181854248,0.04841472581028938,1355.020849915982,0,0,0.0,52.24241256713867,14.02662181854248,0.04841472581028938,1355.020849915982,0.0,
274309625_24a58e6547_115_29251780@N00.jpg,52.99278,-6.072864,54.99721145629883,-5.988234996795654,0.02858373522758484,222.9515099000197,2,138,0.5390625,57.52633285522461,-3.929500102996826,0.030293509364128113,522.0156829253694,-299.06417302534976,
276045125_4335362c6a_95_12814307@N00.jpg,50.657949,5.474624,50.55914306640625,3.131103038787842,0.033719297498464584,165.73069296643024,1,30,0.1171875,53.153743743896484,6.759713172912598,0.06263614445924759,291.1738310701793,-125.44313810374905,
276115377_3ca70b96c5_103_26519935@N00.jpg,22.293067,114.17387,22.282085418701172,114.15778350830078,0.010954423807561398,2.056806845783269,1,70,0.2734375,22.294179916381836,114.1711196899414,0.00988414604216814,0.3088388505703309,1.7479679952129383,
276129021_c9b374cebe_91_83794921@N00.jpg,27.707999,85.315704,27.706327438354492,85.3146743774414,0.04682637006044388,0.2117109513935161,6,119,0.46484375,-8.649999618530273,115.2166976928711,0.04871063306927681,5166.470997039593,-5166.2592860882,
276326495_91c0ec70e7_99_12814307@N00.jpg,50.607101,5.557751,51.40719223022461,7.189280033111572,0.019627980887889862,144.72061971833594,0,0,0.0,51.40719223022461,7.189280033111572,0.019627980887889862,144.72061971833594,0.0,
276465716_428a47f0f1_97_36093984@N00.jpg,42.572677,-0.552577,42.67763900756836,-1.4089100360870361,0.03823131322860718,71.02800616719142,0,0,0.0,42.67763900756836,-1.4089100360870361,0.03823131322860718,71.02800616719142,0.0,
276465882_0efa1053d7_90_36093984@N00.jpg,42.749029,-0.514469,42.888511657714844,-0.11411000043153763,0.07929659634828568,36.1503651178053,1,176,0.6875,42.888511657714844,-0.11411000043153763,0.13832716643810272,36.1503651178053,0.0,
276477189_7baf796f9d_83_12814307@N00.jpg,50.609783,5.527088,50.68163299560547,5.669888973236084,0.04362773522734642,12.853541405962183,0,0,0.0,50.68163299560547,5.669888973236084,0.04362773522734642,12.853541405962183,0.0,
276486754_7d79b29e25_108_12814307@N00.jpg,50.605412,5.52844,49.6629753112793,18.68697166442871,0.02301478199660778,942.4478013232724,0,0,0.0,49.6629753112793,18.68697166442871,0.02301478199660778,942.4478013232724,0.0,
276678898_e6b8202255_112_50994135@N00.jpg,55.845735,-4.420924,54.7762565612793,-1.5742889642715454,0.09460600465536118,215.83108166685915,1,224,0.875,54.77405548095703,-1.576248049736023,0.09456806629896164,215.86678061945773,-0.03569895259857958,
276961501_4303953a9d_113_36093984@N00.jpg,47.483499,19.073402,49.61286544799805,6.130675792694092,0.0043376050889492035,980.3317801804038,1,96,0.375,51.05268478393555,13.737286567687988,0.009216951206326485,554.1718857020767,426.15989447832715,
277484445_3fc8434767_102_77235581@N00.jpg,58.20814,-6.362006,57.45233917236328,-6.679687023162842,0.0792231485247612,86.11989387867125,1,6,0.0234375,54.305606842041016,-8.56693172454834,0.019378941506147385,454.7487448661742,-368.628850987503,
277623354_cba2424b17_104_73293249@N00.jpg,46.048011,7.318108,42.56382751464844,1.979254961013794,0.010791066102683544,574.7178158186258,1,240,0.9375,43.76288986206055,-69.3157730102539,0.010981959290802479,5796.95367699446,-5222.235861175834,
277624603_81a37a3ea7_114_73293249@N00.jpg,46.048011,7.318108,47.00304412841797,12.62011432647705,0.03910667821764946,419.21080694521817,1,144,0.5625,46.561702728271484,8.361201286315918,0.014385318383574486,98.40029536334053,320.8105115818776,
277626199_038be9168f_106_87434398@N00.jpg,44.417712,-72.020584,44.22047424316406,-74.43901062011719,0.014668594114482403,193.63814156785034,4,31,0.12109375,51.47903060913086,-112.78958892822266,0.003031037049368024,3092.6824526198648,-2899.0443110520146,
278258100_2f1e7cff3e_81_14542551@N00.jpg,50.234414,106.20037,48.442291259765625,107.26226806640625,0.10710924118757248,213.6061746285111,1,88,0.34375,49.70683670043945,-113.65277099609375,0.05031507834792137,8274.131328487183,-8060.525153858672,
278275928_a0326467aa_104_14542551@N00.jpg,50.234414,106.20037,48.442291259765625,107.26226806640625,0.14238698780536652,213.6061746285111,0,0,0.0,48.442291259765625,107.26226806640625,0.14238698780536652,213.6061746285111,0.0,
278287802_63dd30994a_120_14542551@N00.jpg,50.234414,106.20037,47.92289733886719,104.43856811523438,0.0519673153758049,287.2603635744787,0,0,0.0,47.92289733886719,104.43856811523438,0.0519673153758049,287.2603635744787,0.0,
279183632_76b7ca1cd5_119_25304693@N00.jpg,48.873039,2.771389,48.87016677856445,2.7791659832000732,0.0456320159137249,0.6523271673443262,0,0,0.0,48.87016677856445,2.7791659832000732,0.0456320159137249,0.6523271673443262,0.0,
279341117_e242dd1036_92_36093984@N00.jpg,43.342408,17.814846,39.991119384765625,18.41472053527832,0.0076619950123131275,375.96030703655487,1,12,0.046875,29.49392318725586,-99.70830535888672,0.004407669883221388,9718.256950924397,-9342.296643887841,
279364704_bc2c5fa00e_109_36093984@N00.jpg,42.641409,18.109245,42.64125061035156,18.109331130981445,0.011664335615932941,0.01896898277092353,2,169,0.66015625,42.64125061035156,18.109331130981445,0.00705350749194622,0.01896898277092353,0.0,
279524940_da1d316122_83_36093984@N00.jpg,42.453987,18.536338,43.17239761352539,16.441661834716797,0.03706294298171997,188.60656974051724,5,114,0.4453125,42.277957916259766,18.836917877197266,0.026876673102378845,31.511175926681123,157.09539381383613,
279684899_63d5dc5c9d_89_25304693@N00.jpg,33.812047,-117.918748,33.81229782104492,-117.91900634765625,0.009682168252766132,0.036709002291877554,3,95,0.37109375,28.373096466064453,-81.55001068115234,0.010663922876119614,3497.026125049489,-3496.989416047197,
279710352_eebd086f28_89_30571787@N00.jpg,45.210947,9.169378,51.05583190917969,7.94950008392334,0.005453597288578749,656.1713343838132,0,0,0.0,51.05583190917969,7.94950008392334,0.005453597288578749,656.1713343838132,0.0,
280064832_fb47b1ed9f_111_40279823@N00.jpg,53.227412,6.562786,52.51350021362305,5.04783296585083,0.02186247520148754,128.99583156360936,1,256,1.0,52.51350021362305,5.04783296585083,0.016704602167010307,128.99583156360936,0.0,
280391914_6973bafeff_110_40084555@N00.jpg,39.667027,66.942787,32.658164978027344,51.67350769042969,0.054925400763750076,1573.656916956301,0,0,0.0,32.658164978027344,51.67350769042969,0.054925400763750076,1573.656916956301,0.0,
280393819_1ae1c289ce_113_40084555@N00.jpg,39.667027,66.942787,31.897380828857422,54.35932159423828,0.009644528850913048,1424.0943539472214,0,0,0.0,31.897380828857422,54.35932159423828,0.009644528850913048,1424.0943539472214,0.0,
280870957_b4e009f8da_102_36093984@N00.jpg,46.101328,19.670333,25.670839309692383,-100.30953216552734,0.014956504106521606,10008.404288278061,1,117,0.45703125,53.625919342041016,11.416540145874023,0.007121511269360781,1023.2709325614832,8985.133355716578,
280892966_9b171dfa44_106_50994135@N00.jpg,55.847162,-4.392131,51.528560638427734,-0.23240800201892853,0.0030304992105811834,552.6037738037082,0,0,0.0,51.528560638427734,-0.23240800201892853,0.0030304992105811834,552.6037738037082,0.0,
280982601_991aab2b9e_105_36093984@N00.jpg,45.257247,19.853668,47.797969818115234,18.735454559326172,0.0813603475689888,295.1746715279532,0,0,0.0,47.797969818115234,18.735454559326172,0.0813603475689888,295.1746715279532,0.0,
282217361_254ab3b752_93_30571787@N00.jpg,45.18705,9.157437,45.54867935180664,11.547316551208496,0.013637201860547066,190.97162502830022,0,0,0.0,45.54867935180664,11.547316551208496,0.013637201860547066,190.97162502830022,0.0,
282217471_b8e9fb9fdf_114_30571787@N00.jpg,45.186574,9.157158,45.134395599365234,7.628674030303955,0.0034748059697449207,119.9812658859675,1,60,0.234375,51.4941291809082,6.870425224304199,0.001955026527866721,721.349312430168,-601.3680465442005,
283302899_68a61c3466_111_90833046@N00.jpg,44.888111,-93.312232,40.65719985961914,-95.23593139648438,0.002390325767919421,495.92648676467144,1,90,0.3515625,43.550018310546875,-85.77162170410156,0.003830567467957735,618.8102739193698,-122.88378715469838,
284305257_4abbf26690_122_98908999@N00.jpg,29.718395,-95.3978,50.47609329223633,3.650099992752075,0.007967010140419006,8096.5586106449755,1,16,0.0625,36.76192092895508,-76.3333969116211,0.0026761568151414394,1933.6862260932244,6162.872384551751,
285040218_3e6db163b9_108_36093984@N00.jpg,47.50433,19.059133,47.49922561645508,19.05527114868164,0.004677603952586651,0.6374233347967869,5,9,0.03515625,48.6932487487793,6.183579921722412,0.004976291675120592,964.0667806199486,-963.4293572851518,
285168098_e2c77921ce_112_36093984@N00.jpg,47.435809,19.265899,37.9337043762207,23.939722061157227,0.05025610700249672,1122.9865372878887,1,96,0.375,38.6944694519043,-121.58776092529297,0.022997597232460976,9682.401595959647,-8559.415058671759,
285168115_51f9a9e56f_111_36093984@N00.jpg,47.461696,19.149169,53.24223327636719,34.36237716674805,0.005866075865924358,1252.5359721412153,0,0,0.0,53.24223327636719,34.36237716674805,0.005866075865924358,1252.5359721412153,0.0,
285208726_be50d05c91_109_44067110@N00.jpg,51.496402,-0.211336,52.453956604003906,-1.7161409854888916,0.033086586743593216,148.18697738415122,3,98,0.3828125,52.454505920410156,-1.7158839702606201,0.037410300225019455,148.21818822511102,-0.03121084095980109,
285408786_aae2ff5443_119_55085284@N00.jpg,45.439658,12.325973,45.43321228027344,12.33895492553711,0.007799331098794937,1.2408534594450455,0,0,0.0,45.43321228027344,12.33895492553711,0.007799331098794937,1.2408534594450455,0.0,
285425292_7ee9892375_99_55085284@N00.jpg,45.439658,12.325973,45.438934326171875,12.321852684020996,0.006585329305380583,0.3313920340888257,2,35,0.13671875,45.438453674316406,12.319792747497559,0.005338629242032766,0.5004455763123867,-0.169053542223561,
285440456_9b3fa98113_107_55085284@N00.jpg,45.439658,12.325973,45.43399429321289,12.339385986328125,0.0022595475893467665,1.2214267022951293,15,44,0.171875,-12.045280456542969,-77.03113555908203,0.0006464374018833041,10908.81354708508,-10907.592120382784,
285453951_6084a38be9_113_55085284@N00.jpg,45.439658,12.325973,45.43455123901367,12.33869743347168,0.006748611107468605,1.1437399260427623,9,134,0.5234375,45.43433380126953,12.337499618530273,0.006057769525796175,1.0767293014795636,0.06701062456319873,
285456328_64df4bb046_121_55085284@N00.jpg,45.439658,12.325973,45.43343734741211,12.338247299194336,0.007122142240405083,1.1813810199843122,7,174,0.6796875,45.43343734741211,12.338247299194336,0.007599295116961002,1.1813810199843122,0.0,
285479812_4961ee8b04_112_55085284@N00.jpg,45.439658,12.325973,45.4343376159668,12.339162826538086,0.008155368268489838,1.1870584411534157,1,256,1.0,45.4343376159668,12.339162826538086,0.00862586684525013,1.1870584411534157,0.0,
285500456_667be0c138_110_55085284@N00.jpg,45.439658,12.325973,45.43915939331055,12.319170951843262,0.00961536355316639,0.5335941051981236,0,0,0.0,45.43915939331055,12.319170951843262,0.00961536355316639,0.5335941051981236,0.0,
285579902_351c2cf56c_114_40829484@N00.jpg,40.742396,-73.997898,40.69438171386719,-73.92976379394531,0.00830470398068428,7.840731310574321,0,0,0.0,40.69438171386719,-73.92976379394531,0.00830470398068428,7.840731310574321,0.0,
285618728_945d16d46d_113_40829484@N00.jpg,40.742396,-73.997898,40.748531341552734,-73.98555755615234,0.010417671874165535,1.2434588917011447,0,0,0.0,40.748531341552734,-73.98555755615234,0.010417671874165535,1.2434588917011447,0.0,
285643252_64d357e3ea_99_40829484@N00.jpg,40.742396,-73.997898,40.86458206176758,-73.93106842041016,0.009342154487967491,14.70488205200987,1,256,1.0,40.86458206176758,-73.93106842041016,0.010398541577160358,14.70488205200987,0.0,
285665716_1dd5651440_110_26519935@N00.jpg,22.217046,113.844881,18.357385635375977,-64.74507904052734,0.012285606004297733,15500.831825025545,0,0,0.0,18.357385635375977,-64.74507904052734,0.012285606004297733,15500.831825025545,0.0,
285671553_e321631144_103_26519935@N00.jpg,22.205762,113.856039,22.418128967285156,114.38578796386719,0.07908256351947784,59.39152994638117,0,0,0.0,22.418128967285156,114.38578796386719,0.07908256351947784,59.39152994638117,0.0,
285702249_19e8178286_113_26519935@N00.jpg,22.199246,114.1331,22.2509708404541,113.87603759765625,0.05852361395955086,27.078290145259775,0,0,0.0,22.2509708404541,113.87603759765625,0.05852361395955086,27.078290145259775,0.0,
285714548_e10cfba187_111_26519935@N00.jpg,22.297593,114.286222,22.42864227294922,114.31222534179688,0.03570333868265152,14.815342031899995,0,0,0.0,22.42864227294922,114.31222534179688,0.03570333868265152,14.815342031899995,0.0,
285718121_7617668e61_110_26519935@N00.jpg,22.297593,114.286222,22.288787841796875,114.2877426147461,0.08122871816158295,0.9915106152532781,0,0,0.0,22.288787841796875,114.2877426147461,0.08122871816158295,0.9915106152532781,0.0,
285720441_7bbea9d27a_113_26519935@N00.jpg,22.297593,114.286222,22.36452293395996,114.37308502197266,0.11045233905315399,11.628005969391323,0,0,0.0,22.36452293395996,114.37308502197266,0.11045233905315399,11.628005969391323,0.0,
285726473_dfd62cb74e_115_26519935@N00.jpg,22.297593,114.286222,22.24286651611328,113.97920227050781,0.04835991561412811,32.17326677669749,0,0,0.0,22.24286651611328,113.97920227050781,0.04835991561412811,32.17326677669749,0.0,
285735378_24899cc094_100_26519935@N00.jpg,23.077047,112.472105,22.463565826416016,114.03173065185547,0.02259722910821438,173.847664683744,1,12,0.046875,26.083728790283203,85.41268920898438,0.08076951652765274,2751.5972106896947,-2577.749546005951,
285745206_fddf75b966_118_26519935@N00.jpg,23.077047,112.472105,11.756957054138184,-86.31253814697266,0.007434676866978407,15635.059263221343,3,37,0.14453125,-25.092439651489258,-54.5855712890625,0.0028632800094783306,18682.869478811255,-3047.8102155899123,
285764220_cc46e5c688_99_26519935@N00.jpg,23.077047,112.472105,36.20328140258789,116.88079833984375,0.05539274215698242,1519.9683352119625,0,0,0.0,36.20328140258789,116.88079833984375,0.05539274215698242,1519.9683352119625,0.0,
285765213_ac84ac0bf0_107_26519935@N00.jpg,23.077047,112.472105,23.068517684936523,112.45777130126953,0.024391254410147667,1.746326418130824,1,54,0.2109375,23.068517684936523,112.45777130126953,0.04490216448903084,1.746326418130824,0.0,
285798145_15d18cdf00_113_91728102@N00.jpg,31.239623,121.497437,19.42833709716797,-99.16573333740234,0.00314114592038095,12904.010672638484,1,195,0.76171875,19.42833709716797,-99.16573333740234,0.01809837855398655,12904.010672638484,0.0,
285800574_484d3820d6_122_26519935@N00.jpg,22.541891,113.935518,14.835457801818848,-89.14675903320312,0.05827552452683449,15157.840666730204,3,64,0.25,14.835457801818848,-89.14675903320312,0.02784709259867668,15157.840666730204,0.0,
285801574_cc9a0db95c_112_26519935@N00.jpg,22.541891,113.935518,13.719060897827148,100.25312805175781,0.10200130939483643,1745.4488076008545,0,0,0.0,13.719060897827148,100.25312805175781,0.10200130939483643,1745.4488076008545,0.0,
285802531_37a37d69e7_101_26519935@N00.jpg,22.541891,113.935518,37.57781219482422,126.98062133789062,0.022303825244307518,2086.0393617870395,1,77,0.30078125,37.57781219482422,126.98062133789062,0.025469044223427773,2086.0393617870395,0.0,
285803217_bcc8577b4e_111_40829484@N00.jpg,40.742396,-73.997898,40.77571487426758,-73.97098541259766,0.013726504519581795,4.3433117874243745,0,0,0.0,40.77571487426758,-73.97098541259766,0.013726504519581795,4.3433117874243745,0.0,
285808145_7c406ff190_109_26519935@N00.jpg,22.541891,113.935518,1.338333010673523,103.72766876220703,0.00622631935402751,2603.065739674923,0,0,0.0,1.338333010673523,103.72766876220703,0.00622631935402751,2603.065739674923,0.0,
285808486_1757778309_102_26519935@N00.jpg,22.541891,113.935518,31.337404251098633,120.57942962646484,0.016230247914791107,1178.4149648589705,2,141,0.55078125,34.32912063598633,134.04383850097656,0.006598721258342266,2355.624801889926,-1177.2098370309554,
285816672_673e14b6fc_105_26519935@N00.jpg,22.541891,113.935518,29.568679809570312,106.58660888671875,0.008441630750894547,1071.5035182452882,2,8,0.03125,30.246313095092773,120.13893127441406,0.01505463756620884,1055.7601512243439,15.743367020944333,
285821839_1641fa6fe4_86_40829484@N00.jpg,40.742396,-73.997898,40.77404022216797,-73.9718017578125,0.017639614641666412,4.1487795045986715,0,0,0.0,40.77404022216797,-73.9718017578125,0.017639614641666412,4.1487795045986715,0.0,
285829007_ee202a9a91_63_26519935@N00.jpg,22.54197,113.931398,22.468463897705078,114.00454711914062,0.022862810641527176,11.102810410635493,0,0,0.0,22.468463897705078,114.00454711914062,0.022862810641527176,11.102810410635493,0.0,
285832370_0c392aad89_121_26519935@N00.jpg,22.54197,113.931398,25.035215377807617,121.51531219482422,0.006792731117457151,819.7620738719498,0,0,0.0,25.035215377807617,121.51531219482422,0.006792731117457151,819.7620738719498,0.0,
285837571_3121a24f4e_106_26519935@N00.jpg,22.54197,113.931398,24.43339729309082,111.50848388671875,0.06947807967662811,324.46672843996396,2,33,0.12890625,24.43339729309082,111.50848388671875,0.04051193967461586,324.46672843996396,0.0,
285838262_f3b98a0e90_107_26519935@N00.jpg,22.54197,113.931398,31.337404251098633,120.57942962646484,0.02126939222216606,1178.6349596264831,0,0,0.0,31.337404251098633,120.57942962646484,0.02126939222216606,1178.6349596264831,0.0,
285846048_b7c2947d41_104_26519935@N00.jpg,22.54197,113.931398,29.564722061157227,106.54789733886719,0.02263709157705307,1073.5500495186413,2,25,0.09765625,22.35770034790039,114.14219665527344,0.012137084268033504,29.818385890721192,1043.7316636279202,
285927868_ba489b8ec4_101_40829484@N00.jpg,40.742396,-73.997898,40.68927764892578,-74.04536437988281,0.0597074069082737,7.133775435363543,2,72,0.28125,40.68927764892578,-74.04536437988281,0.054652974009513855,7.133775435363543,0.0,
285969802_5d58e1175f_99_40829484@N00.jpg,40.742396,-73.997898,40.699039459228516,-74.03971862792969,0.045305285602808,5.971923909029978,7,248,0.96875,40.699039459228516,-74.03971862792969,0.03397583216428757,5.971923909029978,0.0,
286007299_28f65c60d0_122_41894169878@N01.jpg,40.023292,-105.256158,34.16852569580078,-118.05401611328125,0.007385654374957085,1306.6032401989946,3,62,0.2421875,41.751976013183594,-70.86026763916016,0.0060645537450909615,2878.530098152942,-1571.9268579539475,
286008256_a56add50f7_103_41894169878@N01.jpg,40.021419,-105.263174,40.65157699584961,-73.71601867675781,0.013417858630418777,2660.4094182611066,2,256,1.0,40.65157699584961,-73.71601867675781,0.03885788843035698,2660.4094182611066,0.0,
286044564_697a4aa121_105_40829484@N00.jpg,40.742396,-73.997898,40.75359344482422,-73.98079681396484,0.004682899918407202,1.9041054304164435,2,256,1.0,40.758148193359375,-73.97795867919922,0.006216712761670351,2.426756533002536,-0.5226511025860925,
286051680_edd8064cba_102_40829484@N00.jpg,40.742396,-73.997898,40.75607681274414,-73.98700714111328,0.007030567154288292,1.7764697376810812,1,16,0.0625,40.755645751953125,-73.98553466796875,0.0022995690815150738,1.804244185727452,-0.02777444804637086,
286063873_6fea31a517_102_40829484@N00.jpg,40.742396,-73.997898,40.75912094116211,-73.97454833984375,0.002699119271710515,2.7068938056551595,1,256,1.0,40.75912094116211,-73.97454833984375,0.002190906321629882,2.7068938056551595,0.0,
286111494_b07b49f1ca_116_40829484@N00.jpg,40.742396,-73.997898,40.71167755126953,-74.00921630859375,0.004053142387419939,3.5463969281172063,5,208,0.8125,40.752586364746094,-73.97261810302734,0.0050681051798164845,2.4122883133860036,1.1341086147312027,
286143663_e7f4c4fcfb_113_40829484@N00.jpg,40.742396,-73.997898,40.71220016479492,-74.00711059570312,0.00738563435152173,3.4462046527328893,2,256,1.0,40.712158203125,-74.00592041015625,0.006856182590126991,3.4295807031724053,0.016623949560484075,
286256408_3050aa937d_118_36093984@N00.jpg,47.692056,19.049756,53.13853073120117,25.1971435546875,0.07299067080020905,745.4030038981948,0,0,0.0,53.13853073120117,25.1971435546875,0.07299067080020905,745.4030038981948,0.0,
286611398_7808877a8c_122_40829484@N00.jpg,40.742396,-73.997898,40.704166412353516,-74.0155029296875,0.009443745017051697,4.502393849393131,1,154,0.6015625,40.704166412353516,-74.0155029296875,0.0044673713855445385,4.502393849393131,0.0,
286742784_28329e01c3_121_26519935@N00.jpg,17.968282,102.609128,19.891691207885742,102.14160919189453,0.02659066580235958,219.45324188872948,5,32,0.125,11.564292907714844,104.9300765991211,0.015825504437088966,754.5023042607969,-535.0490623720674,
286743654_5ed9e4a671_119_26519935@N00.jpg,17.968282,102.609128,17.96573829650879,102.6108627319336,0.0192759707570076,0.3371499724111723,1,176,0.6875,21.142080307006836,94.90367889404297,0.034304555505514145,880.953797586349,-880.6166476139377,
286747536_5b5f03e94e_104_26519935@N00.jpg,17.968282,102.609128,25.528308868408203,84.8620834350586,0.14078007638454437,2013.7846686736175,0,0,0.0,25.528308868408203,84.8620834350586,0.14078007638454437,2013.7846686736175,0.0,
286748837_a27ac7e210_113_26519935@N00.jpg,13.74989,100.494861,17.880666732788086,102.74383544921875,0.03953021764755249,518.4953971432183,3,144,0.5625,24.70270347595215,84.98302459716797,0.02063794434070587,2030.4959740525774,-1512.000576909359,
286751771_30af2236db_102_26519935@N00.jpg,13.74989,100.494861,13.704146385192871,100.50961303710938,0.02498745545744896,5.330231780951795,1,4,0.015625,13.705087661743164,100.50079345703125,0.005955072119832039,5.022845185108111,0.3073865958436839,
286765553_9851c71165_121_26519935@N00.jpg,18.180512,104.486074,15.83139705657959,107.86617279052734,0.2127479463815689,444.27941583919306,0,0,0.0,15.83139705657959,107.86617279052734,0.2127479463815689,444.27941583919306,0.0,
286769247_8e684fff98_114_26519935@N00.jpg,18.049582,104.559202,20.775375366210938,102.64732360839844,0.10362270474433899,363.3981061070596,0,0,0.0,20.775375366210938,102.64732360839844,0.10362270474433899,363.3981061070596,0.0,
286793704_24cb6a812f_118_26519935@N00.jpg,2.851662,104.152364,27.11781120300293,33.895912170410156,0.013673413544893265,7912.278142523604,1,256,1.0,5.5483808517456055,73.46530151367188,0.013666651211678982,3415.7288705352425,4496.549271988362,
286797163_54787efcf5_107_23601949@N00.jpg,38.889596,-77.035403,38.88962936401367,-77.04608917236328,0.006255720276385546,0.9248899618779667,3,69,0.26953125,38.88301467895508,-77.04222869873047,0.012794026173651218,0.9405196475591447,-0.015629685681178063,
286798856_d3c6601f03_104_26519935@N00.jpg,30.609697,104.082841,11.902291297912598,102.40528106689453,0.035260338336229324,2087.32931834007,0,0,0.0,11.902291297912598,102.40528106689453,0.035260338336229324,2087.32931834007,0.0,
287555085_10dd05242d_100_59398218@N00.jpg,12.653068,-7.987232,9.403676986694336,-0.8419129848480225,0.062046121805906296,859.364472744414,2,58,0.2265625,13.352832794189453,-16.76099967956543,0.03889003023505211,953.7094218942929,-94.34494914987886,
287790046_7fafc2dfa4_102_41894169878@N01.jpg,42.358246,-71.068485,42.3599853515625,-71.05903625488281,0.013659108430147171,0.8000944560541733,1,120,0.46875,42.35980987548828,-71.05682373046875,0.01234927587211132,0.9738143087642693,-0.17371985271009605,
287819657_fd6827379c_108_40279823@N00.jpg,13.738968,100.504474,16.432214736938477,102.83700561523438,0.04796599969267845,390.3654383845795,2,224,0.875,16.432214736938477,102.83700561523438,0.06500893831253052,390.3654383845795,0.0,
288009071_11b5e29ebf_104_36093984@N00.jpg,45.433921,12.339212,15.918310165405273,75.68500518798828,0.04513666033744812,6685.470871737366,4,93,0.36328125,42.44099807739258,-2.954516887664795,0.009931865148246288,1266.8008920692216,5418.669979668144,
288046204_4fb54a4368_102_36093984@N00.jpg,45.446809,12.346487,13.699444770812988,-89.20074462890625,0.004332461394369602,9801.598840809946,5,30,0.1171875,16.54142951965332,107.5341796875,0.002214993117377162,9099.333465811362,702.2653749985839,
288106993_1c35e6c3bf_110_40279823@N00.jpg,13.738968,100.504474,5.4166059494018555,100.3371353149414,0.008089778013527393,925.5872409000269,1,144,0.5625,10.926275253295898,108.10589599609375,0.014145023189485073,882.8675009261583,42.71973997386863,
288111574_2f2c8c6937_115_40279823@N00.jpg,13.738968,100.504474,15.878789901733398,108.33343505859375,0.019698606804013252,874.5150912591391,1,144,0.5625,14.305971145629883,107.8860855102539,0.00995801854878664,798.7955092031526,75.7195820559865,
288143973_01b39862cb_122_29251780@N00.jpg,26.859758,-80.103721,28.06141471862793,-80.64379119873047,0.025935150682926178,143.85113946881066,0,0,0.0,28.06141471862793,-80.64379119873047,0.025935150682926178,143.85113946881066,0.0,
288717277_d983b3276d_115_50994135@N00.jpg,55.835192,-4.476177,53.34809112548828,-2.0554730892181396,0.02293686382472515,317.45167272952915,1,224,0.875,53.34809112548828,-2.0554730892181396,0.04274124652147293,317.45167272952915,0.0,
289093671_c8de61c0c8_114_40279823@N00.jpg,13.738968,100.504474,24.060806274414062,120.43538665771484,0.008013428188860416,2385.9514961168315,1,60,0.234375,9.934357643127441,106.34192657470703,0.009213470853865147,763.1450196773219,1622.8064764395097,
289256558_d2a0d32413_117_40829484@N00.jpg,34.055414,-118.249626,34.05354690551758,-118.25605010986328,0.02091013826429844,0.6271845370550226,4,148,0.578125,34.050331115722656,-118.25698852539062,0.02135217934846878,0.8829044419490256,-0.255719904894003,
289319507_0d2aea8d9d_101_67879480@N00.jpg,38.393338,69.31755,34.499542236328125,69.86387634277344,0.17208366096019745,435.7171004462956,3,105,0.41015625,34.499542236328125,69.86387634277344,0.12148067355155945,435.7171004462956,0.0,
289341468_02bbce2d57_112_67879480@N00.jpg,38.532053,68.536148,32.050498962402344,48.83087921142578,0.07346127182245255,1923.2418818396056,0,0,0.0,32.050498962402344,48.83087921142578,0.07346127182245255,1923.2418818396056,0.0,
289457546_4d26ecea09_101_70323761@N00.jpg,40.971797,-72.55944,39.13852310180664,-77.7163314819336,0.0172641072422266,483.83142511223093,0,0,0.0,39.13852310180664,-77.7163314819336,0.0172641072422266,483.83142511223093,0.0,
289475656_ebbafabb97_118_90168643@N00.jpg,51.059091,13.737716,51.053890228271484,13.7384672164917,0.05714532360434532,0.5806787714908397,1,208,0.8125,51.05379104614258,13.736278533935547,0.0625012144446373,0.5978312233217554,-0.017152451830915738,
289499586_853488cc41_109_90168643@N00.jpg,51.059091,13.737716,51.05379104614258,13.736278533935547,0.033048056066036224,0.5978312233217554,1,96,0.375,51.05268478393555,13.737286567687988,0.02458776719868183,0.7129717529783672,-0.11514052965661181,
289817979_3dadca35ab_122_32377115@N00.jpg,59.334371,18.070106,59.90468215942383,10.684807777404785,0.01668965257704258,419.9035618410209,2,208,0.8125,37.27118682861328,-76.70347595214844,0.0051430887542665005,6766.013156840455,-6346.109594999434,
289818138_15ff22a22a_120_32377115@N00.jpg,59.334371,18.070106,60.167213439941406,24.955486297607422,0.012249059975147247,396.45188407787754,0,0,0.0,60.167213439941406,24.955486297607422,0.012249059975147247,396.45188407787754,0.0,
289894857_86bc94b30b_113_40829484@N00.jpg,33.886377,-115.802764,33.92649841308594,-116.1875,0.08117671310901642,35.78502816262299,1,24,0.09375,37.388572692871094,-118.17964935302734,0.15774330496788025,444.6950496374741,-408.9100214748511,
289905365_881829d146_111_77392231@N00.jpg,37.518576,-119.600815,34.24075698852539,-116.96654510498047,0.09357919543981552,434.8902200623875,0,0,0.0,34.24075698852539,-116.96654510498047,0.09357919543981552,434.8902200623875,0.0,
290066749_a05f4eb5a4_108_77392231@N00.jpg,37.726054,-119.573585,37.7274169921875,-119.57524108886719,0.04436204582452774,0.21019961059654008,0,0,0.0,37.7274169921875,-119.57524108886719,0.04436204582452774,0.21019961059654008,0.0,
290101458_8176685be6_107_77392231@N00.jpg,37.727649,-119.573682,36.505218505859375,-118.6083984375,0.11491531133651733,160.62785474683145,1,132,0.515625,36.505218505859375,-118.6083984375,0.11078739911317825,160.62785474683145,0.0,
290336790_0aaced9e4e_102_40829484@N00.jpg,33.886377,-115.802764,34.106075286865234,-115.66503143310547,0.05019694194197655,27.532130502408965,0,0,0.0,34.106075286865234,-115.66503143310547,0.05019694194197655,27.532130502408965,0.0,
290760846_151236205f_118_40829484@N00.jpg,36.08906,-112.104492,36.05772399902344,-112.1393051147461,0.025075774639844894,4.6830179275256345,0,0,0.0,36.05772399902344,-112.1393051147461,0.025075774639844894,4.6830179275256345,0.0,
290785610_1af3a0f247_121_20194767@N00.jpg,43.767886,11.255278,43.76722717285156,11.253433227539062,0.014486943371593952,0.16525947845752725,5,166,0.6484375,43.76799392700195,11.254586219787598,0.012712879106402397,0.05683098974886094,0.10842848870866631,
290914956_1ec4b2873f_110_73293249@N00.jpg,46.034456,7.343308,66.85892486572266,-108.006591796875,0.1937084197998047,6335.105985843086,0,0,0.0,66.85892486572266,-108.006591796875,0.1937084197998047,6335.105985843086,0.0,
291334106_9a29fcb285_109_26519935@N00.jpg,30.65209,103.978815,30.763179779052734,103.96379089355469,0.032636359333992004,12.435866305067291,0,0,0.0,30.763179779052734,103.96379089355469,0.032636359333992004,12.435866305067291,0.0,
291343966_e0ebdd5dda_112_26519935@N00.jpg,30.65209,103.978815,31.325851440429688,120.62613677978516,0.019177554175257683,1587.147723953668,0,0,0.0,31.325851440429688,120.62613677978516,0.019177554175257683,1587.147723953668,0.0,
291345009_033d0ede00_112_26519935@N00.jpg,30.65209,103.978815,31.30517578125,120.61168670654297,0.04500729590654373,1585.8422649060349,2,208,0.8125,31.30517578125,120.61168670654297,0.013119424693286419,1585.8422649060349,0.0,
291345377_89a0631b65_116_26519935@N00.jpg,30.65209,103.978815,38.89744567871094,115.4608154296875,0.007180134300142527,1390.8832965393883,1,240,0.9375,39.732601165771484,-104.96073913574219,0.02177216298878193,11637.736012687099,-10246.85271614771,
291354817_ee17cf4a77_103_26519935@N00.jpg,30.643672,104.072885,29.568679809570312,106.58660888671875,0.016514534130692482,269.7275671949048,1,28,0.109375,39.127262115478516,117.19544982910156,0.013497117906808853,1521.2042734885433,-1251.4767062936385,
291368246_f4f81d52ab_100_26519935@N00.jpg,30.650096,104.039411,30.246313095092773,120.13893127441406,0.01547052338719368,1542.6342651952352,5,69,0.26953125,40.29828643798828,116.24263763427734,0.010308713652193546,1537.2926903802233,5.341574815011882,
291381361_326c05ff9d_107_26519935@N00.jpg,30.609697,104.082841,29.988666534423828,120.58183288574219,0.00817691907286644,1584.09333392473,0,0,0.0,29.988666534423828,120.58183288574219,0.00817691907286644,1584.09333392473,0.0,
291382548_3dddcbad28_102_26519935@N00.jpg,30.609697,104.082841,29.988666534423828,120.58183288574219,0.02008354477584362,1584.09333392473,0,0,0.0,29.988666534423828,120.58183288574219,0.02008354477584362,1584.09333392473,0.0,
291415755_7bb9a41740_112_40829484@N00.jpg,37.487935,-110.698242,36.88167953491211,-111.52118682861328,0.20214886963367462,99.29325229745321,0,0,0.0,36.88167953491211,-111.52118682861328,0.20214886963367462,99.29325229745321,0.0,
291478236_f5a8c90125_107_59555137@N00.jpg,27.176316,78.04902,27.173402786254883,78.04215240478516,0.024804331362247467,0.7526285012579762,3,132,0.515625,27.174846649169922,78.04296875,0.018894731998443604,0.6204891844344282,0.13213931682354796,
291478703_9c81fe7a5c_106_59555137@N00.jpg,27.176316,78.04902,28.320289611816406,78.4994888305664,0.022452885285019875,134.70677092038687,1,120,0.46875,28.462120056152344,76.87124633789062,0.0361526720225811,184.00144432252213,-49.29467340213526,
291479848_afb65277c4_108_59555137@N00.jpg,25.936434,80.81294,27.09493637084961,77.66270446777344,0.1890583336353302,338.86741956851097,1,208,0.8125,27.09493637084961,77.66270446777344,0.1976069211959839,338.86741956851097,0.0,
291580562_26169a9817_118_40279823@N00.jpg,13.770064,100.515632,13.96605396270752,100.43701171875,0.012333010323345661,23.38750070913035,1,240,0.9375,13.96605396270752,100.43701171875,0.009709787555038929,23.38750070913035,0.0,
291752231_d0312570a2_113_73091266@N00.jpg,-18.547894,24.077224,30.471750259399414,-86.62230682373047,0.05834992974996567,12982.27613856839,1,48,0.1875,-22.350074768066406,-60.3314208984375,0.02795282006263733,8683.100910902966,4299.175227665424,
291804428_00e9d904a5_106_40829484@N00.jpg,36.434541,-116.965942,36.60755920410156,-117.11897277832031,0.05086797848343849,23.60367691140016,0,0,0.0,36.60755920410156,-117.11897277832031,0.05086797848343849,23.60367691140016,0.0,
292278394_c1bf15cbc0_114_26519935@N00.jpg,30.625135,104.100522,30.6662654876709,104.0683364868164,0.020613981410861015,5.513383839139374,5,154,0.6015625,24.832115173339844,121.18561553955078,0.010929856449365616,1798.2682422574235,-1792.7548584182841,
292327652_740a760e95_122_26519935@N00.jpg,26.207198,116.92337,30.30168914794922,119.12713623046875,0.0841955617070198,503.8254235832974,3,60,0.234375,28.241825103759766,99.29969024658203,0.05373712629079819,1755.6017888674949,-1251.7763652841975,
292332574_7cfbec67fa_110_26519935@N00.jpg,26.207198,116.92337,36.20328140258789,116.88079833984375,0.060445114970207214,1111.5226308936076,3,63,0.24609375,-41.212215423583984,174.803466796875,0.01675393059849739,9574.620375787013,-8463.097744893406,
292334908_af19a7b6e7_112_26519935@N00.jpg,26.207198,116.92337,26.44229507446289,106.65287017822266,0.07436338067054749,1023.6573335457985,5,187,0.73046875,25.963476181030273,107.02056884765625,0.057970110327005386,989.1120074439061,34.54532610189233,
292340408_d6f6ca7218_120_26519935@N00.jpg,26.207198,116.92337,32.789581298828125,74.80316162109375,0.05773172900080681,4114.427841893838,1,40,0.15625,32.789581298828125,74.80316162109375,0.07801514863967896,4114.427841893838,0.0,
292342480_6ed9e93e13_109_26519935@N00.jpg,26.207198,116.92337,25.963476181030273,107.02056884765625,0.16234055161476135,989.1120074439061,4,204,0.796875,25.963476181030273,107.02056884765625,0.09140659868717194,989.1120074439061,0.0,
292350581_c5e1d5e1cd_107_26519935@N00.jpg,26.207198,116.92337,24.926294326782227,117.0098876953125,0.07696586102247238,142.6943114741236,7,27,0.10546875,23.10503578186035,102.76945495605469,0.019783051684498787,1470.4647313000144,-1327.7704198258907,
292350834_f0b66d423d_114_26519935@N00.jpg,26.207198,116.92337,29.264387130737305,82.22665405273438,0.06411216408014297,3419.388193847715,1,88,0.34375,21.296411514282227,92.0489501953125,0.055707722902297974,2585.4510719001196,833.9371219475952,
292356202_200500aaec_102_26519935@N00.jpg,26.207198,116.92337,22.583581924438477,103.77685546875,0.14616495370864868,1390.1267237789716,0,0,0.0,22.583581924438477,103.77685546875,0.14616495370864868,1390.1267237789716,0.0,
292357478_d95ad3b7f3_122_26519935@N00.jpg,26.207198,116.92337,2.9395289421081543,105.77337646484375,0.005880373530089855,2847.716474442049,2,44,0.171875,31.763639450073242,121.19756317138672,0.005933307111263275,744.511025147928,2103.2054492941206,
292359141_3b4dfaaa92_118_26519935@N00.jpg,26.207198,116.92337,44.84418869018555,44.84418869018555,0.008324801921844482,6618.880394853591,5,120,0.46875,40.9349250793457,-1.472072958946228,0.005290602799504995,10217.708097315004,-3598.8277024614135,
292381592_244fe37ea0_120_26519935@N00.jpg,26.207198,116.92337,33.6168327331543,120.08716583251953,0.06710606813430786,878.3834762891316,5,60,0.234375,23.94672393798828,120.6961441040039,0.025110693648457527,455.5388095936255,422.84466669550613,
292381692_483ff2049f_99_26519935@N00.jpg,26.207198,116.92337,33.6168327331543,120.08716583251953,0.05376395210623741,878.3834762891316,4,154,0.6015625,24.43339729309082,111.50848388671875,0.05217187851667404,578.8324677935324,299.55100849559926,
292579393_d66b3b6fc0_99_40829484@N00.jpg,38.039438,-119.520263,37.71580505371094,-119.67738342285156,0.03169404715299606,38.53817691674012,0,0,0.0,37.71580505371094,-119.67738342285156,0.03169404715299606,38.53817691674012,0.0,
292915505_66d1f339c4_118_63163416@N00.jpg,37.951981,27.348833,37.94797134399414,27.36751937866211,0.05700383707880974,1.6980500577062998,1,9,0.03515625,37.94924545288086,27.367820739746094,0.03979157283902168,1.6924402031638692,0.00560985454243057,
292917266_463ac3710c_105_63163416@N00.jpg,37.951981,27.348833,37.93973159790039,27.341365814208984,0.045064229518175125,1.5112840848379683,2,144,0.5625,37.93973159790039,27.341365814208984,0.07789608091115952,1.5112840848379683,0.0,
292993389_9b2f509aeb_111_63163416@N00.jpg,39.904732,32.857789,37.87006378173828,32.50067901611328,0.18389999866485596,228.3459874318579,0,0,0.0,37.87006378173828,32.50067901611328,0.18389999866485596,228.3459874318579,0.0,
293019792_56506278d5_113_40829484@N00.jpg,36.882916,-121.830139,36.15938949584961,-121.67212677001953,0.03496292233467102,81.68223608915126,0,0,0.0,36.15938949584961,-121.67212677001953,0.03496292233467102,81.68223608915126,0.0,
293034279_33e7ceace9_116_26519935@N00.jpg,22.4169,114.309053,22.209814071655273,114.12734985351562,0.035640064626932144,29.658310863603482,0,0,0.0,22.209814071655273,114.12734985351562,0.035640064626932144,29.658310863603482,0.0,
293044256_191c0cac68_101_26519935@N00.jpg,22.4169,114.309053,22.3765869140625,114.33866119384766,0.0532221682369709,5.418434142467923,0,0,0.0,22.3765869140625,114.33866119384766,0.0532221682369709,5.418434142467923,0.0,
293182847_8fe959364d_114_40829484@N00.jpg,37.300275,-112.977905,37.20408248901367,-112.98442840576172,0.082497239112854,10.711706178031454,0,0,0.0,37.20408248901367,-112.98442840576172,0.082497239112854,10.711706178031454,0.0,
293328307_21a68a26b3_109_40829484@N00.jpg,40.706246,-74.001781,40.749183654785156,-73.98405456542969,0.0049097901210188866,5.002665419417361,2,224,0.875,40.749183654785156,-73.98405456542969,0.004435219336301088,5.002665419417361,0.0,
293483594_205c1b5bb5_101_41894197861@N01.jpg,37.983107,23.722229,37.69090270996094,26.943111419677734,0.01659700646996498,284.69455427487276,0,0,0.0,37.69090270996094,26.943111419677734,0.01659700646996498,284.69455427487276,0.0,
293518153_3ebb3a72e5_112_36093984@N00.jpg,42.376101,-71.115843,42.40723419189453,-71.30126953125,0.021951058879494667,15.616419870428667,3,30,0.1171875,42.355770111083984,-71.06999969482422,0.008994651958346367,4.392741440289385,11.22367843013928,
293747082_9f2cb6dfec_100_26519935@N00.jpg,31.106008,102.865934,-44.6723747253418,167.9244842529297,0.04451070353388786,10687.042224154662,0,0,0.0,-44.6723747253418,167.9244842529297,0.04451070353388786,10687.042224154662,0.0,
293750217_f7ce5e19f4_119_26519935@N00.jpg,31.106008,102.865934,42.66482925415039,0.19105899333953857,0.040139179676771164,8646.744764632089,1,256,1.0,42.68268585205078,-0.11896099895238876,0.03351106494665146,8667.355090085726,-20.610325453637415,
293752896_67dcaca262_106_36093984@N00.jpg,41.392586,2.202844,41.38566207885742,2.1991961002349854,0.03824387118220329,0.8278672871721013,5,71,0.27734375,35.15972137451172,129.16099548339844,0.010159303434193134,9930.998840025033,-9930.17097273786,
294091761_045b3e7249_115_90168643@N00.jpg,38.714715,-9.134445,47.49825668334961,19.041109085083008,0.00254977960139513,2469.6121343797977,2,117,0.45703125,47.516693115234375,19.07958221435547,0.0038729673251509666,2472.8872119957387,-3.2750776159409725,
294433607_69e288a037_120_90168643@N00.jpg,38.802794,-9.371337,43.38583755493164,-4.2922210693359375,0.013001451268792152,663.6985679654182,2,240,0.9375,43.38583755493164,-4.2922210693359375,0.025542309507727623,663.6985679654182,0.0,
294518267_c98209997d_115_90168643@N00.jpg,38.894239,-9.326019,38.938079833984375,-9.327585220336914,0.0535915307700634,4.876767970570712,5,17,0.06640625,45.13529586791992,7.625422954559326,0.07080574333667755,1558.762548287142,-1553.8857803165713,
294547619_c14b4d60a6_111_77235581@N00.jpg,58.207066,-6.383743,48.442752838134766,2.1763648986816406,0.0020746691152453423,1223.3715087976589,1,121,0.47265625,51.786956787109375,4.675539970397949,0.004073664546012878,1001.2394426249873,222.13206617267156,
294548303_3949fa1650_110_77235581@N00.jpg,58.210197,-6.394686,53.631202697753906,-2.648477077484131,0.023414991796016693,559.9069054089393,0,0,0.0,53.631202697753906,-2.648477077484131,0.023414991796016693,559.9069054089393,0.0,
294552061_7ddb16fe09_116_77235581@N00.jpg,58.222449,-6.369752,59.98333740234375,-1.3283580541610718,0.039825499057769775,347.9926621797625,0,0,0.0,59.98333740234375,-1.3283580541610718,0.039825499057769775,347.9926621797625,0.0,
294603562_c48f3ad171_111_90168643@N00.jpg,40.960974,-5.663452,40.952880859375,-4.131394863128662,0.039663705974817276,128.65570677161122,3,135,0.52734375,40.952880859375,-4.131394863128662,0.04149856045842171,128.65570677161122,0.0,
294802557_c120835832_120_90168643@N00.jpg,38.75328,-9.123115,38.69539260864258,-9.206542015075684,0.038630254566669464,9.685622916810683,2,166,0.6484375,38.69539260864258,-9.206542015075684,0.034297022968530655,9.685622916810683,0.0,
294803916_651221c01e_110_90168643@N00.jpg,43.380598,-8.400421,43.38908004760742,-8.404541015625,0.0834057554602623,1.0002036242470174,0,0,0.0,43.38908004760742,-8.404541015625,0.0834057554602623,1.0002036242470174,0.0,
295901844_8896db7999_100_29251780@N00.jpg,28.427335,-82.631607,33.54155349731445,-81.7115249633789,0.08175606280565262,575.390878500165,0,0,0.0,33.54155349731445,-81.7115249633789,0.08175606280565262,575.390878500165,0.0,
296074178_889d86b654_119_29251780@N00.jpg,29.595252,-81.184158,32.125614166259766,-80.79534149169922,0.07792192697525024,283.8001667167514,1,30,0.1171875,20.738000869750977,-86.9659194946289,0.02181844972074032,1143.415594994181,-859.6154282774296,
296074920_7d1ad6e8c1_112_29251780@N00.jpg,29.595252,-81.184158,43.106346130371094,-75.3397216796875,0.007919356226921082,1589.8546293579448,1,256,1.0,38.60660171508789,-75.15841674804688,0.009619290009140968,1144.6692756657626,445.18535369218216,
297480819_247ee47039_99_32377115@N00.jpg,51.507473,-0.127952,51.50800704956055,-0.12756499648094177,0.0050258757546544075,0.06514451136509146,0,0,0.0,51.50800704956055,-0.12756499648094177,0.0050258757546544075,0.06514451136509146,0.0,
297481414_c38502448f_103_32377115@N00.jpg,51.510131,-0.134775,51.510196685791016,-0.13237600028514862,0.005997990723699331,0.16618366465892614,3,42,0.1640625,51.51008987426758,-0.133201003074646,0.006651399657130241,0.10902473217996855,0.05715893247895759,
297496991_46905b8e0b_113_32377115@N00.jpg,51.508168,-0.098297,51.508262634277344,-0.07766599953174591,0.006888188421726227,1.4278708384238683,1,256,1.0,51.4034423828125,-0.337678998708725,0.0127408467233181,20.265918063003454,-18.838047224579586,
297500774_0693a9f269_119_32377115@N00.jpg,51.505163,-0.08038,51.5046272277832,-0.07969299703836441,0.003985404968261719,0.07622450682477211,1,256,1.0,51.5046272277832,-0.07969299703836441,0.0034942012280225754,0.07622450682477211,0.0,
297625622_841095a90d_113_70323761@N00.jpg,51.437704,-0.213514,40.75569152832031,-73.84819030761719,0.005140450317412615,5553.668251764393,5,111,0.43359375,41.80430221557617,12.326059341430664,0.0027949654031544924,1432.8951004287246,4120.773151335668,
297636665_27042e8d0d_109_41894169878@N01.jpg,10.53853,-83.505277,28.73635482788086,-81.47323608398438,0.004573377314954996,2034.5385267905558,0,0,0.0,28.73635482788086,-81.47323608398438,0.004573377314954996,2034.5385267905558,0.0,
297636942_5fc22bab68_102_41894169878@N01.jpg,10.53853,-83.505277,5.866890907287598,117.9502944946289,0.0033804443664848804,17019.983956815566,2,143,0.55859375,8.669500350952148,-80.59100341796875,0.008422227576375008,381.1415781997798,16638.842378615787,
297637883_7cd24a2ae9_118_41894169878@N01.jpg,9.398258,-84.163255,-16.251758575439453,145.31796264648438,0.015918022021651268,14608.925506599548,1,160,0.625,-33.84341812133789,151.24122619628906,0.028750428929924965,13765.141786742337,843.7837198572106,
298076561_2439ad2cf1_114_26519935@N00.jpg,22.271782,114.148979,22.270877838134766,114.14909362792969,0.056798920035362244,0.10122789521890442,1,3,0.01171875,22.267221450805664,114.13749694824219,0.03473849967122078,1.2857463832383034,-1.1845184880193989,
298078707_0e8fd51a29_110_26519935@N00.jpg,22.271782,114.148979,22.271440505981445,114.14889526367188,0.06712924689054489,0.03893777547818021,1,14,0.0546875,22.497499465942383,113.92138671875,0.02997772954404354,34.31488902052624,-34.275951245048056,
298083174_4f9e44fe7e_105_26519935@N00.jpg,39.924679,116.382722,40.668399810791016,-73.96424865722656,0.01715434528887272,10992.52189005239,2,256,1.0,51.47904586791992,-0.2927579879760742,0.011771601624786854,8148.371254951227,2844.150635101164,
298086455_f72b243079_104_26519935@N00.jpg,39.92277,116.390275,39.91995620727539,116.39048767089844,0.01683228276669979,0.31340510460958304,1,256,1.0,39.91995620727539,116.39048767089844,0.01754891872406006,0.31340510460958304,0.0,
298089019_a5cb8421fb_119_26519935@N00.jpg,39.92277,116.390275,36.6380615234375,101.75965881347656,0.07469713687896729,1326.4958020060508,0,0,0.0,36.6380615234375,101.75965881347656,0.07469713687896729,1326.4958020060508,0.0,
298098610_3a26acfe01_119_26519935@N00.jpg,39.916319,116.390361,39.91735076904297,116.39111328125,0.017584828659892082,0.13144818879348663,1,44,0.171875,39.91735076904297,116.39111328125,0.006336769089102745,0.13144818879348663,0.0,
298119508_1d55a71e85_122_26519935@N00.jpg,29.53844,103.770847,37.20305633544922,112.1759033203125,0.05069743096828461,1154.6146218641113,5,41,0.16015625,29.351665496826172,110.54550170898438,0.016733204945921898,656.237295582893,498.3773262812183,
298124378_a58cd06eb8_117_26519935@N00.jpg,29.53844,103.770847,27.649776458740234,117.9440689086914,0.17175520956516266,1398.697708404245,1,256,1.0,27.649776458740234,117.9440689086914,0.20483124256134033,1398.697708404245,0.0,
298124944_58af6da759_121_26519935@N00.jpg,29.53844,103.770847,27.414030075073242,111.53713989257812,0.088035948574543,794.795824212786,0,0,0.0,27.414030075073242,111.53713989257812,0.088035948574543,794.795824212786,0.0,
298125945_fb835694a7_116_26519935@N00.jpg,29.53844,103.770847,29.573333740234375,103.39183044433594,0.15981973707675934,36.86541892663905,1,160,0.625,24.43339729309082,111.50848388671875,0.058638617396354675,953.5175555151923,-916.6521365885533,
298479873_76bb28a920_109_70323761@N00.jpg,51.513349,-0.158379,55.86123275756836,-4.250770092010498,0.0022577038034796715,553.2695922217558,1,224,0.875,53.42035675048828,-2.933670997619629,0.003025071695446968,283.34909596670946,269.9204962550464,
298700608_c876f0a434_104_70323761@N00.jpg,51.495946,-0.176247,51.496559143066406,-0.17568400502204895,0.026924612000584602,0.07853204581225658,1,256,1.0,51.496559143066406,-0.1753299981355667,0.02776310034096241,0.09315628914906479,-0.014624243336808215,
299868653_a3a16589d9_105_26519935@N00.jpg,22.361585,114.363212,22.3765869140625,114.33866119384766,0.08808863908052444,3.02585813311466,1,30,0.1171875,22.288787841796875,114.2877426147461,0.033757470548152924,11.21538859318683,-8.18953046007217,
299889157_ea931daed6_119_26519935@N00.jpg,30.659916,104.065074,25.48295021057129,121.2890625,0.006629138253629208,1782.9194750814465,5,185,0.72265625,24.43339729309082,111.50848388671875,0.02786501869559288,1008.3438890676754,774.5755860137712,
299892658_40c1b3768d_117_26519935@N00.jpg,30.659916,104.065074,20.85744857788086,106.67861938476562,0.012112613767385483,1120.8429941430259,2,256,1.0,20.25430679321289,105.97798156738281,0.014383414760231972,1172.8103190245104,-51.9673248814845,
300439734_5af9f6ee0a_113_70323761@N00.jpg,51.196241,-1.781898,51.35420227050781,-2.0014209747314453,0.007290175184607506,23.27432615964144,1,224,0.875,52.67607498168945,-1.1204760074615479,0.00671126926317811,170.68165033447198,-147.40732417483053,
300463035_4ef19e4bb3_122_57253263@N00.jpg,41.658409,-70.113668,41.93025207519531,-70.02767181396484,0.04584745317697525,31.056928387328078,1,72,0.28125,41.337894439697266,-70.73014831542969,0.10525338351726532,62.49925959498899,-31.442331207660914,
300892338_0a2ad9e7c9_109_90168643@N00.jpg,16.941214,-89.890136,-25.54697036743164,-49.22789001464844,0.02236437238752842,6455.931696125942,1,165,0.64453125,39.14475631713867,-84.50904846191406,0.01893073506653309,2523.474957946077,3932.4567381798647,
301013453_653137458a_109_70323761@N00.jpg,51.502264,-0.141481,51.50267028808594,-0.13876399397850037,0.009910398162901402,0.19341274666389896,13,153,0.59765625,51.5024528503418,-0.13955999910831451,0.02016252465546131,0.13461387152668094,0.058798875137218015,
301042216_72d44a9d9c_115_69212252@N00.jpg,41.939621,-87.639763,41.59749984741211,-72.98433685302734,0.002533347811549902,1214.546691768454,3,255,0.99609375,43.00044250488281,-89.35498046875,0.003786734538152814,183.5847362611006,1030.9619555073532,
301384364_5e5a5f9794_118_14491548@N00.jpg,47.994287,11.340551,47.69391632080078,9.268807411193848,0.03595098480582237,158.17242595262576,1,6,0.0234375,48.1218147277832,-123.43083953857422,0.009322832338511944,8472.302514727266,-8314.13008877464,
301559998_82fa3441c5_114_16836474@N00.jpg,4.855627,-74.070596,4.858534812927246,-74.01806640625,0.2299727201461792,5.829031784548319,5,60,0.234375,4.858534812927246,-74.01806640625,0.11683046817779541,5.829031784548319,0.0,
301608526_a4746d6083_122_14491548@N00.jpg,47.994287,11.340551,46.27760696411133,6.169723987579346,0.054068755358457565,435.10144670220257,9,84,0.328125,46.953365325927734,17.893381118774414,0.06879068166017532,505.75494728981795,-70.65350058761538,
302324526_768cacd8b9_101_69212252@N00.jpg,41.951878,-87.641147,41.78719711303711,-87.59349822998047,0.02578555978834629,18.73193104303326,1,48,0.1875,42.16999816894531,-79.47550201416016,0.046513013541698456,674.2923854191882,-655.560454376155,
302325684_c68b8d7c42_119_69212252@N00.jpg,41.955708,-87.660298,39.8281135559082,-86.18392181396484,0.006565965246409178,267.1403543914596,2,167,0.65234375,40.348602294921875,-74.65894317626953,0.004568380769342184,1102.0052204158114,-834.8648660243518,
302389868_638305176e_108_44972214@N00.jpg,41.49212,-71.315174,51.76176452636719,3.8470048904418945,0.013579152524471283,5590.419359244571,1,60,0.234375,43.957977294921875,-78.1617202758789,0.006215344648808241,622.5885017190474,4967.830857525523,
302413540_7294dc0ece_119_79756109@N00.jpg,40.759074,-73.979852,36.13187789916992,-115.15061950683594,0.0023805727250874043,3588.994498624228,1,21,0.08203125,36.13156509399414,-115.15100860595703,0.006440714932978153,3589.039576156868,-0.04507753263987979,
302756957_7c93b5d0d1_119_29251780@N00.jpg,26.714851,-80.03407,33.0,-117.91533660888672,0.005287386942654848,3699.0173138793043,7,160,0.625,33.0,-117.91533660888672,0.01367881614714861,3699.0173138793043,0.0,
302797486_114c5506fc_103_29251780@N00.jpg,26.712915,-80.078315,28.065200805664062,-80.6383285522461,0.1049421951174736,160.2097407429974,5,151,0.58984375,28.06141471862793,-80.64379119873047,0.0669219121336937,160.0023870992539,0.2073536437435166,
302833129_91f3c21d77_99_29251780@N00.jpg,26.712915,-80.078315,25.54991340637207,-76.67933654785156,0.023898614570498466,363.10747141045397,5,196,0.765625,-17.63739585876465,177.06570434570312,0.024727070704102516,12120.558460775746,-11757.450989365292,
302837819_b557f24ea0_116_29251780@N00.jpg,26.712915,-80.078315,27.37310028076172,-80.33126068115234,0.014776766300201416,77.56597452007493,2,130,0.5078125,39.682247161865234,-75.7497329711914,0.0026965260040014982,1496.774175446022,-1419.208200925947,
302839039_c737409fe2_109_29251780@N00.jpg,26.712915,-80.078315,28.078500747680664,-80.60783386230469,0.01752585731446743,160.59243266777523,0,0,0.0,28.078500747680664,-80.60783386230469,0.01752585731446743,160.59243266777523,0.0,
302978730_c3ea2284cd_104_29251780@N00.jpg,24.55817,-81.804521,26.459583282470703,-80.0738525390625,0.005154096987098455,273.60953441769027,6,212,0.828125,12.525741577148438,-70.03423309326172,0.013573644682765007,1822.5527007160358,-1548.9431662983457,
302979209_c2364549dc_101_29251780@N00.jpg,24.55817,-81.804521,18.340551376342773,-64.93150329589844,0.0031833637040108442,1876.175515522498,0,0,0.0,18.340551376342773,-64.93150329589844,0.0031833637040108442,1876.175515522498,0.0,
303171152_7cdd32c4a1_110_29251780@N00.jpg,29.162355,-81.139526,28.410900115966797,-81.46189880371094,0.137502983212471,89.26877152899534,0,0,0.0,28.410900115966797,-81.46189880371094,0.137502983212471,89.26877152899534,0.0,
303229002_4c9b1bebbb_118_29251780@N00.jpg,26.982387,-80.084066,26.717782974243164,-82.2601089477539,0.0631067082285881,217.87217466624577,0,0,0.0,26.717782974243164,-82.2601089477539,0.0631067082285881,217.87217466624577,0.0,
303372074_b64bbd9eae_114_14491548@N00.jpg,52.518636,13.375811,52.51771926879883,13.374025344848633,0.010819622315466404,0.15807977781229413,1,6,0.0234375,52.51622009277344,13.37664794921875,0.010971813462674618,0.27454141041161506,-0.11646163259932094,
303877439_02b9258151_106_70323761@N00.jpg,51.508061,-0.096484,52.191837310791016,-1.7070649862289429,0.07256129384040833,134.231070288155,1,256,1.0,52.19206619262695,-1.7038580179214478,0.06595295667648315,134.06381508476008,0.16725520339491595,
304015978_c1878777d3_111_90833046@N00.jpg,44.915559,-93.210797,42.538719177246094,-76.60803985595703,0.07219188660383224,1357.4769588267295,0,0,0.0,42.538719177246094,-76.60803985595703,0.07219188660383224,1357.4769588267295,0.0,
304304112_b5119e53ab_114_96387799@N00.jpg,51.47061,-0.212302,-43.494773864746094,172.606201171875,0.012003587558865547,18978.085599557147,1,40,0.15625,-35.2972297668457,149.13479614257812,0.01135126780718565,16990.170369085678,1987.9152304714698,
304383676_2ec5635cb9_120_78221228@N00.jpg,-34.603258,-58.39817,-26.140796661376953,28.02398681640625,0.11065096408128738,8090.974530508845,1,126,0.4921875,-34.578060150146484,-58.417362213134766,0.003765503177419305,3.307111647623901,8087.667418861221,
304434983_c22edaa570_119_36093984@N00.jpg,46.619025,19.28667,54.107887268066406,11.908790588378906,0.015187244862318039,982.3386917778726,2,135,0.52734375,52.53721237182617,13.576269149780273,0.015492367558181286,775.7050823935804,206.63360938429219,
304568404_47b23663e5_108_65367662@N00.jpg,37.310104,-121.87374,34.180992126464844,-118.99120330810547,0.02257617563009262,434.3849397141517,0,0,0.0,34.180992126464844,-118.99120330810547,0.02257617563009262,434.3849397141517,0.0,
304913821_4978cbd643_103_40279823@N00.jpg,10.357644,106.367912,9.934357643127441,106.34192657470703,0.0459032878279686,47.15322075308298,6,219,0.85546875,9.934357643127441,106.34192657470703,0.041018858551979065,47.15322075308298,0.0,
304916397_c365a931b6_119_14491548@N00.jpg,59.716858,30.393848,51.79937744140625,-1.6417690515518188,0.004138623364269733,2161.866516993817,3,99,0.38671875,50.90801239013672,-0.7579240202903748,0.009849093854427338,2173.8174899065484,-11.950972912731231,
305158305_be21c1299c_114_65367662@N00.jpg,50.429573,30.555252,58.40814208984375,21.993770599365234,0.009343229234218597,1044.094257675595,0,0,0.0,58.40814208984375,21.993770599365234,0.009343229234218597,1044.094257675595,0.0,
305203315_717cab46da_115_65367662@N00.jpg,50.455235,30.519655,57.18537139892578,39.41564178466797,0.02201475203037262,947.6209047092979,1,180,0.703125,57.74654006958008,40.95694351196289,0.02233230322599411,1056.1167862644074,-108.49588155510958,
305488237_45eb6268d1_101_23812473@N00.jpg,40.741014,-73.998413,40.648704528808594,-74.06491088867188,0.0683039203286171,11.695605000440963,3,132,0.515625,40.689178466796875,-74.04457092285156,0.04089587181806564,6.95386384475344,4.7417411556875235,
305497323_d4bcef285a_115_23812473@N00.jpg,40.741014,-73.998413,40.77113342285156,-73.9721908569336,0.008970965631306171,4.011854448281018,16,187,0.73046875,40.77313232421875,-73.97111511230469,0.008170356042683125,4.247528320892058,-0.23567387261103967,
305499592_c99ead92d2_115_23812473@N00.jpg,40.741014,-73.998413,40.77113342285156,-73.9721908569336,0.013176883570849895,4.011854448281018,2,40,0.15625,38.88908386230469,-77.0189208984375,0.001106570358388126,330.05549943960085,-326.0436449913198,
305504782_d794609cbe_119_23812473@N00.jpg,40.741014,-73.998413,40.70718765258789,-74.01113891601562,0.016042470932006836,3.91121866369543,5,256,1.0,40.70718765258789,-74.01113891601562,0.01589672453701496,3.91121866369543,0.0,
305506494_c38897a13d_111_23812473@N00.jpg,40.741014,-73.998413,40.705665588378906,-73.99633026123047,0.021452832967042923,3.9344862246239884,7,26,0.1015625,40.706172943115234,-73.99684143066406,0.01812303625047207,3.8764171391020854,0.05806908552190304,
305507456_57d6ceadca_122_23812473@N00.jpg,40.741014,-73.998413,40.72179412841797,-73.99373626708984,0.004581814166158438,2.1731821234519484,2,18,0.0703125,40.72072219848633,-73.9989242553711,0.003079177113249898,2.256759704645264,-0.08357758119331571,
305510707_8d657a0a89_102_23812473@N00.jpg,40.741014,-73.998413,39.75017166137695,-104.9465103149414,0.0060312324203550816,2615.3463458363667,1,100,0.390625,41.86546325683594,-87.6164779663086,0.017351387068629265,1143.1818234978532,1472.1645223385135,
305521085_c5d30d6203_103_23812473@N00.jpg,40.741014,-73.998413,40.683528900146484,-73.9760513305664,0.0014165224274620414,6.664139262348417,0,0,0.0,40.683528900146484,-73.9760513305664,0.0014165224274620414,6.664139262348417,0.0,
305950743_2fc35f549b_108_14491548@N00.jpg,59.936784,30.302524,55.75141906738281,37.61805725097656,0.015793412923812866,634.9231849496555,20,100,0.390625,32.773563385009766,129.8599395751953,0.005361162591725588,7395.772179841054,-6760.848994891398,
306024743_6b2fc59454_114_41894169878@N01.jpg,42.375392,-71.121765,42.37504196166992,-71.11642456054688,0.0060158176347613335,0.44041383652506155,14,174,0.6796875,42.67637252807617,-71.13026428222656,0.005693912971764803,33.47480055014297,-33.03438671361791,
306029104_0910586ee0_100_41894169878@N01.jpg,42.361049,-71.067938,32.926971435546875,-117.04853820800781,0.01609565131366253,4128.887831299666,1,256,1.0,32.926971435546875,-117.04853820800781,0.016225943341851234,4128.887831299666,0.0,
306434963_831a0feca5_101_14491548@N00.jpg,59.949337,30.313339,59.57977294921875,30.13719367980957,0.005750887095928192,42.2606827341099,1,9,0.03515625,22.883230209350586,-82.27771759033203,0.0034207412973046303,8987.9545081043,-8945.69382537019,
306524237_390444f1f4_100_67879480@N00.jpg,40.166412,44.291725,35.685264587402344,-121.16923522949219,0.004722790326923132,11450.513619441244,1,256,1.0,51.06406021118164,4.580038070678711,0.008524994365870953,3269.847755720203,8180.665863721041,
306989488_e5d3e9399e_120_73293249@N00.jpg,46.048421,7.305136,45.739742279052734,6.71287202835083,0.03882908821105957,57.262280569668384,0,0,0.0,45.739742279052734,6.71287202835083,0.03882908821105957,57.262280569668384,0.0,
307082113_8833974963_110_96019796@N00.jpg,51.768158,-2.85387,51.5787239074707,-3.2204959392547607,0.07388192415237427,32.90654011976598,0,0,0.0,51.5787239074707,-3.2204959392547607,0.07388192415237427,32.90654011976598,0.0,
307411664_69c7675ea8_116_36093984@N00.jpg,47.190879,18.409309,47.90488815307617,20.379852294921875,0.04662370681762695,167.8523668397589,2,15,0.05859375,48.2593994140625,11.434338569641113,0.02687773108482361,534.8766872701954,-367.02432043043643,
307443629_7b84f4462e_115_73293249@N00.jpg,46.108415,7.158605,46.494789123535156,9.904518127441406,0.03555773198604584,215.26103733205915,1,60,0.234375,46.491580963134766,9.896760940551758,0.056717388331890106,214.61220177071718,0.6488355613419685,
307466416_4aa61f6b96_103_73293249@N00.jpg,51.501821,-0.140655,51.507568359375,-0.12599900364875793,0.0020919321104884148,1.1989210150023906,1,24,0.09375,51.16176986694336,-0.17235000431537628,0.0054055750370025635,37.8760768960417,-36.67715588103931,
307472789_077958d9db_99_73293249@N00.jpg,45.953275,7.15554,46.37025833129883,7.884603023529053,0.03722747042775154,72.81878880540877,0,0,0.0,46.37025833129883,7.884603023529053,0.03722747042775154,72.81878880540877,0.0,
307479010_e9c2c94057_112_73293249@N00.jpg,45.953275,7.15554,42.58522033691406,-70.69264221191406,0.00587509386241436,5954.3641547806665,0,0,0.0,42.58522033691406,-70.69264221191406,0.00587509386241436,5954.3641547806665,0.0,
307490551_2c861abb2d_106_73293249@N00.jpg,46.077134,7.006487,46.51655578613281,12.974424362182617,0.02028874307870865,460.9832769030207,0,0,0.0,46.51655578613281,12.974424362182617,0.02028874307870865,460.9832769030207,0.0,
307499425_ed6d8712bd_111_73293249@N00.jpg,45.990555,7.245458,42.64557647705078,1.4297670125961304,0.056288860738277435,593.3722192348972,0,0,0.0,42.64557647705078,1.4297670125961304,0.056288860738277435,593.3722192348972,0.0,
307515621_3ef10398a0_116_73293249@N00.jpg,51.501821,-0.140655,51.5625,-0.1636359989643097,0.019876884296536446,6.931935544088139,0,0,0.0,51.5625,-0.1636359989643097,0.019876884296536446,6.931935544088139,0.0,
308675601_ee0f012b14_111_40279823@N00.jpg,15.878047,108.337898,9.56825065612793,100.00511169433594,0.04828578233718872,1143.7328427849693,1,143,0.55859375,9.56825065612793,100.00511169433594,0.0322662852704525,1143.7328427849693,0.0,
308676906_00ba56c7fa_116_40279823@N00.jpg,15.878047,108.337898,19.53066635131836,103.7689208984375,0.03906462341547012,631.73385261351,2,164,0.640625,21.183900833129883,106.0560073852539,0.040241796523332596,637.1063060147725,-5.372453401262533,
308681880_613918ce15_103_40279823@N00.jpg,15.878047,108.337898,12.249870300292969,109.19602966308594,0.009023123420774937,413.9130684048297,3,224,0.875,13.678701400756836,101.07117462158203,0.018185097724199295,818.5869416160473,-404.6738732112176,
309704992_7ab0877ac0_123_57253263@N00.jpg,42.355468,-71.066431,41.09482955932617,-73.85955810546875,0.017490949481725693,270.86803438028636,0,0,0.0,41.09482955932617,-73.85955810546875,0.017490949481725693,270.86803438028636,0.0,
310237580_1d3f41549c_122_40279823@N00.jpg,16.466871,107.581558,21.198335647583008,94.90127563476562,0.01368369534611702,1433.7248222114047,2,210,0.8203125,21.200897216796875,94.90865325927734,0.024055395275354385,1433.097897811974,0.6269243994306635,
311054952_674638c66a_105_26519935@N00.jpg,22.25391,114.203224,22.271440505981445,114.14889526367188,0.06357797235250473,5.920849064201387,2,148,0.578125,22.270822525024414,114.14959716796875,0.06389125436544418,5.8301786347445255,0.09067042945686143,
311067603_d0a5673a82_101_26519935@N00.jpg,40.463992,116.604595,40.354000091552734,116.00738525390625,0.01403395738452673,52.02257548895772,3,80,0.3125,34.37971115112305,108.80859375,0.03030429780483246,964.4614563092094,-912.4388808202517,
311073152_badfe7e46b_101_26519935@N00.jpg,40.463992,116.604595,40.43080520629883,116.56470489501953,0.07948071509599686,5.001154867729243,1,18,0.0703125,40.75558090209961,116.9219970703125,0.01214980985969305,42.061273576259374,-37.06011870853013,
311083705_0ee69eb112_104_26519935@N00.jpg,40.463992,116.604595,40.354000091552734,116.00738525390625,0.08298733085393906,52.02257548895772,0,0,0.0,40.354000091552734,116.00738525390625,0.08298733085393906,52.02257548895772,0.0,
311084772_b895f9a716_104_26519935@N00.jpg,40.463992,116.604595,16.428180694580078,107.56851196289062,0.031013866886496544,2810.9687772414513,3,99,0.38671875,60.26165771484375,-1.2918369770050049,0.006660329177975655,7476.373996062081,-4665.40521882063,
311085054_d562fad314_102_26519935@N00.jpg,40.463992,116.604595,40.354000091552734,116.00738525390625,0.1503162682056427,52.02257548895772,2,18,0.0703125,40.75558090209961,116.9219970703125,0.028956806287169456,42.061273576259374,9.961301912698346,
311102429_2ecb130702_116_26519935@N00.jpg,30.250466,120.1373,30.249576568603516,120.12245178222656,0.023100901395082474,1.4296591840463375,1,256,1.0,30.249576568603516,120.12245178222656,0.021486779674887657,1.4296591840463375,0.0,
311119842_0449243a54_113_26519935@N00.jpg,37.577099,126.99337,37.57781219482422,126.98062133789062,0.02073240652680397,1.1262763841958763,0,0,0.0,37.57781219482422,126.98062133789062,0.02073240652680397,1.1262763841958763,0.0,
311123106_3fc50c0fe1_103_26519935@N00.jpg,37.577099,126.99337,35.82296371459961,128.73606872558594,0.00882030464708805,249.3559431547498,0,0,0.0,35.82296371459961,128.73606872558594,0.00882030464708805,249.3559431547498,0.0,
311124443_13c7e73219_93_26519935@N00.jpg,37.577099,126.99337,35.82296371459961,128.73606872558594,0.02118910849094391,249.3559431547498,0,0,0.0,35.82296371459961,128.73606872558594,0.02118910849094391,249.3559431547498,0.0,
311132094_2b10422e48_118_26519935@N00.jpg,37.74262,127.04916,37.647945404052734,127.056884765625,0.042513005435466766,10.549266956297721,3,94,0.3671875,39.01658248901367,125.7585220336914,0.026311801746487617,180.89221751702394,-170.34295056072622,
311133604_5ca572f3ae_114_26519935@N00.jpg,37.74262,127.04916,37.647945404052734,127.056884765625,0.01814749650657177,10.549266956297721,3,222,0.8671875,37.647945404052734,127.056884765625,0.028745032846927643,10.549266956297721,0.0,
311141637_ff3945b707_114_26519935@N00.jpg,37.578596,126.976547,37.57781219482422,126.98062133789062,0.0328516885638237,0.3694756524776176,0,0,0.0,37.57781219482422,126.98062133789062,0.0328516885638237,0.3694756524776176,0.0,
311141742_9d5055d86d_117_26519935@N00.jpg,37.578596,126.976547,37.57781219482422,126.98062133789062,0.03518842160701752,0.3694756524776176,11,54,0.2109375,37.57908630371094,126.97694396972656,0.030805818736553192,0.06477756936437663,0.304698083113241,
311146330_6696ab998a_107_26519935@N00.jpg,37.578596,126.976547,37.57781219482422,126.98062133789062,0.019873669371008873,0.3694756524776176,1,256,1.0,37.57781219482422,126.98062133789062,0.0257013700902462,0.3694756524776176,0.0,
311344213_4b003f4ab1_114_63163416@N00.jpg,28.597936,77.19552,28.524642944335938,77.18555450439453,0.08799035847187042,8.207735679997668,1,80,0.3125,28.52425193786621,77.18556213378906,0.0777040421962738,8.250820887648425,-0.04308520765075663,
311356405_888847cc3b_121_63163416@N00.jpg,28.597936,77.19552,28.52425193786621,77.18556213378906,0.04765583947300911,8.250820887648425,0,0,0.0,28.52425193786621,77.18556213378906,0.04765583947300911,8.250820887648425,0.0,
311358416_4918564efb_122_63163416@N00.jpg,28.597936,77.19552,28.613082885742188,77.21886444091797,0.03733762353658676,2.8337755792106396,1,2,0.0078125,28.613082885742188,77.21886444091797,0.058100540190935135,2.8337755792106396,0.0,
311358990_64f7221663_115_63163416@N00.jpg,28.597936,77.19552,28.682247161865234,77.20227813720703,0.05950580909848213,9.398156543032512,7,48,0.1875,28.61270523071289,77.23130798339844,0.02882416360080242,3.860446753500793,5.537709789531719,
311360474_ac0cadafc2_122_63163416@N00.jpg,28.597936,77.19552,28.625457763671875,77.21434783935547,0.04545469954609871,3.569768725191627,4,199,0.77734375,28.625457763671875,77.21434783935547,0.03925274312496185,3.569768725191627,0.0,
311360802_ff06007ced_116_63163416@N00.jpg,28.597936,77.19552,28.65483283996582,77.23316955566406,0.03879472613334656,7.316415428870755,1,99,0.38671875,28.65483283996582,77.23316955566406,0.026139473542571068,7.316415428870755,0.0,
311623947_c2b9d24cbb_121_81421684@N00.jpg,39.903036,116.449048,48.888980865478516,2.2410800457000732,0.016051288694143295,8222.773483359158,4,17,0.06640625,48.89133071899414,2.2399439811706543,0.03461513668298721,8222.65483358464,0.11864977451841696,
311844576_b892887d11_110_26519935@N00.jpg,31.303635,120.610399,31.319557189941406,120.61420440673828,0.03638417273759842,1.8070011202046894,2,208,0.8125,31.319557189941406,120.61420440673828,0.047652244567871094,1.8070011202046894,0.0,
311859432_167e663853_113_26519935@N00.jpg,31.303635,120.610399,31.337404251098633,120.57942962646484,0.03822431340813637,4.7701232713274555,2,18,0.0703125,40.030242919921875,116.1090087890625,0.005069780629128218,1051.7152920041315,-1046.945168732804,
311861136_07c82ca7bb_100_26519935@N00.jpg,31.303635,120.610399,31.30517578125,120.61168670654297,0.041332125663757324,0.21052422870151852,3,67,0.26171875,31.337404251098633,120.57942962646484,0.013968097046017647,4.7701232713274555,-4.559599042625937,
311937210_3b4a9ca55c_84_63163416@N00.jpg,26.911967,75.788755,27.56245994567871,76.60835266113281,0.037350110709667206,108.61670227784346,3,23,0.08984375,26.924949645996094,75.82454681396484,0.021447187289595604,3.831056697828752,104.7856455800147,
311938754_ed8aac2fcb_108_63163416@N00.jpg,26.911967,75.788755,26.986162185668945,75.85057067871094,0.012657428160309792,10.27654100347607,0,0,0.0,26.986162185668945,75.85057067871094,0.012657428160309792,10.27654100347607,0.0,
311941457_d07a25e697_100_63163416@N00.jpg,26.911967,75.788755,26.985809326171875,75.85016632080078,0.04377758875489235,10.221154095016459,2,21,0.08203125,37.46613693237305,-6.075438976287842,0.09844284504652023,7555.211233864038,-7544.990079769022,
311969092_71d58e54a7_104_63163416@N00.jpg,26.911967,75.788755,26.49638557434082,74.61776733398438,0.024846969172358513,125.16205300723712,7,130,0.5078125,26.49638557434082,74.61776733398438,0.037712227553129196,125.16205300723712,0.0,
311981485_bcee64c520_109_63163416@N00.jpg,26.911967,75.788755,18.28022003173828,99.477783203125,0.007635594345629215,2608.770445297303,0,0,0.0,18.28022003173828,99.477783203125,0.007635594345629215,2608.770445297303,0.0,
311988435_13e2732af9_121_14491548@N00.jpg,51.502612,-0.119562,35.33772659301758,139.6466064453125,0.010579620487987995,9593.038236214365,0,0,0.0,35.33772659301758,139.6466064453125,0.010579620487987995,9593.038236214365,0.0,
312064670_2837e06a5e_101_63163416@N00.jpg,27.205327,78.015031,27.181297302246094,78.02202606201172,0.03131904825568199,2.760099237538785,0,0,0.0,27.181297302246094,78.02202606201172,0.03131904825568199,2.760099237538785,0.0,
312074887_3959d46b98_122_63163416@N00.jpg,27.205327,78.015031,27.181297302246094,78.02202606201172,0.029972968623042107,2.760099237538785,4,89,0.34765625,28.643999099731445,77.09100341796875,0.0329052098095417,183.9356232319195,-181.1755239943807,
312179336_340ace22c6_104_36093984@N00.jpg,47.494893,19.092178,44.471431732177734,26.078968048095703,0.03785916045308113,635.5973681754651,0,0,0.0,44.471431732177734,26.078968048095703,0.03785916045308113,635.5973681754651,0.0,
312226565_b4ef600938_100_65367662@N00.jpg,49.58907,34.556637,53.33815002441406,83.78929138183594,0.01050575915724039,3367.370349065684,3,144,0.5625,53.33815002441406,83.78929138183594,0.015887467190623283,3367.370349065684,0.0,
312264410_465686cbdc_102_44067110@N00.jpg,51.5277,-0.132963,50.11185073852539,8.674633979797363,0.0021636919118463993,637.9997431531054,0,0,0.0,50.11185073852539,8.674633979797363,0.0021636919118463993,637.9997431531054,0.0,
312273876_9aebaaeebf_103_63163416@N00.jpg,39.904732,32.857789,37.87006378173828,32.50067901611328,0.019762566313147545,228.3459874318579,1,14,0.0546875,41.008644104003906,28.978885650634766,0.003781877225264907,350.35078950567106,-122.00480207381315,
312284276_3ee74eccea_104_63163416@N00.jpg,39.904732,32.857789,41.685218811035156,26.54296875,0.08251282572746277,567.0830633594896,2,8,0.03125,41.685218811035156,26.54296875,0.06973735243082047,567.0830633594896,0.0,
312323211_66bab4f84a_102_65367662@N00.jpg,49.475876,34.380257,41.2158317565918,-86.09388732910156,0.02133764885365963,8378.203474286089,2,7,0.02734375,52.64004898071289,4.710827827453613,0.007812664844095707,2087.8409124592345,6290.362561826854,
312373401_c60ffb3571_107_90168643@N00.jpg,45.411707,11.888923,44.41780471801758,12.199295043945312,0.02641214057803154,113.18684726180764,0,0,0.0,44.41780471801758,12.199295043945312,0.02641214057803154,113.18684726180764,0.0,
312397327_71e9d7864f_111_65367662@N00.jpg,37.300163,-121.77647,51.35200500488281,-0.3204270005226135,0.010058174841105938,8633.368573782893,1,160,0.625,47.385276794433594,8.574055671691895,0.008309027180075645,9387.005893272479,-753.6373194895859,
312544137_40bfa19cb6_117_65367662@N00.jpg,39.44017,-120.23025,37.926570892333984,-119.45596313476562,0.10646945983171463,181.22541600896508,0,0,0.0,37.926570892333984,-119.45596313476562,0.10646945983171463,181.22541600896508,0.0,
312579751_048cb85e3c_108_43935788@N00.jpg,25.611035,-80.39679,25.610492706298828,-80.39778900146484,0.030718136578798294,0.11691964743531841,3,177,0.69140625,39.750633239746094,-104.94711303710938,0.0202768724411726,2769.0127113246517,-2768.8957916772165,
312725428_8d9bd5f896_105_65367662@N00.jpg,36.97345,-122.02718,48.91054153442383,-122.80723571777344,0.01923496089875698,1328.843908404481,1,4,0.015625,48.412933349609375,-123.30672454833984,0.012793930247426033,1276.254866432469,52.589041972011955,
312885025_798ef04321_111_30554981@N00.jpg,22.381833,114.27415,22.238258361816406,114.15550231933594,0.021304704248905182,20.09595727003842,0,0,0.0,22.238258361816406,114.15550231933594,0.021304704248905182,20.09595727003842,0.0,
312898684_4385459f7a_107_40279823@N00.jpg,21.033397,105.850524,21.033300399780273,105.8499984741211,0.011892749927937984,0.05559004703309504,4,170,0.6640625,24.43339729309082,111.50848388671875,0.017682896926999092,692.4185823959774,-692.3629923489443,
312937332_c7efd230be_108_40279823@N00.jpg,21.033397,105.850524,15.878789901733398,108.33343505859375,0.015473168343305588,630.1131079773563,3,16,0.0625,14.305971145629883,107.8860855102539,0.010311953723430634,778.4795421825554,-148.36643420519908,
312955212_9de3821a61_118_26519935@N00.jpg,36.067139,120.325613,36.069358825683594,120.3076171875,0.1436901092529297,1.636203405150779,0,0,0.0,36.069358825683594,120.3076171875,0.1436901092529297,1.636203405150779,0.0,
312963424_831cf21e8b_100_26519935@N00.jpg,36.067139,120.325613,36.069358825683594,120.3076171875,0.03765192627906799,1.636203405150779,3,256,1.0,36.069358825683594,120.3076171875,0.03938905522227287,1.636203405150779,0.0,
312971075_c6246ba06a_112_26519935@N00.jpg,36.059507,120.356683,40.814849853515625,111.64581298828125,0.008505815640091896,924.0341952594168,2,256,1.0,36.08295440673828,120.32089233398438,0.008796269074082375,4.140688258596861,919.89350700082,
312972771_87bf6937a2_117_26519935@N00.jpg,36.068388,120.35222,23.19792366027832,113.35276794433594,0.01911047287285328,1581.7276008010497,1,49,0.19140625,23.575769424438477,119.576416015625,0.004778409376740456,1391.1165132272533,190.61108757379634,
312972994_fffc6410ed_122_26519935@N00.jpg,36.068388,120.35222,30.581031799316406,114.27120208740234,0.04220731928944588,831.1873122435026,1,112,0.4375,30.581031799316406,114.27120208740234,0.04234788939356804,831.1873122435026,0.0,
314039220_7045707399_115_26519935@N00.jpg,36.066445,120.33986,34.48844528198242,108.720703125,0.020574595779180527,1068.5550137771422,0,0,0.0,34.48844528198242,108.720703125,0.020574595779180527,1068.5550137771422,0.0,
314040879_b451d04e90_107_26519935@N00.jpg,36.057842,120.331792,36.04708480834961,120.28260803222656,0.18114250898361206,4.580517934247711,6,42,0.1640625,35.15972137451172,129.16099548339844,0.06236854940652847,804.1220378955871,-799.5415199613394,
314072056_7f36a76325_105_26519935@N00.jpg,36.057495,120.333509,-27.586406707763672,-48.5511360168457,0.05350841209292412,18606.262196002866,0,0,0.0,-27.586406707763672,-48.5511360168457,0.05350841209292412,18606.262196002866,0.0,
314082998_2258bffbf3_100_26519935@N00.jpg,36.050625,120.345869,18.65073585510254,110.28524780273438,0.14734703302383423,2171.729494721222,0,0,0.0,18.65073585510254,110.28524780273438,0.14734703302383423,2171.729494721222,0.0,
314092579_78da2a1cbe_114_26519935@N00.jpg,36.055066,120.363378,36.05867385864258,120.36861419677734,0.14872264862060547,0.6184676793530457,0,0,0.0,36.05867385864258,120.36861419677734,0.14872264862060547,0.6184676793530457,0.0,
314100488_395a717328_99_26519935@N00.jpg,36.055066,120.363378,31.578535079956055,121.1572265625,0.05767126753926277,503.13542374110153,2,81,0.31640625,22.497499465942383,113.92138671875,0.01534987147897482,1630.7720255511308,-1127.6366018100293,
315104294_3e27ac2fb6_109_23812473@N00.jpg,19.109568,-99.75809,64.72982788085938,-23.801536560058594,0.04798314347863197,7427.93754360648,0,0,0.0,64.72982788085938,-23.801536560058594,0.04798314347863197,7427.93754360648,0.0,
315107666_4aa66be92a_106_23812473@N00.jpg,19.109568,-99.75809,-16.344520568847656,-68.1239013671875,0.08427026867866516,5244.8012872150875,0,0,0.0,-16.344520568847656,-68.1239013671875,0.08427026867866516,5244.8012872150875,0.0,
315129281_f86846ac95_88_55852171@N00.jpg,39.919668,116.390544,39.91625213623047,116.39019012451172,0.023715941235423088,0.38102432316544854,1,4,0.015625,39.91625213623047,116.39019012451172,0.019589919596910477,0.38102432316544854,0.0,
315157719_2af2fd3c23_102_23812473@N00.jpg,-34.584605,-58.404693,21.364309310913086,-157.95384216308594,0.017916647717356682,12177.005425909148,7,47,0.18359375,44.56559371948242,-68.80260467529297,0.003935724962502718,8863.539503211874,3313.4659226972744,
315172335_1bc5ade875_120_23812473@N00.jpg,-49.087808,-72.902526,-49.26190948486328,-72.9778823852539,0.061896633356809616,20.11933638381537,0,0,0.0,-49.26190948486328,-72.9778823852539,0.061896633356809616,20.11933638381537,0.0,
315172845_58ee049f80_104_23812473@N00.jpg,-49.087808,-72.902526,45.99159240722656,7.013397216796875,0.032866913825273514,13080.671952140892,0,0,0.0,45.99159240722656,7.013397216796875,0.032866913825273514,13080.671952140892,0.0,
315213452_d9235079bb_101_49777280@N00.jpg,41.446329,-8.297166,43.80683135986328,11.2931489944458,0.00840277224779129,1620.189596033845,2,187,0.73046875,38.79608917236328,-9.393482208251953,0.014866523444652557,309.07780713947625,1311.1117888943686,
315217856_1a3f8afbb5_109_49777280@N00.jpg,41.149383,-8.610105,41.1469612121582,-8.612078666687012,0.019225535914301872,0.3159549422014975,0,0,0.0,41.1469612121582,-8.612078666687012,0.019225535914301872,0.3159549422014975,0.0,
315247273_171bd98ba3_101_23812473@N00.jpg,45.926319,6.867828,45.928707122802734,7.872734069824219,0.031159447506070137,77.72311896820275,1,192,0.75,45.91509246826172,7.846983909606934,0.0390467494726181,75.75067006258114,1.9724489056216186,
315248304_34cc3e6aea_103_49777280@N00.jpg,41.149383,-8.610105,41.140541076660156,-8.612303733825684,0.01869220659136772,1.000268311000576,0,0,0.0,41.140541076660156,-8.612303733825684,0.01869220659136772,1.000268311000576,0.0,
315250382_760c517fb2_113_23812473@N00.jpg,43.115645,-2.625732,45.30825424194336,5.855533123016357,0.04617486149072647,718.156197180477,0,0,0.0,45.30825424194336,5.855533123016357,0.04617486149072647,718.156197180477,0.0,
315251374_21f8ef4ba5_115_49777280@N00.jpg,41.149383,-8.610105,41.13800811767578,-8.61113452911377,0.0409848690032959,1.2677655173823623,0,0,0.0,41.13800811767578,-8.61113452911377,0.0409848690032959,1.2677655173823623,0.0,
315252341_69577b3902_102_49777280@N00.jpg,41.149383,-8.610105,41.1469612121582,-8.612078666687012,0.012332288548350334,0.3159549422014975,2,256,1.0,41.1469612121582,-8.612078666687012,0.013217967934906483,0.3159549422014975,0.0,
315483979_24b5e5f599_102_23812473@N00.jpg,20.180287,-99.940567,39.93121337890625,-105.28197479248047,0.050970036536455154,2254.3887356987984,2,144,0.5625,44.36830520629883,-121.14212036132812,0.0690356120467186,3326.094917156685,-1071.7061814578865,
315519262_c1e9631fd8_102_40829484@N00.jpg,37.599,-112.201995,37.224998474121094,-112.8931655883789,0.08055634796619415,73.8640694714506,0,0,0.0,37.224998474121094,-112.8931655883789,0.08055634796619415,73.8640694714506,0.0,
315520274_8bbc052e35_122_40829484@N00.jpg,37.599,-112.201995,37.47260284423828,-112.24021911621094,0.05113287270069122,14.453212294058403,3,56,0.21875,37.74468994140625,-112.33031463623047,0.1022816151380539,19.748200408602376,-5.294988114543973,
315560086_e902f940fc_112_40829484@N00.jpg,36.5626,-118.613891,37.513893127441406,-119.59703826904297,0.07338440418243408,137.1264079834573,1,12,0.046875,37.50318908691406,-119.60111236572266,0.05555069446563721,136.44630737822405,0.6801006052332639,
315753950_bc46de165c_122_40829484@N00.jpg,37.83975,-122.275428,37.810630798339844,-122.41067504882812,0.02273446135222912,12.31231617530608,1,50,0.1953125,-23.97907257080078,-46.369041442871094,0.027234964072704315,10476.903130985125,-10464.590814809819,
315759267_35fd36ae65_110_40829484@N00.jpg,37.83975,-122.275428,37.811378479003906,-122.47747039794922,0.020969543606042862,18.023811827003517,0,0,0.0,37.811378479003906,-122.47747039794922,0.020969543606042862,18.023811827003517,0.0,
315876761_b49e569d85_105_14491548@N00.jpg,51.499459,-0.127705,51.49959945678711,-0.12770000100135803,0.009485876187682152,0.015621936666845474,4,22,0.0859375,52.39863586425781,0.2641359865665436,0.008595937862992287,103.52744242950965,-103.5118204928428,
316023053_eaa23bcac8_112_44067110@N00.jpg,51.453233,-2.597427,52.633087158203125,-1.1346060037612915,0.02253996580839157,164.9806783313035,4,66,0.2578125,24.695764541625977,84.99190521240234,0.023695532232522964,7725.558680666002,-7560.578002334699,
316318011_d59b353f3d_120_40829484@N00.jpg,36.202174,-115.054321,36.115516662597656,-115.1728744506836,0.017226044088602066,14.357288067011192,2,114,0.4453125,36.115909576416016,-115.17328643798828,0.017043108120560646,14.355478999861003,0.0018090671501891364,
316347031_1fa8e0536e_100_40829484@N00.jpg,36.202174,-115.054321,36.11506652832031,-115.1728515625,0.011907164007425308,14.38943159986276,1,48,0.1875,36.115909576416016,-115.17328643798828,0.012701551429927349,14.355478999861003,0.033952600001757816,
316353792_55ef83667a_120_40829484@N00.jpg,36.202174,-115.054321,36.11399841308594,-115.17333221435547,0.014121009036898613,14.501462916273196,0,0,0.0,36.11399841308594,-115.17333221435547,0.014121009036898613,14.501462916273196,0.0,
316397021_e9231f4657_109_14542551@N00.jpg,47.714381,106.952934,38.48045349121094,-119.9942626953125,0.026003612205386162,9364.436091232006,1,78,0.3046875,51.344337463378906,-115.83984375,0.03232046961784363,8270.287213503587,1094.1488777284194,
316435572_ccd3cd4445_106_26519935@N00.jpg,39.916319,116.390361,39.91625213623047,116.39019012451172,0.017301591113209724,0.016360084133143903,1,6,0.0234375,39.91625213623047,116.39019012451172,0.017300421372056007,0.016360084133143903,0.0,
316438842_4a7d42d893_115_26519935@N00.jpg,39.916319,116.390361,39.91625213623047,116.39019012451172,0.016698947176337242,0.016360084133143903,1,208,0.8125,39.91625213623047,116.39019012451172,0.01950189657509327,0.016360084133143903,0.0,
316441398_222dace3de_110_26519935@N00.jpg,39.916319,116.390361,39.91625213623047,116.39019012451172,0.019197681918740273,0.016360084133143903,1,104,0.40625,39.91625213623047,116.39019012451172,0.022229066118597984,0.016360084133143903,0.0,
316465518_480017c4bb_122_26519935@N00.jpg,39.916319,116.390361,39.918601989746094,116.39119720458984,0.02197173982858658,0.2636839278669685,5,101,0.39453125,39.87944412231445,116.40666961669922,0.01973642222583294,4.329904807217408,-4.066220879350439,
316468038_a4ca420b4d_107_26519935@N00.jpg,39.998032,116.269211,39.918601989746094,116.39119720458984,0.013738846406340599,13.642188682652261,10,56,0.21875,34.885929107666016,117.0703125,0.006967791821807623,572.8156296448323,-559.1734409621799,
316491961_14031ef765_120_26519935@N00.jpg,39.998032,116.269211,39.997257232666016,116.27122497558594,0.12400523573160172,0.19197322421919544,0,0,0.0,39.997257232666016,116.27122497558594,0.12400523573160172,0.19197322421919544,0.0,
316621970_3a09e9f9d3_119_55852171@N00.jpg,22.297454,114.172539,22.281471252441406,114.15644836425781,0.011430933140218258,2.4288191042941674,1,256,1.0,22.276865005493164,114.17713165283203,0.012602470815181732,2.337651274095339,0.09116783019882835,
31700873_d7c4159106_22_25159586@N00.jpg,34.68808,135.839852,34.68450927734375,135.84268188476562,0.04595991596579552,0.4739153976179357,0,0,0.0,34.68450927734375,135.84268188476562,0.04595991596579552,0.4739153976179357,0.0,
317081316_e7f55d0c37_118_26519935@N00.jpg,39.881651,116.406283,39.87944412231445,116.40666961669922,0.02320229634642601,0.2476015071795156,2,11,0.04296875,39.90657424926758,116.38984680175781,0.014982304535806179,3.1058869409101253,-2.8582854337306096,
317107251_7cda0f58d3_120_26519935@N00.jpg,31.236508,121.488103,31.23929786682129,121.49419403076172,0.04214313253760338,0.6569570612627162,0,0,0.0,31.23929786682129,121.49419403076172,0.04214313253760338,0.6569570612627162,0.0,
317112012_8b80ccd894_101_26519935@N00.jpg,31.226307,121.491193,30.745376586914062,120.48774719238281,0.014707380905747414,109.5882482694651,3,64,0.25,39.91735076904297,116.39111328125,0.014395489357411861,1070.337747446472,-960.7494991770068,
317138551_927e4aeb8f_120_40279823@N00.jpg,22.532695,103.365211,22.583581924438477,103.77685546875,0.14368484914302826,42.647812605899645,6,150,0.5859375,22.583581924438477,103.77685546875,0.08886594325304031,42.647812605899645,0.0,
317935751_97236482d0_125_77392231@N00.jpg,37.895548,-122.123551,40.075836181640625,-75.88239288330078,0.002319727325811982,3958.912221907673,0,0,0.0,40.075836181640625,-75.88239288330078,0.002319727325811982,3958.912221907673,0.0,
318232750_4c19f412af_126_44067110@N00.jpg,55.952141,-3.204472,55.95541763305664,-3.180885076522827,0.013253805227577686,1.5129037295999341,4,19,0.07421875,57.48120880126953,-4.228320121765137,0.010522953234612942,181.13496708946386,-179.62206335986392,
318403045_6d73f5dafc_132_59555137@N00.jpg,13.434954,103.88925,13.441047668457031,103.8592529296875,0.026604069396853447,3.314211556429008,0,0,0.0,13.441047668457031,103.8592529296875,0.026604069396853447,3.314211556429008,0.0,
318708432_5c210fea5b_137_44067110@N00.jpg,55.981858,-3.178091,56.456966400146484,-2.9680140018463135,0.1437058299779892,54.40280690174604,0,0,0.0,56.456966400146484,-2.9680140018463135,0.1437058299779892,54.40280690174604,0.0,
318716569_f42c716dee_133_44067110@N00.jpg,51.507519,0.028505,48.834407806396484,9.15233039855957,0.04098965972661972,713.9040312218777,0,0,0.0,48.834407806396484,9.15233039855957,0.04098965972661972,713.9040312218777,0.0,
318802324_c8b0ad8ee7_135_44067110@N00.jpg,38.707536,-9.136447,38.72599792480469,-9.15090274810791,0.012434570118784904,2.4056712073520172,3,59,0.23046875,38.69539260864258,-9.206542015075684,0.009554174728691578,6.230792887547207,-3.82512168019519,
318834499_0aeaf2b771_137_44067110@N00.jpg,42.880602,-8.545055,40.86444091796875,-73.9319076538086,0.003224907908588648,5278.062718135035,2,150,0.5859375,40.86444091796875,-73.9319076538086,0.009521528147161007,5278.062718135035,0.0,
318855058_b978d151af_138_44067110@N00.jpg,43.303136,-8.379747,42.88930892944336,-8.493708610534668,0.1530703753232956,46.93664995478546,0,0,0.0,42.88930892944336,-8.493708610534668,0.1530703753232956,46.93664995478546,0.0,
318859803_62d6cf66cb_137_44067110@N00.jpg,43.386052,-8.408388,36.51543045043945,-121.9478988647461,0.019234012812376022,8883.830927335039,0,0,0.0,36.51543045043945,-121.9478988647461,0.019234012812376022,8883.830927335039,0.0,
319429646_003ee8419e_129_59398218@N00.jpg,12.653068,-7.987232,31.63132095336914,-8.012470245361328,0.01131783239543438,2110.289938780284,0,0,0.0,31.63132095336914,-8.012470245361328,0.01131783239543438,2110.289938780284,0.0,
320605480_0ca83a4301_138_82927779@N00.jpg,-32.473008,19.276388,-32.5182991027832,19.174196243286133,0.18401695787906647,10.826719642131794,6,104,0.40625,17.612863540649414,106.30482482910156,0.026534289121627808,10778.888135537987,-10768.061415895856,
320631397_d6abc1ed08_129_82927779@N00.jpg,-32.514127,19.31323,-21.708791732788086,122.22908020019531,0.028323883190751076,9856.541206497595,3,224,0.875,-22.560041427612305,45.371368408203125,0.04963983595371246,2787.7083251477407,7068.832881349855,
321654432_0828d5a11b_124_44067110@N00.jpg,23.182283,75.785763,19.021875381469727,74.70874786376953,0.05173533409833908,475.9091074206689,5,72,0.28125,17.665327072143555,75.89973449707031,0.08049237728118896,613.5731826117266,-137.6640751910577,
321720530_f2a31b2549_128_81421684@N00.jpg,39.91306,116.45688,43.64249038696289,-79.38685607910156,0.007454018574208021,10589.101103835152,1,176,0.6875,25.19601058959961,55.27487564086914,0.016711905598640442,5846.274099038103,4742.827004797049,
322323250_b8d7f1bdb1_141_82981539@N00.jpg,37.736919,-25.50373,37.776145935058594,-25.459680557250977,0.15535463392734528,5.832844579489047,5,59,0.23046875,51.18709182739258,-4.159355163574219,0.025780269876122475,2244.6461657632817,-2238.8133211837926,
322333600_3a75379421_125_82981539@N00.jpg,37.846663,-25.215339,-26.404659271240234,-54.620819091796875,0.01284308172762394,7774.949202294648,1,240,0.9375,-26.404659271240234,-54.620819091796875,0.058842964470386505,7774.949202294648,0.0,
322343421_84d421d813_126_82981539@N00.jpg,37.763115,-25.341339,37.75999450683594,-25.310955047607422,0.0651712715625763,2.6934078386357028,0,0,0.0,37.75999450683594,-25.310955047607422,0.0651712715625763,2.6934078386357028,0.0,
322354508_adc72a420a_123_82981539@N00.jpg,37.839072,-25.792121,37.855613708496094,-25.787906646728516,0.20774605870246887,1.8762098198074795,1,42,0.1640625,52.04193115234375,122.06307983398438,0.01695195585489273,9545.97938554908,-9544.103175729273,
323391576_bf3011f5f8_127_78221228@N00.jpg,-42.922617,-71.315002,-39.19727325439453,175.57696533203125,0.0820179358124733,8674.783429897196,0,0,0.0,-39.19727325439453,175.57696533203125,0.0820179358124733,8674.783429897196,0.0,
323780075_7a574dbf0e_136_26519935@N00.jpg,22.287944,114.207644,22.289518356323242,113.94053649902344,0.02469659224152565,27.48246091828578,0,0,0.0,22.289518356323242,113.94053649902344,0.02469659224152565,27.48246091828578,0.0,
323788192_26c8dd9de1_141_26519935@N00.jpg,22.287944,114.207644,22.271440505981445,114.14889526367188,0.03935474902391434,6.31728916866661,1,160,0.625,22.271440505981445,114.14889526367188,0.04183917120099068,6.31728916866661,0.0,
323789319_21c25468b0_137_26519935@N00.jpg,22.287944,114.207644,22.270877838134766,114.14909362792969,0.01947273127734661,6.3162878893138075,0,0,0.0,22.270877838134766,114.14909362792969,0.01947273127734661,6.3162878893138075,0.0,
323789434_8eb1149c93_136_26519935@N00.jpg,22.287944,114.207644,22.239011764526367,114.152099609375,0.01844448409974575,7.891480481258185,1,20,0.078125,22.441999435424805,113.95066833496094,0.025915222242474556,31.49166969402759,-23.600189212769404,
323807444_e6405c7bea_124_26519935@N00.jpg,22.24954,113.924703,22.24907112121582,113.91404724121094,0.26566120982170105,1.0978873730781125,0,0,0.0,22.24907112121582,113.91404724121094,0.26566120982170105,1.0978873730781125,0.0,
323811411_76bfb23e45_144_26519935@N00.jpg,22.255101,113.905992,22.254024505615234,113.90498352050781,0.02036503329873085,0.1584285128006075,0,0,0.0,22.254024505615234,113.90498352050781,0.02036503329873085,0.1584285128006075,0.0,
323812702_56b1893e47_129_26519935@N00.jpg,22.255101,113.905992,22.254024505615234,113.90498352050781,0.33518490195274353,0.1584285128006075,1,25,0.09765625,22.254024505615234,113.90498352050781,0.09252573549747467,0.1584285128006075,0.0,
323834637_eeedb25a52_134_26519935@N00.jpg,22.283457,114.170136,22.293176651000977,114.17186737060547,0.018976081162691116,1.095359404167458,0,0,0.0,22.293176651000977,114.17186737060547,0.018976081162691116,1.095359404167458,0.0,
323845269_1f2dc85f2a_124_26519935@N00.jpg,22.283457,114.157991,40.75999069213867,-73.9753646850586,0.0034343695733696222,12954.704051956283,3,183,0.71484375,22.280757904052734,114.15975952148438,0.0023184767924249172,0.3509808772444839,12954.353071079038,
323879276_dae64e1893_137_26519935@N00.jpg,22.45728,114.245195,22.472270965576172,114.23188781738281,0.023447616025805473,2.1560211699034135,0,0,0.0,22.472270965576172,114.23188781738281,0.023447616025805473,2.1560211699034135,0.0,
323905120_1bfd67e6da_140_26519935@N00.jpg,22.497966,114.279527,22.422086715698242,114.32484436035156,0.08502789586782455,9.6372134886493,0,0,0.0,22.422086715698242,114.32484436035156,0.08502789586782455,9.6372134886493,0.0,
324342504_edbb367300_138_32649801@N00.jpg,31.238637,121.448364,31.217205047607422,121.4703369140625,0.012639595195651054,3.169286514740741,6,28,0.109375,28.38173484802246,100.283203125,0.011083722114562988,2063.3268782369632,-2060.1575917222226,
324529067_8ca2d59f90_144_26519935@N00.jpg,25.807,118.836107,25.60650062561035,100.26766967773438,0.1283222734928131,1858.9527356971414,2,65,0.25390625,39.01011276245117,125.78418731689453,0.01867530308663845,1605.1482468160134,253.804488881128,
324530185_2ecaca40be_138_26519935@N00.jpg,25.807,118.836107,24.926294326782227,117.0098876953125,0.05497336387634277,207.98194308887778,2,240,0.9375,24.926294326782227,117.0098876953125,0.05017302930355072,207.98194308887778,0.0,
324539671_9f76fbc471_140_26519935@N00.jpg,25.807,118.836107,24.926294326782227,117.0098876953125,0.03467848151922226,207.98194308887778,0,0,0.0,24.926294326782227,117.0098876953125,0.03467848151922226,207.98194308887778,0.0,
324563776_cb60ff71f3_143_26519935@N00.jpg,25.807,118.836107,24.5603084564209,121.22966766357422,0.052109308540821075,277.8893203845884,5,106,0.4140625,30.30168914794922,119.12713623046875,0.017571674659848213,500.6018253172147,-222.7125049326263,
324575129_b182fc4266_136_26519935@N00.jpg,25.807,118.836107,24.926294326782227,117.0098876953125,0.10538680851459503,207.98194308887778,0,0,0.0,24.926294326782227,117.0098876953125,0.10538680851459503,207.98194308887778,0.0,
32475180_a217d82b2e_21_14542551@N00.jpg,47.752482,106.243629,41.84296417236328,75.0750732421875,0.4071587324142456,2526.672836889971,2,10,0.0390625,-51.28425216674805,-72.61962890625,0.02005879022181034,19613.930996664374,-17087.258159774403,
326109501_3966b437eb_134_56249023@N00.jpg,-41.198548,-71.312599,-41.05592346191406,-71.56399536132812,0.05251273140311241,26.360644321133414,0,0,0.0,-41.05592346191406,-71.56399536132812,0.05251273140311241,26.360644321133414,0.0,
326500513_aa55fcb368_136_90672364@N00.jpg,51.573278,-0.223867,51.734920501708984,-0.45837798714637756,0.005922573618590832,24.18236908004817,0,0,0.0,51.734920501708984,-0.45837798714637756,0.005922573618590832,24.18236908004817,0.0,
326543147_79a3ad6aaf_136_69641014@N00.jpg,42.384811,-71.086628,40.62900161743164,-74.01734161376953,0.007506055291742086,312.49634135990135,1,18,0.0703125,35.79574966430664,-83.53462219238281,0.0020686525385826826,1298.2146465386377,-985.7183051787363,
326593080_54cb5db230_141_50994135@N00.jpg,55.869255,-4.281857,55.87224578857422,-4.288518905639648,0.029310181736946106,0.532292541813453,1,256,1.0,55.87224578857422,-4.288518905639648,0.02384869009256363,0.532292541813453,0.0,
32680386_660c626f40_23_49503208420@N01.jpg,45.434237,12.343182,45.43915939331055,12.319170951843262,0.00645978981629014,1.9517860819882018,1,256,1.0,45.43848419189453,12.318592071533203,0.006162360776215792,1.9759150580383642,-0.0241289760501624,
32681131_d608cf3ebb_22_49503208420@N01.jpg,45.431105,12.342882,45.41558074951172,12.373120307922363,0.003589207073673606,2.9238688605116683,3,210,0.8203125,45.43015670776367,12.358223915100098,0.0021637938916683197,1.2018200053097752,1.722048855201893,
326979976_10e3267c51_138_12814307@N00.jpg,50.870382,4.352753,51.06243896484375,4.57965087890625,0.016474200412631035,26.61831916404839,3,256,1.0,49.249725341796875,-122.80416870117188,0.017230801284313202,7805.190086034646,-7778.5717668705975,
327009343_c2fdc0efb1_139_17362713@N00.jpg,12.925599,100.891571,16.432214736938477,102.83700561523438,0.011781021021306515,442.5045714729829,8,131,0.51171875,16.432214736938477,102.83700561523438,0.017197759822010994,442.5045714729829,0.0,
327432162_204be99904_142_50994135@N00.jpg,55.857226,-4.282822,55.85711669921875,-4.287414073944092,0.08288790285587311,0.28684483096316954,0,0,0.0,55.85711669921875,-4.287414073944092,0.08288790285587311,0.28684483096316954,0.0,
327924262_868dd2652e_143_73293249@N00.jpg,45.919806,7.098764,45.86192321777344,7.072277069091797,0.0376022644340992,6.754850527975478,1,24,0.09375,44.81715774536133,6.4721479415893555,0.01900804042816162,132.01841696572808,-125.2635664377526,
328477750_178f6ceb9d_129_56249023@N00.jpg,-16.328541,-71.596355,20.737974166870117,-99.93936157226562,0.01620500348508358,5153.052661307019,2,24,0.09375,38.296260833740234,-6.209163188934326,0.03170047700405121,9116.237572475726,-3963.184911168707,
329033253_8619c37f63_131_40425693@N00.jpg,45.652208,13.772263,45.6507682800293,13.769989013671875,0.013399318791925907,0.23847412315464553,2,10,0.0390625,45.46466064453125,9.189919471740723,0.00467204162850976,357.3262418966879,-357.0877677735333,
329515006_b5e4d0e03e_146_41315423@N00.jpg,39.949527,-75.162491,39.94998550415039,-75.16411590576172,0.003893058281391859,0.14759690435737347,1,256,1.0,40.71590805053711,-74.00470733642578,0.0019350711954757571,129.97152226892445,-129.82392536456706,
329628192_642639b46a_149_93455345@N00.jpg,49.843296,24.026412,50.062068939208984,19.937610626220703,0.008625701069831848,293.5064113459943,2,170,0.6640625,50.062068939208984,19.937610626220703,0.01097913458943367,293.5064113459943,0.0,
329826737_54f313ac5c_143_75452460@N00.jpg,47.101446,14.552764,47.63309860229492,15.83404541015625,0.04933781549334526,113.16263195083866,1,2,0.0078125,47.049888610839844,14.302654266357422,0.060995254665613174,19.788776687580942,93.37385526325772,
330411830_d36fb5d630_130_41315423@N00.jpg,41.426977,-84.551564,42.45880126953125,-81.99542999267578,0.04245612025260925,240.52426645789274,1,208,0.8125,42.45880126953125,-81.99542999267578,0.034891415387392044,240.52426645789274,0.0,
331224721_11264851e6_129_93455345@N00.jpg,46.042735,4.074554,39.33454513549805,-89.47785186767578,0.01265782956033945,7224.895296345822,4,197,0.76953125,46.87245559692383,15.926313400268555,0.017928456887602806,911.6546335728883,6313.240662772934,
331904753_3c23f1e10b_132_29251780@N00.jpg,51.677026,-4.702148,51.566612243652344,-4.005888938903809,0.016447579488158226,49.60951836582796,0,0,0.0,51.566612243652344,-4.005888938903809,0.016447579488158226,49.60951836582796,0.0,
331988145_2303e98396_151_77235581@N00.jpg,58.189098,-6.376533,56.03992462158203,-4.397621154785156,0.03344404697418213,267.1518614074266,3,16,0.0625,55.66511154174805,-4.461487770080566,0.025893550366163254,303.73036448604313,-36.57850307861651,
331988444_6b59134d37_90_77235581@N00.jpg,58.189098,-6.376533,48.84116744995117,-3.005666971206665,0.02459361031651497,1062.7282410516355,0,0,0.0,48.84116744995117,-3.005666971206665,0.02459361031651497,1062.7282410516355,0.0,
331989316_22825d7df5_159_77235581@N00.jpg,58.202872,-6.379451,58.209102630615234,-6.391489028930664,0.018391357734799385,0.9886193307079592,0,0,0.0,58.209102630615234,-6.391489028930664,0.018391357734799385,0.9886193307079592,0.0,
331991850_3be29ce4b1_139_77235581@N00.jpg,58.202872,-6.379451,57.14545822143555,-2.0734970569610596,0.07892516255378723,281.6715022133565,0,0,0.0,57.14545822143555,-2.0734970569610596,0.07892516255378723,281.6715022133565,0.0,
331993063_b9b9a70875_153_77235581@N00.jpg,58.202872,-6.379451,58.206443786621094,-6.390438079833984,0.03520655632019043,0.7563681778940674,0,0,0.0,58.206443786621094,-6.390438079833984,0.03520655632019043,0.7563681778940674,0.0,
332061179_f2c42f7ff6_144_12814307@N00.jpg,51.010588,4.490629,51.569854736328125,4.6369171142578125,0.007710360921919346,63.014205625223155,0,0,0.0,51.569854736328125,4.6369171142578125,0.007710360921919346,63.014205625223155,0.0,
332261255_cc04fb370e_161_70323761@N00.jpg,40.704468,-74.013825,40.70720672607422,-74.01072692871094,0.006711244583129883,0.4011708305349516,2,143,0.55859375,40.70718765258789,-74.01113891601562,0.007757625542581081,0.37778126230394343,0.023389568231008184,
333575403_832eb341a4_158_65367662@N00.jpg,40.08812,-88.19146,42.980648040771484,-85.59040069580078,0.054446030408144,387.666144344169,0,0,0.0,42.980648040771484,-85.59040069580078,0.054446030408144,387.666144344169,0.0,
333674019_429b54011c_152_65367662@N00.jpg,36.877422,-119.23599,41.46613311767578,-76.57685089111328,0.002369790570810437,3675.0870830181047,0,0,0.0,41.46613311767578,-76.57685089111328,0.002369790570810437,3675.0870830181047,0.0,
333674821_06bc2c7d00_162_65367662@N00.jpg,36.877422,-119.23599,38.81911849975586,-120.93440246582031,0.04482346400618553,262.3894286051052,0,0,0.0,38.81911849975586,-120.93440246582031,0.04482346400618553,262.3894286051052,0.0,
333699879_2e07508ba8_162_65367662@N00.jpg,37.74737,-122.42168,37.826175689697266,-122.422119140625,0.0345286950469017,8.762889962155434,0,0,0.0,37.826175689697266,-122.422119140625,0.0345286950469017,8.762889962155434,0.0,
334389684_dae184d0db_138_65367662@N00.jpg,49.475876,34.380257,51.842193603515625,-4.149655818939209,0.0038158977404236794,2696.734373958124,1,256,1.0,51.842193603515625,-4.149655818939209,0.005075447261333466,2696.734373958124,0.0,
334792185_fd30ad4097_152_65367662@N00.jpg,37.300163,-121.77647,50.06942367553711,22.23435401916504,0.0022216979414224625,9678.907658597878,1,176,0.6875,47.84092712402344,0.5880259871482849,0.004441305994987488,8961.810094868486,717.0975637293923,
334797817_910e96579f_137_65367662@N00.jpg,37.300163,-121.77647,39.871917724609375,-75.67549896240234,0.003028020728379488,3972.708095319841,1,240,0.9375,39.871917724609375,-75.67549896240234,0.009598354808986187,3972.708095319841,0.0,
335333478_fa15203a19_136_65367662@N00.jpg,36.72389,-118.95335,30.43150520324707,-98.3453140258789,0.0083837378770113,2028.2365338348752,2,130,0.5078125,32.8891716003418,-116.95709991455078,0.00483619375154376,463.686589300012,1564.5499445348632,
335482816_c5488ff1f3_153_65367662@N00.jpg,36.7371,-118.96593,37.50318908691406,-119.60111236572266,0.12326556444168091,102.11799195356177,0,0,0.0,37.50318908691406,-119.60111236572266,0.12326556444168091,102.11799195356177,0.0,
335764761_c14a735348_163_96388182@N00.jpg,42.32538,-83.451172,50.957130432128906,-114.02495574951172,0.0036608863156288862,2501.076043489693,7,92,0.359375,42.052310943603516,-88.03366088867188,0.011746152304112911,378.71632720864085,2122.359716281052,
33582773_435577ae9d_22_39303693@N00.jpg,46.669667,-86.16038,37.675567626953125,-6.584329128265381,0.004247740842401981,6351.686513439895,0,0,0.0,37.675567626953125,-6.584329128265381,0.004247740842401981,6351.686513439895,0.0,
335923946_80b5325ec7_157_65367662@N00.jpg,38.91044,-77.440865,38.911808013916016,-77.44331359863281,0.08375049382448196,0.2608148124842641,1,80,0.3125,49.0040397644043,2.5710361003875732,0.04536117613315582,6200.6950388931455,-6200.434224080661,
336153115_152dd86e9c_148_65367662@N00.jpg,40.53445,-121.56876,40.494659423828125,-121.42456817626953,0.036018479615449905,12.967437791550465,1,96,0.375,40.494659423828125,-121.42456817626953,0.06618181616067886,12.967437791550465,0.0,
336185727_047a25844c_144_56249023@N00.jpg,-47.031934,-67.259674,42.66482925415039,0.19105899333953857,0.020410047844052315,11973.51735690943,0,0,0.0,42.66482925415039,0.19105899333953857,0.020410047844052315,11973.51735690943,0.0,
336307891_b6b4111e66_79_65367662@N00.jpg,30.627573,-96.33164,30.106300354003906,-97.21947479248047,0.042193010449409485,103.02895002296867,2,15,0.05859375,-31.444774627685547,-53.884761810302734,0.004402434919029474,8226.403371913064,-8123.374421890096,
336376469_e71d5842e1_142_65367662@N00.jpg,37.414345,-122.04613,39.661888122558594,-119.8801498413086,0.0516962856054306,312.9428974212135,1,256,1.0,47.51959228515625,-122.29761505126953,0.028626691550016403,1123.8413838453434,-810.8984864241299,
336439856_7a3a838edc_166_50994135@N00.jpg,55.857226,-4.282822,55.859622955322266,-4.290719032287598,0.07351494580507278,0.5602858982004757,0,0,0.0,55.859622955322266,-4.290719032287598,0.07351494580507278,0.5602858982004757,0.0,
336442517_63e1115399_154_50994135@N00.jpg,55.860121,-4.253321,55.861148834228516,-4.250741958618164,0.027045976370573044,0.19739386663795422,3,62,0.2421875,36.115909576416016,-115.17328643798828,0.010004943236708641,7892.170443817757,-7891.973049951119,
336466397_0a77c852fc_133_65367662@N00.jpg,37.414345,-122.04613,33.98130416870117,-117.64131164550781,0.10769902169704437,551.1740040318122,1,50,0.1953125,58.89107894897461,5.640791893005371,0.047440845519304276,8270.268297819408,-7719.094293787596,
336484296_4fd70f5079_129_65367662@N00.jpg,37.414345,-122.04613,39.843997955322266,-85.90553283691406,0.05316492170095444,3129.6333225565113,1,21,0.08203125,32.86473846435547,-117.13948822021484,0.07057080417871475,674.3056040463341,2455.327718510177,
336704316_7a59701ccd_144_65367662@N00.jpg,39.44017,-120.23025,37.2958984375,-7.550099849700928,0.0053137741051614285,9060.918478630023,0,0,0.0,37.2958984375,-7.550099849700928,0.0053137741051614285,9060.918478630023,0.0,
337041068_b82764feb7_166_94949650@N00.jpg,13.4327,103.880023,20.892175674438477,-88.14399719238281,0.06694653630256653,15978.612699961159,0,0,0.0,20.892175674438477,-88.14399719238281,0.06694653630256653,15978.612699961159,0.0,
337062989_edf9b3dd9c_129_94949650@N00.jpg,10.766953,106.702308,10.759180068969727,106.6624984741211,0.034386638551950455,4.433808423580748,8,124,0.484375,21.031694412231445,105.851318359375,0.016559787094593048,1144.999021955604,-1140.565213532023,
337063030_7969a7b51c_160_65367662@N00.jpg,36.45843,-121.92146,37.22900390625,-122.09962463378906,0.01584664173424244,87.13839383157453,0,0,0.0,37.22900390625,-122.09962463378906,0.01584664173424244,87.13839383157453,0.0,
337118406_ace0f9b03d_147_65367662@N00.jpg,36.74989,-118.83773,37.74153518676758,-119.58489227294922,0.017441751435399055,128.57792911251062,1,36,0.140625,52.27073287963867,4.546751022338867,0.0019748115446418524,8702.435707109473,-8573.857777996962,
337320907_65d68400bb_137_65367662@N00.jpg,36.553776,-117.0401,32.08650588989258,-106.4845199584961,0.03390471637248993,1088.3302523772322,1,45,0.17578125,41.140655517578125,1.05022394657135,0.005020045675337315,9324.666350872581,-8236.336098495349,
337519612_a20759c2a7_139_63163416@N00.jpg,30.051636,31.237993,25.37628936767578,55.30792236328125,0.005887468811124563,2420.8677665983996,4,45,0.17578125,39.021183013916016,125.74813842773438,0.12212631106376648,8315.904288952497,-5895.0365223540975,
337520827_afa3753336_130_63163416@N00.jpg,30.051636,31.237993,33.605934143066406,-7.631591796875,0.021931756287813187,3672.005895942105,2,39,0.15234375,24.412168502807617,54.47419357299805,0.028277888894081116,2376.5835584805377,1295.4223374615672,
337534295_8a12d1be27_145_65367662@N00.jpg,38.13896,-122.23405,49.24620056152344,6.139211177825928,0.01272642519325018,9054.175475148139,1,132,0.515625,-37.41880416870117,-12.481254577636719,0.03981206938624382,13999.451139580058,-4945.27566443192,
337601077_c468d9e781_156_77235581@N00.jpg,58.202872,-6.379451,55.634925842285156,-4.823855876922607,0.03870103880763054,300.72637904892935,1,18,0.0703125,-12.083722114562988,-77.17019653320312,0.014818727038800716,10061.070819629636,-9760.344440580708,
337601216_800d8377a6_158_77235581@N00.jpg,58.202872,-6.379451,54.64474105834961,-5.530546188354492,0.06408701837062836,399.0672600708562,0,0,0.0,54.64474105834961,-5.530546188354492,0.06408701837062836,399.0672600708562,0.0,
337622802_7021e7ceb8_152_77235581@N00.jpg,58.204285,-6.372027,57.3341178894043,-6.061018943786621,0.07293769717216492,98.50021313513672,0,0,0.0,57.3341178894043,-6.061018943786621,0.07293769717216492,98.50021313513672,0.0,
337630068_6939be9c3b_147_77235581@N00.jpg,58.202872,-6.379451,55.9930534362793,-3.2952969074249268,0.020916040986776352,308.28713703073606,0,0,0.0,55.9930534362793,-3.2952969074249268,0.020916040986776352,308.28713703073606,0.0,
337674214_b1650f1de4_143_65367662@N00.jpg,38.188816,-119.99902,39.29896926879883,-120.31196594238281,0.039754875004291534,126.39173847627642,0,0,0.0,39.29896926879883,-120.31196594238281,0.039754875004291534,126.39173847627642,0.0,
337766077_ecb1634894_164_65367662@N00.jpg,37.715874,-119.6466,61.3593864440918,23.851490020751953,0.022275730967521667,8515.17476089135,0,0,0.0,61.3593864440918,23.851490020751953,0.022275730967521667,8515.17476089135,0.0,
337850202_0481d003e7_129_65367662@N00.jpg,37.715874,-119.6466,61.441650390625,23.82857322692871,0.01115856971591711,8506.5797475928,1,143,0.55859375,61.441650390625,23.82857322692871,0.04474475607275963,8506.5797475928,0.0,
337866907_3f69c49d11_160_65367662@N00.jpg,37.30839,-121.8022,34.900699615478516,-92.49910736083984,0.003716943319886923,2635.5733442277724,1,165,0.64453125,32.8891716003418,-116.95709991455078,0.0025538066402077675,659.9121792891826,1975.6611649385898,
337931775_5f954d8993_143_65367662@N00.jpg,42.169003,-123.54675,39.2290153503418,-123.38788604736328,0.06990215182304382,327.18617928647075,0,0,0.0,39.2290153503418,-123.38788604736328,0.06990215182304382,327.18617928647075,0.0,
337941296_63bf00d2ec_141_65367662@N00.jpg,42.169003,-123.54675,10.039175033569336,125.02647399902344,0.05671936646103859,10964.163536157805,0,0,0.0,10.039175033569336,125.02647399902344,0.05671936646103859,10964.163536157805,0.0,
337950622_c8b0ce2612_146_65367662@N00.jpg,42.169003,-123.54675,32.17713928222656,-104.4427261352539,0.14358973503112793,2017.4010674008016,0,0,0.0,32.17713928222656,-104.4427261352539,0.14358973503112793,2017.4010674008016,0.0,
337962444_9d38a2e1b4_143_65367662@N00.jpg,42.938328,-122.09758,42.93946075439453,-122.1738052368164,0.1542518436908722,6.206299306595353,0,0,0.0,42.93946075439453,-122.1738052368164,0.1542518436908722,6.206299306595353,0.0,
337999539_44b51e67e5_158_65367662@N00.jpg,37.30839,-121.8022,19.25550651550293,72.97369384765625,0.01667666621506214,13537.712247815261,1,256,1.0,19.25550651550293,72.97369384765625,0.008108898997306824,13537.712247815261,0.0,
338070970_d926da275d_126_65367662@N00.jpg,37.8088,-122.42355,37.80649948120117,-122.43550109863281,0.04074019938707352,1.0806441611632567,1,12,0.046875,32.87725067138672,-117.06395721435547,0.07507283985614777,732.52888949603,-731.4482453348668,
338134217_b6ba0b28e3_129_65367662@N00.jpg,36.595135,-118.72169,34.19602584838867,-118.02278900146484,0.1228143647313118,274.1852995733112,0,0,0.0,34.19602584838867,-118.02278900146484,0.1228143647313118,274.1852995733112,0.0,
338236169_95bd4c9529_128_65367662@N00.jpg,36.78169,-118.63223,44.81829833984375,34.89543151855469,0.014610611833631992,10559.431772751042,4,224,0.875,64.49468231201172,60.025177001953125,0.018244929611682892,8753.065017387058,1806.3667553639843,
338579734_19955c5055_155_63163416@N00.jpg,30.051636,31.237993,39.90595626831055,41.27765655517578,0.008974517695605755,1425.325916742091,1,256,1.0,39.90595626831055,41.27765655517578,0.015172065235674381,1425.325916742091,0.0,
338584174_bf1940c300_123_63163416@N00.jpg,30.051636,31.237993,33.51136016845703,36.306671142578125,0.02449621818959713,614.2865619979134,1,256,1.0,37.87810516357422,-4.780768871307373,0.024215463548898697,3410.955810507155,-2796.6692485092417,
338612532_488a7843f5_124_65367662@N00.jpg,36.74989,-118.83773,37.86577224731445,-120.1258544921875,0.05275760591030121,168.44544873637753,1,6,0.0234375,34.00613784790039,107.43787384033203,0.017804384231567383,10802.637353910039,-10634.19190517366,
338641330_f63a44088b_150_65367662@N00.jpg,36.78665,-118.66296,41.45147705078125,-78.56666564941406,0.002462618751451373,3466.351677879148,0,0,0.0,41.45147705078125,-78.56666564941406,0.002462618751451373,3466.351677879148,0.0,
338647100_b0eaed8918_166_63163416@N00.jpg,30.051636,31.237993,33.51136016845703,36.306671142578125,0.06493861228227615,614.2865619979134,8,44,0.171875,48.80519485473633,2.1210899353027344,0.005545393563807011,3221.3969532263873,-2607.110391228474,
338771297_34e5146dda_133_65367662@N00.jpg,37.309013,-119.03068,38.29903030395508,-119.7411880493164,0.04238434508442879,126.5505191035519,1,54,0.2109375,38.72663497924805,-119.76350402832031,0.05082571133971214,170.20169201433802,-43.651172910786116,
338783972_00d0ac0448_124_65367662@N00.jpg,36.851604,-118.95034,38.23423767089844,-119.72209930419922,0.025530904531478882,168.12447795808828,1,77,0.30078125,37.926570892333984,-119.45596313476562,0.06210939213633537,127.60475918708627,40.519718771002005,
338813171_2b5abca5bc_148_65367662@N00.jpg,40.83422,-122.75927,60.29940414428711,24.621145248413086,0.009982433170080185,8383.06964547584,0,0,0.0,60.29940414428711,24.621145248413086,0.009982433170080185,8383.06964547584,0.0,
338819884_0303305b54_126_65367662@N00.jpg,40.83422,-122.75927,44.235084533691406,-71.2503662109375,0.005938206799328327,4167.860121525485,1,88,0.34375,43.589622497558594,-70.20564270019531,0.0033970465883612633,4266.380732484876,-98.52061095939098,
338860529_edc2bb9876_127_63163416@N00.jpg,29.8984,31.193532,29.868921279907227,31.21661949157715,0.020866025239229202,3.9622059465501276,0,0,0.0,29.868921279907227,31.21661949157715,0.020866025239229202,3.9622059465501276,0.0,
338864024_9c2f3c6f04_153_65367662@N00.jpg,37.32557,-121.86358,32.735958099365234,-117.14900970458984,0.009837286546826363,666.665089695408,1,44,0.171875,34.127994537353516,-118.1123046875,0.0056868866086006165,490.91363565382443,175.7514540415836,
338866914_c692fd3706_149_63163416@N00.jpg,29.929423,31.236963,25.69892692565918,32.64235305786133,0.04489339143037796,490.279376081493,1,192,0.75,25.69892692565918,32.64235305786133,0.031785689294338226,490.279376081493,0.0,
338875021_a171956837_151_65367662@N00.jpg,36.422344,-116.84299,36.324668884277344,-116.84963989257812,0.058338943868875504,10.877298345658232,0,0,0.0,36.324668884277344,-116.84963989257812,0.058338943868875504,10.877298345658232,0.0,
338972365_43e184797c_158_63163416@N00.jpg,30.016192,31.205377,29.976430892944336,31.13622283935547,0.06961055099964142,7.993631184619711,0,0,0.0,29.976430892944336,31.13622283935547,0.06961055099964142,7.993631184619711,0.0,
339209475_006c434ba6_129_65367662@N00.jpg,37.30839,-121.8022,30.193397521972656,-97.61173248291016,0.006843084469437599,2364.245741550355,1,256,1.0,43.92802429199219,-70.3499755859375,0.0161548163741827,4333.36497026664,-1969.1192287162849,
339313032_980ff766b2_127_65367662@N00.jpg,36.157833,-115.15457,36.11272048950195,-115.17298126220703,0.01107644010335207,5.28175293939973,0,0,0.0,36.11272048950195,-115.17298126220703,0.01107644010335207,5.28175293939973,0.0,
339330889_e49a4a6cb0_130_90833046@N00.jpg,44.982133,-93.152003,42.98053741455078,-85.58812713623047,0.0344339981675148,644.5217302833074,1,160,0.625,42.98053741455078,-85.58812713623047,0.0625561997294426,644.5217302833074,0.0,
339337656_ac1cd0d248_127_90833046@N00.jpg,44.982133,-93.152003,46.850257873535156,-96.86006164550781,0.010401793755590916,354.1041728014894,1,132,0.515625,35.52315902709961,-97.47241973876953,0.012615782208740711,1113.421205766178,-759.3170329646886,
339341033_08806bca61_162_90833046@N00.jpg,44.982133,-93.152003,44.76545715332031,-93.19197845458984,0.06418764591217041,24.298340478848722,1,98,0.3828125,39.750633239746094,-104.94711303710938,0.01923958770930767,1128.5631299923182,-1104.2647895134694,
339341215_e9469c0cb1_162_90833046@N00.jpg,44.982133,-93.152003,51.04618453979492,-114.03001403808594,0.04489710181951523,1685.541712913063,2,219,0.85546875,51.04618453979492,-114.03001403808594,0.02745935134589672,1685.541712913063,0.0,
339342415_d63d054a25_135_65367662@N00.jpg,36.129,-112.03994,35.98055648803711,-113.81637573242188,0.13916628062725067,160.54325033177759,0,0,0.0,35.98055648803711,-113.81637573242188,0.13916628062725067,160.54325033177759,0.0,
339345948_d8367fb466_129_90833046@N00.jpg,44.982133,-93.152003,43.7687873840332,142.47816467285156,0.022781996056437492,8720.591410124618,0,0,0.0,43.7687873840332,142.47816467285156,0.022781996056437492,8720.591410124618,0.0,
339349158_4db1d1ae02_164_90833046@N00.jpg,45.127925,-93.137111,51.734920501708984,-0.45837798714637756,0.004062637686729431,6403.48785962002,0,0,0.0,51.734920501708984,-0.45837798714637756,0.004062637686729431,6403.48785962002,0.0,
339357558_4be0580fa8_141_65367662@N00.jpg,36.129,-112.03994,36.05790328979492,-112.1399154663086,0.030263498425483704,11.966316635601174,0,0,0.0,36.05790328979492,-112.1399154663086,0.030263498425483704,11.966316635601174,0.0,
339372756_fe25417821_124_65367662@N00.jpg,35.46359,-116.05033,33.84247589111328,-115.76285552978516,0.05092799291014671,182.1674214288132,1,91,0.35546875,34.04753875732422,-116.21955871582031,0.0747796818614006,158.21500796818535,23.952413460627866,
339445735_036ccf1dc0_136_63163416@N00.jpg,30.016192,31.205377,8.307811737060547,77.23079681396484,0.0032497954089194536,5353.9896480550315,0,0,0.0,8.307811737060547,77.23079681396484,0.0032497954089194536,5353.9896480550315,0.0,
339475362_b294375952_138_65367662@N00.jpg,37.310104,-121.87374,37.64291763305664,-119.87980651855469,0.035011425614356995,179.79986828162853,1,4,0.015625,42.66482925415039,0.19105899333953857,0.007571980822831392,9367.529584807344,-9187.729716525715,
339479847_8d444a33ea_138_63163416@N00.jpg,31.213021,29.946069,43.73433303833008,7.421666145324707,0.014452147297561169,2413.9219026977676,2,223,0.87109375,42.69356918334961,9.451170921325684,0.01339392364025116,2214.352771625956,199.56913107181163,
339490370_19c934edea_149_65367662@N00.jpg,37.715874,-119.6466,39.29896926879883,-120.31196594238281,0.059190135449171066,185.30698434214068,3,230,0.8984375,39.29896926879883,-120.31196594238281,0.05986347049474716,185.30698434214068,0.0,
339511213_52d45964c2_158_65367662@N00.jpg,36.591274,-121.91511,36.56877899169922,-121.96505737304688,0.1317329853773117,5.113471631897359,1,81,0.31640625,36.56877899169922,-121.96505737304688,0.17458634078502655,5.113471631897359,0.0,
339587579_cb2e47bc03_165_63163416@N00.jpg,25.691502,32.634801,25.718647003173828,32.6568603515625,0.07402216643095016,3.741048670040729,1,240,0.9375,25.718647003173828,32.6568603515625,0.086030974984169,3.741048670040729,0.0,
339656972_e7d6cef70e_146_63163416@N00.jpg,36.852153,35.347137,34.97999572753906,-89.78826904296875,0.033148325979709625,10220.976385541813,1,88,0.34375,34.97999572753906,-89.78826904296875,0.03337639570236206,10220.976385541813,0.0,
340336439_b5293392d2_156_59555137@N00.jpg,13.434954,103.88925,13.441047668457031,103.8592529296875,0.02559916488826275,3.314211556429008,1,21,0.08203125,12.597454071044922,104.91943359375,0.019670700654387474,145.3565416761881,-142.0423301197591,
340961169_8924dbe369_154_21341800@N00.jpg,28.620692,77.192687,28.465673446655273,76.97433471679688,0.02701609767973423,27.423281690128196,5,177,0.69140625,28.465673446655273,76.97433471679688,0.0594228059053421,27.423281690128196,0.0,
341001806_63aa64f9c8_152_21341800@N00.jpg,12.415118,-1.576538,11.630715370178223,-1.0581200122833252,0.04265565797686577,103.85755350988818,2,256,1.0,12.491303443908691,-16.532363891601562,0.053186822682619095,1623.6937660202589,-1519.8362125103706,
341010404_a451def017_134_30571787@N00.jpg,46.467955,10.375857,63.402591705322266,13.078192710876465,0.03572813421487808,1890.5343877157845,0,0,0.0,63.402591705322266,13.078192710876465,0.03572813421487808,1890.5343877157845,0.0,
342755334_4bd9ecb33c_156_90833046@N00.jpg,44.884899,-93.313064,41.81779861450195,-88.07110595703125,0.009542112238705158,543.820927646761,0,0,0.0,41.81779861450195,-88.07110595703125,0.009542112238705158,543.820927646761,0.0,
342757465_f8a747384f_149_90833046@N00.jpg,44.885461,-93.314132,41.6080436706543,-93.6729507446289,0.015338309109210968,365.5885390064616,0,0,0.0,41.6080436706543,-93.6729507446289,0.015338309109210968,365.5885390064616,0.0,
343061785_3cbb02e134_154_39595541@N00.jpg,25.076095,-77.361205,21.098594665527344,-75.932861328125,0.015499853529036045,465.77168969662625,1,165,0.64453125,21.098594665527344,-75.932861328125,0.01618005894124508,465.77168969662625,0.0,
343824041_13cba6597f_161_59398218@N00.jpg,12.653068,-7.987232,-12.532193183898926,-38.76577377319336,0.022422604262828827,4400.62748719868,2,240,0.9375,-8.613609313964844,151.32293701171875,0.10152295976877213,17710.755625566795,-13310.128138368116,
343826237_57941e9a77_166_59398218@N00.jpg,12.653068,-7.987232,14.721293449401855,-17.478389739990234,0.13239847123622894,1050.7446330641242,4,196,0.765625,14.721293449401855,-17.478389739990234,0.1061185747385025,1050.7446330641242,0.0,
344778471_22fadc7c34_141_53364390@N00.jpg,38.207027,-107.518043,37.90597152709961,-107.81199645996094,0.0606110505759716,42.225985169764655,0,0,0.0,37.90597152709961,-107.81199645996094,0.0606110505759716,42.225985169764655,0.0,
34489106_b6bb027a4c_23_49503208420@N01.jpg,-23.546363,-65.398178,-23.58415985107422,-65.39989471435547,0.08236569166183472,4.2064644853399775,0,0,0.0,-23.58415985107422,-65.39989471435547,0.08236569166183472,4.2064644853399775,0.0,
345088316_eb58c4520f_165_23812473@N00.jpg,19.457528,-96.961898,49.38755416870117,22.315013885498047,0.01918443664908409,10308.871339357267,1,120,0.46875,49.358402252197266,22.227895736694336,0.009102954529225826,10305.513696793232,3.3576425640349044,
345096189_312c967d69_148_23812473@N00.jpg,19.513521,-96.873321,-16.978158950805664,-49.06614303588867,0.025295818224549294,6613.273757961761,6,20,0.078125,12.155163764953613,-86.12937927246094,0.03053613007068634,1409.9333464059314,5203.34041155583,
345111273_895a2901e6_142_23812473@N00.jpg,25.728003,-80.26371,25.067062377929688,-80.47124481201172,0.047978032380342484,76.39268750540258,4,100,0.390625,25.067062377929688,-80.47124481201172,0.04970851540565491,76.39268750540258,0.0,
345113591_9839a3e329_152_23812473@N00.jpg,25.728003,-80.26371,14.520773887634277,121.01850891113281,0.013517686165869236,14981.37112005591,1,208,0.8125,25.794723510742188,-80.28421783447266,0.021322939544916153,7.698003139909363,14973.673116916001,
345193913_8abc25e892_135_59398218@N00.jpg,12.653068,-7.987232,11.269998550415039,-1.2304680347442627,0.07469204813241959,750.8847475270538,2,256,1.0,11.269998550415039,-1.2304680347442627,0.08543305844068527,750.8847475270538,0.0,
345197484_5387135658_133_59398218@N00.jpg,12.653068,-7.987232,11.630715370178223,-1.0581200122833252,0.13316871225833893,761.7459458611163,4,102,0.3984375,10.061403274536133,34.53938293457031,0.0737421065568924,4640.306340889496,-3878.5603950283794,
345199822_8f751df0e5_145_59398218@N00.jpg,12.653068,-7.987232,13.352832794189453,-16.76099967956543,0.06520325690507889,953.7094218942929,5,180,0.703125,-12.431212425231934,40.60752868652344,0.04361004754900932,6041.860990748241,-5088.151568853948,
345230156_93f79eb60b_159_56776080@N00.jpg,51.938814,-3.883752,51.85428237915039,-4.3084211349487305,0.08575624227523804,30.617801405156236,4,129,0.50390625,51.85428237915039,-4.3084211349487305,0.07241188734769821,30.617801405156236,0.0,
345997958_ba807942a4_160_78225438@N00.jpg,47.377785,8.53945,47.374488830566406,8.54211139678955,0.023657301440835,0.417727265085285,19,106,0.4140625,47.2686882019043,11.395186424255371,0.013479938730597496,215.58016038991624,-215.16243312483095,
346354744_93c1c3b09b_150_82981539@N00.jpg,35.68686,51.406059,37.911495208740234,22.89052963256836,0.012197623029351234,2541.0721811967064,1,256,1.0,37.64291763305664,21.626672744750977,0.018725797533988953,2653.896400883837,-112.82421968713061,
346356176_9f97095a9f_125_82981539@N00.jpg,35.68686,51.406059,29.989124298095703,52.87504577636719,0.016823282465338707,648.2274834623536,2,60,0.234375,29.807880401611328,52.82157897949219,0.28541693091392517,666.9571706789677,-18.72968721661414,
346848851_e2ac3b09e3_139_78225438@N00.jpg,41.403491,2.173345,41.40315246582031,2.174433946609497,0.019001053646206856,0.09831493437619675,0,0,0.0,41.40315246582031,2.174433946609497,0.019001053646206856,0.09831493437619675,0.0,
346871888_d03545a716_137_97332629@N00.jpg,38.616199,-109.619092,36.74681854248047,-111.7429428100586,0.055842239409685135,279.5191508363643,0,0,0.0,36.74681854248047,-111.7429428100586,0.055842239409685135,279.5191508363643,0.0,
346949135_b0b1d403a7_164_97332629@N00.jpg,36.153053,-109.526309,36.144935607910156,-109.46640014648438,0.12781400978565216,5.454326030283054,0,0,0.0,36.144935607910156,-109.46640014648438,0.12781400978565216,5.454326030283054,0.0,
347024285_88f9525930_146_97332629@N00.jpg,35.326881,-112.875316,35.34422302246094,-112.95884704589844,0.07432280480861664,7.818678790117884,2,116,0.453125,29.35497283935547,-98.59387969970703,0.01645664870738983,1494.9314363637159,-1487.112757573598,
347065865_75ad1062ea_145_77235581@N00.jpg,58.417268,-6.436271,53.557491302490234,-10.134757995605469,0.027280911803245544,587.0957220644739,0,0,0.0,53.557491302490234,-10.134757995605469,0.027280911803245544,587.0957220644739,0.0,
347071959_33469e3cdb_158_77235581@N00.jpg,58.420527,-6.440906,55.85850143432617,-6.103590965270996,0.0654321014881134,285.6096570476676,0,0,0.0,55.85850143432617,-6.103590965270996,0.0654321014881134,285.6096570476676,0.0,
347082248_cdacd5022d_150_77235581@N00.jpg,58.269178,-6.786031,57.68244171142578,-6.3396148681640625,0.050009164959192276,70.35173345994393,0,0,0.0,57.68244171142578,-6.3396148681640625,0.050009164959192276,70.35173345994393,0.0,
347083732_b50c07089e_144_77235581@N00.jpg,58.202872,-6.379451,65.07162475585938,-22.731399536132812,0.020422082394361496,1146.933307251301,0,0,0.0,65.07162475585938,-22.731399536132812,0.020422082394361496,1146.933307251301,0.0,
347095082_65d1b5836c_148_77235581@N00.jpg,58.202872,-6.379451,57.03447341918945,-5.8454132080078125,0.024572566151618958,133.75476740274405,0,0,0.0,57.03447341918945,-5.8454132080078125,0.024572566151618958,133.75476740274405,0.0,
347100708_81e1b0a015_148_77235581@N00.jpg,58.18627,-6.367864,55.59115219116211,-5.079802989959717,0.09610724449157715,298.96857587385836,1,10,0.0390625,68.02347564697266,13.964481353759766,0.028191447257995605,1483.690995392383,-1184.7224195185247,
347103682_ee47f3bfee_139_97332629@N00.jpg,36.101093,-115.180749,36.01601028442383,-114.73796081542969,0.054334767162799835,40.911933754602806,0,0,0.0,36.01601028442383,-114.73796081542969,0.054334767162799835,40.911933754602806,0.0,
347104027_f910f82213_165_77235581@N00.jpg,58.199457,-6.384944,59.28968811035156,-2.6001110076904297,0.21511739492416382,249.70498540400962,0,0,0.0,59.28968811035156,-2.6001110076904297,0.21511739492416382,249.70498540400962,0.0,
347106063_8a0839eb22_128_77235581@N00.jpg,58.212566,-6.388185,52.220699310302734,-4.232245922088623,0.03349563479423523,680.0655572899982,7,62,0.2421875,51.08280944824219,-4.0679450035095215,0.012105588801205158,806.6002152494208,-126.53465795942259,
347106949_786cd159da_44_77235581@N00.jpg,58.202872,-6.379451,55.634925842285156,-4.823855876922607,0.06706463545560837,300.72637904892935,1,78,0.3046875,56.54802322387695,8.310626983642578,0.007862920872867107,897.7453463107469,-597.0189672618176,
347107471_ba3adc42b9_141_77235581@N00.jpg,58.202872,-6.379451,63.08837127685547,25.8610897064209,0.010866752825677395,1817.232664796152,1,256,1.0,63.08837127685547,25.8610897064209,0.011249585077166557,1817.232664796152,0.0,
347134461_ab027237bb_125_82981539@N00.jpg,35.68686,51.406059,29.616594314575195,52.545997619628906,0.14990374445915222,683.3513316451052,1,90,0.3515625,31.897380828857422,54.35932159423828,0.08126718550920486,501.9615291949884,181.38980245011686,
347135285_c534b1d869_137_82981539@N00.jpg,35.68686,51.406059,42.50855255126953,1.5235799551010132,0.012108328752219677,4307.831426404428,3,243,0.94921875,43.85860061645508,18.429500579833984,0.013278117403388023,2938.666034813071,1369.1653915913575,
347136001_f9e3fe6361_135_82981539@N00.jpg,35.68686,51.406059,10.779264450073242,106.69869995117188,0.0037680647801607847,6194.486313260371,0,0,0.0,10.779264450073242,106.69869995117188,0.0037680647801607847,6194.486313260371,0.0,
347136171_df57214040_130_82981539@N00.jpg,35.68686,51.406059,44.494544982910156,34.172115325927734,0.01766563206911087,1757.3980587070357,2,104,0.40625,59.716064453125,30.395029067993164,0.03541894257068634,3070.339561280309,-1312.9415025732735,
347767503_033d078b65_126_59555137@N00.jpg,13.434954,103.88925,13.58191967010498,104.853515625,0.04894278943538666,105.52827402322863,0,0,0.0,13.58191967010498,104.853515625,0.04894278943538666,105.52827402322863,0.0,
347895125_caddff80cb_131_93455345@N00.jpg,51.501904,-0.129089,51.5074348449707,-0.07623899728059769,0.009486259892582893,3.709271609716552,9,252,0.984375,51.50753402709961,-0.07650499790906906,0.008373542688786983,3.692966520300272,0.016305089416280172,
347965385_bdc45bd7fd_140_23812473@N00.jpg,19.535358,-99.263631,40.82627868652344,14.42230224609375,0.06458483636379242,10440.295538921811,6,47,0.18359375,20.742778778076172,-89.40552520751953,0.007678469642996788,1037.6969284562156,9402.598610465597,
347978703_5cff6b1b87_135_23812473@N00.jpg,19.535358,-99.263631,-30.60371208190918,151.81784057617188,0.025544721633195877,12862.266318606875,3,98,0.3828125,41.73847198486328,-74.18550872802734,0.03848414123058319,3417.3794612135666,9444.886857393309,
347985886_64911b5156_146_23812473@N00.jpg,19.535358,-99.263631,-30.60371208190918,151.81784057617188,0.0389912948012352,12862.266318606875,2,140,0.546875,35.0135498046875,-85.349609375,0.007294423878192902,2197.84393464047,10664.422383966405,
348145656_d75a68a9ff_154_97332629@N00.jpg,36.460087,-116.871013,-22.892621994018555,-68.214111328125,0.060128189623355865,8343.333527761177,8,31,0.12109375,31.317903518676758,35.35276794433594,0.0767599418759346,11942.256792338374,-3598.923264577197,
348200325_c56462f293_150_97332629@N00.jpg,37.874175,-119.422073,38.89450454711914,-119.98486328125,0.015743164345622063,123.60526347819766,1,144,0.5625,37.513893127441406,-119.59703826904297,0.04927923157811165,42.91764710809237,80.68761637010529,
348217623_bf026eba9d_151_97332629@N00.jpg,37.874175,-119.422073,31.4417667388916,-109.91617584228516,0.007022491656243801,1124.7405247636245,3,45,0.17578125,29.353973388671875,-98.87564086914062,0.009430382400751114,2118.9739102380445,-994.23338547442,
348310302_d0203f7731_55_97332629@N00.jpg,37.778804,-122.420053,37.802223205566406,-122.41880798339844,0.009477819316089153,2.606397533558039,11,119,0.46484375,37.67449951171875,-122.46516418457031,0.03614111244678497,12.257966082770803,-9.651568549212765,
348315378_8f9a48cbc9_135_97332629@N00.jpg,37.778804,-122.420053,28.671119689941406,-81.33712768554688,0.017697755247354507,3919.7358995608884,6,198,0.7734375,28.671119689941406,-81.33712768554688,0.019420195370912552,3919.7358995608884,0.0,
348358141_509391a62e_151_97332629@N00.jpg,37.778804,-122.420053,37.788421630859375,-122.40850830078125,0.006120684091001749,1.474115011045915,8,63,0.24609375,37.786537170410156,-122.40814208984375,0.0044553992338478565,1.3546607901736032,0.11945422087231172,
348424445_99ce2d52aa_146_85971448@N00.jpg,47.609287,-122.342419,47.60733413696289,-122.34149932861328,0.0153095917776227,0.22783112950303175,4,58,0.2265625,41.72675704956055,-86.34727478027344,0.004875390790402889,2892.961963231898,-2892.734132102395,
348471300_a35546a400_160_44067110@N00.jpg,40.465313,-3.568091,45.626522064208984,8.712328910827637,0.02559918910264969,1149.3549946149965,1,88,0.34375,51.159908294677734,-0.17858000099658966,0.029740378260612488,1217.5083814909826,-68.15338687598614,
348819402_93e7b4a83d_130_51162504@N00.jpg,34.036906,-118.67702,34.034950256347656,-118.67848205566406,0.052995555102825165,0.25581815468870106,0,0,0.0,34.034950256347656,-118.67848205566406,0.052995555102825165,0.25581815468870106,0.0,
348845700_71b36e2bd3_162_36887937@N00.jpg,46.058091,7.000555,51.53095245361328,-115.09681701660156,0.006018390879034996,7835.427024019253,2,128,0.5,41.395957946777344,-73.07395935058594,0.011135783977806568,6175.5319962040685,1659.8950278151842,
349077619_5a2bcf81fe_131_97332629@N00.jpg,37.778804,-122.420053,36.62992477416992,-121.82164001464844,0.015270092524588108,138.30605551761758,8,81,0.31640625,33.50353240966797,-86.00039672851562,0.016202513128519058,3304.2325561033044,-3165.926500585687,
349098747_0d543cdd4f_153_70323761@N00.jpg,40.720148,-74.00875,40.75227355957031,-73.9780044555664,0.0035518575459718704,4.412612581873184,1,256,1.0,40.75220489501953,-73.97789764404297,0.0033417069353163242,4.411731249249236,0.0008813326239476282,
349099483_d20ab7922f_136_97332629@N00.jpg,36.600817,-121.890392,35.66303253173828,-121.25861358642578,0.022493135184049606,118.71303069459834,0,0,0.0,35.66303253173828,-121.25861358642578,0.022493135184049606,118.71303069459834,0.0,
349177239_5fd6f4dfff_165_97332629@N00.jpg,34.136211,-118.351593,34.10149002075195,-118.32978057861328,0.004263084381818771,4.351745432808553,0,0,0.0,34.10149002075195,-118.32978057861328,0.004263084381818771,4.351745432808553,0.0,
349187019_7618ae1b96_125_51162504@N00.jpg,34.595981,-120.140819,34.59541702270508,-120.14073181152344,0.17725472152233124,0.06321727038545273,1,18,0.0703125,38.97783660888672,-76.4871597290039,0.00510971387848258,3880.6931435778824,-3880.629926307497,
349187181_4276f70c6c_153_51162504@N00.jpg,34.595981,-120.140819,37.768917083740234,-122.51145935058594,0.025501936674118042,411.96481836508826,0,0,0.0,37.768917083740234,-122.51145935058594,0.025501936674118042,411.96481836508826,0.0,
349329351_1740d6876d_166_97332629@N00.jpg,33.988206,-118.47536,40.58283233642578,-73.65830993652344,0.041233401745557785,3988.3967586554727,1,28,0.109375,33.65397644042969,-118.00513458251953,0.021326635032892227,57.16751265274062,3931.229246002732,
349348047_5925bfb832_151_51162504@N00.jpg,36.372662,-121.903138,36.37217712402344,-121.9023666381836,0.24747364223003387,0.08761514778172738,0,0,0.0,36.37217712402344,-121.9023666381836,0.24747364223003387,0.08761514778172738,0.0,
349379377_0d39acc271_139_51162504@N00.jpg,35.372814,-120.862827,48.83760452270508,-3.4819788932800293,0.020214127376675606,8796.204639873162,0,0,0.0,48.83760452270508,-3.4819788932800293,0.020214127376675606,8796.204639873162,0.0,
349388044_f3b4ec17fc_145_97332629@N00.jpg,33.803774,-117.920594,48.87016677856445,2.7791659832000732,0.031855642795562744,9112.618137599877,5,49,0.19140625,35.63169479370117,139.88099670410156,0.022278839722275734,8845.363885110954,267.25425248892316,
349388449_84a9d2f8b5_128_51162504@N00.jpg,35.372814,-120.862827,-34.63786697387695,19.220752716064453,0.0631527230143547,16403.62729027704,0,0,0.0,-34.63786697387695,19.220752716064453,0.0631527230143547,16403.62729027704,0.0,
349413978_576523fec7_151_97324495@N00.jpg,52.370778,4.898185,39.99666976928711,-74.78936767578125,0.0004434057918842882,5965.192109199725,2,244,0.953125,52.50187301635742,-6.572269916534424,0.0006982400664128363,776.8926707308822,5188.299438468843,
349414528_8ed48e248f_161_97332629@N00.jpg,33.803774,-117.920594,39.750633239746094,-104.94711303710938,0.03334536775946617,1329.328190840275,3,98,0.3828125,30.254432678222656,-95.83949279785156,0.004551908932626247,2114.334392839437,-785.0062019991619,
349418618_7043cdcaab_140_97324495@N00.jpg,52.370778,4.898185,42.143917083740234,-77.05684661865234,0.0005895135109312832,5949.363428992335,0,0,0.0,42.143917083740234,-77.05684661865234,0.0005895135109312832,5949.363428992335,0.0,
349421087_641b26de2f_134_97324495@N00.jpg,52.370778,4.898185,37.89387130737305,-84.2698974609375,0.006047238130122423,6719.93798282334,4,226,0.8828125,36.40270233154297,-93.73701477050781,0.010129825212061405,7412.009395878259,-692.0714130549195,
349445487_7716d67489_128_97332629@N00.jpg,33.803774,-117.920594,34.13773727416992,-118.35442352294922,0.011597851291298866,54.58483431127359,1,144,0.5625,34.137596130371094,-118.3530502319336,0.015863999724388123,54.481416277716356,0.103418033557233,
349445497_ce22d1acd9_128_97332629@N00.jpg,33.803774,-117.920594,33.80530548095703,-117.91992950439453,0.02154555171728134,0.18102307819452973,1,169,0.66015625,33.80530548095703,-117.91992950439453,0.018956458196043968,0.18102307819452973,0.0,
349445500_6927323be0_160_97332629@N00.jpg,33.803774,-117.920594,33.80609893798828,-117.9198989868164,0.006631194148212671,0.2663779414488025,0,0,0.0,33.80609893798828,-117.9198989868164,0.006631194148212671,0.2663779414488025,0.0,
349459030_5fb6ba67cc_137_97332629@N00.jpg,33.803774,-117.920594,28.418861389160156,-81.58138275146484,0.01771225593984127,3492.6288432963265,1,12,0.046875,39.343406677246094,-84.26700592041016,0.012034221552312374,3049.3335809885343,443.2952623077922,
349461403_6756b23744_129_82981539@N00.jpg,29.610028,52.534217,29.616594314575195,52.545997619628906,0.19760268926620483,1.352800047462019,1,40,0.15625,32.658164978027344,51.67350769042969,0.049352891743183136,348.69264291347935,-347.3398428660173,
349601127_76086026e4_161_97332629@N00.jpg,32.685511,-114.625511,33.721126556396484,-116.21942901611328,0.053131185472011566,187.75398092696736,0,0,0.0,33.721126556396484,-116.21942901611328,0.053131185472011566,187.75398092696736,0.0,
349908832_ab866096b1_135_44067110@N00.jpg,40.409475,-3.705752,39.858299255371094,-4.023227214813232,0.010609072633087635,66.96745979388574,3,71,0.27734375,41.5930061340332,1.836766004562378,0.00809765700250864,483.27787735763985,-416.31041756375413,
350562918_307456dab6_131_41894169878@N01.jpg,39.610978,-104.811029,39.528507232666016,-80.34220123291016,0.014835011214017868,2090.8256943286697,3,160,0.625,40.56285095214844,-88.60885620117188,0.0259479358792305,1380.4503768055113,710.3753175231584,
350614755_a4466bd674_163_97332629@N00.jpg,32.685511,-114.625511,34.75783157348633,-115.20486450195312,0.02041674591600895,236.57796047313764,2,208,0.8125,-22.731184005737305,16.97808265686035,0.017159685492515564,15166.31402055099,-14929.736060077852,
350650388_e5f7983265_149_51162504@N00.jpg,36.555343,-121.923201,36.55508804321289,-121.92400360107422,0.10935616493225098,0.07709129287615517,0,0,0.0,36.55508804321289,-121.92400360107422,0.10935616493225098,0.07709129287615517,0.0,
350676468_5055e50f16_152_51162504@N00.jpg,36.959391,-122.018365,37.809993743896484,-122.41035461425781,0.019321581348776817,100.72402304576744,0,0,0.0,37.809993743896484,-122.41035461425781,0.019321581348776817,100.72402304576744,0.0,
350676593_d32a66985b_163_51162504@N00.jpg,36.959391,-122.018365,37.810630798339844,-122.41067504882812,0.02316075749695301,100.80022453348984,1,160,0.625,37.810630798339844,-122.41067504882812,0.026052234694361687,100.80022453348984,0.0,
350677023_e48c1fd4b0_154_51162504@N00.jpg,36.959391,-122.018365,37.809993743896484,-122.41035461425781,0.023228229954838753,100.72402304576744,1,6,0.0234375,-45.78450393676758,170.72467041015625,0.010747985914349556,11391.382080245514,-11290.658057199746,
350685500_322365b21a_145_97332629@N00.jpg,33.492994,-111.923196,30.4489688873291,-97.949462890625,0.015632029622793198,1359.6713140689574,5,256,1.0,25.750423431396484,-79.8211669921875,0.006946673151105642,3205.985993151495,-1846.3146790825379,
350691632_fbecef0860_148_51162504@N00.jpg,37.806571,-122.440288,37.809993743896484,-122.41035461425781,0.011884678155183792,2.657091346511119,0,0,0.0,37.809993743896484,-122.41035461425781,0.011884678155183792,2.657091346511119,0.0,
350709146_68c87e6784_158_97332629@N00.jpg,40.702187,-74.01457,40.57451629638672,-73.98016357421875,0.027192372828722,14.490164524366396,0,0,0.0,40.57451629638672,-73.98016357421875,0.027192372828722,14.490164524366396,0.0,
350752818_0726a9f845_143_51162504@N00.jpg,37.805367,-122.456424,37.805747985839844,-122.4470443725586,0.01760615035891533,0.8251329526027098,1,112,0.4375,37.80424118041992,-122.45873260498047,0.02001776546239853,0.2383463691962621,0.5867865834064477,
350754522_ab827b3e19_166_51162504@N00.jpg,37.805367,-122.456424,37.87187194824219,-122.31937408447266,0.01658671163022518,14.12549956944118,0,0,0.0,37.87187194824219,-122.31937408447266,0.01658671163022518,14.12549956944118,0.0,
350755394_993aec6f8d_156_51162504@N00.jpg,37.807359,-122.46947,37.757450103759766,-122.25105285644531,0.030843844637274742,19.981139720481984,0,0,0.0,37.757450103759766,-122.25105285644531,0.030843844637274742,19.981139720481984,0.0,
350802150_42a9869fd6_124_91062007@N00.jpg,36.857583,-75.976928,36.85477066040039,-75.97552490234375,0.08373361825942993,0.3367148552544577,0,0,0.0,36.85477066040039,-75.97552490234375,0.08373361825942993,0.3367148552544577,0.0,
35212492_08b78db8e6_33_63163416@N00.jpg,26.210278,50.579767,32.92253875732422,35.06887435913086,0.0177357979118824,1673.0450366351342,0,0,0.0,32.92253875732422,35.06887435913086,0.0177357979118824,1673.0450366351342,0.0,
35212493_ee924191ef_26_63163416@N00.jpg,26.210278,50.579767,25.321800231933594,55.3755989074707,0.03723696619272232,490.27548711956416,0,0,0.0,25.321800231933594,55.3755989074707,0.03723696619272232,490.27548711956416,0.0,
352380518_202b75e610_152_85971448@N00.jpg,35.985368,-111.960811,36.11568832397461,-112.17315673828125,0.04118525609374046,23.967058748870933,1,16,0.0625,36.058189392089844,-112.1055679321289,0.022528111934661865,15.331344206242012,8.635714542628921,
353494958_4a7e189527_132_16836474@N00.jpg,4.644867,-75.570487,-22.68276596069336,-45.65643310546875,0.08040321618318558,4449.447436874862,1,64,0.25,10.09419059753418,77.05728912353516,0.06151421740651131,16568.817862359858,-12119.370425484994,
35352930_f691e0f1e2_30_49503208420@N01.jpg,41.371977,2.177782,37.550392150878906,122.26934051513672,0.000395122857298702,9340.460226234354,0,0,0.0,37.550392150878906,122.26934051513672,0.000395122857298702,9340.460226234354,0.0,
35356357_91e38ed1a0_22_42485416@N00.jpg,57.629228,-6.333618,57.45233917236328,-6.679687023162842,0.0338594950735569,28.520361647941538,1,70,0.2734375,56.35517120361328,-3.9934120178222656,0.010581303387880325,200.38952660570357,-171.86916495776202,
35357914_00d3f6dea5_28_42485416@N00.jpg,55.959194,-3.216247,55.95098876953125,-3.201205015182495,0.011045428924262524,1.307388673883582,0,0,0.0,55.95098876953125,-3.201205015182495,0.011045428924262524,1.307388673883582,0.0,
356103045_cd2d647b58_140_64855637@N00.jpg,36.618184,-121.901893,36.61868667602539,-121.90255737304688,0.04452557861804962,0.08148642858687404,0,0,0.0,36.61868667602539,-121.90255737304688,0.04452557861804962,0.08148642858687404,0.0,
356532015_cb096e7877_160_40084555@N00.jpg,38.724358,-123.462982,36.51187515258789,-121.9427719116211,0.033892128616571426,280.08212643002634,0,0,0.0,36.51187515258789,-121.9427719116211,0.033892128616571426,280.08212643002634,0.0,
356783671_5fddafe1da_162_82981539@N00.jpg,29.76691,52.838401,29.989124298095703,52.87504577636719,0.4749731421470642,24.960458344708684,0,0,0.0,29.989124298095703,52.87504577636719,0.4749731421470642,24.960458344708684,0.0,
356872603_fc07a113a8_133_99437479@N00.jpg,22.275118,114.165973,22.281232833862305,114.16116333007812,0.011004126630723476,0.8409720209245035,2,224,0.875,22.282236099243164,114.16011047363281,0.01111274491995573,0.9951606235209093,-0.15418860259640577,
356973252_d7272bf5c8_156_77235581@N00.jpg,58.202872,-6.379451,53.39251708984375,-6.068973064422607,0.020199107006192207,535.238174970879,1,160,0.625,47.690120697021484,-3.357696056365967,0.006212867796421051,1186.0629403400244,-650.8247653691454,
356976135_56963fa6ca_155_77235581@N00.jpg,58.202872,-6.379451,37.739837646484375,-25.663976669311523,0.019803361967206,2669.112163775183,0,0,0.0,37.739837646484375,-25.663976669311523,0.019803361967206,2669.112163775183,0.0,
356978165_0d19c2efe7_139_77235581@N00.jpg,58.202872,-6.379451,55.42469024658203,-5.60182523727417,0.050590142607688904,312.5190927328519,1,8,0.03125,55.42469024658203,-5.60182523727417,0.032377760857343674,312.5190927328519,0.0,
356988501_85bd1470bb_139_77235581@N00.jpg,58.202872,-6.379451,54.64474105834961,-5.530546188354492,0.03652375936508179,399.0672600708562,0,0,0.0,54.64474105834961,-5.530546188354492,0.03652375936508179,399.0672600708562,0.0,
356991880_907a95a8af_148_77235581@N00.jpg,58.202872,-6.379451,57.737884521484375,-5.7702250480651855,0.04237077012658119,62.960989973093675,1,4,0.015625,57.737884521484375,-5.7702250480651855,0.027797121554613113,62.960989973093675,0.0,
356997367_51e59b12bf_127_77235581@N00.jpg,58.207914,-6.389622,55.755859375,-6.286754131317139,0.04107692092657089,272.72755354468023,5,35,0.13671875,52.933067321777344,-9.34644603729248,0.015096470713615417,615.1389448119343,-342.41139126725403,
357002597_39f66b9179_144_77235581@N00.jpg,58.209892,-6.396188,56.62443161010742,-6.069708824157715,0.1341458112001419,177.37546501706984,2,10,0.0390625,56.4172248840332,-5.474624156951904,0.027660060673952103,206.86983121648993,-29.494366199420085,
357006410_56c2255710_146_77235581@N00.jpg,58.211209,-6.388421,55.8642692565918,-5.41480016708374,0.02595347911119461,267.5257564740487,3,29,0.11328125,57.48120880126953,-4.228320121765137,0.018671007826924324,151.41308736467124,116.11266910937746,
357006445_59e324334e_147_77235581@N00.jpg,58.202872,-6.379451,58.196311950683594,-6.388720989227295,0.10716400295495987,0.9094696815203579,1,21,0.08203125,56.759403228759766,-5.234298229217529,0.036624643951654434,174.48766588001598,-173.57819619849562,
357007889_8ca0c33de8_164_77235581@N00.jpg,58.202872,-6.379451,52.46476745605469,1.7461609840393066,0.11298911273479462,818.1177571447993,7,69,0.26953125,49.64817810058594,-1.6176179647445679,0.03711580112576485,1000.4135043397793,-182.29574719497998,
357017194_3b8461275c_129_77235581@N00.jpg,58.189098,-6.376533,55.97467041015625,-6.00414514541626,0.07781745493412018,247.258498049575,0,0,0.0,55.97467041015625,-6.00414514541626,0.07781745493412018,247.258498049575,0.0,
357019041_c9d985b9eb_134_77235581@N00.jpg,58.160334,-6.531543,55.81399917602539,-2.04183292388916,0.04200712963938713,376.75008751615303,1,80,0.3125,-31.983034133911133,29.148014068603516,0.012199054472148418,10559.308589838845,-10182.558502322692,
357019239_3aa477b691_146_77235581@N00.jpg,58.165405,-6.551456,57.68391799926758,-6.3435750007629395,0.036712270230054855,54.92805850779951,1,14,0.0546875,57.663177490234375,-7.35019588470459,0.030060138553380966,73.10468387447047,-18.176625366670955,
357019994_8888cfc0d6_162_77235581@N00.jpg,58.179347,-6.548709,55.97467041015625,-6.00414514541626,0.07279495149850845,247.34626156259165,0,0,0.0,55.97467041015625,-6.00414514541626,0.07279495149850845,247.34626156259165,0.0,
357552352_8c2b86b617_141_25159586@N00.jpg,36.038682,139.38105,35.69049835205078,139.6999969482422,0.004814169369637966,48.21829830691653,7,136,0.53125,35.66153335571289,139.72979736328125,0.004537147004157305,52.408996030324914,-4.190697723408384,
357717829_4199f06c73_141_65367662@N00.jpg,19.416897,-155.27304,19.342405319213867,-154.99459838867188,0.006732718553394079,30.358909374898342,1,256,1.0,-42.871307373046875,146.21365356445312,0.01684477925300598,9145.877761231526,-9115.518851856628,
357924605_e33e305025_137_65367662@N00.jpg,19.639597,-155.99265,20.791343688964844,-156.0453338623047,0.006039427127689123,128.1864913629638,2,256,1.0,19.8093318939209,-155.0936279296875,0.007786164525896311,95.97533752608368,32.21115383688013,
358495984_cd62fe9a72_141_65367662@N00.jpg,19.639597,-155.99265,43.49882125854492,10.303351402282715,0.021889671683311462,12856.286727031034,0,0,0.0,43.49882125854492,10.303351402282715,0.021889671683311462,12856.286727031034,0.0,
358585774_25ffe85e36_123_70323761@N00.jpg,40.705603,-74.013304,40.7528076171875,-73.9771728515625,0.0037678044755011797,6.067985804047406,1,256,1.0,40.75333786010742,-73.97692108154297,0.003997134044766426,6.129636292350766,-0.06165048830336062,
358738142_5455a8226d_149_90833046@N00.jpg,44.461758,-93.183803,40.122650146484375,-82.92977905273438,0.011855381540954113,970.6298689196458,0,0,0.0,40.122650146484375,-82.92977905273438,0.011855381540954113,970.6298689196458,0.0,
358741568_7b56f43731_136_90833046@N00.jpg,44.459354,-93.18022,29.738056182861328,-98.1036148071289,0.00833925325423479,1693.3163637420748,2,256,1.0,40.78230285644531,-82.50343322753906,0.012029141187667847,963.5465908597654,729.7697728823094,
358747922_e8824d062b_146_44067110@N00.jpg,51.491525,-0.219886,51.87963104248047,-0.4172219932079315,0.0034143696539103985,45.2488752265034,1,18,0.0703125,53.527400970458984,-113.52184295654297,0.0020602282602339983,6797.206523857712,-6751.957648631209,
358935354_417e509592_157_96388182@N00.jpg,42.327141,-83.049945,46.2355842590332,6.117904186248779,0.02432338334619999,6717.788388616993,3,192,0.75,46.2355842590332,6.117904186248779,0.019207807257771492,6717.788388616993,0.0,
359007956_654fac93c8_162_96388182@N00.jpg,42.327141,-83.049945,46.2355842590332,6.117904186248779,0.06684505194425583,6717.788388616993,4,144,0.5625,46.2355842590332,6.117904186248779,0.08485637605190277,6717.788388616993,0.0,
35934688_e7cd39c66f_21_49503208420@N01.jpg,48.11511,-1.67138,44.838680267333984,-0.5774580240249634,0.002678183140233159,373.8175157965819,0,0,0.0,44.838680267333984,-0.5774580240249634,0.002678183140233159,373.8175157965819,0.0,
35934775_c67025366d_30_49503208420@N01.jpg,48.11511,-1.67138,47.218257904052734,-1.551110029220581,0.009631926193833351,100.13135420004505,0,0,0.0,47.218257904052734,-1.551110029220581,0.009631926193833351,100.13135420004505,0.0,
35945303_522af26ce5_22_63163416@N00.jpg,26.210278,50.579767,29.69932746887207,34.99515151977539,0.05241161957383156,1577.695108422338,1,72,0.28125,30.322952270507812,34.886741638183594,0.030984263867139816,1601.8670026383304,-24.171894215992324,
35954677_c4bc439d83_25_63163416@N00.jpg,26.210278,50.579767,17.665327072143555,75.89973449707031,0.022716963663697243,2772.825392930999,4,104,0.40625,11.30467700958252,76.92935943603516,0.02281486615538597,3220.382094455313,-447.5567015243141,
359563658_08b8c21ac1_148_77235581@N00.jpg,58.202872,-6.379451,57.274261474609375,-5.738210201263428,0.05971294268965721,110.04677887063546,1,2,0.0078125,57.57772445678711,-4.0985870361328125,0.015642307698726654,151.66608341436313,-41.619304543727665,
359563951_8fd7ead826_136_77235581@N00.jpg,58.202872,-6.379451,57.03447341918945,-5.8454132080078125,0.05648672580718994,133.75476740274405,8,92,0.359375,55.76750183105469,-2.000999927520752,0.02024759165942669,378.93450713385596,-245.1797397311119,
359583512_c889dcbcf3_142_77235581@N00.jpg,58.204149,-6.3628,70.25057220458984,30.423847198486328,0.014797943644225597,2170.514818568006,4,26,0.1015625,61.04167175292969,-149.78082275390625,0.0034421728923916817,6382.281098087275,-4211.766279519268,
359590913_7168b08ae4_162_36887937@N00.jpg,17.383288,78.401763,17.91180992126465,77.5255126953125,0.06420234590768814,109.88500039378505,5,250,0.9765625,17.92043113708496,77.52227783203125,0.09043795615434647,110.68721433548957,-0.8022139417045224,
359595243_d46fccbcfe_131_36887937@N00.jpg,17.382602,78.401597,55.94482421875,-3.2698049545288086,0.008510776795446873,7899.182816278697,0,0,0.0,55.94482421875,-3.2698049545288086,0.008510776795446873,7899.182816278697,0.0,
359600891_46bcff714f_155_77235581@N00.jpg,58.501049,-6.272592,58.34669876098633,-6.210558891296387,0.01715691201388836,17.538922524328015,0,0,0.0,58.34669876098633,-6.210558891296387,0.01715691201388836,17.538922524328015,0.0,
359614024_ed5b165184_166_77235581@N00.jpg,58.241518,-6.881046,37.259498596191406,-122.41400146484375,0.01204420905560255,7836.506313304624,0,0,0.0,37.259498596191406,-122.41400146484375,0.01204420905560255,7836.506313304624,0.0,
359619247_8adf54d8e1_158_77235581@N00.jpg,58.257643,-6.881518,56.0493049621582,-6.254674911499023,0.1533016413450241,248.4466028438808,0,0,0.0,56.0493049621582,-6.254674911499023,0.1533016413450241,248.4466028438808,0.0,
359621178_13b75ad380_155_77235581@N00.jpg,58.257643,-6.881518,57.04586410522461,-7.451648235321045,0.12985879182815552,138.94657835919912,0,0,0.0,57.04586410522461,-7.451648235321045,0.12985879182815552,138.94657835919912,0.0,
359623700_9a1c34d19c_130_77235581@N00.jpg,58.257643,-6.881518,51.31037139892578,12.251397132873535,0.0061706663109362125,1442.0906020830719,0,0,0.0,51.31037139892578,12.251397132873535,0.0061706663109362125,1442.0906020830719,0.0,
359625146_9eed347631_145_77235581@N00.jpg,58.257643,-6.881518,30.343151092529297,-84.74082946777344,0.010808262974023819,6485.430288010874,2,92,0.359375,45.850685119628906,23.37015151977539,0.007104801945388317,2453.7615852995737,4031.6687027113007,
359625368_f7be959328_128_77235581@N00.jpg,58.257597,-6.872291,59.945106506347656,-1.3630919456481934,0.05127941444516182,366.12526018128904,2,256,1.0,55.97467041015625,-6.00414514541626,0.047299060970544815,259.19858650008365,106.92667368120539,
359629226_3e0aa4e98b_132_77235581@N00.jpg,58.238446,-6.777276,56.19089889526367,-4.6331400871276855,0.03390084207057953,261.70224628563403,0,0,0.0,56.19089889526367,-4.6331400871276855,0.03390084207057953,261.70224628563403,0.0,
359630638_157a9609b6_133_77235581@N00.jpg,58.26911,-6.792726,53.504554748535156,-10.114524841308594,0.04614458233118057,568.6828406333725,1,20,0.078125,53.557491302490234,-10.134757995605469,0.07865899056196213,563.6173512861501,5.06548934722241,
359638674_a2de066771_138_77235581@N00.jpg,58.124183,-6.834011,53.597068786621094,-9.734915733337402,0.05665554106235504,534.8288436016421,0,0,0.0,53.597068786621094,-9.734915733337402,0.05665554106235504,534.8288436016421,0.0,
359671200_a86f8284b9_146_77235581@N00.jpg,58.208508,-6.38797,52.061885833740234,-1.3407609462738037,0.00971037894487381,754.5250812459926,0,0,0.0,52.061885833740234,-1.3407609462738037,0.00971037894487381,754.5250812459926,0.0,
359686034_43ad44ab7e_161_77235581@N00.jpg,58.207914,-6.389622,56.5536994934082,-5.413941860198975,0.06102129444479942,193.00843633613798,4,20,0.078125,54.35100555419922,-2.941589117050171,0.046773239970207214,478.6330814672424,-285.62464513110444,
359701140_96350336bd_152_77235581@N00.jpg,58.250056,-6.342372,56.188777923583984,-2.9993960857391357,0.11262140423059464,304.95186996966805,0,0,0.0,56.188777923583984,-2.9993960857391357,0.11262140423059464,304.95186996966805,0.0,
359701974_7c3bf3c78a_127_77235581@N00.jpg,58.250056,-6.342372,53.350345611572266,-110.87428283691406,0.023745760321617126,5880.503296035376,1,60,0.234375,57.47465896606445,-4.22598123550415,0.019797738641500473,151.99403668905092,5728.509259346325,
359706643_a7f9a7e778_153_77235581@N00.jpg,58.250056,-6.342372,56.37571716308594,-2.8759710788726807,0.024891000241041183,294.4950522357315,3,14,0.0546875,56.37571716308594,-2.8759710788726807,0.043373048305511475,294.4950522357315,0.0,
359731378_6bcc979eb7_155_77235581@N00.jpg,58.202872,-6.379451,57.3341178894043,-6.061018943786621,0.056040775030851364,98.42945451907144,1,8,0.03125,64.31819152832031,-22.0770263671875,0.01961289532482624,1075.2102003727362,-976.7807458536647,
359731656_0817bd32ab_152_77235581@N00.jpg,58.202872,-6.379451,54.80916976928711,-4.959597110748291,0.04639274626970291,387.26752872293673,1,20,0.078125,54.552825927734375,-3.5937299728393555,0.03636608645319939,440.5279856386449,-53.260456915708176,
359762301_84ea6179cb_153_77235581@N00.jpg,58.398608,-6.467041,45.8144416809082,-82.83966064453125,0.008186772465705872,5095.961895959539,2,28,0.109375,44.26708221435547,-76.47737121582031,0.004881681874394417,4860.994238842819,234.96765711672015,
359767202_d79a59da10_134_77235581@N00.jpg,58.398608,-6.467041,59.945106506347656,-1.3630919456481934,0.08723129332065582,337.7428524099471,0,0,0.0,59.945106506347656,-1.3630919456481934,0.08723129332065582,337.7428524099471,0.0,
359785224_0603561ab5_163_77235581@N00.jpg,58.202872,-6.379451,43.3706169128418,140.47393798828125,0.009633117355406284,8312.348124511027,0,0,0.0,43.3706169128418,140.47393798828125,0.009633117355406284,8312.348124511027,0.0,
359862438_7842039e07_129_36887937@N00.jpg,17.452736,78.377819,14.688718795776367,77.58167266845703,0.09038989990949631,318.89781391862965,4,234,0.9140625,28.285940170288086,76.85657501220703,0.08377718180418015,1214.5942417310873,-895.6964278124576,
359880759_e6d8e80db9_159_36887937@N00.jpg,17.361613,78.474661,28.65483283996582,77.23316955566406,0.04755197465419769,1262.1308361098177,5,19,0.07421875,17.255252838134766,78.86998748779297,0.034350570291280746,43.60236245040257,1218.528473659415,
359883507_902414637b_159_36887937@N00.jpg,17.360711,78.47445,17.353178024291992,78.45577239990234,0.25805607438087463,2.1519957741842415,6,201,0.78515625,17.353178024291992,78.45577239990234,0.31626543402671814,2.1519957741842415,0.0,
360127434_54f510067f_166_16836474@N00.jpg,4.648759,-75.577182,-22.428483963012695,-44.823875427246094,0.06183458864688873,4499.18623302796,0,0,0.0,-22.428483963012695,-44.823875427246094,0.06183458864688873,4499.18623302796,0.0,
360492757_61088247d6_161_87409164@N00.jpg,12.478649,106.024847,11.57177734375,104.91943359375,0.01726659946143627,156.9106276078803,0,0,0.0,11.57177734375,104.91943359375,0.01726659946143627,156.9106276078803,0.0,
360494347_c28850b60c_70_87409164@N00.jpg,13.093356,103.831787,13.099562644958496,104.12303924560547,0.10269076377153397,31.551008117637004,3,30,0.1171875,21.892004013061523,96.056640625,0.07340607047080994,1278.7873078197117,-1247.2362997020748,
361277312_33759571f4_149_15376845@N00.jpg,41.313511,-72.927353,39.163326263427734,-84.54009246826172,0.006718013901263475,1013.4341012127963,1,176,0.6875,48.15043258666992,16.4417667388916,0.00815284252166748,6691.665054034737,-5678.230952821941,
361307230_15fcbb1bb8_125_41894169878@N01.jpg,33.441321,-118.492891,44.38172149658203,9.038143157958984,0.03587702289223671,9866.502250852513,0,0,0.0,44.38172149658203,9.038143157958984,0.03587702289223671,9866.502250852513,0.0,
361308347_60a89cfc87_131_41894169878@N01.jpg,33.441321,-118.492891,35.165985107421875,-120.69356536865234,0.2062089890241623,278.6203213211605,1,10,0.0390625,33.466468811035156,-118.526611328125,0.0783718153834343,4.195941677496688,274.42437964366377,
361326822_6f0664ed6e_160_41894169878@N01.jpg,33.441594,-118.497762,32.75494384765625,-17.017822265625,0.03226746246218681,8993.506269884923,3,21,0.08203125,32.75494384765625,-17.017822265625,0.00754089280962944,8993.506269884923,0.0,
361389143_8dcae9bc00_150_40829484@N00.jpg,49.608624,6.126422,49.61066436767578,6.131499767303467,0.09702540934085846,0.43050609053585387,0,0,0.0,49.61066436767578,6.131499767303467,0.09702540934085846,0.43050609053585387,0.0,
362741520_66bb4e9318_124_73091266@N00.jpg,-24.689525,25.863876,-1.2494239807128906,34.615745544433594,0.053023822605609894,2770.9375160036293,1,224,0.875,51.51985168457031,5.10898494720459,0.03275848925113678,8713.742991168301,-5942.805475164672,
362818760_43e710b2f8_107_78221228@N00.jpg,-16.391954,-71.532669,-15.611166954040527,-71.90616607666016,0.18100281059741974,95.55826569803949,1,20,0.078125,-15.595922470092773,-72.05982208251953,0.08345534652471542,104.92797377567987,-9.369708077640382,
364618518_9bab134cfd_115_29251780@N00.jpg,50.36178,-4.454269,50.332149505615234,-4.5170111656188965,0.07326959073543549,5.538603192633746,2,84,0.328125,54.07416534423828,-4.652500152587891,0.06656718999147415,413.0193581597539,-407.48075496712016,
365000686_50685c18e2_123_70323761@N00.jpg,40.743135,-73.855065,40.57608413696289,-73.9810562133789,0.009356842376291752,21.400581737068617,0,0,0.0,40.57608413696289,-73.9810562133789,0.009356842376291752,21.400581737068617,0.0,
365098367_5f99e5ecaa_184_41894169878@N01.jpg,52.517102,13.389383,43.73935317993164,7.426756858825684,0.008632616139948368,1070.7877067866464,2,224,0.875,43.739166259765625,7.425899028778076,0.008137857541441917,1070.8329938256518,-0.04528703900541586,
365724930_17d6e028aa_152_59398218@N00.jpg,12.653068,-7.987232,12.491303443908691,-16.532363891601562,0.11679326742887497,927.5270760024334,2,129,0.50390625,-20.34462547302246,46.7138671875,0.06697610020637512,7016.0704130121085,-6088.543337009675,
367209569_c725fe582a_140_82927779@N00.jpg,-29.276719,31.439883,21.33823013305664,-157.80543518066406,0.016157027333974838,18734.384078892148,0,0,0.0,21.33823013305664,-157.80543518066406,0.016157027333974838,18734.384078892148,0.0,
367224925_67dff94609_132_29251780@N00.jpg,51.662227,-2.309188,51.366912841796875,-2.5768890380859375,0.088614821434021,37.70215201983347,0,0,0.0,51.366912841796875,-2.5768890380859375,0.088614821434021,37.70215201983347,0.0,
367227476_ae4b1cccc8_172_29251780@N00.jpg,51.662227,-2.309188,51.6205940246582,-2.8190999031066895,0.04030627757310867,35.48991781635721,0,0,0.0,51.6205940246582,-2.8190999031066895,0.04030627757310867,35.48991781635721,0.0,
367822218_d60b5c2e46_178_14542551@N00.jpg,47.91939,106.917057,40.10042190551758,31.60965919494629,0.08865710347890854,5843.099996151216,0,0,0.0,40.10042190551758,31.60965919494629,0.08865710347890854,5843.099996151216,0.0,
367823327_e0e7dfecce_173_14542551@N00.jpg,47.91939,106.917057,49.86543273925781,73.12362670898438,0.06464968621730804,2458.935113229042,0,0,0.0,49.86543273925781,73.12362670898438,0.06464968621730804,2458.935113229042,0.0,
367823645_e7c96ade93_167_14542551@N00.jpg,47.91939,106.917057,51.51636505126953,104.18557739257812,0.03955378383398056,445.495421930031,1,8,0.03125,40.900115966796875,29.310922622680664,0.004672519396990538,5950.119871133418,-5504.6244492033875,
368281200_58d18a37a3_74_88895879@N00.jpg,26.919008,75.796737,26.98639488220215,75.85313415527344,0.12206767499446869,9.348458274695009,0,0,0.0,26.98639488220215,75.85313415527344,0.12206767499446869,9.348458274695009,0.0,
368666514_b3a8828780_100_41894169878@N01.jpg,52.524772,13.393878,47.50069046020508,19.053049087524414,0.009949378669261932,689.1934073329786,2,256,1.0,47.50069046020508,19.053049087524414,0.009664812125265598,689.1934073329786,0.0,
369043327_64ca92b933_146_13527886@N00.jpg,34.022502,77.603302,34.54501724243164,76.152099609375,0.12459167838096619,145.43776554702958,0,0,0.0,34.54501724243164,76.152099609375,0.12459167838096619,145.43776554702958,0.0,
369060658_260ab9bc8e_187_40279823@N00.jpg,10.254789,44.903526,-17.346704483032227,13.871870040893555,0.05586743354797363,4587.514339692859,0,0,0.0,-17.346704483032227,13.871870040893555,0.05586743354797363,4587.514339692859,0.0,
369064659_3d0e0982b5_102_13527886@N00.jpg,34.022502,77.603302,-36.954280853271484,-69.378662109375,0.007215831428766251,17022.954899050066,0,0,0.0,-36.954280853271484,-69.378662109375,0.007215831428766251,17022.954899050066,0.0,
369067114_22bbca97a9_115_13527886@N00.jpg,34.022502,77.603302,37.545936584472656,73.10771179199219,0.09246832132339478,563.7235573577242,3,61,0.23828125,28.91869354248047,89.59913635253906,0.024342942982912064,1270.145724288207,-706.4221669304828,
369069162_1b4e359ab8_181_13527886@N00.jpg,34.022502,77.603302,33.853919982910156,76.37413787841797,0.18064671754837036,114.93097268254691,1,24,0.09375,29.0908260345459,83.4148941040039,0.044003210961818695,776.8357023800259,-661.904729697479,
369070340_ea2cae43c6_106_13527886@N00.jpg,34.022502,77.603302,30.681257247924805,91.09736633300781,0.09297554194927216,1319.7049101574444,0,0,0.0,30.681257247924805,91.09736633300781,0.09297554194927216,1319.7049101574444,0.0,
369070502_bf3f633dbd_136_13527886@N00.jpg,34.022502,77.603302,28.119075775146484,86.60247802734375,0.08862319588661194,1078.7770570169066,0,0,0.0,28.119075775146484,86.60247802734375,0.08862319588661194,1078.7770570169066,0.0,
369072275_e6c95da063_186_13527886@N00.jpg,34.022502,77.603302,-33.82733154296875,-70.05833435058594,0.09634213149547577,17043.892906152694,3,64,0.25,-23.58415985107422,-65.39989471435547,0.029189996421337128,16251.422897131884,792.4700090208098,
369077204_c638a3516c_166_13527886@N00.jpg,34.022502,77.603302,33.853919982910156,76.37413787841797,0.0914406105875969,114.93097268254691,2,16,0.0625,27.916765213012695,89.296875,0.05337858572602272,1303.9759195381,-1189.044946855553,
369418843_2749cf6c0e_143_13527886@N00.jpg,31.39819,-7.635498,31.20952033996582,-7.8670501708984375,0.15385396778583527,30.39884818747153,4,75,0.29296875,31.139366149902344,-7.8933329582214355,0.04092006757855415,37.799451354868765,-7.400603167397236,
369442842_a63c6a6790_159_13527886@N00.jpg,31.39819,-7.635498,44.58742141723633,-107.61396026611328,0.04097575694322586,8329.243766604277,1,2,0.0078125,38.46134948730469,-105.3239974975586,0.012377612292766571,8498.692015319411,-169.44824871513447,
369454543_5c50726aab_98_13527886@N00.jpg,31.39819,-7.635498,-3.079245090484619,37.4564094543457,0.09461212158203125,6114.4685194026015,8,52,0.203125,-3.0829219818115234,37.357635498046875,0.050077907741069794,6106.653049876563,7.815469526038214,
369693214_50d0e1670c_129_75653366@N00.jpg,42.880681,-8.544616,45.045509338378906,3.8833229541778564,0.006825435906648636,1022.2716383352293,0,0,0.0,45.045509338378906,3.8833229541778564,0.006825435906648636,1022.2716383352293,0.0,
369703835_1a6f6a93f8_176_75653366@N00.jpg,42.880681,-8.544616,42.880680084228516,-8.544466018676758,0.05383116751909256,0.012221005123255635,1,256,1.0,42.880680084228516,-8.544466018676758,0.05431491136550903,0.012221005123255635,0.0,
369711791_01d1f82e99_130_75653366@N00.jpg,42.880681,-8.544616,42.880680084228516,-8.544466018676758,0.05341637134552002,0.012221005123255635,6,253,0.98828125,42.88043975830078,-8.545130729675293,0.05237685889005661,0.049785432853407384,-0.03756442773015175,
369714556_16fd58b7a7_98_75653366@N00.jpg,42.880681,-8.544616,42.8801155090332,-8.545303344726562,0.03854881227016449,0.08420507925101563,1,256,1.0,42.8801155090332,-8.545303344726562,0.022332824766635895,0.08420507925101563,0.0,
369809639_5ef2c6e678_171_77235581@N00.jpg,58.202872,-6.379451,35.06356430053711,-106.78034210205078,0.0014656668063253164,7313.279249956005,0,0,0.0,35.06356430053711,-106.78034210205078,0.0014656668063253164,7313.279249956005,0.0,
369809821_cda6f6e3fb_183_77235581@N00.jpg,58.202872,-6.379451,56.4172248840332,-5.474624156951904,0.03903333470225334,205.8518053577412,0,0,0.0,56.4172248840332,-5.474624156951904,0.03903333470225334,205.8518053577412,0.0,
369810745_9bdbb19083_156_77235581@N00.jpg,58.219827,-6.941385,57.8933219909668,-6.948853015899658,0.11684311926364899,36.308408923658696,0,0,0.0,57.8933219909668,-6.948853015899658,0.11684311926364899,36.308408923658696,0.0,
369814849_30fbad5cce_133_77235581@N00.jpg,58.217318,-6.392948,52.37435531616211,-9.317307472229004,0.004000781569629908,675.4076690294322,3,169,0.66015625,52.37435531616211,-9.317307472229004,0.004969061352312565,675.4076690294322,0.0,
370008386_98b128a398_188_51162504@N00.jpg,42.660481,-70.679694,43.34403610229492,-70.46319580078125,0.07107536494731903,78.0202225422922,1,72,0.28125,60.673179626464844,3.7792959213256836,0.030780227854847908,5179.7578096905845,-5101.737587148293,
370013417_a565c9df1f_138_51162504@N00.jpg,42.660481,-70.679694,42.02487564086914,-70.22563934326172,0.039229247719049454,79.92294739489806,0,0,0.0,42.02487564086914,-70.22563934326172,0.039229247719049454,79.92294739489806,0.0,
370013627_154027da37_182_51162504@N00.jpg,42.660481,-70.679694,44.3383674621582,-68.05257415771484,0.08625880628824234,282.3040189958714,0,0,0.0,44.3383674621582,-68.05257415771484,0.08625880628824234,282.3040189958714,0.0,
370018459_911d2a6929_123_51162504@N00.jpg,42.660481,-70.679694,42.49565887451172,-8.862818717956543,0.011034543626010418,4942.615217291654,0,0,0.0,42.49565887451172,-8.862818717956543,0.011034543626010418,4942.615217291654,0.0,
370087164_38a67addb2_185_51162504@N00.jpg,42.660481,-70.679694,57.65203857421875,11.772836685180664,0.010171888396143913,5713.04029504773,1,208,0.8125,47.75852584838867,16.605337142944336,0.01137987058609724,6485.490523754673,-772.4502287069427,
370092373_d1ae466d09_149_51162504@N00.jpg,42.660481,-70.679694,41.310184478759766,-71.86189270019531,0.05493399500846863,179.13671352473136,1,2,0.0078125,41.68870544433594,-70.62724304199219,0.014580830931663513,108.14306674460835,70.99364678012302,
370094768_5878667460_149_51162504@N00.jpg,42.660481,-70.679694,43.165653228759766,-70.59166717529297,0.08544247597455978,56.628242128242775,0,0,0.0,43.165653228759766,-70.59166717529297,0.08544247597455978,56.628242128242775,0.0,
370266582_88cb92cd17_133_75653366@N00.jpg,42.514452,-8.814876,42.87977981567383,-8.544292449951172,0.026284843683242798,46.25116632700821,1,192,0.75,42.87977981567383,-8.544292449951172,0.036412835121154785,46.25116632700821,0.0,
370269182_7df4880942_164_75653366@N00.jpg,42.514452,-8.814876,42.34530258178711,-8.611520767211914,0.043178435415029526,25.145984262677366,1,128,0.5,42.34530258178711,-8.611520767211914,0.056526679545640945,25.145984262677366,0.0,
370278449_93336f9827_139_75653366@N00.jpg,43.280595,-8.210906,42.880680084228516,-8.544466018676758,0.031874366104602814,52.070477555218204,1,144,0.5625,42.880680084228516,-8.544466018676758,0.04011240601539612,52.070477555218204,0.0,
370282346_965b8e2517_142_75653366@N00.jpg,43.280595,-8.210906,42.88043975830078,-8.545130729675293,0.014421923086047173,52.12142294702078,1,12,0.046875,42.70462417602539,-4.411481857299805,0.028649896383285522,315.5541241900373,-263.43270124301654,
370303352_c1f7ce0a19_149_75653366@N00.jpg,42.431059,-8.643965,41.14738082885742,-8.611048698425293,0.025309273973107338,142.76477879152043,2,172,0.671875,41.14738082885742,-8.611048698425293,0.02536589838564396,142.76477879152043,0.0,
370303667_34ebc515a2_153_75653366@N00.jpg,42.431059,-8.643965,41.44512176513672,-8.294239044189453,0.046156518161296844,113.38323624099068,2,38,0.1484375,41.14600372314453,-8.6139497756958,0.015675662085413933,142.9134889284475,-29.53025268745681,
370429117_653311e80c_35_75653366@N00.jpg,43.366498,-8.401107,51.381080627441406,-2.359668016433716,0.010162600316107273,999.7673800659989,0,0,0.0,51.381080627441406,-2.359668016433716,0.010162600316107273,999.7673800659989,0.0,
370466433_9a9a57d5fc_138_75653366@N00.jpg,41.981505,2.818508,42.52259826660156,0.8343600034713745,0.007940785028040409,174.03273102284115,1,45,0.17578125,51.12556076049805,1.316277027130127,0.010614607483148575,1023.1824072204904,-849.1496761976492,
370469087_851d5fdc80_124_75653366@N00.jpg,41.981505,2.818508,41.987159729003906,2.826029062271118,0.02286987006664276,0.8841996886675833,0,0,0.0,41.987159729003906,2.826029062271118,0.02286987006664276,0.8841996886675833,0.0,
370513222_576ebd2e13_183_82927779@N00.jpg,-32.477777,19.275755,-33.429771423339844,19.328655242919922,0.12004241347312927,105.97210097421282,0,0,0.0,-33.429771423339844,19.328655242919922,0.12004241347312927,105.97210097421282,0.0,
370662822_d4198634bb_157_13527886@N00.jpg,21.953235,-78.728027,22.905609130859375,-82.430419921875,0.03895590826869011,394.98842982483666,0,0,0.0,22.905609130859375,-82.430419921875,0.03895590826869011,394.98842982483666,0.0,
370667974_f529d7f483_171_13527886@N00.jpg,21.953235,-78.728027,21.80422019958496,-79.9848403930664,0.08654603362083435,130.73966401498987,4,98,0.3828125,21.80422019958496,-79.9848403930664,0.048704225569963455,130.73966401498987,0.0,
370679517_654f91b783_123_13527886@N00.jpg,21.953235,-78.728027,20.39592742919922,-87.3138427734375,0.02398998662829399,906.7822997823721,2,72,0.28125,12.596281051635742,-70.0491714477539,0.026141928508877754,1388.9340374830922,-482.1517377007201,
370692913_f8b577bc3f_124_13527886@N00.jpg,21.953235,-78.728027,22.883230209350586,-82.27771759033203,0.016090231016278267,379.23491732640804,11,164,0.640625,22.905609130859375,-82.430419921875,0.020860405638813972,394.98842982483666,-15.75351249842862,
370696672_e77a7fd939_150_13527886@N00.jpg,21.953235,-78.728027,21.80422019958496,-79.9848403930664,0.0420399010181427,130.73966401498987,3,8,0.03125,21.80422019958496,-79.9848403930664,0.053177397698163986,130.73966401498987,0.0,
370709721_989f70a667_187_13527886@N00.jpg,21.953235,-78.728027,22.406902313232422,-79.96424865722656,0.04776393994688988,136.92059531952685,6,147,0.57421875,32.0984992980957,-116.85633850097656,0.028641359880566597,3918.7877754330593,-3781.8671801135324,
370712085_46ac154862_149_13527886@N00.jpg,21.953235,-78.728027,22.40277671813965,-79.96227264404297,0.1570950448513031,136.56462747652265,0,0,0.0,22.40277671813965,-79.96227264404297,0.1570950448513031,136.56462747652265,0.0,
370713295_f6187c6b09_180_13527886@N00.jpg,21.953235,-78.728027,20.022871017456055,-75.81974029541016,0.08432596176862717,370.4340308126663,2,6,0.0234375,20.022871017456055,-75.81974029541016,0.026216087862849236,370.4340308126663,0.0,
370717727_f9564e3587_150_13527886@N00.jpg,21.953235,-78.728027,48.286903381347656,18.986434936523438,0.02134995348751545,8749.212760913593,0,0,0.0,48.286903381347656,18.986434936523438,0.02134995348751545,8749.212760913593,0.0,
370720998_98607ebc90_128_13527886@N00.jpg,21.953235,-78.728027,37.95380783081055,-79.83588409423828,0.03903908655047417,1782.34196822158,3,77,0.30078125,44.235084533691406,-71.2503662109375,0.0368073396384716,2570.9275479444395,-788.5855797228596,
37087799_c1ea52467f_29_41894197861@N01.jpg,38.711165,-9.134488,38.712135314941406,-9.13369369506836,0.014512966386973858,0.12802709817157976,2,40,0.15625,45.184810638427734,0.721642017364502,0.004519387613981962,1086.0146487009663,-1085.8866216027948,
37089847_8986a4655a_21_41894197861@N01.jpg,38.789482,-9.493474,45.717445373535156,-1.237936019897461,0.02634558081626892,1026.0610740814805,0,0,0.0,45.717445373535156,-1.237936019897461,0.02634558081626892,1026.0610740814805,0.0,
370929463_12778dcca8_155_13527886@N00.jpg,17.334908,-88.643188,17.755348205566406,-89.92214965820312,0.06572037190198898,143.4308100245304,1,84,0.328125,18.746570587158203,99.16551208496094,0.06081804633140564,15913.2218077651,-15769.790997740569,
370937781_bb00b8afd3_183_13527886@N00.jpg,17.334908,-88.643188,17.51003074645996,-91.98149871826172,0.059156958013772964,354.7042551752393,0,0,0.0,17.51003074645996,-91.98149871826172,0.059156958013772964,354.7042551752393,0.0,
370946823_033ead7705_128_13527886@N00.jpg,17.334908,-88.643188,16.813413619995117,-88.07121276855469,0.07485698908567429,84.0171573345619,1,98,0.3828125,16.813413619995117,-88.07121276855469,0.04515572264790535,84.0171573345619,0.0,
370953104_eac1f8b08a_140_13527886@N00.jpg,17.334908,-88.643188,4.078144073486328,102.31464385986328,0.024360578507184982,17347.478545727903,9,188,0.734375,7.3373332023620605,80.81133270263672,0.03153905272483826,17036.97785007981,310.5006956480938,
370994891_2eb5545d87_123_13527886@N00.jpg,17.334908,-88.643188,17.755348205566406,-89.92214965820312,0.16335414350032806,143.4308100245304,3,249,0.97265625,17.755348205566406,-89.92214965820312,0.11268513649702072,143.4308100245304,0.0,
371004924_10f8c9bff7_187_13527886@N00.jpg,17.334908,-88.643188,24.553993225097656,-81.80166625976562,0.035552121698856354,1071.4999689502204,1,256,1.0,24.553993225097656,-81.80166625976562,0.03347817808389664,1071.4999689502204,0.0,
371341643_33f0c52f03_179_62126383@N00.jpg,23.021604,-82.210006,-22.350074768066406,-42.802734375,0.06491368263959885,6605.419806210629,3,155,0.60546875,6.226226806640625,-75.19961547851562,0.035674870014190674,2012.895317217491,4592.524488993138,
371400594_816d12aaa1_137_70323761@N00.jpg,40.736608,-74.009372,40.745670318603516,-74.00574493408203,0.004031790420413017,1.0529985957933254,0,0,0.0,40.745670318603516,-74.00574493408203,0.004031790420413017,1.0529985957933254,0.0,
371463024_3407bee0da_183_87409164@N00.jpg,36.754702,139.603872,36.757999420166016,139.5989990234375,0.019373200833797455,0.5682439207418908,3,134,0.5234375,27.715103149414062,85.28974914550781,0.006456555332988501,5138.0287888757475,-5137.460544955005,
372392170_5bc76be732_177_93487964@N00.jpg,41.031104,-3.625268,59.5182991027832,25.55797576904297,0.0019746418111026287,2876.095734439798,1,224,0.875,39.59379196166992,-84.20075225830078,0.007521413266658783,6571.346074643723,-3695.250340203925,
372394997_d6070ae56c_140_40279823@N00.jpg,10.437844,45.005836,36.61267852783203,27.133209228515625,0.02234986610710621,3419.8702961948175,2,243,0.94921875,34.499542236328125,69.86387634277344,0.027493536472320557,3677.0820008440483,-257.2117046492308,
373474843_4d19158078_179_23812473@N00.jpg,20.749853,-99.94606,36.990074157714844,26.932125091552734,0.20938441157341003,11519.386516317363,1,25,0.09765625,23.692909240722656,-100.86552429199219,0.07211604714393616,340.6607513640438,11178.72576495332,
373724056_ba51894980_183_73293249@N00.jpg,46.079887,7.270385,45.29547882080078,6.582955837249756,0.03414425253868103,102.26852788002353,0,0,0.0,45.29547882080078,6.582955837249756,0.03414425253868103,102.26852788002353,0.0,
374697520_d88fd67841_123_48637819@N00.jpg,48.893488,2.242541,31.19334602355957,121.48938751220703,0.012266802601516247,9270.219450118751,1,210,0.8203125,31.19430160522461,121.49162292480469,0.012919243425130844,9270.255498914323,-0.03604879557133245,
375260318_369eaad089_169_99437479@N00.jpg,58.875664,5.721881,45.885005950927734,-66.54550170898438,0.010162067599594593,4847.990120386853,0,0,0.0,45.885005950927734,-66.54550170898438,0.010162067599594593,4847.990120386853,0.0,
375358711_96313706d2_183_59398218@N00.jpg,12.653068,-7.987232,13.141002655029297,-1.1370840072631836,0.11078225821256638,744.4421829047577,7,70,0.2734375,11.630715370178223,-1.0581200122833252,0.1371566504240036,761.7459458611163,-17.303762956358582,
375662037_7523151d30_150_67879480@N00.jpg,29.927564,31.157312,29.467697143554688,30.404834747314453,0.09394026547670364,88.86691592065479,0,0,0.0,29.467697143554688,30.404834747314453,0.09394026547670364,88.86691592065479,0.0,
375791675_4bda3356ac_169_36887937@N00.jpg,27.581861,89.862869,27.470949172973633,89.64110565185547,0.11393164098262787,25.105542779245287,0,0,0.0,27.470949172973633,89.64110565185547,0.11393164098262787,25.105542779245287,0.0,
376849567_4461f2c846_136_36887937@N00.jpg,27.637816,89.816383,27.476293563842773,89.6386489868164,0.06512035429477692,25.091146865835437,1,144,0.5625,27.477664947509766,89.65650177001953,0.06941384077072144,23.780960640610072,1.3101862252253653,
377436986_3fb780c0d9_181_87409164@N00.jpg,13.443636,99.983224,13.235600471496582,103.82354736328125,0.029351191595196724,416.14277735369814,3,240,0.9375,13.235600471496582,103.82354736328125,0.04185575991868973,416.14277735369814,0.0,
377497538_b65ffb3ce4_178_94949650@N00.jpg,43.694066,7.254838,28.05130386352539,-16.726341247558594,0.008272940292954445,2756.0791791168367,3,138,0.5390625,21.705881118774414,-157.9974365234375,0.010829978622496128,12588.73126410616,-9832.652084989324,
377535568_49ed356504_183_75653366@N00.jpg,39.803425,-5.173015,39.4532585144043,-3.608365058898926,0.048860836774110794,139.54021040956164,2,192,0.75,39.4532585144043,-3.608365058898926,0.034568194299936295,139.54021040956164,0.0,
377666921_396d120d71_148_29251780@N00.jpg,50.955182,1.838836,50.63722229003906,3.063004970550537,0.007132333237677813,93.01930238898733,1,256,1.0,48.29621124267578,4.075411796569824,0.0051359375938773155,336.66718133603297,-243.64787894704563,
377800643_c214c49e7c_158_29251780@N00.jpg,50.843725,4.356079,50.847782135009766,4.35112190246582,0.0032855228055268526,0.5697813028674978,11,99,0.38671875,50.85246658325195,2.8852179050445557,0.004022086970508099,103.26642337912692,-102.69664207625942,
377975867_21aea11db8_123_55126705@N00.jpg,11.252153,-85.872745,-9.795890808105469,-139.03712463378906,0.0173928365111351,6326.059613196756,3,102,0.3984375,9.07497501373291,-61.885986328125,0.04561479017138481,2635.7163346414277,3690.343278555328,
378642876_719fcc3f78_155_85417391@N00.jpg,42.009573,-72.131252,46.77431869506836,-72.88475799560547,0.0297869686037302,533.1808435180009,0,0,0.0,46.77431869506836,-72.88475799560547,0.0297869686037302,533.1808435180009,0.0,
378900617_79a0b02340_146_87409164@N00.jpg,1.291899,103.859167,-37.8160400390625,144.96591186523438,0.0005603837198577821,6055.720295594794,3,256,1.0,39.9630126953125,-75.17709350585938,0.0007353703258559108,15426.72403895624,-9371.003743361445,
378901599_a95b641351_171_87409164@N00.jpg,1.285035,103.854532,1.283499002456665,103.85333251953125,0.01972005143761635,0.21668264094322123,3,204,0.796875,1.283499002456665,103.85333251953125,0.018197063356637955,0.21668264094322123,0.0,
379001279_fa81cf9ee0_155_87409164@N00.jpg,1.318414,103.842687,3.23752498626709,101.68704986572266,0.02106495015323162,320.7738213632081,2,240,0.9375,3.23752498626709,101.68704986572266,0.0351017490029335,320.7738213632081,0.0,
379167304_8d37503114_186_81421684@N00.jpg,39.994654,116.259341,39.997257232666016,116.27122497558594,0.013001524843275547,1.052913160288754,4,232,0.90625,39.997257232666016,116.27122497558594,0.01818029396235943,1.052913160288754,0.0,
379206760_1b5c3bc3d9_186_57253263@N00.jpg,42.632834,-70.779076,44.45290756225586,-64.3822021484375,0.05374143272638321,553.6975846448981,1,240,0.9375,44.37687301635742,-64.3138427734375,0.06779218465089798,556.1333726917842,-2.4357880468860458,
379326336_30586fd2c0_181_59615371@N00.jpg,34.052374,-84.289684,35.84480285644531,-79.08978271484375,0.025636745616793633,514.044520767511,2,131,0.51171875,35.84480285644531,-79.08978271484375,0.006131773814558983,514.044520767511,0.0,
379404646_8a95d14e4a_154_94949650@N00.jpg,13.760561,100.494604,-6.143951892852783,106.81266784667969,0.00741569371894002,2320.557256124675,2,174,0.6796875,-6.196908950805664,106.8753662109375,0.007287670858204365,2328.2593552727017,-7.7020991480267185,
379423649_cd8d986eb2_163_75653366@N00.jpg,42.576469,-1.082668,43.14326858520508,-4.1924848556518555,0.032478414475917816,261.17584934468994,2,256,1.0,42.592185974121094,-6.223872184753418,0.026427431032061577,420.8542592195666,-159.67840987487665,
379532163_0b9870d933_177_77235581@N00.jpg,58.202872,-6.379451,-35.015140533447266,117.88459014892578,0.021089546382427216,15227.053069774895,0,0,0.0,-35.015140533447266,117.88459014892578,0.021089546382427216,15227.053069774895,0.0,
37954439_294cd63278_23_42126397@N00.jpg,45.701503,9.673976,45.83781814575195,9.075790405273438,0.016144337132573128,48.810401134169915,3,171,0.66796875,45.705020904541016,13.718130111694336,0.03348764032125473,314.0189146589933,-265.2085135248234,
379547820_18c162bd9e_168_77235581@N00.jpg,58.202872,-6.379451,50.822853088378906,-0.29954901337623596,0.0017076934454962611,908.7799134481951,1,256,1.0,50.822853088378906,-0.29954901337623596,0.003997635096311569,908.7799134481951,0.0,
379559468_941e398668_123_77235581@N00.jpg,58.202872,-6.379451,54.305606842041016,-8.56693172454834,0.06251745671033859,453.87182869188274,0,0,0.0,54.305606842041016,-8.56693172454834,0.06251745671033859,453.87182869188274,0.0,
379565438_0df153bc17_123_75653366@N00.jpg,43.009558,-1.320161,43.91267013549805,3.3169260025024414,0.05552944168448448,387.43720904355945,2,230,0.8984375,42.52259826660156,0.8343600034713745,0.05635099858045578,184.01774331182355,203.4194657317359,
379604236_cdf8a8e0bb_146_75653366@N00.jpg,43.323538,-1.98522,43.322654724121094,-1.985584020614624,0.03954090178012848,0.10253536040938956,0,0,0.0,43.322654724121094,-1.985584020614624,0.03954090178012848,0.10253536040938956,0.0,
379678729_4f49f50a50_125_77235581@N00.jpg,58.202872,-6.379451,59.41225814819336,5.268062114715576,0.017069660127162933,683.1803782168664,0,0,0.0,59.41225814819336,5.268062114715576,0.017069660127162933,683.1803782168664,0.0,
379680723_af89e2286b_164_77235581@N00.jpg,58.202872,-6.379451,57.41524124145508,-6.200088977813721,0.057351622730493546,88.22273291078604,0,0,0.0,57.41524124145508,-6.200088977813721,0.057351622730493546,88.22273291078604,0.0,
379681558_4a2347d542_141_75653366@N00.jpg,41.261388,-2.176022,42.756717681884766,-8.246439933776855,0.018520452082157135,528.2486051801451,0,0,0.0,42.756717681884766,-8.246439933776855,0.018520452082157135,528.2486051801451,0.0,
379684325_1811686bb4_173_77235581@N00.jpg,58.202872,-6.379451,46.19511413574219,-123.85162353515625,0.009657753631472588,7068.484309759213,0,0,0.0,46.19511413574219,-123.85162353515625,0.009657753631472588,7068.484309759213,0.0,
379687153_5ad1d5636e_124_77235581@N00.jpg,58.202872,-6.379451,66.53514099121094,12.968672752380371,0.07096338272094727,1351.1724404245376,0,0,0.0,66.53514099121094,12.968672752380371,0.07096338272094727,1351.1724404245376,0.0,
379688791_d7672de201_150_77235581@N00.jpg,58.202872,-6.379451,51.84919357299805,-8.300514221191406,0.021474281325936317,716.9525739793304,1,10,0.0390625,52.520450592041016,5.428360939025879,0.0064873723313212395,975.4621559145941,-258.50958193526367,
379691696_374fd91da2_173_77235581@N00.jpg,58.202872,-6.379451,57.03447341918945,-5.8454132080078125,0.02305002696812153,133.75476740274405,0,0,0.0,57.03447341918945,-5.8454132080078125,0.02305002696812153,133.75476740274405,0.0,
379693524_e88d00b1f2_155_77235581@N00.jpg,58.202872,-6.379451,46.18666458129883,18.73078727722168,0.012732238508760929,2149.670921858457,5,208,0.8125,48.05423355102539,20.255075454711914,0.042397987097501755,2083.9254557397426,65.74546611871438,
379697830_84c7342321_157_77235581@N00.jpg,58.208321,-6.38915,54.99554443359375,-7.32197904586792,0.07341726869344711,361.7694478738621,1,30,0.1171875,52.26298522949219,-7.113819122314453,0.007555447984486818,662.6764893356798,-300.9070414618177,
379713829_2ecac07efa_130_77235581@N00.jpg,58.202872,-6.379451,52.89527893066406,-0.7855290174484253,0.001184837194159627,686.5903006351141,0,0,0.0,52.89527893066406,-0.7855290174484253,0.001184837194159627,686.5903006351141,0.0,
379761597_2912dab40e_153_75653366@N00.jpg,42.497684,-1.215491,42.199363708496094,2.7014129161834717,0.03546823188662529,323.56603616204455,1,6,0.0234375,41.57660675048828,1.2397589683532715,0.03956254571676254,227.1541595310313,96.41187663101326,
379765701_1cea4b8706_159_77235581@N00.jpg,58.202713,-6.38164,55.634925842285156,-4.823855876922607,0.028040936216711998,300.751337257426,0,0,0.0,55.634925842285156,-4.823855876922607,0.028040936216711998,300.751337257426,0.0,
379768630_5847cd99b3_173_75653366@N00.jpg,42.497684,-1.215491,42.70462417602539,-4.411481857299805,0.06484336405992508,262.5823462316304,0,0,0.0,42.70462417602539,-4.411481857299805,0.06484336405992508,262.5823462316304,0.0,
379772355_ce71b08feb_123_77235581@N00.jpg,58.202713,-6.38164,54.64474105834961,-5.530546188354492,0.09046593308448792,399.0673347898562,0,0,0.0,54.64474105834961,-5.530546188354492,0.09046593308448792,399.0673347898562,0.0,
379777984_75362fd964_150_77235581@N00.jpg,58.202713,-6.38164,57.4117431640625,-6.194839000701904,0.05923749879002571,88.64532411516305,4,17,0.06640625,29.14344596862793,-13.45008659362793,0.006958192680031061,3276.8324975006976,-3188.1871733855346,
379782133_1041913454_136_75653366@N00.jpg,42.497684,-1.215491,43.330665588378906,-3.0331668853759766,0.005829100031405687,174.60893653081078,3,218,0.8515625,43.330665588378906,-3.0331668853759766,0.004140634089708328,174.60893653081078,0.0,
380002471_62d43c2804_181_26234358@N00.jpg,52.520869,13.398503,51.06406021118164,4.580038070678711,0.003300135023891926,627.3049455838712,3,18,0.0703125,48.205501556396484,16.365915298461914,0.007762055844068527,523.8710228614775,103.43392272239373,
380011871_5d37218664_130_26234358@N00.jpg,52.520869,13.398503,41.509124755859375,-81.61107635498047,0.0022522208746522665,6773.171708541467,2,180,0.703125,41.509124755859375,-81.61107635498047,0.010405524633824825,6773.171708541467,0.0,
380281278_f2c04b4ad9_163_94949650@N00.jpg,40.671003,-4.012241,16.969127655029297,-96.69479370117188,0.03132624924182892,9007.960892746716,0,0,0.0,16.969127655029297,-96.69479370117188,0.03132624924182892,9007.960892746716,0.0,
380730771_e8d0feea19_167_75452460@N00.jpg,47.615074,15.179328,40.09606170654297,22.43030548095703,0.0596979521214962,1017.3480985232582,0,0,0.0,40.09606170654297,22.43030548095703,0.0596979521214962,1017.3480985232582,0.0,
381053059_1aa0a6c6ed_127_50994135@N00.jpg,55.778745,-5.104351,57.49650192260742,-1.7755789756774902,0.018033146858215332,279.07835365437876,1,120,0.46875,57.98617172241211,-3.914051055908203,0.018932214006781578,255.87508962114728,23.203264033231477,
381053784_fbcb7e5d71_175_36887937@N00.jpg,27.471488,89.637827,25.963476181030273,107.02056884765625,0.030991772189736366,1733.20513078279,2,256,1.0,19.53066635131836,103.7689208984375,0.05281386524438858,1687.9435731227718,45.2615576600183,
381147491_751c8c119c_181_57253263@N00.jpg,42.367803,-71.076221,44.85564041137695,-93.24365234375,0.0038058049976825714,1800.1963104152273,2,5,0.01953125,44.85519790649414,-93.24319458007812,0.003171278163790703,1800.1593704568156,0.03693995841172182,
381265294_2fd6c670ed_158_23812473@N00.jpg,20.749853,-99.94606,44.81829833984375,34.89543151855469,0.015062357299029827,11407.84280209314,0,0,0.0,44.81829833984375,34.89543151855469,0.015062357299029827,11407.84280209314,0.0,
381308728_e37741b664_158_23812473@N00.jpg,20.180287,-99.940567,37.86577224731445,-120.1258544921875,0.10463078320026398,2765.9687933740734,0,0,0.0,37.86577224731445,-120.1258544921875,0.10463078320026398,2765.9687933740734,0.0,
38164785_1e9bd29d65_25_73293249@N00.jpg,46.225458,7.420274,46.32938766479492,8.029631614685059,0.028777293860912323,48.236471344297286,2,69,0.26953125,42.49913024902344,2.4082369804382324,0.016647381708025932,574.608862255426,-526.3723909111286,
38173725_e0c16b185b_31_73293249@N00.jpg,46.225458,7.420274,45.86703109741211,10.397100448608398,0.06021277606487274,233.1621246055118,3,63,0.24609375,47.73896789550781,15.667512893676758,0.02786097303032875,647.5194339152739,-414.3573093097621,
381900580_c61f949d64_137_36887937@N00.jpg,27.503294,89.320805,28.68124008178711,84.18428039550781,0.05836976692080498,520.5626535586064,1,182,0.7109375,28.68124008178711,84.18428039550781,0.055829890072345734,520.5626535586064,0.0,
382004611_94e09eebc6_161_50994135@N00.jpg,56.627153,-4.770812,56.64848709106445,-4.8487467765808105,0.18485192954540253,5.323453067718148,0,0,0.0,56.64848709106445,-4.8487467765808105,0.18485192954540253,5.323453067718148,0.0,
382949020_1ad600bdbf_124_82981539@N00.jpg,38.698028,-9.206156,37.3856315612793,-5.992999076843262,0.014919355511665344,316.9483656752,1,256,1.0,37.3856315612793,-5.992999076843262,0.016245432198047638,316.9483656752,0.0,
382959160_18e43f7ff2_148_50994135@N00.jpg,56.846578,-4.990882,57.25044250488281,-3.794919967651367,0.06225024536252022,85.13908403599802,0,0,0.0,57.25044250488281,-3.794919967651367,0.06225024536252022,85.13908403599802,0.0,
38318119_85ff9cd53c_29_73293249@N00.jpg,41.403624,2.174247,41.40311813354492,2.174160957336426,0.018154768273234367,0.05670578979701103,1,6,0.0234375,41.40311813354492,2.174160957336426,0.011183518916368484,0.05670578979701103,0.0,
38394112_04c89f5e5a_25_73293249@N00.jpg,41.403624,2.174247,41.086727142333984,1.1561390161514282,0.06824218481779099,92.12554364226519,11,57,0.22265625,21.64149284362793,-157.92169189453125,0.10625359416007996,12710.483035268377,-12618.357491626111,
383961451_8f35cf6fe6_132_35271748@N00.jpg,45.438288,12.347506,43.440704345703125,13.610342979431152,0.009220373816788197,243.69190013313954,3,33,0.12890625,41.49011993408203,13.81309700012207,0.008367039263248444,454.6488396760618,-210.95693954292227,
383977422_ad1c788bbc_130_35271748@N00.jpg,45.440697,12.333977,45.433990478515625,12.337967872619629,0.006973904557526112,0.8081319587613753,1,256,1.0,45.433990478515625,12.337967872619629,0.007215837016701698,0.8081319587613753,0.0,
383980143_bae1a5e828_129_35271748@N00.jpg,45.4342,12.339491,41.38596725463867,2.178757905960083,0.00508600240573287,935.1021893244339,1,256,1.0,41.403465270996094,2.174420118331909,0.005053290165960789,934.374204115589,0.7279852088448706,
383980428_06a32d4dd3_175_35271748@N00.jpg,45.43397,12.339524,45.43367385864258,12.338240623474121,0.007275993470102549,0.1054160416873207,1,30,0.1171875,50.848331451416016,4.352499961853027,0.0028092903085052967,843.8788251851508,-843.7734091434635,
383982362_1b15e54ac6_156_35271748@N00.jpg,45.431696,12.333945,45.43858337402344,12.319868087768555,0.005460096523165703,1.339015760349879,1,256,1.0,45.43604278564453,12.335665702819824,0.0051374249160289764,0.5016430791672613,0.8373726811826177,
383994009_4bf534f72a_154_35271748@N00.jpg,45.431696,12.333945,45.43345260620117,12.336100578308105,0.0052703130058944225,0.2577674912226773,2,256,1.0,45.43345260620117,12.336100578308105,0.005302799865603447,0.2577674912226773,0.0,
384022275_0c6972dc9d_170_35271748@N00.jpg,45.439119,12.334202,37.853355407714844,15.287837982177734,0.006147692911326885,878.3058260954457,0,0,0.0,37.853355407714844,15.287837982177734,0.006147692911326885,878.3058260954457,0.0,
384029049_7972d8ba25_137_35271748@N00.jpg,45.434776,12.343515,44.41780471801758,12.199295043945312,0.004334642086178064,113.65072585333327,0,0,0.0,44.41780471801758,12.199295043945312,0.004334642086178064,113.65072585333327,0.0,
384029564_a4a76e23fd_172_35271748@N00.jpg,45.434776,12.343515,44.41780471801758,12.199295043945312,0.004052066244184971,113.65072585333327,2,36,0.140625,41.905006408691406,12.45458984375,0.007422645576298237,392.59455455236525,-278.943828699032,
38406230_c35251e036_30_73293249@N00.jpg,41.403624,2.174247,50.79945373535156,6.881213188171387,0.04664570838212967,1105.421369387163,0,0,0.0,50.79945373535156,6.881213188171387,0.04664570838212967,1105.421369387163,0.0,
384841297_5cf19114b3_167_82952591@N00.jpg,60.158934,-44.145812,69.30715942382812,-50.87879943847656,0.22930686175823212,1064.7317223582638,0,0,0.0,69.30715942382812,-50.87879943847656,0.22930686175823212,1064.7317223582638,0.0,
384934252_358bf2a08e_134_48264126@N00.jpg,-37.816395,144.966831,-37.81660842895508,144.9482421875,0.014548036269843578,1.6330456742481614,1,117,0.45703125,-37.81842803955078,144.95266723632812,0.011060183867812157,1.2645252466294385,0.36852042761872283,
38548487_bde86ff608_29_73293249@N00.jpg,45.464179,9.189377,43.722103118896484,10.396659851074219,0.0035635107196867466,216.00792673912883,4,46,0.1796875,41.0792236328125,14.327613830566406,0.006062889005988836,640.6522050081998,-424.6442782690709,
385613908_2b892673ec_151_97522422@N00.jpg,63.432736,10.418128,37.55379867553711,126.9246826171875,0.0005724462680518627,7476.538008220812,2,226,0.8828125,23.54384422302246,112.939453125,0.0013112900778651237,8276.48566792069,-799.9476596998775,
386452940_fa5b66fcc6_160_89904893@N00.jpg,51.867323,-2.246661,51.8673095703125,-2.2470359802246094,0.10867847502231598,0.025789883959258016,1,256,1.0,51.8673095703125,-2.2470359802246094,0.09664560109376907,0.025789883959258016,0.0,
387971756_9475473f1a_153_75452460@N00.jpg,46.868641,10.884017,46.80099868774414,10.739134788513184,0.044099193066358566,13.343019476536822,0,0,0.0,46.80099868774414,10.739134788513184,0.044099193066358566,13.343019476536822,0.0,
387971786_0a3a7d4ea4_145_75452460@N00.jpg,46.868641,10.884017,32.48109436035156,77.50785827636719,0.053378310054540634,5741.006420049513,0,0,0.0,32.48109436035156,77.50785827636719,0.053378310054540634,5741.006420049513,0.0,
387971789_4b82bb9247_141_75452460@N00.jpg,46.868641,10.884017,46.80099868774414,10.739134788513184,0.045234303921461105,13.343019476536822,0,0,0.0,46.80099868774414,10.739134788513184,0.045234303921461105,13.343019476536822,0.0,
388596710_b01af30eb5_164_62126383@N00.jpg,23.021604,-82.210006,23.11680030822754,-82.38858795166016,0.02669958956539631,21.114535670681235,3,143,0.55859375,23.143831253051758,-82.38922119140625,0.02112741582095623,22.820923497010963,-1.7063878263297276,
388609333_6ea66eabec_138_62126383@N00.jpg,22.407933,-79.955062,22.406902313232422,-79.96424865722656,0.04334340617060661,0.9513123857848483,1,44,0.171875,47.13394546508789,-122.49268341064453,0.002830465091392398,4673.403241665056,-4672.451929279271,
388610528_6618918a6f_138_62126383@N00.jpg,22.407933,-79.955062,36.80313491821289,22.297182083129883,0.002467438345775008,9553.092914025574,1,140,0.546875,36.80313491821289,22.297182083129883,0.008937785401940346,9553.092914025574,0.0,
388610982_87486b4e3c_67_62126383@N00.jpg,23.021604,-82.210006,23.139318466186523,-82.35221099853516,0.026453712955117226,19.568799310056995,0,0,0.0,23.139318466186523,-82.35221099853516,0.026453712955117226,19.568799310056995,0.0,
388611635_415ff94d0b_143_62126383@N00.jpg,23.021604,-82.210006,22.905609130859375,-82.430419921875,0.011393946595489979,25.992587377764995,1,24,0.09375,12.416940689086914,76.57655334472656,0.01754135452210903,15447.603387666839,-15421.610800289074,
388727597_e98808b80d_182_44067110@N00.jpg,40.41935,-3.693044,40.41715621948242,-3.706576108932495,0.006283539813011885,1.171262854498673,3,52,0.203125,44.4318733215332,26.09858512878418,0.030465004965662956,2471.4134134427445,-2470.2421505882457,
388833980_2ff2ea7830_146_62126383@N00.jpg,33.467893,-84.75038,36.02873611450195,-78.89735412597656,0.03155442327260971,605.6872222677804,1,24,0.09375,-37.922733306884766,144.66697692871094,0.007688180077821016,15576.995650282288,-14971.308428014507,
389668886_45c8d6111a_154_32367657@N00.jpg,59.911491,10.733397,59.91379928588867,10.737247467041016,0.012886133044958115,0.334590060503111,0,0,0.0,59.91379928588867,10.737247467041016,0.012886133044958115,0.334590060503111,0.0,
389869342_8c120b15eb_185_62126383@N00.jpg,38.930103,-77.050552,34.50212860107422,-84.47419738769531,0.011790775693953037,824.3057833318052,2,256,1.0,34.50212860107422,-84.47419738769531,0.029046760872006416,824.3057833318052,0.0,
390452034_30a976ddea_166_32367657@N00.jpg,59.915569,10.73685,60.16840744018555,24.952096939086914,0.002664692932739854,788.3033740367389,4,178,0.6953125,60.16840744018555,24.952096939086914,0.0023444672115147114,788.3033740367389,0.0,
390520804_d1180e54f9_149_89904893@N00.jpg,51.251494,0.628495,51.24805450439453,0.6288890242576599,0.10764595121145248,0.38343695547474804,3,53,0.20703125,50.857215881347656,-0.5525310039520264,0.09861018508672714,93.46662406547905,-93.0831871100043,
390524954_b77186fb32_152_32367657@N00.jpg,59.910775,10.731888,59.909706115722656,10.728534698486328,0.008296431042253971,0.22152507237232139,10,123,0.48046875,54.44479751586914,18.56840705871582,0.024995500221848488,768.6733785231685,-768.4518534507962,
391022856_d0071b9082_176_14262239@N00.jpg,37.83148,73.33374,32.48109436035156,77.50785827636719,0.08648573607206345,705.4566000949305,2,16,0.0625,64.9481201171875,-15.801773071289062,0.11754406243562698,6215.437499169034,-5509.980899074103,
391362889_f8c906cf09_177_32367657@N00.jpg,59.927586,10.699055,59.927642822265625,10.699012756347656,0.08125327527523041,0.006742544816963371,5,88,0.34375,59.92778396606445,10.698831558227539,0.08468050509691238,0.025289665538950026,-0.018547120721986655,
391459948_224bff84f7_173_32367657@N00.jpg,59.963794,10.665555,59.96375274658203,10.668603897094727,0.15802006423473358,0.16975876956303865,0,0,0.0,59.96375274658203,10.668603897094727,0.15802006423473358,0.16975876956303865,0.0,
391839974_01fd6f1388_134_94949650@N00.jpg,49.341342,-123.01546,47.86065673828125,-123.93494415283203,0.033405955880880356,177.9834781301466,1,256,1.0,47.86065673828125,-123.93494415283203,0.08595395088195801,177.9834781301466,0.0,
391845821_30df41a5fe_156_94949650@N00.jpg,49.34411,-123.018078,49.28124237060547,-124.37347412109375,0.07134938985109329,98.50170109837924,11,78,0.3046875,46.63564682006836,14.124983787536621,0.0081820422783494,8570.87979101628,-8472.3780899179,
392353870_7156adbc4c_128_32377115@N00.jpg,53.306339,-6.441485,32.37840270996094,-86.35108184814453,0.04826710373163223,6539.913340045267,4,113,0.44140625,32.37840270996094,-86.35108184814453,0.05673298239707947,6539.913340045267,0.0,
392426226_fde8ad65f3_166_32377115@N00.jpg,53.306339,-6.441485,44.108863830566406,-77.5489273071289,0.014397808350622654,5094.001280781659,5,223,0.87109375,54.59830093383789,-7.295400142669678,0.03397049754858017,154.1402451213659,4939.861035660293,
393149734_7c2837ad0f_126_56776080@N00.jpg,22.283537,114.161682,22.292985916137695,114.1697998046875,0.011392348445951939,1.3422019301696226,1,143,0.55859375,-3.1457700729370117,-60.01835250854492,0.025433385744690895,17796.396518433558,-17795.05431650339,
393317164_6e2272810d_169_99437479@N00.jpg,59.103945,5.592985,59.90468215942383,10.684807777404785,0.04347755014896393,300.71526055827746,2,194,0.7578125,59.90468215942383,10.684807777404785,0.023690270259976387,300.71526055827746,0.0,
394216155_b0625334df_157_26234358@N00.jpg,52.52207,13.394522,52.40409469604492,13.027037620544434,0.03895216062664986,28.140995899139593,9,58,0.2265625,48.80500411987305,2.1192879676818848,0.040368568152189255,894.4163392554797,-866.27534335634,
394322932_3b6e0dce91_123_75452460@N00.jpg,47.744056,16.015663,60.21986770629883,24.85553741455078,0.014263900928199291,1499.7630905588885,2,86,0.3359375,51.786956787109375,4.675539970397949,0.012967159040272236,928.8605261348375,570.902564424051,
394527119_cab0858a86_172_15632944@N00.jpg,51.117559,16.9701,52.251243591308594,21.06145477294922,0.02707957848906517,308.8888260772333,0,0,0.0,52.251243591308594,21.06145477294922,0.02707957848906517,308.8888260772333,0.0,
394564573_ccb601bd20_149_89904893@N00.jpg,51.279279,1.084706,51.280025482177734,1.0802520513534546,0.02813882566988468,0.3207205247797331,1,30,0.1171875,50.835594177246094,-0.7777330279350281,0.013286706060171127,139.1980558052063,-138.87733528042656,
394841530_2705c89b5c_184_41315423@N00.jpg,39.762416,-89.606122,43.50498580932617,-5.7964887619018555,0.0023936275392770767,6668.48342565438,0,0,0.0,43.50498580932617,-5.7964887619018555,0.0023936275392770767,6668.48342565438,0.0,
395275854_c55bde16ec_137_82927779@N00.jpg,52.016513,-9.635663,51.88320541381836,-10.421600341796875,0.07038658857345581,55.86643800376042,2,16,0.0625,51.984832763671875,-9.299712181091309,0.014913156628608704,23.266553649845527,32.599884353914895,
395341706_62d6eb9590_162_82927779@N00.jpg,51.972897,-9.579411,53.07463836669922,-6.3686370849609375,0.09478949755430222,249.35480884506114,1,182,0.7109375,54.318275451660156,-5.84506893157959,0.02537360042333603,360.5176414757948,-111.16283263073365,
395348740_f54327af0a_143_82927779@N00.jpg,52.057986,-9.507952,53.31898498535156,-6.332479953765869,0.012846472673118114,255.8327413289565,4,195,0.76171875,54.200809478759766,-8.308067321777344,0.0024247895926237106,251.3504482407015,4.482293088255005,
396111553_d5bff35e7d_150_14542551@N00.jpg,47.91939,106.917057,47.928306579589844,106.96495056152344,0.1310948133468628,3.703899644760267,0,0,0.0,47.928306579589844,106.96495056152344,0.1310948133468628,3.703899644760267,0.0,
396549417_fad9a179a9_172_15376845@N00.jpg,41.42252,-72.899608,41.718719482421875,-71.69718170166016,0.05190205201506615,105.31069860077946,1,256,1.0,41.718719482421875,-71.69718170166016,0.03804277628660202,105.31069860077946,0.0,
396678367_0291114a43_151_59615371@N00.jpg,53.353778,-6.25916,53.34581756591797,-6.259324073791504,0.00984928384423256,0.8852280987339142,1,2,0.0078125,53.34581756591797,-6.259324073791504,0.006367868278175592,0.8852280987339142,0.0,
39671445_2db2686472_28_42126397@N00.jpg,45.441826,10.688838,45.76923370361328,11.73741340637207,0.020210301503539085,89.32488295061941,2,218,0.8515625,45.44453430175781,10.99679946899414,0.013724187389016151,24.027879148381906,65.2970038022375,
39671725_bf2c6ff72b_30_42126397@N00.jpg,45.441826,10.688838,46.27760696411133,6.169723987579346,0.07289813458919525,362.0241991313708,3,92,0.359375,46.953365325927734,17.893381118774414,0.042472608387470245,579.1720296712944,-217.14783053992358,
39672922_1479641b04_30_42126397@N00.jpg,45.444114,10.987873,46.067623138427734,11.121554374694824,0.021252376958727837,70.10255989112135,2,3,0.01171875,43.61824417114258,11.472085952758789,0.018103506416082382,206.62279284123767,-136.52023295011634,
396750378_8297657f2f_180_59615371@N00.jpg,53.370796,-6.210172,52.024261474609375,-0.7113339900970459,0.011629009619355202,399.5237321634459,1,63,0.24609375,52.139366149902344,-8.651131629943848,0.014660350978374481,213.835453313393,185.6882788500529,
397259728_b03b741e94_125_16836474@N00.jpg,5.0181,-73.991546,-33.63493728637695,-71.54615783691406,0.030154453590512276,4305.725813956337,0,0,0.0,-33.63493728637695,-71.54615783691406,0.030154453590512276,4305.725813956337,0.0,
397449447_16ca4a4de8_146_93455345@N00.jpg,50.244131,19.0242,53.426002502441406,14.553793907165527,0.0034074163995683193,468.3570921009207,0,0,0.0,53.426002502441406,14.553793907165527,0.0034074163995683193,468.3570921009207,0.0,
397926166_8b362f9224_135_78221228@N00.jpg,-20.322333,-66.909999,-16.97553825378418,-65.42184448242188,0.09154869616031647,403.8145638942641,1,192,0.75,-16.97553825378418,-65.42184448242188,0.08498889952898026,403.8145638942641,0.0,
397960123_0656d43fc6_159_78221228@N00.jpg,-22.360236,-67.681274,-22.89346694946289,-68.20587158203125,0.09363899379968643,80.09139905679733,0,0,0.0,-22.89346694946289,-68.20587158203125,0.09363899379968643,80.09139905679733,0.0,
398275167_ce6eeeb507_182_44067110@N00.jpg,40.399061,-3.691725,41.72511672973633,1.8270039558410645,0.026662012562155724,485.51601023667143,0,0,0.0,41.72511672973633,1.8270039558410645,0.026662012562155724,485.51601023667143,0.0,
400253350_54346ea97b_167_73293249@N00.jpg,48.853547,2.348188,45.69420623779297,-0.32638099789619446,0.005175547208636999,405.06779711143014,2,192,0.75,21.002193450927734,-76.11534118652344,0.0035661577712744474,7436.170999414953,-7031.103202303523,
400773594_d23f44cde8_173_51162504@N00.jpg,43.116272,6.242294,42.95024871826172,10.674527168273926,0.1642594188451767,360.6774914174031,0,0,0.0,42.95024871826172,10.674527168273926,0.1642594188451767,360.6774914174031,0.0,
400878266_f7a310c842_135_50435419@N00.jpg,41.85326,-87.612276,41.85334777832031,-87.61219024658203,0.22794736921787262,0.01207115178238921,3,76,0.296875,46.2355842590332,6.117904186248779,0.03079354763031006,7045.595559573578,-7045.583488421796,
400879325_4862e414cf_128_50435419@N00.jpg,41.85326,-87.612276,41.85334777832031,-87.61219024658203,0.07084988057613373,0.01207115178238921,2,224,0.875,46.2355842590332,6.117904186248779,0.07434170693159103,7045.595559573578,-7045.583488421796,
400882118_b8d8f4493f_157_50435419@N00.jpg,41.85326,-87.612276,46.2355842590332,6.117904186248779,0.007386212237179279,7045.595559573578,2,192,0.75,46.2355842590332,6.117904186248779,0.004914834629744291,7045.595559573578,0.0,
400913625_fe67c5a0dc_153_36093984@N00.jpg,47.519196,19.080301,41.41400146484375,2.152740001678467,0.005436559673398733,1500.7311824855435,1,8,0.03125,26.986162185668945,75.85057067871094,0.005130671430379152,5377.371447187622,-3876.6402647020786,
401115297_788182142f_157_33463080@N00.jpg,11.598431,104.902954,11.944279670715332,105.24490356445312,0.024219797924160957,53.52099488692022,0,0,0.0,11.944279670715332,105.24490356445312,0.024219797924160957,53.52099488692022,0.0,
401116473_2242fba708_173_33463080@N00.jpg,11.598431,104.902954,11.944279670715332,105.24490356445312,0.02517123334109783,53.52099488692022,1,256,1.0,11.944279670715332,105.24490356445312,0.03726736083626747,53.52099488692022,0.0,
401211756_19bcbd7518_177_81421684@N00.jpg,40.032806,116.254663,39.997257232666016,116.27122497558594,0.011141655035316944,4.196946688834541,1,256,1.0,39.997257232666016,116.27122497558594,0.02316027320921421,4.196946688834541,0.0,
401258948_02e0bfc8ee_176_33463080@N00.jpg,11.598431,104.902954,11.069254875183105,106.16363525390625,0.027104921638965607,149.51282000714917,2,13,0.05078125,20.85744857788086,106.67861938476562,0.008898237720131874,1046.8188304732655,-897.3060104661163,
401311717_3f8a0ababe_165_33463080@N00.jpg,11.598431,104.902954,14.305971145629883,107.8860855102539,0.014672805555164814,441.72387997883516,11,165,0.64453125,13.111913681030273,103.20968627929688,0.02194083295762539,249.29345472283995,192.4304252559952,
401320517_cc2b1a0756_124_33463080@N00.jpg,11.598431,104.902954,15.225144386291504,104.853515625,0.019244389608502388,403.3081236163756,5,144,0.5625,16.772411346435547,96.15697479248047,0.014369714073836803,1104.1500186911815,-700.8418950748058,
401671038_ce67582596_50_33463080@N00.jpg,13.475105,103.842773,11.604598045349121,103.32860565185547,0.0884934514760971,215.34775762890453,0,0,0.0,11.604598045349121,103.32860565185547,0.0884934514760971,215.34775762890453,0.0,
401843263_d6cd60aed8_129_33463080@N00.jpg,10.780528,106.660423,10.776155471801758,106.70262145996094,0.010064205154776573,4.635051542954163,11,148,0.578125,10.776155471801758,106.70262145996094,0.014350867830216885,4.635051542954163,0.0,
401867232_1dad70220e_169_33463080@N00.jpg,10.780528,106.660423,15.878789901733398,108.33343505859375,0.019131552428007126,595.0797848880961,3,85,0.33203125,10.382719993591309,107.10845947265625,0.007277289405465126,65.9919813553123,529.0878035327838,
401885942_28edba0dfb_150_33463080@N00.jpg,10.780528,106.660423,27.57956314086914,85.59029388427734,0.04060773923993111,2886.4967384336937,2,256,1.0,27.42251968383789,86.9466552734375,0.0531872920691967,2769.325941680376,117.17079675331752,
402565630_fae79298f7_133_33463080@N00.jpg,13.756726,100.516662,13.704146385192871,100.50961303710938,0.02560543082654476,5.895965913234206,2,27,0.10546875,21.01781463623047,105.78009796142578,0.004884753841906786,981.4686688101266,-975.5727028968923,
402584306_8460a0dae7_123_33463080@N00.jpg,13.756726,100.516662,13.74992561340332,100.49130249023438,0.01757984422147274,2.84146581502016,2,48,0.1875,59.88768768310547,29.910404205322266,0.07451646775007248,7609.879312103764,-7607.037846288744,
403393811_117864677d_139_33463080@N00.jpg,46.862069,-121.69281,46.78622055053711,-121.7353744506836,0.07388279587030411,9.034359873048356,5,48,0.1875,47.15237045288086,-121.3494873046875,0.048775218427181244,41.46900171700919,-32.43464184396083,
403398451_b578c96fbb_163_33463080@N00.jpg,46.862069,-121.69281,46.78622055053711,-121.7353744506836,0.06887596845626831,9.034359873048356,0,0,0.0,46.78622055053711,-121.7353744506836,0.06887596845626831,9.034359873048356,0.0,
403407246_ba514483bf_128_79039156@N00.jpg,46.326542,9.423437,46.18596267700195,8.753276824951172,0.04506179317831993,53.84346895924437,0,0,0.0,46.18596267700195,8.753276824951172,0.04506179317831993,53.84346895924437,0.0,
403451453_46445a20a3_158_79039156@N00.jpg,49.612489,6.12801,49.89199447631836,10.886807441711426,0.024291282519698143,343.23483834827766,1,208,0.8125,48.77722930908203,9.17835807800293,0.014450300484895706,240.30183557367008,102.93300277460759,
403487378_4fc780e6e9_182_33463080@N00.jpg,46.257745,-122.21466,37.40509796142578,-121.80467987060547,0.015862787142395973,984.9527199467689,5,116,0.453125,36.76641845703125,-119.12940979003906,0.025723068043589592,1085.9676429661315,-101.01492301936264,
403862915_d85f780b29_166_33463080@N00.jpg,47.665387,-122.387695,47.675559997558594,-122.3331069946289,0.037760425359010696,4.241082264246609,0,0,0.0,47.675559997558594,-122.3331069946289,0.037760425359010696,4.241082264246609,0.0,
403872817_fdb0bed8e6_128_33463080@N00.jpg,47.665387,-122.387695,47.542293548583984,-121.83919525146484,0.2883220314979553,43.3409262704496,0,0,0.0,47.542293548583984,-121.83919525146484,0.2883220314979553,43.3409262704496,0.0,
403952673_a7e67327c2_163_33463080@N00.jpg,47.665387,-122.387695,59.433998107910156,18.382667541503906,0.019503535702824593,7584.533491335876,1,6,0.0234375,47.66642379760742,9.190771102905273,0.005151029210537672,8427.497196449684,-842.9637051138079,
403999742_3889431d9c_41_33463080@N00.jpg,42.36108,-71.064376,42.362667083740234,-71.05699920654297,0.011580230668187141,0.6312651114327005,1,3,0.01171875,42.362667083740234,-71.05699920654297,0.007385702803730965,0.6312651114327005,0.0,
404049262_1dc6c3ab8b_145_70323761@N00.jpg,40.780923,-73.973962,65.89366912841797,12.397018432617188,0.010192976333200932,5781.181100837919,1,192,0.75,40.781524658203125,-73.97368621826172,0.022274991497397423,0.07081653568535096,5781.110284302234,
404054491_39964e3edd_180_33463080@N00.jpg,34.057779,-118.249969,20.653499603271484,-103.392333984375,0.007500421721488237,2086.7022018163943,1,50,0.1953125,20.675886154174805,-103.34750366210938,0.009664488956332207,2087.9181983652447,-1.2159965488503985,
404055943_8d021138ac_140_33463080@N00.jpg,34.057779,-118.249969,34.050331115722656,-118.25698852539062,0.02535015158355236,1.0507426960903254,5,182,0.7109375,34.05379867553711,-118.25460052490234,0.02333095483481884,0.6147687085281677,0.43597398756215777,
404134693_d556c60ca9_144_33463080@N00.jpg,52.380629,4.86145,52.38133239746094,4.637332916259766,0.025038914754986763,15.212003328121051,3,91,0.35546875,51.81402587890625,4.659962177276611,0.05945589020848274,64.48925816990061,-49.27725484177956,
404143618_f1826f7768_149_33463080@N00.jpg,52.380629,4.86145,51.81402587890625,4.659962177276611,0.014822863042354584,64.48925816990061,1,6,0.0234375,52.43980026245117,4.829174041748047,0.006797943729907274,6.934217893770838,57.55504027612977,
404483453_130d280a7c_160_33463080@N00.jpg,59.441409,24.739151,59.43812561035156,24.744535446166992,0.03791351243853569,0.47535847265115844,4,150,0.5859375,59.43844223022461,24.746017456054688,0.03186848759651184,0.5094402193552866,-0.03408174670412817,
404548141_96a61a5535_136_33463080@N00.jpg,60.172,24.93124,60.16840744018555,24.952096939086914,0.010828414000570774,1.2208301443578304,2,256,1.0,60.16840744018555,24.952096939086914,0.009924391284584999,1.2208301443578304,0.0,
404553807_d32b519208_159_33463080@N00.jpg,60.172,24.93124,60.1678581237793,24.956066131591797,0.028225215151906013,1.4483517185551757,1,182,0.7109375,60.16756057739258,24.95570182800293,0.028167515993118286,1.4402694097355964,0.008082308819579387,
407152525_c6f6b1d846_153_89904893@N00.jpg,52.20397,0.11704,52.20625305175781,0.11575300246477127,0.04035869985818863,0.2685862603450678,1,176,0.6875,52.20625305175781,0.11575300246477127,0.04049400985240936,0.2685862603450678,0.0,
407153053_c0da1d29b7_162_89904893@N00.jpg,52.203826,0.115302,52.20625305175781,0.11575300246477127,0.04011361673474312,0.27162052572948947,0,0,0.0,52.20625305175781,0.11575300246477127,0.04011361673474312,0.27162052572948947,0.0,
407208447_31f07104c1_153_7132415@N03.jpg,42.51007,18.665084,42.42713165283203,18.767051696777344,0.11481912434101105,12.449998232544473,0,0,0.0,42.42713165283203,18.767051696777344,0.11481912434101105,12.449998232544473,0.0,
407599611_3709c403d5_149_15632944@N00.jpg,51.112629,17.017478,50.07699966430664,20.0228328704834,0.07222601771354675,241.3520800176031,6,122,0.4765625,50.07699966430664,20.0228328704834,0.039261091500520706,241.3520800176031,0.0,
407643281_025097aa7b_141_81421684@N00.jpg,25.038715,121.56063,25.03499984741211,121.56666564941406,0.019453126937150955,0.7351248354493316,3,216,0.84375,25.03499984741211,121.56666564941406,0.021985270082950592,0.7351248354493316,0.0,
408244065_5d8f41b6a2_162_77392231@N00.jpg,38.896911,-119.961175,39.176490783691406,-120.25044250488281,0.0800466239452362,39.883011164910414,2,208,0.8125,39.176490783691406,-120.25044250488281,0.07903473824262619,39.883011164910414,0.0,
408360718_5f91986dae_129_15376845@N00.jpg,41.336735,-72.91038,40.87737274169922,-73.92716979980469,0.012680557556450367,99.3288227456618,0,0,0.0,40.87737274169922,-73.92716979980469,0.012680557556450367,99.3288227456618,0.0,
409172374_3cf91428b3_145_41894169878@N01.jpg,41.846515,-87.97652,53.832801818847656,9.958751678466797,0.009029917418956757,6833.211534526556,3,209,0.81640625,53.26056671142578,-1.3602440357208252,0.0025878907181322575,6213.636908429564,619.5746260969918,
410166767_fdd7e0b2b3_166_26234358@N00.jpg,52.508045,13.367185,56.40361022949219,24.170700073242188,0.00576816126704216,820.4146234167564,1,240,0.9375,46.07777404785156,18.224464416503906,0.009743758477270603,796.6343974861302,23.780225930626216,
411064193_b1fd02672b_160_67879480@N00.jpg,53.897056,27.544612,55.046024322509766,39.11338806152344,0.08084025233983994,757.4553448431873,0,0,0.0,55.046024322509766,39.11338806152344,0.08084025233983994,757.4553448431873,0.0,
411469173_4072f72305_175_75452460@N00.jpg,47.457808,13.609313,46.29559326171875,12.136887550354004,0.06645171344280243,170.95193244962311,0,0,0.0,46.29559326171875,12.136887550354004,0.06645171344280243,170.95193244962311,0.0,
411515741_35c3348921_186_75452460@N00.jpg,47.620975,15.167827,43.09519958496094,19.074304580688477,0.018742231652140617,588.3901211115809,0,0,0.0,43.09519958496094,19.074304580688477,0.018742231652140617,588.3901211115809,0.0,
411614093_fce259df22_169_69641014@N00.jpg,42.256475,-70.800704,42.407264709472656,-70.99082946777344,0.043099306523799896,22.92135371592816,0,0,0.0,42.407264709472656,-70.99082946777344,0.043099306523799896,22.92135371592816,0.0,
413428910_59c7033136_155_51306116@N00.jpg,53.342968,-7.053565,52.75282669067383,-7.952803134918213,0.10453090816736221,88.9885419264962,8,22,0.0859375,52.6834716796875,-7.825225830078125,0.13792721927165985,89.6794314637557,-0.6908895372595083,
41433948_4e31cb107b_27_49503208420@N01.jpg,35.301536,10.708236,35.787601470947266,-5.7932281494140625,0.013718955218791962,1492.1913151046215,4,200,0.78125,37.128597259521484,-4.665520191192627,0.012787134386599064,1392.5181981992746,99.67311690534689,
41469034_79e65099f2_29_40279823@N00.jpg,15.689319,43.58757,15.401389122009277,43.93226623535156,0.12004519253969193,48.873359289547274,3,256,1.0,15.401389122009277,43.93226623535156,0.1455913931131363,48.873359289547274,0.0,
414812778_6224dc1057_178_7132415@N03.jpg,-25.585801,130.547103,-33.65773010253906,117.09957122802734,0.02838798798620701,1577.2976906338304,1,16,0.0625,-31.886795043945312,117.70472717285156,0.06190507486462593,1433.2525429560746,144.04514767775572,
414974678_e4488e31bf_124_7132415@N03.jpg,13.367241,103.849983,17.753135681152344,102.7876968383789,0.029943691566586494,500.7815824862594,2,66,0.2578125,17.92043113708496,77.52227783203125,0.07488662749528885,2861.4524151244864,-2360.670832638227,
414977000_2479077a9b_179_7132415@N03.jpg,13.367241,103.849983,13.598333358764648,103.96282958984375,0.02858198992908001,28.44633714816498,1,256,1.0,13.598333358764648,103.96282958984375,0.02060937136411667,28.44633714816498,0.0,
414978071_65f3e458f8_128_7132415@N03.jpg,11.567489,104.934539,18.841861724853516,98.90853118896484,0.05118897184729576,1035.2127069014907,2,64,0.25,29.36901092529297,110.45173645019531,0.013773118145763874,2060.2712328956827,-1025.058525994192,
415005347_2f1a541aef_183_7132415@N03.jpg,-22.437686,166.788253,6.7071027755737305,116.32066345214844,0.2868230938911438,6375.391777154026,0,0,0.0,6.7071027755737305,116.32066345214844,0.2868230938911438,6375.391777154026,0.0,
415045123_4d01c9bb20_123_7132415@N03.jpg,-23.295594,151.713638,25.486858367919922,-76.6329345703125,0.022879352793097496,15139.705364772388,1,56,0.21875,4.442943096160889,73.70366668701172,0.022736484184861183,8986.400734114008,6153.30463065838,
415046047_fa51ca8089_160_7132415@N03.jpg,-23.295594,151.713638,4.453700065612793,73.71710205078125,0.05994836241006851,8985.540882611438,1,35,0.13671875,47.29640579223633,-2.5113461017608643,0.003120807697996497,16499.379090923245,-7513.838208311807,
415046337_0856caef51_155_7132415@N03.jpg,-23.295594,151.713638,25.073781967163086,-80.42558288574219,0.005771899130195379,14755.800520222809,1,12,0.046875,-23.11494255065918,-44.26116943359375,0.0032466992270201445,14573.361039960677,182.43948026213184,
415057163_dcc31908f6_177_7132415@N03.jpg,20.97819,-89.616422,22.905609130859375,-82.430419921875,0.033194735646247864,771.4172585306436,1,54,0.2109375,22.905609130859375,-82.430419921875,0.018398649990558624,771.4172585306436,0.0,
415062733_75ab009866_164_7132415@N03.jpg,20.853357,-90.37568,-12.83751392364502,-69.29596710205078,0.016971345990896225,4397.755964100882,1,96,0.375,-24.971118927001953,-48.2080078125,0.016865499317646027,6835.25977269529,-2437.503808594408,
415064230_01920481a6_161_7132415@N03.jpg,20.853357,-90.37568,20.287317276000977,-87.37770080566406,0.03729477524757385,318.38314393928187,4,168,0.65625,20.787641525268555,-86.93517303466797,0.061278119683265686,357.6530828383411,-39.26993889905924,
415068190_31002b539d_185_7132415@N03.jpg,20.597436,-88.555812,20.892175674438477,-88.14399719238281,0.06992848962545395,53.925036374469265,1,135,0.52734375,20.682607650756836,-88.57057189941406,0.05373873561620712,9.594399424534226,44.33063694993504,
415074405_144561accb_55_7132415@N03.jpg,20.597436,-88.555812,23.01970863342285,-99.09358978271484,0.060220956802368164,1120.4117340607881,1,256,1.0,23.01970863342285,-99.09358978271484,0.05482940003275871,1120.4117340607881,0.0,
415346047_cc5bdef73a_184_7132415@N03.jpg,27.566721,29.132995,30.15818977355957,34.87335205078125,0.0894603505730629,628.7808578712411,2,24,0.09375,29.467697143554688,30.404834747314453,0.11942196637392044,245.19361878768552,383.5872390835556,
415403604_1e27c81dae_166_7132415@N03.jpg,25.715786,32.621154,24.977657318115234,32.87337875366211,0.012986562214791775,85.900715689925,0,0,0.0,24.977657318115234,32.87337875366211,0.012986562214791775,85.900715689925,0.0,
415440980_1ccbc27740_166_7132415@N03.jpg,24.134221,32.923278,26.54422950744629,13.102993965148926,0.07931645959615707,2007.7599878491405,6,119,0.46484375,26.54422950744629,13.102993965148926,0.22285588085651398,2007.7599878491405,0.0,
415469569_fd70820aff_149_7132415@N03.jpg,28.07198,34.072036,28.479555130004883,33.94981384277344,0.0420103557407856,46.87415468120868,0,0,0.0,28.479555130004883,33.94981384277344,0.0420103557407856,46.87415468120868,0.0,
415508401_d0d580d010_174_7132415@N03.jpg,30.312727,35.431251,-33.833309173583984,150.04193115234375,0.05371597409248352,13946.759734604813,1,256,1.0,37.18729782104492,-86.10405731201172,0.026744751259684563,10355.869695539875,3590.890039064938,
415509863_2bc4e21172_131_7132415@N03.jpg,30.312727,35.431251,30.323989868164062,35.45167922973633,0.06851856410503387,2.3266680328664227,0,0,0.0,30.323989868164062,35.45167922973633,0.06851856410503387,2.3266680328664227,0.0,
415697312_c721b9a7d0_151_7132415@N03.jpg,33.795126,37.692718,34.15670394897461,37.61263656616211,0.10808894038200378,40.87818780599721,1,15,0.05859375,34.06808853149414,54.80064010620117,0.16476404666900635,1576.8117822396869,-1535.9335944336897,
415712874_2b934c03c0_179_7132415@N03.jpg,39.529598,26.943111,40.24165344238281,9.49206256866455,0.06880353391170502,1488.6725871478568,0,0,0.0,40.24165344238281,9.49206256866455,0.06880353391170502,1488.6725871478568,0.0,
415718135_8d7e3025de_161_7132415@N03.jpg,39.529598,26.943111,38.642215728759766,-77.2264175415039,0.0046062590554356575,8397.84998546282,1,224,0.875,26.40816879272461,-80.0938491821289,0.0069341943599283695,9492.973136797156,-1095.1231513343355,
415731609_12a9db13d9_180_7132415@N03.jpg,59.33459,18.040924,59.32602310180664,18.071285247802734,0.011728893034160137,1.9679835684560554,1,65,0.25390625,59.33143615722656,18.066844940185547,0.010578936897218227,1.5113499017860252,0.45663366667003014,
415760052_d7c43c92b0_167_7132415@N03.jpg,39.762102,19.99134,51.92901611328125,-8.570623397827148,0.022173993289470673,2568.1333817076847,3,60,0.234375,52.379940032958984,6.674182891845703,0.0028339442797005177,1733.0208185002246,835.1125632074602,
415783781_bd1b95d9be_174_26234358@N00.jpg,52.441296,13.317832,38.694881439208984,-9.208785057067871,0.008662407286465168,2308.7051938507234,1,256,1.0,43.312686920166016,5.368194103240967,0.0061076488345861435,1173.9147744328927,1134.7904194178307,
415786456_739883cafb_147_7132415@N03.jpg,59.940567,30.320892,59.939491271972656,30.3153133392334,0.039808984845876694,0.3329504936512208,1,196,0.765625,59.939491271972656,30.3153133392334,0.03730235993862152,0.3329504936512208,0.0,
415786905_a277876dbb_170_7132415@N03.jpg,59.940567,30.320892,59.9405403137207,30.313461303710938,0.04475678876042366,0.4138812675419144,1,6,0.0234375,59.9405403137207,30.313461303710938,0.04255136847496033,0.4138812675419144,0.0,
415792220_fe048f88d1_130_7132415@N03.jpg,55.751849,37.621994,55.75373458862305,37.62100601196289,0.029089972376823425,0.21859340014861692,0,0,0.0,55.75373458862305,37.62100601196289,0.029089972376823425,0.21859340014861692,0.0,
415821856_2544cd01d4_170_7132415@N03.jpg,20.736208,106.878433,13.7144136428833,101.21802520751953,0.00829378329217434,985.1084366067766,0,0,0.0,13.7144136428833,101.21802520751953,0.00829378329217434,985.1084366067766,0.0,
415840874_3c499a1a01_174_7132415@N03.jpg,37.759451,-122.458591,37.80003356933594,-122.4124755859375,0.012794695794582367,6.065408315334425,2,50,0.1953125,37.77953338623047,-122.41835021972656,0.004456952214241028,4.1829923844948,1.8824159308396249,
415861843_ad02dfce92_188_7132415@N03.jpg,59.940567,30.320892,37.82743835449219,-122.42271423339844,0.032832469791173935,8860.372764302825,0,0,0.0,37.82743835449219,-122.42271423339844,0.032832469791173935,8860.372764302825,0.0,
415875544_b4158ecad9_150_7132415@N03.jpg,60.168371,24.931325,60.1678581237793,24.956066131591797,0.025267165154218674,1.3697372014106464,1,224,0.875,60.1678581237793,24.956066131591797,0.02342033199965954,1.3697372014106464,0.0,
415893081_d2e558da28_165_7132415@N03.jpg,51.503132,-0.126256,51.50034713745117,-0.1261489987373352,0.006464249920099974,0.30975157371903056,3,256,1.0,51.50034713745117,-0.1261489987373352,0.006715215742588043,0.30975157371903056,0.0,
415907991_e0adffd478_179_7132415@N03.jpg,49.297703,-123.130474,49.29192352294922,-123.12031555175781,0.011061128228902817,0.977587827156051,4,101,0.39453125,49.29014587402344,-123.11796569824219,0.011854840442538261,1.2365042496920786,-0.25891642253602765,
415926211_d326159028_168_7132415@N03.jpg,47.651238,-122.351238,54.51647186279297,36.24962615966797,0.016557039692997932,8478.329788968693,2,240,0.9375,54.51647186279297,36.24962615966797,0.024262389168143272,8478.329788968693,0.0,
417810588_98d2542c95_126_90672364@N00.jpg,5.548842,-0.187625,16.58667755126953,-22.928037643432617,0.0363323874771595,2764.118672969097,1,16,0.0625,16.60103416442871,-22.916793823242188,0.040851034224033356,2763.6659239108544,0.4527490582427163,
418855768_f7eab89a7d_168_69641014@N00.jpg,42.393037,-71.105811,42.34183883666992,-71.24290466308594,0.013586008921265602,12.619992626719664,1,16,0.0625,42.17280578613281,-72.4628677368164,0.008446168154478073,114.29205647897068,-101.67206385225101,
419377496_713a56555f_171_93455345@N00.jpg,50.067717,19.923706,48.63609313964844,-1.5111249685287476,0.00627064099535346,1555.3301394348025,1,192,0.75,43.030250549316406,0.5742070078849792,0.003618288552388549,1667.0141339686,-111.68399453379743,
41994609_edf08a01c0_27_88483799@N00.jpg,37.75068,-92.124073,46.16437530517578,-94.39778900146484,0.09530986100435257,954.1508483291877,8,162,0.6328125,29.69640350341797,47.432613372802734,0.1598975509405136,11416.923684516518,-10462.77283618733,
41995106_555072b155_33_88483799@N00.jpg,37.684109,-92.155337,38.53943634033203,-85.7679443359375,0.011412610299885273,566.7401511300232,1,256,1.0,38.53943634033203,-85.7679443359375,0.010101240128278732,566.7401511300232,0.0,
419953587_1e3ee522d2_173_50994135@N00.jpg,55.601675,-2.74332,55.59934997558594,-2.7177560329437256,0.07594505697488785,1.6266236314708802,1,256,1.0,55.59934997558594,-2.7177560329437256,0.10000226646661758,1.6266236314708802,0.0,
42016528_d82af4c574_28_88483799@N00.jpg,37.692853,-92.166409,31.25791358947754,-95.9910659790039,0.0693681538105011,796.6022360554251,0,0,0.0,31.25791358947754,-95.9910659790039,0.0693681538105011,796.6022360554251,0.0,
420473000_f4ab62badd_162_81421684@N00.jpg,39.908616,116.44937,53.53306198120117,-2.103238105773926,0.0009364145807921886,8079.474462877406,1,195,0.76171875,53.4449462890625,-2.2263050079345703,0.0015213887672871351,8092.162994197753,-12.688531320346556,
422465568_11d068900d_155_73293249@N00.jpg,46.053876,7.189828,45.41682815551758,6.63333797454834,0.13310451805591583,82.96444824654083,0,0,0.0,45.41682815551758,6.63333797454834,0.13310451805591583,82.96444824654083,0.0,
423989563_d47f33b587_171_81421684@N00.jpg,39.981773,116.384353,39.997257232666016,116.27122497558594,0.019092800095677376,9.790353897135306,0,0,0.0,39.997257232666016,116.27122497558594,0.019092800095677376,9.790353897135306,0.0,
424106870_3e2fb931de_181_7369430@N02.jpg,38.317434,-84.304103,43.6479377746582,-80.67913055419922,0.04642285406589508,666.095624030927,1,32,0.125,-35.15177536010742,-59.09477233886719,0.03957141563296318,8571.949142867132,-7905.853518836205,
424323990_099c13d876_165_24311489@N00.jpg,41.939637,-87.653367,40.70269775390625,-73.81661987304688,0.014127039350569248,1162.3672857005306,1,30,0.1171875,47.40473937988281,8.628257751464844,0.0030611157417297363,7126.761429381665,-5964.394143681135,
424350157_4e2c68df61_165_37718182@N00.jpg,41.39166,2.164902,41.39445114135742,2.1625900268554688,0.014150198549032211,0.3654021520541572,1,256,1.0,41.39445114135742,2.1625900268554688,0.013127175159752369,0.3654021520541572,0.0,
424436074_4849db66d7_181_11114422@N00.jpg,51.27967,1.08306,51.06170654296875,-1.3137240409851074,0.019774626940488815,168.84338180229432,1,10,0.0390625,48.63609313964844,-1.5111249685287476,0.003393840743228793,347.5818075609606,-178.7384257586663,
424492065_4694ab1f52_188_7369430@N02.jpg,38.73318,-84.098217,42.70219039916992,-72.7391128540039,0.019734587520360947,1052.9914282372165,0,0,0.0,42.70219039916992,-72.7391128540039,0.019734587520360947,1052.9914282372165,0.0,
424499251_a3f009a34b_147_72526577@N00.jpg,6.718483,-1.60263,7.256868839263916,0.6149100065231323,0.029822489246726036,251.96219540656594,1,6,0.0234375,5.340541839599609,-4.019353866577148,0.026254085823893547,308.04322417491636,-56.08102876835042,
42455288_b8eb44eecf_30_20194767@N00.jpg,43.773983,11.246041,38.980865478515625,1.2962950468063354,0.04973551258444786,985.4777404410064,5,188,0.734375,38.98263168334961,1.3011929988861084,0.052594415843486786,985.0196752543154,0.4580651866909875,
425709005_56135f412c_171_88483799@N00.jpg,39.470336,-76.60195,41.40024185180664,-74.08252716064453,0.08717862516641617,302.493347368041,1,6,0.0234375,41.40024185180664,-74.08252716064453,0.023479217663407326,302.493347368041,0.0,
425858671_cefc6e690a_186_26234358@N00.jpg,52.51004,13.387259,41.881065368652344,-87.62489318847656,0.0015946461353451014,7082.595758562906,0,0,0.0,41.881065368652344,-87.62489318847656,0.0015946461353451014,7082.595758562906,0.0,
425872117_1273254c77_178_26234358@N00.jpg,52.51004,13.387259,50.47609329223633,3.650099992752075,0.006369643844664097,710.3778241600347,1,66,0.2578125,52.520450592041016,5.428360939025879,0.004499408882111311,538.2895713155709,172.0882528444638,
425947697_ecb480e925_157_15376845@N00.jpg,41.142337,-73.236408,61.00666809082031,-149.6941680908203,0.008183392696082592,5407.138632281206,0,0,0.0,61.00666809082031,-149.6941680908203,0.008183392696082592,5407.138632281206,0.0,
426085154_a9c91aef21_156_41894197861@N01.jpg,40.398463,-3.655872,45.763240814208984,4.821516990661621,0.009663546457886696,910.0696874059079,0,0,0.0,45.763240814208984,4.821516990661621,0.009663546457886696,910.0696874059079,0.0,
426085717_bca86b79f3_177_41894197861@N01.jpg,40.398463,-3.655872,40.3985595703125,-3.655872106552124,0.03215962275862694,0.010738147437834846,1,80,0.3125,40.3985595703125,-3.655872106552124,0.020401550456881523,0.010738147437834846,0.0,
427116407_e64c8f1e4c_173_84752760@N00.jpg,41.401149,2.163276,41.40311813354492,2.174160957336426,0.020351719111204147,0.933900611902855,1,256,1.0,41.40311813354492,2.174160957336426,0.01955307647585869,0.933900611902855,0.0,
427188604_bddd977c1d_162_84752760@N00.jpg,41.401149,2.163276,39.8281135559082,-86.18392181396484,0.0015963646583259106,7103.614378289393,0,0,0.0,39.8281135559082,-86.18392181396484,0.0015963646583259106,7103.614378289393,0.0,
427847150_daadd6d6c4_145_77392231@N00.jpg,30.248279,-97.751669,30.263795852661133,-97.7476806640625,0.010141241364181042,1.7674111421654972,4,70,0.2734375,30.261661529541016,-97.74514770507812,0.01937025599181652,1.6145251813365729,0.15288596082892436,
427848165_7560318c4f_180_77392231@N00.jpg,30.248279,-97.751669,30.264404296875,-97.73899841308594,0.02857367694377899,2.1670474393532597,5,93,0.36328125,30.264404296875,-97.73899841308594,0.007734023034572601,2.1670474393532597,0.0,
428812020_632dc6e587_150_16836474@N00.jpg,10.541652,-66.929054,-33.02821350097656,-71.54058837890625,0.041043419390916824,4869.369687217404,2,36,0.140625,52.24241256713867,14.02662181854248,0.019633302465081215,8468.209455047476,-3598.8397678300717,
428897203_e00f8b8f7a_186_16836474@N00.jpg,10.541652,-66.929054,18.831727981567383,-99.68358612060547,0.04028994217514992,3635.046310108281,8,120,0.46875,-16.609050750732422,-49.19179153442383,0.032888513058423996,3594.4230919171027,40.62321819117824,
429264860_b4657f8497_158_23601949@N00.jpg,35.759746,-79.353733,37.33432388305664,-122.11277770996094,0.023126481100916862,3790.9035993655893,3,192,0.75,37.33416748046875,-122.1104965209961,0.07066456973552704,3790.7085753174133,0.19502404817603747,
42939631_97976623d7_26_73293249@N00.jpg,46.112958,7.495497,46.80139923095703,8.461099624633789,0.057368528097867966,106.44652407163856,1,9,0.03515625,46.441463470458984,8.68835163116455,0.004027002491056919,98.68448874184213,7.762035329796433,
42946027_f9b33e87a9_27_73293249@N00.jpg,46.112958,7.495497,46.25213623046875,9.643763542175293,0.03213651105761528,166.10665769382695,2,16,0.0625,46.098350524902344,7.059701919555664,0.01915344037115574,33.63680400338544,132.4698536904415,
42949176_d04d322348_29_73293249@N00.jpg,46.112958,7.495497,46.024139404296875,7.7484002113342285,0.028087042272090912,21.867905499315306,1,256,1.0,46.42448806762695,8.174858093261719,0.021186480298638344,62.664768917864826,-40.79686341854952,
431184149_e09c02b183_176_40829484@N00.jpg,41.383377,2.175121,40.41878128051758,-3.6931650638580322,0.006327034439891577,504.6241418913498,4,147,0.57421875,40.41878128051758,-3.6931650638580322,0.0030454364605247974,504.6241418913498,0.0,
431569092_30f0ea1eb8_167_36093984@N00.jpg,43.786183,-99.338507,-31.886795043945312,117.70472717285156,0.00690820487216115,16538.889080787852,1,224,0.875,47.443878173828125,-120.63606262207031,0.007493860553950071,1699.7987555138104,14839.090325274043,
431956435_bbc114ed98_147_37718182@N00.jpg,41.383683,2.174879,39.46025085449219,-5.881525993347168,0.02077668532729149,714.4156302660592,1,12,0.046875,41.98543930053711,2.8249659538269043,0.010362441651523113,85.97392040490617,628.4417098611531,
433381873_fe8cb53049_178_97324495@N00.jpg,35.562329,139.714505,38.260826110839844,140.8896942138672,0.006781389471143484,317.7214505531179,0,0,0.0,38.260826110839844,140.8896942138672,0.006781389471143484,317.7214505531179,0.0,
433481591_0cdfc81b16_157_81421684@N00.jpg,40.42962,116.56597,40.354000091552734,116.00738525390625,0.05260220915079117,48.0477258430742,1,192,0.75,40.354000091552734,116.00738525390625,0.051337894052267075,48.0477258430742,0.0,
43350357_a9b124842f_27_73293249@N00.jpg,47.113034,7.08132,46.27806854248047,6.166461944580078,0.028133153915405273,116.13692423549516,9,198,0.7734375,44.53451156616211,16.766380310058594,0.044433679431676865,802.7067004767201,-686.569776241225,
433775183_3346bee4fb_159_24311489@N00.jpg,41.940467,-87.645449,38.9698486328125,-95.23506164550781,0.0011764132650569081,721.7526218006324,0,0,0.0,38.9698486328125,-95.23506164550781,0.0011764132650569081,721.7526218006324,0.0,
433914590_4c9682f67b_82_7218593@N05.jpg,48.859745,2.294232,48.86598205566406,2.319998025894165,0.010290221311151981,2.008360728004929,0,0,0.0,48.86598205566406,2.319998025894165,0.010290221311151981,2.008360728004929,0.0,
433927017_7bc6f776c4_165_7218593@N05.jpg,50.717927,4.399681,49.347618103027344,-0.755702018737793,0.0035077615175396204,398.3990117065413,0,0,0.0,49.347618103027344,-0.755702018737793,0.0035077615175396204,398.3990117065413,0.0,
433978977_3eb375eb48_157_30571787@N00.jpg,41.797055,13.216295,41.793182373046875,13.219598770141602,0.12075523287057877,0.5103351253286625,5,237,0.92578125,41.793182373046875,13.219598770141602,0.10635585337877274,0.5103351253286625,0.0,
433981376_acdbff7ec3_171_30571787@N00.jpg,41.797055,13.216295,41.793182373046875,13.219598770141602,0.13458815217018127,0.5103351253286625,3,226,0.8828125,41.793182373046875,13.219598770141602,0.11688122898340225,0.5103351253286625,0.0,
433992194_93c940c5d6_178_7218593@N05.jpg,35.828739,10.632877,20.627321243286133,-87.07077026367188,0.07011187076568604,9340.561565997417,0,0,0.0,20.627321243286133,-87.07077026367188,0.07011187076568604,9340.561565997417,0.0,
434224760_e86f7300d1_165_97522422@N00.jpg,30.65209,30.50354,29.972780227661133,31.13267707824707,0.03364017233252525,96.71025828709023,1,99,0.38671875,28.77578353881836,48.14826965332031,0.021265866234898567,1714.9463501842329,-1618.2360918971426,
43534684_03d573d751_25_88483799@N00.jpg,39.199868,-76.59316,46.16437530517578,-94.39778900146484,0.0444907620549202,1643.400098826385,6,190,0.7421875,29.69640350341797,47.432613372802734,0.10437121242284775,10412.847793707411,-8769.447694881026,
43536218_8efc9de145_30_88483799@N00.jpg,38.103714,-77.290792,37.3955192565918,-76.93888092041016,0.014517972245812416,84.6078504318138,1,49,0.19140625,38.18913650512695,-76.43331909179688,0.012284431606531143,75.58295069675034,9.024899735063457,
435635106_e8a672cd91_185_40829484@N00.jpg,41.383377,2.175121,41.387081146240234,2.1704859733581543,0.0050751264207065105,0.564956656962429,3,8,0.03125,41.37413024902344,2.149930000305176,0.003889198647812009,2.3398480049481556,-1.7748913479857267,
435909209_ecc6ded6b1_173_7132415@N03.jpg,47.619702,-122.509918,42.935333251953125,-70.32616424560547,0.07834291458129883,4038.3514838872734,2,43,0.16796875,47.54069519042969,-122.48118591308594,0.0183786042034626,9.0456470891289,4029.3058367981444,
436259306_d380854cc3_148_99746029@N00.jpg,39.937908,116.398086,39.90657424926758,116.38984680175781,0.012443807907402515,3.5542978785708437,9,113,0.44140625,39.87944412231445,116.40666961669922,0.00918865017592907,6.541992146784813,-2.9876942682139696,
436260212_2518f3f234_169_99746029@N00.jpg,39.937908,116.398086,30.7821044921875,106.10870361328125,0.0021358749363571405,1379.0101627913994,3,256,1.0,53.831565856933594,-1.9490859508514404,0.0018360457615926862,8043.706859403025,-6664.696696611626,
436265366_28f2ff6feb_153_99746029@N00.jpg,39.937908,116.398086,34.264095306396484,108.929443359375,0.010586734861135483,914.0911552576922,5,73,0.28515625,34.48844528198242,108.720703125,0.04465790465474129,910.0526964914676,4.038458766224608,
436284944_9eb0f385eb_185_99746029@N00.jpg,39.937908,116.398086,39.91625213623047,116.39019012451172,0.018317339941859245,2.500381580998792,3,24,0.09375,36.645782470703125,116.94615936279297,0.0102010453119874,369.1774517762164,-366.6770701952176,
436287038_44ea89f15e_150_99746029@N00.jpg,39.937908,116.398086,28.38173484802246,100.283203125,0.05599859356880188,1956.3600819283129,1,60,0.234375,37.26021194458008,127.1200942993164,0.008423560298979282,977.443872888627,978.9162090396859,
436350996_bde074b731_167_99746029@N00.jpg,39.937908,116.398086,39.997257232666016,116.27122497558594,0.02373225800693035,12.666225646186685,1,90,0.3515625,39.91691207885742,116.38907623291016,0.01711030676960945,2.457803538027081,10.208422108159604,
436354817_43614ae774_157_99746029@N00.jpg,39.937908,116.398086,29.82912826538086,118.26507568359375,0.05140693113207817,1136.7919455538306,0,0,0.0,29.82912826538086,118.26507568359375,0.05140693113207817,1136.7919455538306,0.0,
436356710_465d718561_162_99746029@N00.jpg,39.937908,116.398086,39.98446273803711,116.49072265625,0.1072535589337349,9.441062885111489,0,0,0.0,39.98446273803711,116.49072265625,0.1072535589337349,9.441062885111489,0.0,
437098589_e4119f6e07_170_15376845@N00.jpg,41.296832,-72.945699,40.79285430908203,-73.83903503417969,0.008199082687497139,93.55726375677956,0,0,0.0,40.79285430908203,-73.83903503417969,0.008199082687497139,93.55726375677956,0.0,
437239606_da01d43612_171_75653366@N00.jpg,49.283322,-123.120174,49.28350067138672,-123.11599731445312,0.0025398817379027605,0.3036047004183622,0,0,0.0,49.28350067138672,-123.11599731445312,0.0025398817379027605,0.3036047004183622,0.0,
43778509_e2809ea560_31_88483799@N00.jpg,38.5605,-75.0571,35.74300003051758,-78.670166015625,0.005044335033744574,447.9069073410271,1,50,0.1953125,34.625492095947266,-112.34598541259766,0.00713804317638278,3334.7141537888756,-2886.8072464478487,
43779838_1ef2e1f024_30_88483799@N00.jpg,38.5605,-75.0571,36.16902542114258,-75.74579620361328,0.038555629551410675,272.79398412114074,3,256,1.0,38.71601104736328,-75.08007049560547,0.04386933892965317,17.406776637042114,255.3872074840986,
43779993_2d87a8b035_31_88483799@N00.jpg,38.5605,-75.0571,36.16902542114258,-75.74579620361328,0.04233285412192345,272.79398412114074,1,28,0.109375,40.659576416015625,-73.08976745605469,0.05761804059147835,287.8728269425955,-15.07884282145477,
437990811_63802e5dc8_181_36887937@N00.jpg,55.652922,12.078955,52.25465774536133,5.379008769989014,0.01421873364597559,578.3166690502383,1,24,0.09375,53.330665588378906,6.929832935333252,0.03229571133852005,420.85240860947107,157.4642604407672,
438001291_52c109c482_148_36887937@N00.jpg,55.6796,12.572277,44.929927825927734,2.4461309909820557,0.0058472841046750546,1391.7731052693177,2,240,0.9375,44.929927825927734,2.4461309909820557,0.00580782163888216,1391.7731052693177,0.0,
438540277_bbdf361cff_169_99746029@N00.jpg,39.937908,116.398086,40.354000091552734,116.00738525390625,0.09155962616205215,56.951545654655014,0,0,0.0,40.354000091552734,116.00738525390625,0.09155962616205215,56.951545654655014,0.0,
438544715_8ea5b5ecee_187_99746029@N00.jpg,39.937908,116.398086,39.73981475830078,116.13658142089844,0.014289984479546547,31.364078778923666,0,0,0.0,39.73981475830078,116.13658142089844,0.014289984479546547,31.364078778923666,0.0,
438551178_355180ad8c_183_99746029@N00.jpg,39.937908,116.398086,25.60650062561035,100.26766967773438,0.03926186263561249,2186.9656820216055,3,83,0.32421875,39.4766731262207,75.9900131225586,0.03719724714756012,3426.9999429523696,-1240.034260930764,
438918637_e3fd393ec0_181_91728102@N00.jpg,24.44418,118.061399,24.447540283203125,118.06439971923828,0.05682482570409775,0.48153707838612914,0,0,0.0,24.447540283203125,118.06439971923828,0.05682482570409775,0.48153707838612914,0.0,
438920827_41883bbff8_169_91728102@N00.jpg,24.44418,118.061399,31.337404251098633,120.57942962646484,0.021626237779855728,805.3655072820554,5,107,0.41796875,14.380690574645996,120.57511138916016,0.010473532602190971,1149.5366577992888,-344.1711505172334,
439122092_2b54f8507e_180_91728102@N00.jpg,30.246314,120.101766,30.25343132019043,120.11627197265625,0.020253708586096764,1.60243243477075,2,120,0.46875,23.129892349243164,113.24066162109375,0.011150567792356014,1043.8616313792063,-1042.2591989444356,
439132878_6d9527a635_171_91728102@N00.jpg,30.191208,120.083742,35.01540756225586,135.67367553710938,0.011319388635456562,1553.6249744644012,1,256,1.0,35.118892669677734,135.83480834960938,0.013395324349403381,1570.882185112984,-17.257210648582713,
439657667_ac2fbba41b_164_91728102@N00.jpg,31.730503,119.29985,37.20305633544922,112.1759033203125,0.08223217725753784,892.1125488881661,1,176,0.6875,37.20305633544922,112.1759033203125,0.1681472659111023,892.1125488881661,0.0,
441023151_313bee38e8_207_91548597@N00.jpg,53.04369,-2.987895,51.46479034423828,-3.164513111114502,0.0025421958416700363,175.97685923847789,0,0,0.0,51.46479034423828,-3.164513111114502,0.0025421958416700363,175.97685923847789,0.0,
441139350_7494903cb7_207_50994135@N00.jpg,49.28953,-123.144979,49.29767608642578,-123.1312255859375,0.020359473302960396,1.3473201899066996,0,0,0.0,49.29767608642578,-123.1312255859375,0.020359473302960396,1.3473201899066996,0.0,
441148048_519a89d922_191_50994135@N00.jpg,49.28953,-123.144979,33.733367919921875,-118.24112701416016,0.019900232553482056,1776.3260363902832,0,0,0.0,33.733367919921875,-118.24112701416016,0.019900232553482056,1776.3260363902832,0.0,
441875911_04f2426a19_178_26519935@N00.jpg,26.023159,119.256162,29.688051223754883,111.796875,0.013864128850400448,838.6519099416245,3,132,0.515625,45.75456619262695,126.63652038574219,0.033609963953495026,2290.04649503875,-1451.3945850971254,
441896649_dab38fd589_203_26519935@N00.jpg,26.075595,119.277105,21.033397674560547,105.8364486694336,0.008387234061956406,1479.186398729423,4,187,0.73046875,21.033397674560547,105.8364486694336,0.02090791054069996,1479.186398729423,0.0,
441941036_0bb3775891_190_26519935@N00.jpg,26.075595,119.277105,31.337404251098633,120.57942962646484,0.012084179557859898,598.6968069904151,2,96,0.375,21.033477783203125,105.8482894897461,0.012520981021225452,1478.0676481165438,-879.3708411261287,
441996150_0c59dc045b_203_26519935@N00.jpg,26.031103,119.270153,29.52092742919922,106.5123062133789,0.0658424124121666,1312.8894185928987,0,0,0.0,29.52092742919922,106.5123062133789,0.0658424124121666,1312.8894185928987,0.0,
442162296_7de07c2f1e_204_7571568@N05.jpg,37.782383,-122.42031,59.270774841308594,15.214278221130371,0.011351925320923328,8540.436722531804,2,54,0.2109375,41.01471710205078,28.822330474853516,0.004942368250340223,10778.632980219105,-2238.196257687301,
442178011_e91d21debd_182_7571568@N05.jpg,37.782383,-122.42031,41.88161087036133,-87.63656616210938,0.007809501141309738,2984.1258513757243,1,256,1.0,41.88890838623047,-87.62471771240234,0.007665518671274185,2985.0645278169955,-0.9386764412711273,
442240336_de0dee463b_205_7571568@N05.jpg,37.782383,-122.42031,37.794334411621094,-122.40233612060547,0.005955954547971487,2.0641619903664026,2,93,0.36328125,37.79283142089844,-122.39783477783203,0.007867056876420975,2.2914124806013394,-0.22725049023493682,
442280567_200561837b_174_7571568@N05.jpg,37.782383,-122.42031,45.519073486328125,-122.7076187133789,0.026784850284457207,860.6113511169441,0,0,0.0,45.519073486328125,-122.7076187133789,0.026784850284457207,860.6113511169441,0.0,
442285746_8884bc2646_182_7571568@N05.jpg,37.782383,-122.42031,37.770198822021484,-122.4695816040039,0.015240859240293503,4.537445519217177,1,208,0.8125,21.430938720703125,-157.8325653076172,0.035363178700208664,3843.811373629013,-3839.2739281097956,
442327219_5831b0de66_167_7571568@N05.jpg,37.782383,-122.42031,36.11726760864258,-115.17229461669922,0.002103809267282486,669.9562328931823,4,204,0.796875,36.116355895996094,-115.17255401611328,0.005065947771072388,669.9657660180455,-0.009533124863196463,
442331110_6524e481bb_184_89904893@N00.jpg,51.751736,-1.261968,50.75144577026367,-2.2959699630737305,0.02343166433274746,132.47437596470377,6,102,0.3984375,50.75144577026367,-2.2959699630737305,0.025160405784845352,132.47437596470377,0.0,
442340683_08e8493b2a_200_65367662@N00.jpg,37.300163,-121.77647,45.27778625488281,12.054887771606445,0.006305871531367302,9734.000788207459,2,256,1.0,45.27778625488281,12.054887771606445,0.02981935441493988,9734.000788207459,0.0,
442785591_64258cb285_177_96019796@N00.jpg,51.644335,-2.677059,51.76948547363281,-2.853611946105957,0.04656321182847023,18.483994563738882,0,0,0.0,51.76948547363281,-2.853611946105957,0.04656321182847023,18.483994563738882,0.0,
442862431_19a71816b5_188_96019796@N00.jpg,51.819486,-3.017582,53.143333435058594,-4.276514053344727,0.017751678824424744,170.10474975683996,1,42,0.1640625,40.17327117919922,-6.7195000648498535,0.002669388195499778,1325.7451618351022,-1155.6404120782622,
44412611_74b61d22b4_31_98908999@N00.jpg,48.849016,2.356567,48.85916519165039,2.3504509925842285,0.005250208545476198,1.2140155656352989,1,256,1.0,48.86064910888672,2.350044012069702,0.005377629306167364,1.3787734285538247,-0.1647578629185258,
444317676_4ca73e34e1_222_44067110@N00.jpg,51.754266,-1.256191,52.09196090698242,5.1198320388793945,0.004720949102193117,438.70883073790424,0,0,0.0,52.09196090698242,5.1198320388793945,0.004720949102193117,438.70883073790424,0.0,
444626020_06352815e2_168_99746029@N00.jpg,39.937908,116.398086,24.93366813659668,121.37059783935547,0.010649893432855606,1731.6234963355732,4,55,0.21484375,39.915000915527344,116.3896713256836,0.011139051988720894,2.6462913142032005,1728.97720502137,
444628260_d2a3683540_175_99746029@N00.jpg,39.937908,116.398086,39.91625213623047,116.39019012451172,0.021607253700494766,2.500381580998792,1,15,0.05859375,39.915000915527344,116.3896713256836,0.0162107665091753,2.6462913142032005,-0.14590973320440837,
446547293_fe0c7c55ab_184_81421684@N00.jpg,39.91283,116.456623,34.63716506958008,135.41900634765625,0.009477590210735798,1773.2238736054105,0,0,0.0,34.63716506958008,135.41900634765625,0.009477590210735798,1773.2238736054105,0.0,
446635539_a19a3c289f_187_55126705@N00.jpg,15.260918,-89.014148,8.669500350952148,-80.59100341796875,0.038554079830646515,1172.865107737949,1,84,0.328125,-25.456159591674805,-49.68647384643555,0.09514633566141129,6215.557141807944,-5042.692034069995,
446721345_98e39554dc_201_55126705@N00.jpg,20.215247,-87.430572,20.217018127441406,-87.42919921875,0.11193815618753433,0.24352440616025448,0,0,0.0,20.217018127441406,-87.42919921875,0.11193815618753433,0.24352440616025448,0.0,
446759218_39fcadb029_244_55126705@N00.jpg,20.681453,-88.569545,20.682607650756836,-88.57057189941406,0.07952795922756195,0.16702236449067567,3,248,0.96875,20.682607650756836,-88.57057189941406,0.0772235170006752,0.16702236449067567,0.0,
446921436_aaf90b2ffa_182_55126705@N00.jpg,8.668427,-80.387306,-26.404659271240234,-54.620819091796875,0.030478907749056816,4790.451237723541,1,169,0.66015625,-27.161197662353516,-48.580360412597656,0.012826621532440186,5255.047028063057,-464.5957903395156,
446925090_92e7da8598_225_55126705@N00.jpg,9.738497,-82.84069,-12.565152168273926,-70.09309387207031,0.05345749482512474,2851.873641178388,2,256,1.0,-12.565152168273926,-70.09309387207031,0.06067504733800888,2851.873641178388,0.0,
446958922_b7eed16ab2_168_55126705@N00.jpg,-12.10378,-74.586181,63.065792083740234,-151.0135498046875,0.048211243003606796,10536.95995442383,0,0,0.0,63.065792083740234,-151.0135498046875,0.048211243003606796,10536.95995442383,0.0,
446961808_8265cfdc1b_210_55126705@N00.jpg,-13.524847,-71.973323,-13.516678810119629,-71.97877502441406,0.06659162044525146,1.0827632586696123,8,56,0.21875,41.09099578857422,-5.999993801116943,0.014880082570016384,9082.786001605507,-9081.703238346838,
446976495_afc37707e4_246_55126705@N00.jpg,-13.513748,-71.980018,-13.517003059387207,-71.98121643066406,0.039788126945495605,0.38443923963752935,0,0,0.0,-13.517003059387207,-71.98121643066406,0.039788126945495605,0.38443923963752935,0.0,
446978329_01eaba3123_207_55126705@N00.jpg,-13.494135,-71.989974,-13.491130828857422,-71.9989013671875,0.041862066835165024,1.0214483535576788,0,0,0.0,-13.491130828857422,-71.9989013671875,0.041862066835165024,1.0214483535576788,0.0,
446985593_5a67aa19bf_228_55126705@N00.jpg,-13.503149,-71.993923,40.76259994506836,-3.86993408203125,0.09236488491296768,9228.635937616855,0,0,0.0,40.76259994506836,-3.86993408203125,0.09236488491296768,9228.635937616855,0.0,
446995789_85820d3901_248_55126705@N00.jpg,-13.507823,-71.98637,-13.519338607788086,-71.98997497558594,0.038397934287786484,1.3384832270780347,4,55,0.21484375,-16.219125747680664,-69.0988540649414,0.05816085636615753,432.6390512118876,-431.30056798480956,
447020173_20f51eeeda_172_55126705@N00.jpg,-13.166996,-72.545471,-13.163683891296387,-72.54602813720703,0.04189273342490196,0.3731976535603736,0,0,0.0,-13.163683891296387,-72.54602813720703,0.04189273342490196,0.3731976535603736,0.0,
447022280_7851b66b61_187_55126705@N00.jpg,-12.594103,-69.067783,-3.746925115585327,-73.1967544555664,0.08270549029111862,1083.460175516367,0,0,0.0,-3.746925115585327,-73.1967544555664,0.08270549029111862,1083.460175516367,0.0,
447024764_634742cc19_187_55126705@N00.jpg,-12.611861,-69.037227,9.97797966003418,-84.38134765625,0.01069903839379549,3030.046731998548,1,154,0.6015625,37.29322052001953,-7.548272132873535,0.01744239218533039,8474.730837246307,-5444.684105247759,
447030842_c1d9f24a11_218_55126705@N00.jpg,-12.611861,-69.037227,8.68285083770752,-83.49266052246094,0.10158572345972061,2856.1300507312535,0,0,0.0,8.68285083770752,-83.49266052246094,0.10158572345972061,2856.1300507312535,0.0,
447034627_d91db03621_187_55126705@N00.jpg,-12.611861,-69.037227,8.669500350952148,-80.59100341796875,0.03473672643303871,2688.7252131905075,1,224,0.875,8.669500350952148,-80.59100341796875,0.017588170245289803,2688.7252131905075,0.0,
447551550_5494ea1bae_192_7571568@N05.jpg,41.857287,-87.656478,41.88116455078125,-87.62433624267578,0.007504903711378574,3.759350841544984,0,0,0.0,41.88116455078125,-87.62433624267578,0.007504903711378574,3.759350841544984,0.0,
447559354_75dc4612cb_249_7571568@N05.jpg,41.857287,-87.656478,41.896175384521484,-87.6237564086914,0.003208272624760866,5.102760883697404,1,240,0.9375,43.6688346862793,-79.39067077636719,0.006182554177939892,703.8557046982289,-698.7529438145315,
447573376_a0770cd003_181_7571568@N05.jpg,41.857287,-87.656478,41.896175384521484,-87.6237564086914,0.00878357794135809,5.102760883697404,1,70,0.2734375,41.893348693847656,-87.62251281738281,0.006002216134220362,4.897701361986513,0.2050595217108908,
447619886_7f2fce9890_251_7571568@N05.jpg,41.857287,-87.656478,51.07501220703125,-114.12854766845703,0.0026335585862398148,2254.826142882938,1,10,0.0390625,47.92407989501953,-97.03202819824219,0.0011998215923085809,998.9691449723123,1255.8569979106255,
447620578_cf73eec7c9_203_7571568@N05.jpg,41.857287,-87.656478,41.7916145324707,-87.58354187011719,0.0023054543416947126,9.478977600151984,2,180,0.703125,38.85692596435547,-77.05021667480469,0.001153014600276947,957.8202909866457,-948.3413133864937,
447638817_0a8b4e7138_172_7571568@N05.jpg,41.857287,-87.656478,41.88176727294922,-87.6218032836914,0.009835917502641678,3.9564408626702363,1,18,0.0703125,44.97700119018555,-93.27166748046875,0.02593374438583851,570.7565048581528,-566.8000639954826,
447651682_a77b224b33_174_55126705@N00.jpg,-33.442471,-70.638313,-34.56159210205078,-59.120208740234375,0.007225926034152508,1068.4408596286082,1,256,1.0,-34.56159210205078,-59.120208740234375,0.011546755209565163,1068.4408596286082,0.0,
447669341_fa372d6722_170_7571568@N05.jpg,41.857287,-87.656478,33.1279182434082,-117.31183624267578,0.016892369836568832,2773.705311882926,2,109,0.42578125,33.1279182434082,-117.31183624267578,0.0057947346940636635,2773.705311882926,0.0,
447673148_a7f8fa9408_192_7571568@N05.jpg,41.857287,-87.656478,41.86721420288086,-87.63508605957031,0.011341208592057228,2.0872939557721613,1,2,0.0078125,41.89729309082031,-87.61772918701172,0.010336644016206264,5.48462671227743,-3.397332756505269,
447883592_3fc89f5b62_185_55126705@N00.jpg,17.226151,-89.612216,17.48302459716797,-92.04523468017578,0.053014252334833145,259.7968765853058,1,144,0.5625,17.48302459716797,-92.04523468017578,0.07846569269895554,259.7968765853058,0.0,
447919907_df54500374_207_55126705@N00.jpg,17.226151,-89.612216,18.18532371520996,-89.7481689453125,0.11056739091873169,107.62313275354208,1,192,0.75,17.22152328491211,-89.62361145019531,0.10667145997285843,1.3151442009776197,106.30798855256447,
447921184_556fb0dcf6_189_55126705@N00.jpg,17.226151,-89.612216,17.07988739013672,-89.07466125488281,0.06461117416620255,59.38519514184255,0,0,0.0,17.07988739013672,-89.07466125488281,0.06461117416620255,59.38519514184255,0.0,
447922456_113e259f0f_244_55126705@N00.jpg,17.226151,-89.612216,17.22221565246582,-89.62422943115234,0.0900290235877037,1.3488793764194398,1,70,0.2734375,17.222999572753906,-89.62333679199219,0.09292153269052505,1.2320055483422083,0.11687382807723146,
447923902_544b51d411_214_55126705@N00.jpg,17.226151,-89.612216,18.18532371520996,-89.7481689453125,0.08916217088699341,107.62313275354208,1,208,0.8125,18.18532371520996,-89.7481689453125,0.08782923221588135,107.62313275354208,0.0,
447991928_895301f964_251_55126705@N00.jpg,17.481426,-91.994533,17.48302459716797,-92.04523468017578,0.11185318976640701,5.380306704541107,0,0,0.0,17.48302459716797,-92.04523468017578,0.11185318976640701,5.380306704541107,0.0,
449901053_f0d3dbb166_164_55126705@N00.jpg,9.738497,-82.84069,11.408182144165039,-85.51826477050781,0.00799243338406086,346.5877151668323,1,256,1.0,9.572651863098145,-82.57152557373047,0.013073556125164032,34.79462931684965,311.7930858499827,
449966819_84d6b047e1_175_55126705@N00.jpg,10.471776,-84.64468,-1.062608003616333,-77.55789947509766,0.03756556659936905,1503.2083327606106,2,256,1.0,8.669500350952148,-80.59100341796875,0.04522072523832321,487.5448484246678,1015.6634843359427,
450398949_6e5439dd96_223_26519935@N00.jpg,31.628098,-8.036928,33.1775016784668,35.594329833984375,0.11065381020307541,4069.993115738449,2,69,0.26953125,37.15210723876953,36.157379150390625,0.05306614935398102,4064.7525262140157,5.24058952443329,
450477597_7de0d269e6_214_26519935@N00.jpg,31.628098,-8.036928,31.624298095703125,-8.00113582611084,0.0227848831564188,3.4150852974938575,0,0,0.0,31.624298095703125,-8.00113582611084,0.0227848831564188,3.4150852974938575,0.0,
45093902_0ca68f3d8e_28_88483799@N00.jpg,38.5605,-75.0571,35.57416534423828,-75.46900177001953,0.025157032534480095,334.0695278646662,3,56,0.21875,39.433284759521484,-76.62342834472656,0.03428060933947563,166.55143926166704,167.51808860299917,
45094576_2f40a2d6d3_24_88483799@N00.jpg,38.5605,-75.0571,38.852073669433594,-120.86076354980469,0.0029922008980065584,3931.710814403288,1,256,1.0,39.12179946899414,-95.37431335449219,0.0041030519641935825,1757.079345705957,2174.631468697331,
451257453_24212e8f5d_213_97522422@N00.jpg,59.033135,8.637313,59.99733352661133,10.669999122619629,0.14616179466247559,156.9674449986224,1,7,0.02734375,44.51958465576172,-68.2213363647461,0.012426136061549187,5203.252715184483,-5046.285270185861,
451391315_5499bad3b3_195_7132415@N03.jpg,47.655473,-122.293839,41.74927520751953,-92.84827423095703,0.01917814277112484,2401.8374681825103,1,20,0.078125,49.71715545654297,3.8407509326934814,0.0031511110719293356,8019.413723140986,-5617.576254958476,
451534383_24746ed49b_237_7571568@N05.jpg,28.032026,-80.687042,28.06796646118164,-80.55673217773438,0.07181638479232788,13.397727987020588,4,127,0.49609375,38.501487731933594,-120.76148986816406,0.023698192089796066,3869.4442499661764,-3856.046521979156,
451563252_fc84d47e12_189_15376845@N00.jpg,41.306181,-72.962951,40.62900161743164,-74.01734161376953,0.01151353307068348,116.21852843619637,2,220,0.859375,40.62900161743164,-74.01734161376953,0.03205162286758423,116.21852843619637,0.0,
451741697_1db5c5daa3_235_90168643@N00.jpg,31.77298,35.224914,31.777658462524414,35.23562240600586,0.04182843118906021,1.1381096181049895,0,0,0.0,31.777658462524414,35.23562240600586,0.04182843118906021,1.1381096181049895,0.0,
451742685_c54b98093a_248_90168643@N00.jpg,31.77298,35.224914,31.777658462524414,35.23562240600586,0.04216079041361809,1.1381096181049895,0,0,0.0,31.777658462524414,35.23562240600586,0.04216079041361809,1.1381096181049895,0.0,
451833114_d4117725fe_237_70323761@N00.jpg,40.76065,-73.975903,40.80755615234375,-73.96267700195312,0.010720290243625641,5.333280002197476,3,106,0.4140625,41.40362548828125,2.174304962158203,0.006760220043361187,6160.541815491762,-6155.208535489564,
452065902_0daa6bd4bd_219_15632944@N00.jpg,50.506262,16.749386,49.6937141418457,21.76504135131836,0.02638273686170578,368.89941359869977,1,77,0.30078125,53.160255432128906,6.756421089172363,0.04070886969566345,746.5552315108521,-377.6558179121523,
452161989_deffca31a7_201_93487964@N00.jpg,42.906526,-5.55831,42.94036865234375,-5.910833835601807,0.07985592633485794,28.94956891239801,2,13,0.05078125,42.910926818847656,0.13578400015830994,0.009578044526278973,463.6594797110643,-434.7099107986663,
452172281_2e06af3ed4_220_93487964@N00.jpg,42.907241,-5.561936,54.249881744384766,-7.829817771911621,0.02617676742374897,1272.058062307942,0,0,0.0,54.249881744384766,-7.829817771911621,0.02617676742374897,1272.058062307942,0.0,
452221670_b3dd7509b4_244_26519935@N00.jpg,22.297593,114.286222,22.418128967285156,114.38578796386719,0.10013912618160248,16.86645052956935,0,0,0.0,22.418128967285156,114.38578796386719,0.10013912618160248,16.86645052956935,0.0,
452264754_a404f9fac7_189_26519935@N00.jpg,22.297593,114.286222,22.283405303955078,113.9251480102539,0.05067694932222366,37.18284682486912,1,208,0.8125,22.283405303955078,113.9251480102539,0.0774950459599495,37.18284682486912,0.0,
452289545_9ef9fd8027_230_15632944@N00.jpg,51.062921,17.085413,50.037628173828125,19.27225112915039,0.02364645153284073,192.00298551189047,1,45,0.17578125,50.04214859008789,19.25079345703125,0.020998632535338402,190.47971234294846,1.523273168942012,
452295956_31ce539c3b_205_26519935@N00.jpg,22.297593,114.286222,25.167192459106445,121.56481170654297,0.07235342264175415,806.5043469012464,0,0,0.0,25.167192459106445,121.56481170654297,0.07235342264175415,806.5043469012464,0.0,
45242953_221e7fcc35_33_98908999@N00.jpg,48.874341,2.293943,48.87428283691406,2.2950689792633057,0.025226924568414688,0.0826014583781009,1,4,0.015625,48.87390899658203,2.294961929321289,0.0223508570343256,0.08866013238316534,-0.006058674005064435,
452498883_3be2a4e1b0_168_97522422@N00.jpg,59.028189,8.670272,60.29940414428711,24.621145248413086,0.09576522558927536,904.6025102335564,1,208,0.8125,66.26979064941406,29.45760726928711,0.05085610970854759,1322.192918614571,-417.59040838101464,
452866273_0d732257f1_242_55126705@N00.jpg,14.833633,-89.145641,14.835457801818848,-89.14675903320312,0.09985119849443436,0.2358269582503548,0,0,0.0,14.835457801818848,-89.14675903320312,0.09985119849443436,0.2358269582503548,0.0,
453108363_b77fc01587_238_69212252@N00.jpg,41.925222,-87.634592,41.79056930541992,-87.5824203491211,0.004008275922387838,15.583686170126716,2,196,0.765625,55.414058685302734,-1.7006490230560303,0.002472496125847101,6065.425361482281,-6049.841675312155,
453205885_aea665aecb_203_55126705@N00.jpg,35.521425,-111.372699,35.57419204711914,-111.47904205322266,0.1815873682498932,11.269036773693827,0,0,0.0,35.57419204711914,-111.47904205322266,0.1815873682498932,11.269036773693827,0.0,
453275748_96be70fe3f_189_55126705@N00.jpg,35.521425,-111.372699,35.8624382019043,-108.75175476074219,0.0893961563706398,239.70470292084698,0,0,0.0,35.8624382019043,-108.75175476074219,0.0893961563706398,239.70470292084698,0.0,
453352488_4565eb1fe2_209_16836474@N00.jpg,8.971219,-79.530887,23.139318466186523,-82.35221099853516,0.026881985366344452,1603.8290176532853,2,256,1.0,19.746023178100586,-72.21290588378906,0.04546592757105827,1433.3995455685824,170.42947208470287,
453368168_297a776734_199_16836474@N00.jpg,8.971219,-79.530887,8.951888084411621,-79.5355224609375,0.04432900622487068,2.208980331997235,1,256,1.0,10.422897338867188,-75.55096435546875,0.05548562481999397,465.1183044169225,-462.9093240849253,
453385775_52d74acad4_252_16836474@N00.jpg,8.971219,-79.530887,18.47483253479004,-69.8844985961914,0.026366770267486572,1483.049494524847,1,2,0.0078125,18.466989517211914,-66.11621856689453,0.025720342993736267,1791.2364621908778,-308.1869676660308,
453635515_277c694203_171_55126705@N00.jpg,20.681453,-88.569545,20.682607650756836,-88.57057189941406,0.056248947978019714,0.16702236449067567,0,0,0.0,20.682607650756836,-88.57057189941406,0.056248947978019714,0.16702236449067567,0.0,
453636890_c425e657ab_239_55126705@N00.jpg,20.681453,-88.569545,20.326688766479492,-89.64324188232422,0.05959281697869301,118.57964692787735,1,12,0.046875,20.682607650756836,-88.57057189941406,0.08200807124376297,0.16702236449067567,118.41262456338667,
453683152_73915760c1_242_55126705@N00.jpg,20.681453,-88.569545,20.681743621826172,-88.56916046142578,0.07628582417964935,0.051425389894686514,0,0,0.0,20.681743621826172,-88.56916046142578,0.07628582417964935,0.051425389894686514,0.0,
453711663_86b5ad7abc_184_55126705@N00.jpg,20.681453,-88.569545,20.682607650756836,-88.57057189941406,0.05558805912733078,0.16702236449067567,0,0,0.0,20.682607650756836,-88.57057189941406,0.05558805912733078,0.16702236449067567,0.0,
453715505_c6bdf8e0c7_202_79039156@N00.jpg,44.30226,9.212894,44.30394744873047,9.209803581237793,0.14552387595176697,0.3093338838261438,1,30,0.1171875,44.30394744873047,9.209803581237793,0.13123659789562225,0.3093338838261438,0.0,
453726359_68ab51aec0_168_79039156@N00.jpg,44.335314,9.208559,44.407779693603516,8.931241035461426,0.0412709005177021,23.469095894009126,0,0,0.0,44.407779693603516,8.931241035461426,0.0412709005177021,23.469095894009126,0.0,
454133111_03a1f5df8e_216_14491548@N00.jpg,41.391652,2.16473,45.43428421020508,12.340778350830078,0.000868064584210515,935.8517219418333,1,256,1.0,41.41374969482422,2.152596950531006,0.0017414658796042204,2.657380687528968,933.1943412543043,
454337490_00d44d1193_239_55126705@N00.jpg,20.491587,-87.72377,20.89250946044922,-88.1358642578125,0.07220496982336044,61.84654526728321,0,0,0.0,20.89250946044922,-88.1358642578125,0.07220496982336044,61.84654526728321,0.0,
454670932_3bcfb55583_226_55126705@N00.jpg,20.617682,-89.452743,20.217018127441406,-87.42919921875,0.04238205775618553,215.52533926946066,0,0,0.0,20.217018127441406,-87.42919921875,0.04238205775618553,215.52533926946066,0.0,
455047710_f87285f026_169_55126705@N00.jpg,19.850039,-90.532665,19.851491928100586,-90.530517578125,0.1098427101969719,0.2766654171152495,0,0,0.0,19.851491928100586,-90.530517578125,0.1098427101969719,0.2766654171152495,0.0,
455108063_dd2eab3b20_219_55126705@N00.jpg,19.719524,-90.009613,20.361526489257812,-89.77203369140625,0.07633092254400253,75.57847214365773,1,42,0.1640625,20.361526489257812,-89.77203369140625,0.03232932463288307,75.57847214365773,0.0,
459041961_711d8ad90a_187_50994135@N00.jpg,55.857021,-4.274325,52.39976501464844,4.891485214233398,0.01141506526619196,709.3846602736667,4,228,0.890625,52.392547607421875,4.750685214996338,0.005877052899450064,702.1965877440547,7.188072529611986,
459254219_9ddd08eccd_212_59341685@N00.jpg,40.29976,-105.639746,47.4000244140625,-120.3346939086914,0.03059719130396843,1414.7575193565197,1,156,0.609375,44.52086639404297,-88.44303131103516,0.016758155077695847,1484.4505071916165,-69.6929878350968,
459313793_803d6340ae_204_75653366@N00.jpg,49.294113,-123.139475,51.74129867553711,-2.404217004776001,0.008125587366521358,7462.998066652509,1,154,0.6015625,51.74228286743164,-2.404632091522217,0.019100531935691833,7462.893829316839,0.10423733566949522,
460157425_8df3ae8d48_191_70618949@N00.jpg,-25.348757,26.547775,32.926971435546875,-117.04853820800781,0.010542143136262894,16399.46945026346,5,256,1.0,32.926971435546875,-117.04853820800781,0.011157327331602573,16399.46945026346,0.0,
461544763_d962fb527f_203_41894197861@N01.jpg,40.796462,-73.962192,40.75112533569336,-73.9802474975586,0.003265604143962264,5.26549823101329,2,256,1.0,40.75112533569336,-73.9802474975586,0.00441143149510026,5.26549823101329,0.0,
461546611_cc214e3620_252_41894197861@N01.jpg,40.798476,-73.961162,34.926456451416016,-81.02753448486328,0.001170039759017527,900.0079943644247,1,256,1.0,37.82743835449219,-122.42271423339844,0.0017345664091408253,4129.126604493568,-3229.1186101291437,
462922891_67372e6aed_196_25159586@N00.jpg,35.665752,139.760717,35.66127014160156,139.73269653320312,0.011236554943025112,2.579987146824519,1,176,0.6875,35.689701080322266,139.6921844482422,0.009190286509692669,6.738709529204159,-4.15872238237964,
46313190_ed1037267f_30_14542551@N00.jpg,47.91939,106.917057,39.756500244140625,-104.8915023803711,0.009257540106773376,9772.890790152309,0,0,0.0,39.756500244140625,-104.8915023803711,0.009257540106773376,9772.890790152309,0.0,
463150945_e1617caffb_198_82927779@N00.jpg,-34.019247,19.609408,-30.53254508972168,152.0389404296875,0.0976438820362091,11273.794770997541,11,198,0.7734375,-38.27107238769531,175.05203247070312,0.17700771987438202,11586.698387810444,-312.9036168129023,
463191722_cf1005280d_167_82927779@N00.jpg,-34.02425,19.614908,37.22834014892578,-122.10799407958984,0.1514996439218521,16560.692258482566,1,32,0.125,50.35969924926758,-4.744290828704834,0.004971081390976906,9683.825393637155,6876.866864845411,
463213126_e1d5c6dc01_187_89904893@N00.jpg,51.513823,-0.100657,51.513938903808594,-0.09778200089931488,0.014587504789233208,0.19936544823798327,2,225,0.87890625,51.514068603515625,-0.09905300289392471,0.011408227495849133,0.11430597436561249,0.08505947387237078,
464282320_722132668a_181_55126705@N00.jpg,19.531156,-96.921901,19.48520278930664,-99.11764526367188,0.01960545778274536,230.19504062822088,3,76,0.296875,19.42581558227539,-99.1861801147461,0.009335176087915897,237.65377518762278,-7.458734559401904,
464285664_cb10417aea_173_55126705@N00.jpg,19.531156,-96.921901,34.48844528198242,108.720703125,0.015348643995821476,13424.639768338784,1,12,0.046875,-13.516616821289062,-71.97782135009766,0.0020659391302615404,4578.108134919947,8846.531633418837,
464351856_4cd6f68f0d_167_55126705@N00.jpg,20.448728,-97.323589,20.447280883789062,-97.32101440429688,0.11325930804014206,0.31280564732221505,1,22,0.0859375,19.840351104736328,-97.45842742919922,0.02524481527507305,69.09745366566203,-68.78464801833981,
464517182_510f8de005_176_55126705@N00.jpg,20.431195,-97.381954,17.51003074645996,-91.98149871826172,0.07857227325439453,654.1286258178603,0,0,0.0,17.51003074645996,-91.98149871826172,0.07857227325439453,654.1286258178603,0.0,
46462453_5cbc3a3aec_33_97522422@N00.jpg,39.993429,116.262817,39.997257232666016,116.27122497558594,0.067684605717659,0.8331917722174328,0,0,0.0,39.997257232666016,116.27122497558594,0.067684605717659,0.8331917722174328,0.0,
464828309_67e998bbc1_175_55126705@N00.jpg,22.771907,-102.576427,21.01874542236328,-101.2577896118164,0.08800313621759415,237.71816131062414,0,0,0.0,21.01874542236328,-101.2577896118164,0.08800313621759415,237.71816131062414,0.0,
464855090_e18c4aa92f_192_55126705@N00.jpg,22.457439,-102.821903,23.225793838500977,-109.4898910522461,0.09237810969352722,688.5593438925275,2,90,0.3515625,40.35871505737305,-7.35091495513916,0.026320798322558403,8853.008281429078,-8164.44893753655,
464868145_eacd26f270_198_55126705@N00.jpg,22.457439,-102.821903,17.043819427490234,-96.7684326171875,0.046322960406541824,873.643932269069,1,20,0.078125,-30.069093704223633,138.27906799316406,0.03106839954853058,13933.156313181047,-13059.512380911978,
465661185_9a417de793_192_19269532@N00.jpg,30.267592,-97.76257,30.262699127197266,-97.75548553466797,0.025998756289482117,0.8711675956884074,0,0,0.0,30.262699127197266,-97.75548553466797,0.025998756289482117,0.8711675956884074,0.0,
466841047_ea591ac720_203_64825499@N00.jpg,12.607003,-70.055952,25.073781967163086,-80.42558288574219,0.046713218092918396,1762.3443372354898,0,0,0.0,25.073781967163086,-80.42558288574219,0.046713218092918396,1762.3443372354898,0.0,
466842259_a24ec03b5e_223_64825499@N00.jpg,12.607003,-70.055952,25.073781967163086,-80.42558288574219,0.07819685339927673,1762.3443372354898,0,0,0.0,25.073781967163086,-80.42558288574219,0.07819685339927673,1762.3443372354898,0.0,
466879788_10173ddaeb_231_64825499@N00.jpg,12.539482,-70.070672,12.413503646850586,-69.8805923461914,0.07386687397956848,24.942050269708393,0,0,0.0,12.413503646850586,-69.8805923461914,0.07386687397956848,24.942050269708393,0.0,
466912467_df24961516_193_64825499@N00.jpg,12.539482,-70.070672,41.68932342529297,10.34912109375,0.020440300926566124,8294.08872686994,1,256,1.0,41.68932342529297,10.34912109375,0.022385286167263985,8294.08872686994,0.0,
467074960_2994d69218_214_44972214@N00.jpg,40.417547,-74.105787,39.734561920166016,-76.70437622070312,0.02075108513236046,233.7700136724742,8,171,0.66796875,38.957061767578125,-84.39430236816406,0.024310322478413582,894.6858476539927,-660.9158339815185,
467137143_72fbc260e3_191_64825499@N00.jpg,20.444712,-86.994161,7.267798900604248,134.33944702148438,0.018275368958711624,14546.977862750055,0,0,0.0,7.267798900604248,134.33944702148438,0.018275368958711624,14546.977862750055,0.0,
467148742_423a4de7b6_220_64825499@N00.jpg,20.444712,-86.994161,21.223461151123047,-86.73843383789062,0.036094002425670624,90.57949832112632,8,130,0.5078125,14.886063575744629,120.2182388305664,0.016386013478040695,15088.300229893783,-14997.720731572655,
467150493_2f79cf4c57_228_64825499@N00.jpg,20.444712,-86.994161,20.449371337890625,-86.99317932128906,0.07315800338983536,0.5280948564115119,4,40,0.15625,20.478641510009766,-86.97318267822266,0.022773869335651398,4.360094590993925,-3.8319997345824133,
467153437_1e33822dd2_220_64825499@N00.jpg,20.444712,-86.994161,25.750423431396484,-79.8211669921875,0.03038906119763851,941.0757969602043,2,8,0.03125,28.408916473388672,-81.4614028930664,0.016206160187721252,1047.4529117482355,-106.37711478803112,
467178347_f7290dd76e_172_41894197861@N01.jpg,40.740721,-74.002189,40.72215270996094,-74.00047302246094,0.0025727637112140656,2.0697590885316215,3,256,1.0,40.721832275390625,-74.00166320800781,0.0025694353971630335,2.1008004635168493,-0.031041374985227854,
467862736_4f5abff17e_199_64825499@N00.jpg,9.313484,-79.845972,11.037243843078613,-84.473876953125,0.09669513255357742,541.5366868631039,0,0,0.0,11.037243843078613,-84.473876953125,0.09669513255357742,541.5366868631039,0.0,
467914709_2bc9e8ba90_215_96388182@N00.jpg,51.054654,13.734583,51.05379104614258,13.736278533935547,0.023160601034760475,0.15248695242978894,1,176,0.6875,51.05379104614258,13.736278533935547,0.011511746793985367,0.15248695242978894,0.0,
467945159_514cb9fedc_208_64825499@N00.jpg,9.313484,-79.845972,16.730905532836914,-90.98052978515625,0.07538095861673355,1460.3937840096635,0,0,0.0,16.730905532836914,-90.98052978515625,0.07538095861673355,1460.3937840096635,0.0,
467994996_f60ab5ac81_214_64825499@N00.jpg,9.274097,-79.921331,51.97675323486328,4.12563419342041,0.03893669694662094,8789.635414175584,1,104,0.40625,29.437355041503906,-90.29885864257812,0.02134271338582039,2488.9546382200883,6300.680775955496,
468007750_ae49a82946_210_64825499@N00.jpg,9.274097,-79.921331,9.31831169128418,-79.99420166015625,0.0263395756483078,9.386936654590478,2,192,0.75,52.526039123535156,5.424499034881592,0.02338978834450245,8876.371303473734,-8866.984366819144,
468016717_deff8cdee3_227_64825499@N00.jpg,9.274097,-79.921331,17.658416748046875,-62.64129638671875,0.04807695001363754,2086.187760016278,8,256,1.0,17.658416748046875,-62.64129638671875,0.054795265197753906,2086.187760016278,0.0,
468049398_098d809c0a_196_64825499@N00.jpg,12.51774,-70.040722,26.219057083129883,127.30828094482422,0.04517561197280884,15316.815821889426,1,160,0.625,26.219057083129883,127.30828094482422,0.04890924692153931,15316.815821889426,0.0,
468114689_6f7d634bae_220_7885919@N07.jpg,48.870374,2.391918,48.904998779296875,2.307724952697754,0.00486264331266284,7.26063064376921,1,18,0.0703125,48.88629150390625,2.340881109237671,0.0028124696109443903,4.130671086022978,3.1299595577462327,
468200816_37ec2e533a_191_89904893@N00.jpg,51.130138,1.321363,51.12556076049805,1.316277027130127,0.14753611385822296,0.6204965619269919,1,240,0.9375,51.12556076049805,1.316277027130127,0.09862236678600311,0.6204965619269919,0.0,
468278910_539810ce41_193_64825499@N00.jpg,20.481959,-86.975508,20.506460189819336,-86.9588851928711,0.12158074229955673,3.2280207345576453,1,28,0.109375,4.469898223876953,118.60221862792969,0.09076975286006927,16078.91563474254,-16075.687614007982,
468281319_98388072fd_185_64825499@N00.jpg,20.481959,-86.975508,20.506460189819336,-86.9588851928711,0.053677093237638474,3.2280207345576453,1,12,0.046875,20.478641510009766,-86.97318267822266,0.03813408687710762,0.4413047224655653,2.78671601209208,
468488782_cba8bc7af1_202_64825499@N00.jpg,20.481959,-86.975508,19.282920837402344,-81.39517211914062,0.02724909409880638,598.5166030793577,1,14,0.0546875,19.3184757232666,-110.83040618896484,0.008237665519118309,2495.3322743520584,-1896.815671272701,
473633300_36b61bf48c_196_81421684@N00.jpg,47.76118,11.570963,47.39873504638672,-1.451159954071045,0.0022655322682112455,976.4377653225916,1,90,0.3515625,47.39873504638672,-1.451159954071045,0.0039640446193516254,976.4377653225916,0.0,
47480760_2601b9fa0c_30_41315423@N00.jpg,41.7932,-88.01053,48.8361930847168,9.152641296386719,0.0022616006899625063,7101.193418250062,1,240,0.9375,48.8361930847168,9.152641296386719,0.002996461931616068,7101.193418250062,0.0,
474948847_2f18f8b785_187_89904893@N00.jpg,51.483534,-0.604902,51.480796813964844,-0.6069939732551575,0.1502688080072403,0.3370780938600324,1,120,0.46875,51.480796813964844,-0.6069939732551575,0.14886657893657684,0.3370780938600324,0.0,
476237309_000c143d8f_172_41894169878@N01.jpg,41.686261,-87.995692,42.962921142578125,-88.2851791381836,0.013637488707900047,143.93915702730342,1,256,1.0,39.11016845703125,-84.885498046875,0.007520717568695545,389.0702319399316,-245.13107491262818,
476241859_f1bc705fe0_191_41894169878@N01.jpg,41.512369,-87.966156,43.337501525878906,-87.98149871826172,0.035749685019254684,202.94966368565161,1,256,1.0,35.93798065185547,-86.61156463623047,0.04159190133213997,630.8595111172474,-427.9098474315958,
476243791_3b12de8e7b_219_41894169878@N01.jpg,41.512369,-87.966156,44.42933654785156,-93.20101165771484,0.0126990657299757,535.1717906265562,4,200,0.78125,44.42933654785156,-93.20101165771484,0.008909430354833603,535.1717906265562,0.0,
476270940_b05c7602a8_194_41894169878@N01.jpg,41.451408,-96.491859,47.069068908691406,21.92596435546875,0.0021073748357594013,8452.027470359955,0,0,0.0,47.069068908691406,21.92596435546875,0.0021073748357594013,8452.027470359955,0.0,
476284851_bf006193c0_208_41894169878@N01.jpg,41.451408,-96.491859,41.24937057495117,-80.73788452148438,0.011801584623754025,1313.395335121583,7,240,0.9375,54.63385772705078,-6.752009868621826,0.005811577197164297,6359.675494489575,-5046.2801593679915,
476835866_b888027c27_203_70323761@N00.jpg,40.668326,-73.964901,37.546302795410156,-122.3021011352539,0.0039611514657735825,4132.5545449201145,2,48,0.1875,34.4713249206543,135.38966369628906,0.00150768191087991,11135.864219763114,-7003.309674843,
478191864_6de85e6097_227_82503882@N00.jpg,50.339551,7.543337,50.944984436035156,7.03017520904541,0.026430854573845863,76.42965046852524,12,81,0.31640625,47.17378616333008,8.109798431396484,0.021532634273171425,354.45519355816543,-278.0255430896402,
479647329_ed1c4b8a70_188_65367662@N00.jpg,36.157833,-115.15457,52.53721237182617,13.576269149780273,0.003863084129989147,8976.94528030171,1,192,0.75,52.53721237182617,13.576269149780273,0.005705930292606354,8976.94528030171,0.0,
479684130_05e73de8c3_177_65367662@N00.jpg,36.157833,-115.15457,36.1235237121582,-115.16986846923828,0.012321525253355503,4.054831176596831,1,22,0.0859375,36.115909576416016,-115.17328643798828,0.011973324231803417,4.955427888119182,-0.9005967115223514,
479743722_618a58eb1f_217_15632944@N00.jpg,52.108771,16.111192,52.947914123535156,1.1341660022735596,0.15511567890644073,1015.580022638211,1,176,0.6875,52.105384826660156,16.115108489990234,0.20872928202152252,0.46186008548382423,1015.1181625527271,
479743744_b92a936960_181_15632944@N00.jpg,52.108771,16.111192,52.105384826660156,16.115108489990234,0.429900199174881,0.46186008548382423,3,112,0.4375,52.105384826660156,16.115108489990234,0.6290947198867798,0.46186008548382423,0.0,
479751616_1402e5dee7_224_15632944@N00.jpg,52.108771,16.111192,52.105384826660156,16.115108489990234,0.281269371509552,0.46186008548382423,1,6,0.0234375,52.105384826660156,16.115108489990234,0.1106356829404831,0.46186008548382423,0.0,
479751650_bc7eef5e74_172_15632944@N00.jpg,52.108771,16.111192,52.105384826660156,16.115108489990234,0.3632850646972656,0.46186008548382423,0,0,0.0,52.105384826660156,16.115108489990234,0.3632850646972656,0.46186008548382423,0.0,
479768835_d12d43d381_213_15632944@N00.jpg,52.108771,16.111192,53.27450180053711,-1.3768310546875,0.049827106297016144,1182.7172005988834,2,130,0.5078125,51.61377716064453,-1.2462610006332397,0.07452347874641418,1190.3686096000743,-7.651409001190814,
480130099_3067a31825_171_15632944@N00.jpg,52.108771,16.111192,52.105384826660156,16.115108489990234,0.05166829377412796,0.46186008548382423,1,156,0.609375,52.105384826660156,16.115108489990234,0.09969501197338104,0.46186008548382423,0.0,
480138739_fccfdecbbf_184_15632944@N00.jpg,52.108771,16.111192,52.105384826660156,16.115108489990234,0.08731411397457123,0.46186008548382423,3,28,0.109375,51.611331939697266,6.923666000366211,0.010724439285695553,632.9204883466354,-632.4586282611515,
480372482_20ba386988_211_7885919@N07.jpg,45.46527,9.189924,45.4655647277832,9.189998626708984,0.024744927883148193,0.03328501772849704,6,8,0.03125,45.4655647277832,9.189998626708984,0.01919013261795044,0.03328501772849704,0.0,
480394015_13ba637796_214_7885919@N07.jpg,45.464329,9.191039,45.4655647277832,9.189998626708984,0.02280731126666069,0.15957282450286084,7,38,0.1484375,45.46432113647461,9.190256118774414,0.01921764947474003,0.061060841492925205,0.09851198300993563,
480714899_c0080a37cc_182_88483799@N00.jpg,39.399494,-76.604344,37.20661163330078,-93.28970336914062,0.010186644271016121,1474.0241551245724,2,183,0.71484375,42.73360824584961,-84.5537109375,0.019850099459290504,762.1452508874889,711.8789042370835,
481265045_f8fe2e9f1f_205_79039156@N00.jpg,45.70486,9.380264,46.32469177246094,-0.9521620273590088,0.002282624365761876,800.2866894813446,1,208,0.8125,52.27073287963867,4.546751022338867,0.002956627868115902,810.3762504336889,-10.0895609523443,
482249918_ce5956dc2c_192_50435419@N00.jpg,-34.609758,-58.411216,-23.427465438842773,-46.48017501831055,0.04348969832062721,1697.818784609759,9,160,0.625,47.43202209472656,19.261886596679688,0.022327279672026634,11945.047724334569,-10247.22893972481,
482269497_635b29f765_200_50435419@N00.jpg,-34.609758,-58.411216,-34.90620422363281,-56.19160079956055,0.007466492243111134,205.42856688210554,6,185,0.72265625,40.75138473510742,-73.96820068359375,0.011932037770748138,8529.751473056804,-8324.322906174699,
482309565_6413202fd8_197_50435419@N00.jpg,-34.609758,-58.411216,-34.608131408691406,-58.37456512451172,0.004594720900058746,3.359119085139781,0,0,0.0,-34.608131408691406,-58.37456512451172,0.004594720900058746,3.359119085139781,0.0,
482331439_eabd04b1b5_196_50435419@N00.jpg,-34.609758,-58.411216,-34.608821868896484,-58.374351501464844,0.013617055490612984,3.375388130493179,0,0,0.0,-34.608821868896484,-58.374351501464844,0.013617055490612984,3.375388130493179,0.0,
482450631_9a18ceae7e_219_50435419@N00.jpg,-34.609758,-58.411216,50.948421478271484,3.1206319332122803,0.005069716367870569,11250.875111186428,4,248,0.96875,52.240047454833984,5.707054138183594,0.00462412228807807,11479.832270313304,-228.95715912687592,
482456175_358f0cc837_214_50435419@N00.jpg,-34.609758,-58.411216,-34.636436462402344,-58.36499786376953,0.00765305757522583,5.16580804732851,4,118,0.4609375,-34.62019729614258,-58.37189865112305,0.0032860904466360807,3.780632383496541,1.3851756638319692,
482474082_48e542db42_184_50435419@N00.jpg,-34.609758,-58.411216,-29.945415496826172,-51.30615234375,0.021891063079237938,845.2627097548,6,166,0.6484375,39.983551025390625,-4.281838893890381,0.016521234065294266,9978.51859673425,-9133.25588697945,
482522436_afd67a4fb5_178_50435419@N00.jpg,-34.609758,-58.411216,-33.06597137451172,-68.8705062866211,0.05413385480642319,980.6805944094954,2,126,0.4921875,41.40095520019531,1.8140310049057007,0.04602796956896782,10447.79268632164,-9467.112091912144,
482522657_74aeb9d1f0_222_50435419@N00.jpg,-34.609758,-58.411216,52.09489059448242,5.120288848876953,0.003180482191964984,11438.965333131793,3,202,0.7890625,47.613834381103516,-122.31805419921875,0.0022664398420602083,11131.430965168789,307.5343679630041,
482528363_696c14a52c_193_50435419@N00.jpg,-34.609758,-58.411216,-34.240257263183594,-59.478004455566406,0.08918828517198563,106.12252400215507,1,225,0.87890625,38.393524169921875,-120.79983520507812,0.03414853289723396,10350.357935365058,-10244.235411362903,
482973491_fdc5768f9f_182_7885919@N07.jpg,45.436774,12.326182,45.43471908569336,12.339018821716309,0.003339354181662202,1.0273456601187936,7,52,0.203125,39.65871810913086,-8.825860023498535,0.011541175656020641,1841.3522854615296,-1840.324939801411,
483510032_1aa39298ae_196_90168643@N00.jpg,31.77298,35.224914,31.777658462524414,35.23562240600586,0.03833335265517235,1.1381096181049895,1,224,0.875,31.777658462524414,35.23562240600586,0.03334880992770195,1.1381096181049895,0.0,
483717602_2445d0d4ae_206_40425693@N00.jpg,40.542112,14.252185,39.671539306640625,19.700565338134766,0.05061067268252373,473.28732709455204,0,0,0.0,39.671539306640625,19.700565338134766,0.05061067268252373,473.28732709455204,0.0,
483794926_ba696e52d8_201_90168643@N00.jpg,31.77298,35.224914,49.98558044433594,20.059232711791992,0.012579320929944515,2382.8822303057145,0,0,0.0,49.98558044433594,20.059232711791992,0.012579320929944515,2382.8822303057145,0.0,
484091031_4dccc76743_227_7885919@N07.jpg,45.456382,12.356389,50.57342529296875,3.6804189682006836,0.005738534033298492,859.3438118107301,2,66,0.2578125,45.43015670776367,12.358223915100098,0.008288607932627201,2.919635063109605,856.4241767476205,
484136398_2bc88c26e5_203_51162504@N00.jpg,37.214506,-7.410321,37.21262741088867,-7.404376983642578,0.10671722143888474,0.5663023799128252,0,0,0.0,37.21262741088867,-7.404376983642578,0.10671722143888474,0.5663023799128252,0.0,
484137914_3f2f3c258c_194_51162504@N00.jpg,37.214506,-7.410321,37.077457427978516,-8.117844581604004,0.015521861612796783,64.53520654110173,3,91,0.35546875,44.809486389160156,11.43075942993164,0.00833307858556509,1786.2274240826248,-1721.692217541523,
484199684_09c57af496_230_50435419@N00.jpg,-34.609758,-58.411216,-33.48033142089844,-70.51299285888672,0.04698604717850685,1121.369502455199,1,60,0.234375,19.684940338134766,-99.85971069335938,0.08170902729034424,7458.358243485526,-6336.988741030327,
484245503_2c1739bf8b_213_50435419@N00.jpg,-34.609758,-58.411216,48.05423355102539,20.255075454711914,0.05577186495065689,12044.748275912209,5,166,0.6484375,42.019840240478516,45.55472183227539,0.07799176871776581,13549.675309191261,-1504.927033279053,
484255165_aeaf43116a_193_50435419@N00.jpg,-34.609758,-58.411216,-34.58769607543945,-58.393577575683594,0.01576431840658188,2.9367531207404967,1,24,0.09375,53.00873947143555,-3.943253993988037,0.0006086789071559906,11069.188883443208,-11066.252130322468,
484775080_6decd41318_229_7885919@N07.jpg,-23.248128,16.559486,-28.5783748626709,22.462446212768555,0.09550655633211136,836.2753641622842,1,3,0.01171875,-24.31424903869629,18.004016876220703,0.016191724687814713,188.83147140838233,647.4438927539019,
485581993_e813d3229d_187_57253263@N00.jpg,42.04711,-70.650823,36.383544921875,-75.8249740600586,0.019975166767835617,771.2071729769101,1,48,0.1875,43.98136901855469,-124.1008529663086,0.03136063367128372,4273.923848550043,-3502.7166755731328,
486112467_9a11ead046_227_75653366@N00.jpg,49.242328,-123.11335,48.565147399902344,-123.46929931640625,0.051978159695863724,79.66679434137454,0,0,0.0,48.565147399902344,-123.46929931640625,0.051978159695863724,79.66679434137454,0.0,
486112965_0adc5ac5fa_213_75653366@N00.jpg,49.242328,-123.11335,52.270442962646484,4.545936107635498,0.013961251825094223,7695.364757320538,2,50,0.1953125,52.27073287963867,4.546751022338867,0.022618325427174568,7695.368550180888,-0.00379286034967663,
486170152_713ccb153d_213_7885919@N07.jpg,-21.768586,13.956069,37.11566925048828,-122.33087158203125,0.10684800893068314,15498.58182220269,1,110,0.4296875,37.1086540222168,-122.3386001586914,0.127525195479393,15499.388394831221,-0.8065726285312849,
486591374_67151abe1c_184_51162504@N00.jpg,37.389024,-5.994071,37.38524627685547,-5.992096900939941,0.02672998607158661,0.45483347504641924,1,224,0.875,37.38524627685547,-5.992096900939941,0.02652580291032791,0.45483347504641924,0.0,
486597679_e1a557718f_198_51162504@N00.jpg,37.389024,-5.994071,48.2282829284668,15.332976341247559,0.007153983693569899,2104.978753848245,5,150,0.5859375,48.2282829284668,15.332976341247559,0.00857742503285408,2104.978753848245,0.0,
486640035_44fce1c2e6_194_51162504@N00.jpg,37.389024,-5.994071,37.878726959228516,-4.779942989349365,0.021258695051074028,119.98089514501058,6,22,0.0859375,37.3856315612793,-5.992999076843262,0.004052208736538887,0.38892894344600104,119.59196620156457,
486640467_2747f82c8f_224_26519935@N00.jpg,38.8494,121.391544,34.612300872802734,135.73617553710938,0.004893503151834011,1360.5623158203064,5,244,0.953125,30.30168914794922,119.12713623046875,0.007511740550398827,972.7109563917387,387.85135942856766,
486917998_0077fde76f_204_8159033@N04.jpg,39.923165,116.402549,39.875831604003906,116.4544448852539,0.009456465020775795,6.877508311336409,0,0,0.0,39.875831604003906,116.4544448852539,0.009456465020775795,6.877508311336409,0.0,
486937288_b185bedd23_231_8159033@N04.jpg,39.923165,116.402549,39.91691207885742,116.38907623291016,0.016841961070895195,1.342958891969054,6,145,0.56640625,39.91691207885742,116.38907623291016,0.01723235473036766,1.342958891969054,0.0,
487004508_a9a56d1967_173_8159033@N04.jpg,39.923165,116.402549,39.91691207885742,116.38907623291016,0.016743194311857224,1.342958891969054,1,45,0.17578125,39.91552734375,116.38847351074219,0.009800873696804047,1.4704245422764723,-0.1274656503074183,
487030048_10605b328e_227_8159033@N04.jpg,39.923165,116.402549,40.354000091552734,116.00738525390625,0.0784609243273735,58.51021522666752,0,0,0.0,40.354000091552734,116.00738525390625,0.0784609243273735,58.51021522666752,0.0,
487043497_3fddb48313_186_8159033@N04.jpg,39.923165,116.402549,39.997257232666016,116.27122497558594,0.030918633565306664,13.897967726196564,0,0,0.0,39.997257232666016,116.27122497558594,0.030918633565306664,13.897967726196564,0.0,
487044961_f675eb5964_206_8159033@N04.jpg,39.923165,116.402549,39.932167053222656,116.44216918945312,0.008878582157194614,3.5236048957275083,2,177,0.69140625,39.127262115478516,117.19544982910156,0.006796534638851881,111.61100387771928,-108.08739898199178,
487058765_13a8cafbd9_192_8159033@N04.jpg,39.923165,116.402549,40.8653678894043,117.07425689697266,0.09888220578432083,119.21415092075773,1,256,1.0,40.354000091552734,116.00738525390625,0.07065432518720627,58.51021522666752,60.70393569409021,
487066358_01d439baa3_216_8159033@N04.jpg,39.923165,116.402549,39.91608810424805,116.39066314697266,0.01668272726237774,1.2832329657288921,4,97,0.37890625,39.87997055053711,116.40477752685547,0.018881136551499367,4.806770822146889,-3.523537856417997,
487097733_05b162ed49_197_8159033@N04.jpg,39.923165,116.402549,39.91625213623047,116.39019012451172,0.02003256417810917,1.3044988407983868,0,0,0.0,39.91625213623047,116.39019012451172,0.02003256417810917,1.3044988407983868,0.0,
487099337_cc35854a4d_228_82927779@N00.jpg,-33.656922,23.122819,-33.941383361816406,18.802091598510742,0.05277670919895172,400.46602645461013,3,142,0.5546875,-33.44748306274414,149.5507049560547,0.013118498027324677,10690.21108689207,-10289.745060437459,
487138731_ed49dc4a7f_212_8159033@N04.jpg,34.272254,108.896656,30.25343132019043,120.11627197265625,0.025766128674149513,1144.814998882914,0,0,0.0,30.25343132019043,120.11627197265625,0.025766128674149513,1144.814998882914,0.0,
487140612_ef305ec69f_218_8159033@N04.jpg,31.235701,121.46862,31.303634643554688,120.61271667480469,0.01825619488954544,81.69668565412947,0,0,0.0,31.303634643554688,120.61271667480469,0.01825619488954544,81.69668565412947,0.0,
487142532_8e77d4a376_179_8159033@N04.jpg,31.235701,121.46862,31.311115264892578,120.61734771728516,0.037776194512844086,81.33678985447249,0,0,0.0,31.311115264892578,120.61734771728516,0.037776194512844086,81.33678985447249,0.0,
487157149_401f70f672_204_8159033@N04.jpg,31.235701,121.46862,40.10676574707031,113.29290008544922,0.009135475382208824,1230.9984393182854,1,20,0.078125,34.063209533691406,-118.35804748535156,0.00152746238745749,10425.615513853525,-9194.61707453524,
487157243_e18d20f05c_211_8159033@N04.jpg,31.235701,121.46862,31.228498458862305,121.48666381835938,0.012752693146467209,1.8933371856930854,3,108,0.421875,26.8741512298584,100.23187255859375,0.03791016712784767,2116.775382472699,-2114.8820452870063,
487188679_72c4e461e4_199_82927779@N00.jpg,-33.527813,22.251491,37.25820541381836,-8.003883361816406,0.04700605571269989,8471.827743653303,2,112,0.4375,-34.040428161621094,20.44881820678711,0.07417000085115433,176.0783083108698,8295.749435342434,
487273430_02a2d59e36_205_8159033@N04.jpg,39.923165,116.402549,39.997257232666016,116.27122497558594,0.0607878603041172,13.897967726196564,1,176,0.6875,39.997257232666016,116.27122497558594,0.011310359463095665,13.897967726196564,0.0,
487288867_bd42496d28_179_8159033@N04.jpg,39.923165,116.402549,39.91625213623047,116.39019012451172,0.01991502195596695,1.3044988407983868,0,0,0.0,39.91625213623047,116.39019012451172,0.01991502195596695,1.3044988407983868,0.0,
487341048_fc37294bdf_170_8159033@N04.jpg,35.012845,135.748786,35.25082778930664,139.15426635742188,0.012351141311228275,310.80283499615393,1,192,0.75,35.00337219238281,135.7826385498047,0.0129078458994627,3.258140962695884,307.54469403345803,
487349192_1c67d95fa1_224_8159033@N04.jpg,35.012845,135.748786,35.01333236694336,135.7501678466797,0.012802526354789734,0.1370188037675419,4,215,0.83984375,35.71411895751953,139.79608154296875,0.009780838154256344,375.16766312158535,-375.0306443178178,
487365166_d1f723dd85_225_8159033@N04.jpg,35.311483,139.549541,36.846439361572266,139.5897674560547,0.008188685402274132,170.7178704425747,10,51,0.19921875,32.773563385009766,129.8599395751953,0.00968233309686184,935.843759148267,-765.1258887056923,
487400637_f9cdf5e118_174_86122102@N00.jpg,60.169695,24.965057,60.18113327026367,24.518566131591797,0.016368450596928596,24.724731007192904,11,178,0.6953125,60.18113327026367,24.518566131591797,0.022293245419859886,24.724731007192904,0.0,
487799243_19536f5161_201_16836474@N00.jpg,-4.219137,-69.938964,-5.000050067901611,-59.32109069824219,0.08869465440511703,1180.0154116586912,0,0,0.0,-5.000050067901611,-59.32109069824219,0.08869465440511703,1180.0154116586912,0.0,
487930298_88b99a29b3_219_7885919@N07.jpg,-19.180759,15.922107,-20.2106990814209,26.18058967590332,0.05523519963026047,1079.8639775096008,1,30,0.1171875,-24.31424903869629,18.004016876220703,0.0323762372136116,609.9360184307907,469.9279590788101,
487946030_c424464f47_191_7885919@N07.jpg,-19.151654,15.096588,-19.259294509887695,16.875,0.1448848843574524,187.12717019251357,1,108,0.421875,-19.259294509887695,16.875,0.14146631956100464,187.12717019251357,0.0,
487968221_39a7213c63_222_49503208420@N01.jpg,48.865575,2.361803,43.55073928833008,10.310229301452637,0.002508046803995967,849.6540110930307,3,256,1.0,43.55073928833008,10.310229301452637,0.005488870199769735,849.6540110930307,0.0,
488200305_001ec0b596_205_36093984@N00.jpg,44.456482,-93.160414,41.74352264404297,1.8989180326461792,0.004926837980747223,7250.732455256824,0,0,0.0,41.74352264404297,1.8989180326461792,0.004926837980747223,7250.732455256824,0.0,
488223116_deb9583d6e_217_26519935@N00.jpg,38.8494,121.391544,30.54452133178711,114.3621826171875,0.013422660529613495,1124.201818896494,3,70,0.2734375,24.203311920166016,120.8101806640625,0.0166412852704525,1629.4940473458646,-505.29222844937067,
488352231_861d4e0345_229_26519935@N00.jpg,38.785535,121.141777,39.05510711669922,117.28346252441406,0.06697095185518265,335.10815588784214,1,108,0.421875,41.086727142333984,1.1561390161514282,0.0020066015422344208,9253.743771359786,-8918.635615471945,
488533345_9d423dbcc9_212_91548597@N00.jpg,53.052467,-3.0049,51.473262786865234,-3.203511953353882,0.09468541294336319,176.1189935095563,0,0,0.0,51.473262786865234,-3.203511953353882,0.09468541294336319,176.1189935095563,0.0,
488849133_3f1992698b_197_41894197861@N01.jpg,40.716053,-73.996052,40.71821594238281,-73.99344635009766,0.0072636790573596954,0.3256828975374106,1,160,0.625,40.717201232910156,-73.99781036376953,0.00995815359055996,0.1956099120412514,0.1300729854961592,
489951235_38f25f4dbc_202_26519935@N00.jpg,45.785519,126.594986,38.89744567871094,115.4608154296875,0.04324216768145561,1191.358163610895,3,180,0.703125,39.86396408081055,116.75050354003906,0.056205760687589645,1036.9927044299516,154.3654591809434,
491120385_b575e9fbec_198_70323761@N00.jpg,42.352557,-71.11058,42.365318298339844,-71.11598205566406,0.007456085179001093,1.4867954583536496,1,52,0.203125,42.69755172729492,-71.19810485839844,0.02512679621577263,39.02648140522742,-37.539685946873774,
491141179_d90b8ba06c_229_48313794@N00.jpg,44.656565,21.850433,45.680084228515625,13.774243354797363,0.0154202189296484,642.9912566215721,0,0,0.0,45.680084228515625,13.774243354797363,0.0154202189296484,642.9912566215721,0.0,
491919321_7f6f92bd18_208_75653366@N00.jpg,49.269341,-123.169816,49.266212463378906,-123.06966400146484,0.008596719242632389,7.275103584767976,1,256,1.0,49.25006866455078,-123.10098266601562,0.00733730336651206,5.435472528793711,1.839631055974265,
492904812_a8fc6c42fc_189_50435419@N00.jpg,33.622195,-100.836982,33.5980339050293,-99.2509994506836,0.0620412640273571,146.8944403992542,0,0,0.0,33.5980339050293,-99.2509994506836,0.0620412640273571,146.8944403992542,0.0,
493339442_d3ad94d478_212_75653366@N00.jpg,49.272001,-123.169001,49.19365310668945,-123.94766998291016,0.016194788739085197,57.2053076417536,0,0,0.0,49.19365310668945,-123.94766998291016,0.016194788739085197,57.2053076417536,0.0,
493804398_82845b8a70_212_26519935@N00.jpg,45.778179,126.660432,25.48295021057129,121.2890625,0.01892625167965889,2306.9739821531552,4,164,0.640625,25.48295021057129,121.2890625,0.02231011539697647,2306.9739821531552,0.0,
493818157_0f4712ffbd_186_26519935@N00.jpg,45.778179,126.660432,37.20305633544922,112.1759033203125,0.026041073724627495,1533.6842659276474,2,166,0.6484375,24.061511993408203,120.42903900146484,0.016102740541100502,2478.7670290498545,-945.0827631222071,
494341167_98a4299863_195_62126383@N00.jpg,32.347627,34.85361,35.52552032470703,11.019972801208496,0.006254496052861214,2221.3622713947434,0,0,0.0,35.52552032470703,11.019972801208496,0.006254496052861214,2221.3622713947434,0.0,
494539179_286f16c126_194_62126383@N00.jpg,32.501871,34.892749,32.50077438354492,35.50062561035156,0.028027202934026718,57.00647872747702,0,0,0.0,32.50077438354492,35.50062561035156,0.028027202934026718,57.00647872747702,0.0,
494541628_d95bd89475_190_62126383@N00.jpg,32.501871,34.892749,32.483699798583984,34.892921447753906,0.19989217817783356,2.0206129297660205,0,0,0.0,32.483699798583984,34.892921447753906,0.19989217817783356,2.0206129297660205,0.0,
494612871_db624a92e7_216_62126383@N00.jpg,32.501871,34.892749,37.94192886352539,27.341623306274414,0.08662110567092896,913.948918271653,0,0,0.0,37.94192886352539,27.341623306274414,0.08662110567092896,913.948918271653,0.0,
494631856_8b13dc40c1_230_26519935@N00.jpg,43.787949,125.446186,49.11466979980469,10.751258850097656,0.0400107204914093,7893.646260207747,4,130,0.5078125,49.11466979980469,10.751258850097656,0.02878597192466259,7893.646260207747,0.0,
494663092_d20ab908d1_189_26519935@N00.jpg,43.787949,125.446186,33.19990921020508,126.29110717773438,0.017357902601361275,1179.6130768443745,3,112,0.4375,24.45197105407715,120.8743667602539,0.01870587095618248,2189.943130496835,-1010.3300536524603,
494693270_3bdaf1fed9_194_26519935@N00.jpg,43.787949,125.446186,40.03083419799805,115.81993103027344,0.022674119099974632,898.6894887874685,2,168,0.65625,42.58624267578125,23.426027297973633,0.016860587522387505,7677.837321468833,-6779.147832681364,
494764441_e72396a2c5_218_26519935@N00.jpg,43.787949,125.446186,42.9510612487793,141.51095581054688,0.019979150965809822,1299.830055863656,0,0,0.0,42.9510612487793,141.51095581054688,0.019979150965809822,1299.830055863656,0.0,
494842008_7ca250deeb_225_15632944@N00.jpg,52.105384,16.115269,52.105384826660156,16.115108489990234,0.3043361008167267,0.010962777022830734,1,224,0.875,52.105384826660156,16.115108489990234,0.49351823329925537,0.010962777022830734,0.0,
495148240_8144db7f76_208_70323761@N00.jpg,42.358115,-71.060197,53.8525276184082,-3.515625,0.002636735560372472,4972.63551781521,2,48,0.1875,-34.586334228515625,-58.39216613769531,0.004094715695828199,8652.530530644133,-3679.8950128289234,
495596403_4844e4b57f_199_81421684@N00.jpg,36.48936,101.56641,40.10676574707031,113.29290008544922,0.07750587910413742,1098.4404592539586,2,40,0.15625,13.754860877990723,100.50416564941406,0.002188325859606266,2530.1759435878166,-1431.735484333858,
496049244_fd5374995a_194_8255645@N03.jpg,31.223077,121.488876,39.932167053222656,116.44216918945312,0.007783090230077505,1070.0767848911169,3,11,0.04296875,39.90483856201172,116.3908462524414,0.010636899620294571,1069.347040878726,0.7297440123909382,
496088575_223c579f58_221_91548597@N00.jpg,53.191578,-2.894629,53.04195022583008,-2.997128963470459,0.008038554340600967,17.989237539074512,0,0,0.0,53.04195022583008,-2.997128963470459,0.008038554340600967,17.989237539074512,0.0,
496139274_00d8ed4598_218_8255645@N03.jpg,31.223077,121.488876,43.85569763183594,125.30387878417969,0.005504608619958162,1443.9516156701593,7,176,0.6875,59.46147918701172,108.83177947998047,0.02704411931335926,3279.329314188134,-1835.3776985179747,
496150236_6afa5a9269_202_8255645@N03.jpg,31.223077,121.488876,38.89744567871094,115.4608154296875,0.010170289315283298,1013.9207918866285,16,107,0.41796875,51.183109283447266,71.4343032836914,0.04316333681344986,4623.206183295984,-3609.2853914093557,
496357171_bc920920d9_204_8255645@N03.jpg,31.223077,121.488876,31.29716682434082,121.50516510009766,0.0033570940140634775,8.382653953895412,2,117,0.45703125,39.875831604003906,116.4544448852539,0.0056496551260352135,1064.012958001608,-1055.6303040477126,
496364280_e562c40b2f_221_69212252@N00.jpg,41.91173,-87.628959,41.87147521972656,-87.61910247802734,0.00699614966288209,4.549880829931765,1,240,0.9375,43.64154815673828,-79.46488189697266,0.007239304017275572,693.204872712733,-688.6549918828013,
496591076_564ea30376_204_91548597@N00.jpg,53.191279,-2.894114,53.38014602661133,-1.467553973197937,0.00541266892105341,97.12666514243729,1,256,1.0,53.38014602661133,-1.467553973197937,0.008205009624361992,97.12666514243729,0.0,
496602232_f6a3244a07_230_91548597@N00.jpg,53.190613,-2.894822,53.38018035888672,-1.4681329727172852,0.013623496517539024,97.15258590911752,2,10,0.0390625,52.63533401489258,-1.1371660232543945,0.016420584172010422,133.0463348921757,-35.89374898305819,
496664918_c8e6c33bc9_215_50517642@N00.jpg,40.76785,-73.971483,39.90712356567383,-75.35562896728516,0.016002070158720016,151.40136801942867,4,176,0.6875,41.701114654541016,-86.23885345458984,0.013183475472033024,1030.1560993099197,-878.754731290491,
496688709_ea3cc1c272_203_91548597@N00.jpg,53.192458,-2.883567,52.69367218017578,-2.4625229835510254,0.027609042823314667,62.22562061532727,5,64,0.25,51.29112243652344,0.1593009978532791,0.026069318875670433,295.9611661982888,-233.73554558296155,
496737328_83e03f544a_208_78225438@N00.jpg,12.515268,-70.031061,12.108588218688965,-68.93579864501953,0.05081678926944733,127.28980340136579,4,126,0.4921875,18.340551376342773,-64.93150329589844,0.031022896990180016,847.3641603458659,-720.0743569445001,
497027282_029b0c6a6e_198_36764971@N00.jpg,36.83869,10.230846,35.787113189697266,-5.8114237785339355,0.03480938449501991,1440.4408162550524,1,25,0.09765625,37.24614715576172,-5.10838508605957,0.00378399807959795,1360.694960129202,79.74585612585042,
497084808_7f76ca550d_213_36093984@N00.jpg,47.778299,19.127497,45.558448791503906,18.676490783691406,0.028710979968309402,249.2225343428125,7,24,0.09375,51.4824104309082,11.971278190612793,0.008968216367065907,659.2542279032009,-410.03169356038836,
497089887_014dfec0d7_228_36764971@N00.jpg,36.844254,10.219087,36.84973907470703,10.327308654785156,0.025427313521504402,9.64915239897065,3,32,0.125,37.911495208740234,22.89052963256836,0.009365102276206017,1125.050679031999,-1115.4015266330282,
497192219_bdc260e715_200_36764971@N00.jpg,36.404152,10.599746,30.417442321777344,-9.605269432067871,0.0599820576608181,1985.4000108692517,3,87,0.33984375,31.356348037719727,-9.798258781433105,0.04960685595870018,1960.5448733655185,24.855137503733204,
497743938_c423e6892c_194_8255645@N03.jpg,64.131581,-21.913604,64.06517791748047,-21.97214126586914,0.026869891211390495,7.912237162360145,7,232,0.90625,36.755802154541016,-2.6847829818725586,0.01910470612347126,3304.0832144062188,-3296.1709772438585,
497744338_26a6d8c107_228_8255645@N03.jpg,64.131581,-21.913604,51.06406021118164,4.580038070678711,0.0094488225877285,2116.800091794037,0,0,0.0,51.06406021118164,4.580038070678711,0.0094488225877285,2116.800091794037,0.0,
497783235_1abb3ea03a_194_8255645@N03.jpg,64.131581,-21.913604,63.60349655151367,-19.970470428466797,0.29477474093437195,111.81738830499975,1,4,0.015625,63.62297058105469,-19.989795684814453,0.20180454850196838,109.855442627945,1.9619456770547572,
497978640_a7130ed235_201_8255645@N03.jpg,47.451076,12.386913,45.500091552734375,6.918295860290527,0.056455209851264954,471.46963589057833,12,224,0.875,45.500091552734375,6.918295860290527,0.03361022099852562,471.46963589057833,0.0,
498047349_f70a4c8971_195_8255645@N03.jpg,46.206566,6.14685,45.922630310058594,6.875549793243408,0.08281449228525162,64.47905416937833,1,128,0.5,45.91716003417969,6.86843204498291,0.06704507768154144,64.3054325379296,0.1736216314487251,
498188970_2b625356a8_230_69212252@N00.jpg,41.881431,-87.623777,43.603607177734375,-116.20865631103516,0.0030462818685919046,2330.6043845640615,4,67,0.26171875,44.11941909790039,-123.3172378540039,0.005266937892884016,2890.4991500499764,-559.8947654859148,
498284113_e7f6c19219_194_78225438@N00.jpg,9.303405,-79.986991,30.389497756958008,-81.54216003417969,0.19067801535129547,2350.21613907777,3,84,0.328125,30.389497756958008,-81.54216003417969,0.3840361535549164,2350.21613907777,0.0,
498312357_7d2d872a46_211_78225438@N00.jpg,9.303405,-79.986991,58.11951446533203,-135.4574737548828,0.04187668114900589,7156.557913989232,7,111,0.43359375,60.00533676147461,20.00284194946289,0.018742334097623825,9660.615864858384,-2504.0579508691526,
498409146_91798fa954_199_8255645@N03.jpg,47.389168,12.63565,26.571332931518555,-100.46104431152344,0.0023524442221969366,9422.663444084921,0,0,0.0,26.571332931518555,-100.46104431152344,0.0023524442221969366,9422.663444084921,0.0,
498465013_81f201b042_206_8255645@N03.jpg,47.389168,12.63565,47.17169952392578,13.104801177978516,0.047379281371831894,42.863073607753755,0,0,0.0,47.17169952392578,13.104801177978516,0.047379281371831894,42.863073607753755,0.0,
498485332_5dcd314ad4_218_89904893@N00.jpg,37.427484,-122.170618,37.4292106628418,-122.17064666748047,0.05625346302986145,0.19201310006390432,1,40,0.15625,37.4292106628418,-122.17064666748047,0.06251738965511322,0.19201310006390432,0.0,
498841097_8cee3322a2_217_70323761@N00.jpg,40.728327,-73.979036,40.730140686035156,-74.00223541259766,0.0016148170689120889,1.9652458725915518,0,0,0.0,40.730140686035156,-74.00223541259766,0.0016148170689120889,1.9652458725915518,0.0,
499211654_515b8c018d_222_20194767@N00.jpg,-6.160694,106.824874,7.070320129394531,125.61329650878906,0.029393719509243965,2551.3613661957315,4,238,0.9296875,7.070320129394531,125.61329650878906,0.029592368751764297,2551.3613661957315,0.0,
499390073_b1534310b7_213_8255645@N03.jpg,47.393236,12.638053,46.7814826965332,9.66273307800293,0.015935538336634636,235.29293043858496,0,0,0.0,46.7814826965332,9.66273307800293,0.015935538336634636,235.29293043858496,0.0,
499393661_a7da0fd73e_206_8255645@N03.jpg,47.393236,12.638053,47.03608703613281,10.60438060760498,0.033114105463027954,158.64806529683136,3,74,0.2890625,44.95286178588867,6.4985198974609375,0.03264835476875305,544.8583032118535,-386.2102379150221,
499400375_a0c6d01e46_192_8255645@N03.jpg,47.393236,12.638053,45.996482849121094,6.235084056854248,0.06005476415157318,512.2589880768295,6,156,0.609375,42.543941497802734,-8.54390811920166,0.018695691600441933,1745.0224810931459,-1232.7634930163163,
499408237_330409e18c_211_8255645@N03.jpg,47.393236,12.638053,36.500389099121094,-121.75179290771484,0.02147153951227665,9643.377066650286,8,214,0.8359375,36.500389099121094,-121.75179290771484,0.0061257691122591496,9643.377066650286,0.0,
499659206_1103c4e70c_216_8255645@N03.jpg,34.945895,32.418937,40.47315979003906,31.216310501098633,0.005521510262042284,623.6238990160549,0,0,0.0,40.47315979003906,31.216310501098633,0.005521510262042284,623.6238990160549,0.0,
499683969_b2ca7bd2ca_228_8255645@N03.jpg,34.945895,32.418937,35.29410934448242,25.49051284790039,0.06550316512584686,631.2124146415854,3,92,0.359375,31.389299392700195,35.36124038696289,0.030131785199046135,480.98175727148583,150.23065737009955,
499701055_d6ee97e838_204_8255645@N03.jpg,34.945895,32.418937,40.20758819580078,-5.774517059326172,0.009631894528865814,3389.617930813343,0,0,0.0,40.20758819580078,-5.774517059326172,0.009631894528865814,3389.617930813343,0.0,
499751900_1e49202d31_216_62126383@N00.jpg,31.776683,35.23428,31.778087615966797,35.23143768310547,0.034627728164196014,0.31077455233996154,1,60,0.234375,31.778087615966797,35.23143768310547,0.032082512974739075,0.31077455233996154,0.0,
499752412_13b983eaf1_193_62126383@N00.jpg,31.776829,35.233368,31.777666091918945,35.233123779296875,0.030087463557720184,0.09590057212626613,0,0,0.0,31.777666091918945,35.233123779296875,0.030087463557720184,0.09590057212626613,0.0,
499799081_d6e215e5b9_190_62126383@N00.jpg,31.776683,35.23428,31.77912712097168,35.2327995300293,0.024114996194839478,0.305688475595266,7,200,0.78125,31.777666091918945,35.233123779296875,0.0205179825425148,0.154580130122299,0.15110834547296703,
500766074_168d93242a_226_15632944@N00.jpg,51.118071,16.998682,52.49699401855469,13.241100311279297,0.006810767576098442,300.3621997020335,0,0,0.0,52.49699401855469,13.241100311279297,0.006810767576098442,300.3621997020335,0.0,
501870004_42c1eec191_224_93455345@N00.jpg,50.244131,19.0242,52.21477127075195,21.027896881103516,0.00927314069122076,259.74880394874396,2,120,0.46875,50.345458984375,19.4677734375,0.013641627505421638,33.46332457405706,226.2854793746869,
501878996_cc55537e92_192_93455345@N00.jpg,50.244131,19.0242,51.17832565307617,6.389429092407227,0.016945553943514824,894.5553645602084,4,138,0.5390625,32.82220458984375,-117.11717224121094,0.00908699631690979,9821.540972269606,-8926.985607709397,
502121673_eebb1e4d01_201_15632944@N00.jpg,51.127471,16.952977,49.74777603149414,16.73457908630371,0.05701591446995735,154.19283435336934,0,0,0.0,49.74777603149414,16.73457908630371,0.05701591446995735,154.19283435336934,0.0,
503421929_68286fb4cb_210_15632944@N00.jpg,51.127067,16.982545,-20.165945053100586,28.581661224365234,0.007750236429274082,8008.184850214379,0,0,0.0,-20.165945053100586,28.581661224365234,0.007750236429274082,8008.184850214379,0.0,
503740661_a6a54ca25c_197_36887937@N00.jpg,31.58323,74.323602,28.65596580505371,77.23761749267578,0.040428150445222855,429.4923327900164,1,135,0.52734375,27.274160385131836,77.958984375,0.038590025156736374,594.4881621862447,-164.99582939622832,
503743049_3dc92c026e_189_36887937@N00.jpg,31.583094,74.323247,30.204042434692383,71.45130157470703,0.1417732536792755,314.0056724066358,5,29,0.11328125,32.658164978027344,51.67350769042969,0.03242705762386322,2132.3442954871425,-1818.3386230805067,
504206320_14d4567362_202_15632944@N00.jpg,51.135685,17.002801,55.15666580200195,-1.5438339710235596,0.010677380487322807,1310.4689365951663,0,0,0.0,55.15666580200195,-1.5438339710235596,0.010677380487322807,1310.4689365951663,0.0,
504223553_be68d9444f_207_15632944@N00.jpg,51.110473,16.945638,48.125179290771484,17.211971282958984,0.03896361216902733,332.503379783181,0,0,0.0,48.125179290771484,17.211971282958984,0.03896361216902733,332.503379783181,0.0,
504349424_3a78b56e95_194_8255645@N03.jpg,34.937663,32.86354,39.328887939453125,-119.8838882446289,0.014621916227042675,11295.441341132944,3,256,1.0,33.30571746826172,35.78523635864258,0.04714510217308998,324.41755304730873,10971.023788085635,
504358612_799ab02b0f_230_8255645@N03.jpg,34.937874,32.86663,40.787086486816406,-4.055931091308594,0.0476793497800827,3280.794391148712,1,50,0.1953125,39.4266471862793,29.977569580078125,0.030539633706212044,560.8400367802774,2719.9543543684345,
504360216_f134ae870b_212_8255645@N03.jpg,34.937874,32.86663,38.47657012939453,-120.0149917602539,0.017059480771422386,11387.416685658865,1,256,1.0,37.651344299316406,-119.70497131347656,0.01768491044640541,11461.64579493245,-74.22910927358498,
504530839_b058103c29_189_7224156@N03.jpg,22.254932,113.905928,22.254024505615234,113.90498352050781,0.40921786427497864,0.1401076739857492,2,154,0.6015625,22.254024505615234,113.90498352050781,0.4345601201057434,0.1401076739857492,0.0,
504953029_951ba01c41_204_24311489@N00.jpg,33.748036,-84.371362,42.58522033691406,-70.69264221191406,0.043709348887205124,1544.3236746725527,0,0,0.0,42.58522033691406,-70.69264221191406,0.043709348887205124,1544.3236746725527,0.0,
505259739_1320df4907_223_62126383@N00.jpg,32.704327,35.302162,31.777666091918945,35.233123779296875,0.03230056166648865,103.2445006625804,17,126,0.4921875,42.16896057128906,0.23870499432086945,0.23019208014011383,3243.2497519858666,-3140.0052513232863,
505709506_a8d5cf2355_209_15632944@N00.jpg,51.098159,17.038078,51.77983093261719,19.45267105102539,0.012075993232429028,183.71557832773908,1,18,0.0703125,49.74684524536133,13.377694129943848,0.003979384899139404,299.65623111807423,-115.94065279033515,
505815616_ba5ece864e_197_15632944@N00.jpg,51.098159,17.038078,50.345458984375,19.4677734375,0.01785435527563095,190.40801023266013,1,15,0.05859375,44.646053314208984,10.925687789916992,0.0009864913299679756,849.3795949862575,-658.9715847535974,
505895467_111084263a_232_85417391@N00.jpg,64.289015,-20.367279,64.31226348876953,-20.30121421813965,0.1356663554906845,4.102560699758838,0,0,0.0,64.31226348876953,-20.30121421813965,0.1356663554906845,4.102560699758838,0.0,
506290885_eab847f55c_206_99437479@N00.jpg,70.396292,31.102294,62.015525817871094,-6.762598991394043,0.015302199870347977,1893.1340065898958,0,0,0.0,62.015525817871094,-6.762598991394043,0.015302199870347977,1893.1340065898958,0.0,
506520812_6b9388aced_204_50994135@N00.jpg,55.845403,-4.419507,55.87224578857422,-4.288518905639648,0.02121557481586933,8.702379334405839,0,0,0.0,55.87224578857422,-4.288518905639648,0.02121557481586933,8.702379334405839,0.0,
506546021_778c619a0c_200_50994135@N00.jpg,55.845518,-4.423445,55.843711853027344,-4.420726776123047,0.018193714320659637,0.2629287826999181,1,78,0.3046875,54.60150146484375,-5.927999973297119,0.012933957390487194,168.04013280080568,-167.77720401810575,
507853636_e19ef8e118_218_62126383@N00.jpg,31.704145,35.219421,31.777666091918945,35.233123779296875,0.02687782607972622,8.277240398454405,0,0,0.0,31.777666091918945,35.233123779296875,0.02687782607972622,8.277240398454405,0.0,
507992543_2ef52e606d_232_8393530@N05.jpg,25.073471,-77.327785,18.47749137878418,-77.91932678222656,0.048316385596990585,735.9755279116974,6,256,1.0,10.264586448669434,-61.462669372558594,0.05252551659941673,2348.339612984922,-1612.3640850732245,
507995491_be1642b016_223_8393530@N05.jpg,25.073471,-77.327785,25.06722068786621,-77.34024047851562,0.07032343745231628,1.4341601073850054,4,92,0.359375,19.746023178100586,-72.21290588378906,0.0847359448671341,791.8694157685688,-790.4352556611839,
508033358_5d1f3bc07a_221_8393530@N05.jpg,25.073471,-77.327785,-18.97642707824707,146.70181274414062,0.06206505745649338,15445.735010212567,1,240,0.9375,-12.94316577911377,34.21211242675781,0.018320519477128983,12762.17506214903,2683.5599480635374,
508092310_ed7d7da28a_217_62126383@N00.jpg,32.717471,35.301647,36.80313491821289,22.297182083129883,0.027239538729190826,1270.5319955834937,1,4,0.015625,37.089622497558594,15.237865447998047,0.007515961769968271,1889.121861902053,-618.5898663185594,
508344507_a1015d1cca_230_33463080@N00.jpg,61.503661,23.74566,51.4033088684082,-0.5148440003395081,0.061316635459661484,1848.1877934398037,0,0,0.0,51.4033088684082,-0.5148440003395081,0.061316635459661484,1848.1877934398037,0.0,
509419851_e5ce616c39_210_7412395@N07.jpg,35.687574,-105.938372,35.68546676635742,-105.93768310546875,0.10775710642337799,0.24243364424167663,1,3,0.01171875,35.68546676635742,-105.93768310546875,0.041052110493183136,0.24243364424167663,0.0,
509733934_86d61a4c33_221_7885919@N07.jpg,51.499483,-0.128585,51.499786376953125,-0.12716799974441528,0.007727827876806259,0.10372519167609665,1,256,1.0,51.499786376953125,-0.12716799974441528,0.008284403011202812,0.10372519167609665,0.0,
509757181_585351b261_192_7885919@N07.jpg,51.505203,-0.092536,51.506229400634766,-0.08977799862623215,0.0028821085579693317,0.22240382283397542,5,43,0.16796875,51.506229400634766,-0.08977799862623215,0.002633160213008523,0.22240382283397542,0.0,
509964802_63d13dac86_200_90168643@N00.jpg,38.050253,29.075317,36.9782829284668,30.831756591796875,0.08055747300386429,195.4613216750269,0,0,0.0,36.9782829284668,30.831756591796875,0.08055747300386429,195.4613216750269,0.0,
509993263_5ea97ad1ff_213_90168643@N00.jpg,38.054579,29.111022,37.92345428466797,29.12359619140625,0.2794284522533417,14.622005313580217,0,0,0.0,37.92345428466797,29.12359619140625,0.2794284522533417,14.622005313580217,0.0,
510020600_10c02010e8_218_90168643@N00.jpg,38.63645,34.911632,38.608150482177734,34.82872009277344,0.1016988605260849,7.860280871568511,1,25,0.09765625,38.608150482177734,34.82872009277344,0.02822784148156643,7.860280871568511,0.0,
510101189_8f1f9c8498_189_90168643@N00.jpg,37.981009,23.735961,37.97064971923828,23.729480743408203,0.0234055295586586,1.2843313294419947,5,177,0.69140625,37.970252990722656,23.731964111328125,0.024238595739006996,1.2462694419820388,0.03806188745995587,
510206635_d8c55451dc_219_77392231@N00.jpg,13.724085,100.392208,13.541035652160645,99.8214340209961,0.03787567839026451,64.95084446271537,11,256,1.0,13.541035652160645,99.8214340209961,0.02888687513768673,64.95084446271537,0.0,
510985613_e2d8a6ffc8_210_62126383@N00.jpg,31.77817,35.229763,31.777666091918945,35.233123779296875,0.049839772284030914,0.32258613602257735,3,45,0.17578125,31.777650833129883,35.233154296875,0.03604058548808098,0.32572384286867884,-0.0031377068461014845,
511011880_e037e14708_194_62126383@N00.jpg,32.821758,35.180454,41.91407775878906,15.332449913024902,0.008008914068341255,2017.3170043800915,0,0,0.0,41.91407775878906,15.332449913024902,0.008008914068341255,2017.3170043800915,0.0,
511218374_ffd511c10b_213_62126383@N00.jpg,31.778015,35.235278,31.777658462524414,35.23562240600586,0.04747043550014496,0.05129916321965245,1,224,0.875,31.777658462524414,35.23562240600586,0.050006236881017685,0.05129916321965245,0.0,
512851161_c25639142a_212_15376845@N00.jpg,41.272815,-73.296822,42.84049987792969,-71.68816375732422,0.02048187330365181,219.13843219259897,0,0,0.0,42.84049987792969,-71.68816375732422,0.02048187330365181,219.13843219259897,0.0,
513229443_567342115b_197_78221228@N00.jpg,-37.814666,144.954986,-37.822227478027344,144.9683380126953,0.014603777788579464,1.4430800595121798,1,56,0.21875,-37.822227478027344,144.9683380126953,0.012409280985593796,1.4430800595121798,0.0,
513433290_f7a4b9ba3f_189_77392231@N00.jpg,-8.524069,115.259628,-8.542997360229492,115.22488403320312,0.03283265605568886,4.36197462316764,0,0,0.0,-8.542997360229492,115.22488403320312,0.03283265605568886,4.36197462316764,0.0,
513453328_03108e034b_227_7665941@N08.jpg,49.291349,-123.127512,49.27543258666992,-123.13703918457031,0.013714729808270931,1.8999572369753897,0,0,0.0,49.27543258666992,-123.13703918457031,0.013714729808270931,1.8999572369753897,0.0,
513619563_a02ef4b893_227_77392231@N00.jpg,-8.527804,115.264949,13.598394393920898,103.96440887451172,0.0251481831073761,2758.493844669915,0,0,0.0,13.598394393920898,103.96440887451172,0.0251481831073761,2758.493844669915,0.0,
514155776_1e1d999aa9_194_62126383@N00.jpg,32.501365,35.50249,36.9782829284668,30.831756591796875,0.1129162609577179,655.5169344548259,0,0,0.0,36.9782829284668,30.831756591796875,0.1129162609577179,655.5169344548259,0.0,
514199752_603e772e1a_254_24311489@N00.jpg,38.3964,-85.758232,34.54993438720703,-90.64717102050781,0.012553603388369083,611.3941543260557,2,49,0.19140625,52.45942306518555,5.529759883880615,0.007111322600394487,6805.176445972586,-6193.78229164653,
514234452_8824524fbe_243_59555137@N00.jpg,22.209656,114.027185,29.564722061157227,106.54789733886719,0.006618918851017952,1107.8010984228254,2,32,0.125,24.06875991821289,120.39452362060547,0.0015344882849603891,682.9985280660208,424.8025703568046,
514246671_382722c992_204_62126383@N00.jpg,32.501365,35.50249,37.93973159790039,27.341365814208984,0.018015386536717415,956.0070701774872,1,256,1.0,37.93973159790039,27.341365814208984,0.015337136574089527,956.0070701774872,0.0,
514257521_596115c6fb_193_62126383@N00.jpg,32.501365,35.50249,33.18640899658203,35.7850456237793,0.04681668058037758,80.61739268207054,3,11,0.04296875,44.29829788208008,-112.68814086914062,0.007163098081946373,10887.623378243088,-10807.005985561018,
514403184_90ada8c017_213_14491548@N00.jpg,48.854956,2.312471,48.804649353027344,2.1209189891815186,0.013185123912990093,15.096151370424852,3,23,0.08984375,48.80498123168945,2.1192879676818848,0.03806658089160919,15.193527110493577,-0.09737574006872407,
514769928_ba6d383a0a_250_36764971@N00.jpg,35.340404,25.131568,42.267921447753906,2.9596080780029297,0.00257879588752985,2062.333659421544,1,91,0.35546875,41.85441970825195,2.9846689701080322,0.01203615590929985,2049.2098403556092,13.12381906593464,
515228175_f6e7d4b36a_249_14491548@N00.jpg,41.391567,2.164869,41.39445114135742,2.1625900268554688,0.014565789140760899,0.372814273020641,0,0,0.0,41.39445114135742,2.1625900268554688,0.014565789140760899,0.372814273020641,0.0,
515329274_3b230b2b46_223_77392231@N00.jpg,-8.522286,115.264606,22.196035385131836,-159.44058227539062,0.00957296323031187,9885.68984723371,3,52,0.203125,20.836156845092773,-156.91586303710938,0.02576596476137638,10119.34773560801,-233.65788837429864,
515336129_772a6aeee1_203_77392231@N00.jpg,-8.522286,115.264606,-8.589167594909668,115.191650390625,0.031585074961185455,10.938942965903971,1,91,0.35546875,-8.422362327575684,115.31232452392578,0.04700229689478874,12.288122992279645,-1.3491800263756737,
515415850_e3a3aaa1ae_243_90168643@N00.jpg,37.981009,23.735961,37.989078521728516,23.732507705688477,0.011820024810731411,0.9469572444570963,5,190,0.7421875,38.482486724853516,22.500429153442383,0.015763752162456512,121.47128560777658,-120.52432836331948,
515440055_024bc75999_230_90168643@N00.jpg,37.981009,23.735961,37.97148513793945,23.726734161376953,0.027686642482876778,1.3325022976664158,0,0,0.0,37.97148513793945,23.726734161376953,0.027686642482876778,1.3325022976664158,0.0,
515444837_6ce30b9c77_229_90168643@N00.jpg,37.981009,23.735961,34.045833587646484,-118.56517028808594,0.02305467799305916,11110.30832178514,2,256,1.0,34.045833587646484,-118.56517028808594,0.013398759998381138,11110.30832178514,0.0,
515907272_ca7e322b7a_211_36764971@N00.jpg,37.973026,23.731327,37.976070404052734,23.728395462036133,0.021845685318112373,0.42500070729768086,1,54,0.2109375,37.97566604614258,23.72943878173828,0.008277266286313534,0.33700267842043286,0.087998028877248,
515928079_378dce0e48_246_36764971@N00.jpg,37.973026,23.731327,37.97452926635742,23.726842880249023,0.023807764053344727,0.4271194597493563,0,0,0.0,37.97452926635742,23.726842880249023,0.023807764053344727,0.4271194597493563,0.0,
515965057_daa4d4f3cb_219_77392231@N00.jpg,-8.522456,115.25053,9.741373062133789,118.72821807861328,0.04699449986219406,2067.025875622962,3,150,0.5859375,14.249574661254883,121.82018280029297,0.03523297235369682,2633.8103783648994,-566.7845027419376,
516093992_bb6db23851_224_77392231@N00.jpg,-8.797546,115.23199,7.34731388092041,134.50526428222656,0.008300144225358963,2790.0638626620243,1,135,0.52734375,19.81705665588379,-155.99951171875,0.029003504663705826,10210.630208377232,-7420.566345715208,
516111938_3db927d6d8_208_70323761@N00.jpg,41.771359,-73.93059,38.7217903137207,-77.0462875366211,0.016087641939520836,429.94617499077356,0,0,0.0,38.7217903137207,-77.0462875366211,0.016087641939520836,429.94617499077356,0.0,
516247144_166a1f88c8_190_36764971@N00.jpg,37.975639,23.721392,37.97444534301758,23.72296905517578,0.02621963433921337,0.19163858100017364,1,84,0.328125,39.60476303100586,-8.406771659851074,0.012994862161576748,2775.6308704641006,-2775.4392318831005,
516260063_f911d5d540_220_77392231@N00.jpg,-8.51974,115.259799,-8.518720626831055,115.25910949707031,0.04281029477715492,0.1363717141800828,4,177,0.69140625,-8.542997360229492,115.22488403320312,0.04743765667080879,4.629149829096497,-4.4927781149164145,
516265388_23dc2a8660_224_77392231@N00.jpg,-8.522456,115.25053,-8.613836288452148,115.3180923461914,0.02597963809967041,12.587020823505894,2,63,0.24609375,-8.4168701171875,116.53700256347656,0.014682376757264137,141.97551229774285,-129.38849147423696,
516399701_1ce0c241d0_226_36764971@N00.jpg,37.969453,23.729352,48.140357971191406,11.572861671447754,0.0029775560833513737,1497.8810430238343,1,64,0.25,35.34033203125,25.13433265686035,0.00398928951472044,318.0666325266309,1179.8144104972034,
516535503_9eba8e366c_217_24311489@N00.jpg,41.913403,-87.626727,43.04913330078125,-87.889892578125,0.004298218060284853,128.1181395508415,19,163,0.63671875,44.94833755493164,-93.24826049804688,0.004153587389737368,565.413325626773,-437.2951860759315,
516605197_12b65bc555_192_24311489@N00.jpg,41.88864,-87.639559,52.12849044799805,11.63984203338623,0.0032675929833203554,7009.717091012983,1,224,0.875,51.32707214355469,12.319342613220215,0.0039575956761837006,7099.049825265786,-89.33273425280368,
516726629_56a97a2b1c_240_41315423@N00.jpg,38.623521,-90.204405,39.1279296875,-94.6417236328125,0.028320787474513054,388.15481982166665,3,26,0.1015625,29.389205932617188,-98.6247787475586,0.020262086763978004,1285.828424477786,-897.6736046561193,
517461637_c024760a7b_222_15632944@N00.jpg,54.611199,18.800954,53.153743743896484,6.759713172912598,0.05487231910228729,804.6213466680795,1,90,0.3515625,53.153743743896484,6.759713172912598,0.14300455152988434,804.6213466680795,0.0,
517764000_ec7bfe285b_215_79039156@N00.jpg,44.934425,9.672775,40.668399810791016,-73.96424865722656,0.0060773021541535854,6525.144954610841,0,0,0.0,40.668399810791016,-73.96424865722656,0.0060773021541535854,6525.144954610841,0.0,
517790025_691fdae8ca_201_79039156@N00.jpg,44.934425,9.672775,44.52859115600586,25.990625381469727,0.023979628458619118,1287.6333045350477,1,80,0.3125,49.38337707519531,8.566246032714844,0.01835828647017479,501.7104172688021,785.9228872662457,
517839578_b7ad071121_227_78841376@N00.jpg,48.873649,2.294887,48.874000549316406,2.2958199977874756,0.022641273215413094,0.07863891875597055,1,3,0.01171875,48.87397384643555,2.29489803314209,0.028548317030072212,0.03613033709287388,0.04250858166309667,
517885569_ff35e80659_236_51162504@N00.jpg,51.552746,-3.577959,53.225406646728516,-4.162250995635986,0.06853378564119339,190.1694510455708,2,79,0.30859375,51.6444206237793,-2.677896022796631,0.017511261627078056,62.99778257812991,127.1716684674409,
518524241_2e8d28653a_199_36887937@N00.jpg,37.786613,-122.4031,32.92196273803711,-96.76847839355469,0.0015889545902609825,2378.774873022285,1,98,0.3828125,46.520416259765625,6.568933010101318,0.0008283884963020682,9352.837913819001,-6974.063040796716,
520371104_8d344a6cca_207_15632944@N00.jpg,54.609223,18.797907,43.03178787231445,-88.04069519042969,0.019897714257240295,7149.716063951478,1,36,0.140625,52.15117263793945,5.34363317489624,0.010394137352705002,931.6296494276816,6218.0864145237965,
520721897_11b0c68892_243_70323761@N00.jpg,41.767238,-73.935332,41.46971893310547,-71.29821014404297,0.04422938451170921,221.69073108093096,4,59,0.23046875,42.0740852355957,-87.68360137939453,0.011651406064629555,1136.776477895492,-915.085746814561,
521324374_96290dd123_234_7132415@N03.jpg,45.516571,-122.674198,45.516883850097656,-122.68096923828125,0.009268691763281822,0.5287233336337938,3,135,0.52734375,49.28662109375,-123.11347961425781,0.002134534530341625,420.5105909349353,-419.9818676013015,
521492794_594ee36866_196_72526577@N00.jpg,37.047933,-122.016692,40.15922546386719,9.19289493560791,0.0054427445866167545,10092.371237492556,2,256,1.0,40.15922546386719,9.19289493560791,0.014483924955129623,10092.371237492556,0.0,
522146989_f3d24c3af7_197_89904893@N00.jpg,50.941271,6.956588,50.9412841796875,6.958680152893066,0.03072153404355049,0.14659581954003553,16,58,0.2265625,50.9412841796875,6.958680152893066,0.01757265441119671,0.14659581954003553,0.0,
522352784_c7bed80f30_190_61819159@N00.jpg,41.907898,12.492828,41.89128875732422,12.489641189575195,0.006932995747774839,1.865604605643122,4,72,0.28125,42.16896057128906,0.23870499432086945,0.008884957991540432,1011.5427974130813,-1009.6771928074381,
522353135_0c8a7fccd5_207_61819159@N00.jpg,41.907898,12.492828,41.961978912353516,12.796035766601562,0.005009605549275875,25.79171618443788,4,214,0.8359375,43.30319595336914,11.266478538513184,0.0039007917512208223,184.77946029655374,-158.98774411211585,
522359457_1ee595e7ff_237_61819159@N00.jpg,41.907898,12.492828,41.892120361328125,12.486547470092773,0.00882534310221672,1.8297805872190713,1,30,0.1171875,41.891807556152344,12.486466407775879,0.005850600078701973,1.8650394276530233,-0.035258840433952,
522365741_fdde31405e_196_61819159@N00.jpg,41.907898,12.492828,43.31884002685547,11.331453323364258,0.015126831829547882,183.42568676543962,7,145,0.56640625,43.31853485107422,11.330986022949219,0.02245655655860901,183.4166008907174,0.009085874722217113,
522373149_12fd8cd706_246_61819159@N00.jpg,42.840541,12.350006,43.37760543823242,11.285146713256836,0.19773566722869873,105.06448449290718,0,0,0.0,43.37760543823242,11.285146713256836,0.19773566722869873,105.06448449290718,0.0,
522442470_18df9208d0_191_61819159@N00.jpg,-33.862469,151.210069,-33.82148742675781,151.25057983398438,0.022638002410531044,5.8961013056131435,6,88,0.34375,30.815061569213867,-81.62691497802734,0.013098130002617836,15094.160509137448,-15088.264407831835,
522457904_8be307d8dd_250_61819159@N00.jpg,-33.862469,151.210069,32.821876525878906,35.53398513793945,0.01591471955180168,14142.189643799271,2,184,0.71875,32.821876525878906,35.53398513793945,0.014098182320594788,14142.189643799271,0.0,
522458424_090d6fc78b_254_61819159@N00.jpg,-33.862469,151.210069,-33.871665954589844,151.2135009765625,0.008908250369131565,1.0706224952479715,1,12,0.046875,-33.84764862060547,151.17198181152344,0.006636335980147123,3.8839855261389644,-2.8133630308909927,
522458704_fb92e7f6e3_232_61819159@N00.jpg,-33.862469,151.210069,-33.84299850463867,151.2835235595703,0.05175149813294411,7.120253905969662,0,0,0.0,-33.84299850463867,151.2835235595703,0.05175149813294411,7.120253905969662,0.0,
522493350_d9a845e836_240_61819159@N00.jpg,-25.347283,131.055049,-25.34371566772461,131.03367614746094,0.11883889883756638,2.184118369207806,0,0,0.0,-25.34371566772461,131.03367614746094,0.11883889883756638,2.184118369207806,0.0,
522503678_d890e18189_238_61819159@N00.jpg,-25.347283,131.055049,-25.34371566772461,131.03367614746094,0.12569080293178558,2.184118369207806,0,0,0.0,-25.34371566772461,131.03367614746094,0.12569080293178558,2.184118369207806,0.0,
522520876_5704206dda_206_61819159@N00.jpg,-25.347283,131.055049,-25.351001739501953,130.78683471679688,0.12903377413749695,26.955681827485158,0,0,0.0,-25.351001739501953,130.78683471679688,0.12903377413749695,26.955681827485158,0.0,
522541314_95c3793313_216_61819159@N00.jpg,-14.666716,145.448513,-4.284542083740234,55.69778060913086,0.12723319232463837,9860.289719013826,0,0,0.0,-4.284542083740234,55.69778060913086,0.12723319232463837,9860.289719013826,0.0,
523184139_a67f3e9222_204_51035632501@N01.jpg,48.884867,2.342507,45.77350997924805,4.835121154785156,0.011992467567324638,393.627219612037,6,82,0.3203125,48.859737396240234,2.2922799587249756,0.002061651786789298,4.615459082234544,389.0117605298024,
523223836_a75155bf3c_200_51035632501@N01.jpg,48.886151,2.34315,48.886756896972656,2.3430490493774414,0.024814896285533905,0.0677758872502734,6,34,0.1328125,48.87376022338867,2.2950589656829834,0.010276447050273418,3.776982455265268,-3.7092065680149946,
523656350_d017c4c0c0_203_51035632501@N01.jpg,48.855298,2.312461,48.85658264160156,2.341460943222046,0.0034736068919301033,2.1264769834404773,4,42,0.1640625,48.85710525512695,2.341331958770752,0.003475951962172985,2.1217641007521797,0.004712882688297615,
523815048_d11248f6c1_251_51035632501@N01.jpg,48.858249,2.294672,48.86454391479492,2.325968027114868,0.004128319676965475,2.3940219261350406,2,25,0.09765625,48.86060333251953,2.335860013961792,0.003560736309736967,3.024510142385204,-0.6304882162501633,
523882906_8593329b96_198_51035632501@N01.jpg,48.858249,2.294672,48.85860061645508,2.294511079788208,0.010653739795088768,0.04083194907624028,2,104,0.40625,48.85920715332031,2.293739080429077,0.010593054816126823,0.12652755075208572,-0.08569560167584545,
524802813_8278db8da6_214_61819159@N00.jpg,45.838188,9.076595,46.60499954223633,9.971111297607422,0.04176444932818413,109.5706806193064,3,113,0.44140625,46.50710678100586,9.837397575378418,0.07204478979110718,94.67945496138704,14.891225657919364,
524999707_5413fe3302_246_80246871@N00.jpg,48.861644,2.333596,48.8612060546875,2.335710048675537,0.009295505471527576,0.16213555281872255,1,112,0.4375,48.86091613769531,2.336052894592285,0.009200416505336761,0.19711280975898887,-0.03497725694026632,
525908730_76edc9cf91_1131_51035632501@N01.jpg,48.858249,2.294672,48.85824966430664,2.295828104019165,0.007094736211001873,0.08457821181198097,0,0,0.0,48.85824966430664,2.295828104019165,0.007094736211001873,0.08457821181198097,0.0,
525950643_479ea495f5_1113_51035632501@N01.jpg,48.873039,2.771389,28.35700035095215,-81.5598373413086,0.025461489334702492,7281.540272033123,1,60,0.234375,41.79056930541992,-87.5824203491211,0.0023672536481171846,6679.444423433299,602.0958485998244,
526275876_7b751d7336_1169_51035632501@N01.jpg,48.804545,2.121423,41.904319763183594,12.45301342010498,0.012273683212697506,1111.9037133261227,0,0,0.0,41.904319763183594,12.45301342010498,0.012273683212697506,1111.9037133261227,0.0,
526336263_51ce3b1509_1082_51035632501@N01.jpg,48.804545,2.121423,48.80374526977539,2.1248669624328613,0.03642765060067177,0.26744250185191476,1,144,0.5625,48.80519485473633,2.1210899353027344,0.04289606586098671,0.07626654366279409,0.19117595818912067,
526505259_16f94e0e28_1189_8504005@N07.jpg,51.518998,-0.137329,51.50676727294922,-0.12846699357032776,0.004612657241523266,1.4918707659624793,1,12,0.046875,52.51713180541992,13.377235412597656,0.004514760337769985,930.0564088928736,-928.5645381269111,
526522859_51c9eda7c1_195_51035632501@N01.jpg,48.804545,2.121423,48.80519485473633,2.1210899353027344,0.015411716885864735,0.07626654366279409,2,16,0.0625,48.80374526977539,2.1248669624328613,0.007152218371629715,0.26744250185191476,-0.19117595818912067,
526692216_e114c8af6a_1190_51035632501@N01.jpg,48.860698,2.393729,48.86138153076172,2.393388032913208,0.04453042894601822,0.07999347031184442,0,0,0.0,48.86138153076172,2.393388032913208,0.04453042894601822,0.07999347031184442,0.0,
526710598_e2a4884500_231_8159033@N04.jpg,34.714101,135.239982,33.559898376464844,133.54443359375,0.026501286774873734,202.04234161170058,1,15,0.05859375,35.25199890136719,139.1631317138672,0.012818246148526669,362.36092098299997,-160.3185793712994,
526735771_6e1e243caa_245_51035632501@N01.jpg,48.873811,2.295042,48.858741760253906,2.2945539951324463,0.0063103437423706055,1.676005490712811,2,84,0.328125,48.860416412353516,2.292387008666992,0.003207271220162511,1.5020193750409279,0.17398611567188316,
526767142_ef3de1674b_1197_51035632501@N01.jpg,48.873039,2.771389,48.87140655517578,2.777308940887451,0.04556482657790184,0.46948080832001077,7,78,0.3046875,48.87140655517578,2.777308940887451,0.037129536271095276,0.46948080832001077,0.0,
526834487_cdce290644_195_51035632501@N01.jpg,48.860698,2.393729,48.86138153076172,2.393388032913208,0.02465846575796604,0.07999347031184442,0,0,0.0,48.86138153076172,2.393388032913208,0.02465846575796604,0.07999347031184442,0.0,
526838553_57fa7b99dd_242_51035632501@N01.jpg,48.860698,2.393729,48.861324310302734,2.3942039012908936,0.05378074198961258,0.07782688377269102,1,36,0.140625,48.807373046875,2.1164979934692383,0.004635374061763287,21.14003885187036,-21.06221196809767,
527537168_57b097c843_203_15632944@N00.jpg,51.098159,17.038078,40.33784484863281,-8.431490898132324,0.08974960446357727,2293.579998580091,1,105,0.41015625,40.33784484863281,-8.431490898132324,0.12848451733589172,2293.579998580091,0.0,
527733347_125e0ab464_1007_7412395@N07.jpg,36.065673,-112.11713,36.05765151977539,-112.1371078491211,0.027839167043566704,2.0050890215598898,0,0,0.0,36.05765151977539,-112.1371078491211,0.027839167043566704,2.0050890215598898,0.0,
528008398_d85c0301e5_235_78247883@N00.jpg,50.541662,-4.937839,50.53965759277344,-4.938889980316162,0.2553872764110565,0.23492915002521125,3,217,0.84765625,50.53965759277344,-4.938889980316162,0.14655664563179016,0.23492915002521125,0.0,
528068846_6940f4bb60_1204_96928198@N00.jpg,62.118175,6.103076,45.67584228515625,-111.03950500488281,0.0029431735165417194,6794.015202551501,0,0,0.0,45.67584228515625,-111.03950500488281,0.0029431735165417194,6794.015202551501,0.0,
528375711_98c10b937d_1141_37476307@N00.jpg,18.422222,-68.890083,22.905609130859375,-82.430419921875,0.04623395949602127,1493.4948231902345,0,0,0.0,22.905609130859375,-82.430419921875,0.04623395949602127,1493.4948231902345,0.0,
528683885_1d11fed95e_1249_42126397@N00.jpg,3.154399,101.709537,3.1577200889587402,101.71183013916016,0.031407568603754044,0.44854750025815887,1,84,0.328125,10.776169776916504,106.7052993774414,0.009072985500097275,1010.8597485464767,-1010.4112010462185,
529344717_1c18ad31b2_1201_7132415@N03.jpg,49.311218,-123.152017,49.311885833740234,-123.14569091796875,0.030963091179728508,0.4645709987755165,2,61,0.23828125,49.309165954589844,-123.15433502197266,0.018023958429694176,0.28337984219774703,0.18119115657776946,
529821616_49dc772ee4_1100_26519935@N00.jpg,22.545527,114.09909,22.53396224975586,114.12391662597656,0.010459288954734802,2.8556538386442245,24,76,0.296875,39.01422119140625,125.77629852294922,0.03921769931912422,2139.853987682019,-2136.998333843375,
529887618_45d3d159e5_1035_7132415@N03.jpg,47.780866,-121.571445,48.05325698852539,-121.40888977050781,0.07404790073633194,32.621280214386985,0,0,0.0,48.05325698852539,-121.40888977050781,0.07404790073633194,32.621280214386985,0.0,
529898734_c59d91efba_1115_7132415@N03.jpg,47.780866,-121.571445,48.713619232177734,-72.42050170898438,0.027395837008953094,3576.950255437896,1,16,0.0625,50.87520217895508,-2.8893179893493652,0.004699354991316795,7585.930221088228,-4008.979965650332,
529909526_c9dca47f96_1190_7132415@N03.jpg,47.780866,-121.571445,47.59849548339844,-121.38579559326172,0.06071886792778969,24.582969884056066,0,0,0.0,47.59849548339844,-121.38579559326172,0.06071886792778969,24.582969884056066,0.0,
530000433_0fb9da3887_1123_7132415@N03.jpg,47.780866,-121.571445,47.87309265136719,-121.66094207763672,0.07681625336408615,12.239570861208351,0,0,0.0,47.87309265136719,-121.66094207763672,0.07681625336408615,12.239570861208351,0.0,
530100467_e829a97737_1187_30571787@N00.jpg,52.503814,13.276655,52.50141143798828,13.27260971069336,0.05154220759868622,0.38255085650026405,7,108,0.421875,52.324378967285156,9.807926177978516,0.03257467597723007,236.0826906867435,-235.70013983024322,
531104457_35b1f33bda_1037_79756109@N00.jpg,20.775324,-156.536121,20.766666412353516,-156.8137664794922,0.08523927628993988,28.882287461603795,0,0,0.0,20.766666412353516,-156.8137664794922,0.08523927628993988,28.882287461603795,0.0,
531216797_0c5e29f669_1428_79756109@N00.jpg,20.599726,-156.42261,19.73702621459961,-155.01278686523438,0.05159379914402962,175.65734196630197,4,168,0.65625,19.73702621459961,-155.01278686523438,0.10476068407297134,175.65734196630197,0.0,
531250845_144104c9b4_1135_79756109@N00.jpg,20.877353,-156.681303,20.873558044433594,-156.678955078125,0.0485851876437664,0.4874155672113319,3,147,0.57421875,20.873558044433594,-156.678955078125,0.04786304756999016,0.4874155672113319,0.0,
531619057_2dc05d2d78_1165_79756109@N00.jpg,20.886059,-156.685391,20.6825008392334,-156.4423370361328,0.044455695897340775,33.923135421679554,1,40,0.15625,21.64149284362793,-157.92169189453125,0.06944924592971802,153.193539684579,-119.27040426289946,
531648479_e0b05f9991_1363_79756109@N00.jpg,20.886059,-156.685391,20.736713409423828,-156.8929443359375,0.0338841937482357,27.224531244150388,0,0,0.0,20.736713409423828,-156.8929443359375,0.0338841937482357,27.224531244150388,0.0,
531842222_c37c8331b5_1130_42126397@N00.jpg,31.280898,121.518402,22.2537899017334,113.86212921142578,0.019029883667826653,1258.1892288846122,4,48,0.1875,52.253028869628906,6.161785125732422,0.0015607537934556603,8812.26560356354,-7554.076374678927,
532055519_5ca9666626_1400_79756109@N00.jpg,20.864586,-156.167736,9.988207817077637,-83.85357666015625,0.03197450935840607,7788.212831762583,0,0,0.0,9.988207817077637,-83.85357666015625,0.03197450935840607,7788.212831762583,0.0,
532074512_d42c58c826_1060_79756109@N00.jpg,20.827042,-156.094758,19.73702621459961,-155.01278686523438,0.07852915674448013,165.60532944558474,1,36,0.140625,19.73702621459961,-155.01278686523438,0.02531837299466133,165.60532944558474,0.0,
532153498_f85923b008_1120_79756109@N00.jpg,20.790491,-156.00161,19.134319305419922,-155.50514221191406,0.03961356729269028,191.32776194936815,0,0,0.0,19.134319305419922,-155.50514221191406,0.03961356729269028,191.32776194936815,0.0,
532155227_7857c80bf9_1403_7885919@N07.jpg,48.101011,-66.118726,50.17379379272461,-61.608795166015625,0.11176900565624237,400.8455404404792,5,25,0.09765625,51.70820236206055,-113.24818420410156,0.011988111771643162,3339.523957727411,-2938.678417286932,
532221139_ebb24faff3_1337_79756109@N00.jpg,20.788731,-156.003531,63.98032760620117,-22.341384887695312,0.03408339247107506,9779.421307552633,0,0,0.0,63.98032760620117,-22.341384887695312,0.03408339247107506,9779.421307552633,0.0,
532270685_35d8687efb_1300_79756109@N00.jpg,20.789052,-156.004464,-38.268646240234375,175.09786987304688,0.013613038696348667,7226.542337182973,1,240,0.9375,51.7805290222168,-2.6113779544830322,0.01564406231045723,11540.487523165939,-4313.945185982966,
532284703_1552750aa3_1160_79756109@N00.jpg,20.752707,-155.981655,-29.059019088745117,167.96250915527344,0.02484639175236225,6754.36357270998,0,0,0.0,-29.059019088745117,167.96250915527344,0.02484639175236225,6754.36357270998,0.0,
532386352_ee598a8139_1240_79756109@N00.jpg,20.881077,-156.545133,22.178503036499023,-159.65005493164062,0.1356615126132965,352.0635102892034,3,21,0.08203125,-7.1993408203125,107.54241943359375,0.011913481168448925,10903.421806005475,-10551.358295716273,
532402794_a4bd0cfc3b_1333_79756109@N00.jpg,20.881077,-156.545133,20.79720115661621,-156.44119262695312,0.03820386156439781,14.270929059493264,4,98,0.3828125,20.79720115661621,-156.44119262695312,0.027485646307468414,14.270929059493264,0.0,
532414158_f4abdc6291_1420_79756109@N00.jpg,20.894824,-156.478636,-33.90483474731445,18.420166015625,0.022894656285643578,18483.973390268806,1,80,0.3125,32.64833450317383,-16.91019058227539,0.014610878191888332,12673.586882388849,5810.386507879957,
532483747_3853b3af27_1222_79756109@N00.jpg,20.881077,-156.545133,21.387916564941406,-157.81016540527344,0.057729024440050125,142.7949659326558,6,256,1.0,20.827333450317383,-156.09466552734375,0.09046966582536697,47.188270702048996,95.6066952306068,
532567783_382f9f5d22_1348_79756109@N00.jpg,20.937567,-156.692719,21.301069259643555,-157.8145751953125,0.06641529500484467,123.18555918763025,3,125,0.48828125,21.301069259643555,-157.8145751953125,0.06056017056107521,123.18555918763025,0.0,
533118626_53d02b9624_1180_79756109@N00.jpg,20.818864,-156.653022,29.821582794189453,-90.0302963256836,0.0054475897923111916,6682.637969944128,1,2,0.0078125,45.50544357299805,12.645435333251953,0.0014881603419780731,12561.132806641896,-5878.494836697768,
533120780_026034cad8_1222_7412395@N07.jpg,51.869184,8.917154,50.95654296875,14.073094367980957,0.09133575856685638,371.60872775836714,0,0,0.0,50.95654296875,14.073094367980957,0.09133575856685638,371.60872775836714,0.0,
533144796_829337190b_1114_79756109@N00.jpg,20.763176,-156.600837,39.48814392089844,13.532408714294434,0.014519445598125458,13237.410499807547,0,0,0.0,39.48814392089844,13.532408714294434,0.014519445598125458,13237.410499807547,0.0,
533209985_1216dd455e_1171_79756109@N00.jpg,20.632221,-156.496295,-37.41880416870117,-12.481254577636719,0.03293251618742943,16083.441572624628,0,0,0.0,-37.41880416870117,-12.481254577636719,0.03293251618742943,16083.441572624628,0.0,
533717877_91aae19911_1342_40279823@N00.jpg,50.444824,-5.044484,50.43864822387695,-5.051177978515625,0.13255193829536438,0.8344419150852207,5,158,0.6171875,50.43864822387695,-5.051177978515625,0.10823015123605728,0.8344419150852207,0.0,
533758420_86692c6bda_1311_79756109@N00.jpg,21.007714,-156.655941,21.640316009521484,-158.06373596191406,0.09530536085367203,161.90094165793792,0,0,0.0,21.640316009521484,-158.06373596191406,0.09530536085367203,161.90094165793792,0.0,
533866405_2a941a3b4a_1438_8159033@N04.jpg,34.68404,135.499534,40.82917022705078,-73.92652893066406,0.020655294880270958,11095.179635561755,12,199,0.77734375,34.815704345703125,135.6584930419922,0.01803247444331646,20.621827010602534,11074.557808551153,
533878456_9b2695be8f_1351_79756109@N00.jpg,21.017223,-156.639504,20.635353088378906,-156.16893005371094,0.0895293727517128,64.76786887668692,0,0,0.0,20.635353088378906,-156.16893005371094,0.0895293727517128,64.76786887668692,0.0,
533880615_92490f7f00_1084_79756109@N00.jpg,20.972089,-156.679651,20.98495101928711,-156.67137145996094,0.024281485006213188,1.668651410107263,0,0,0.0,20.98495101928711,-156.67137145996094,0.024281485006213188,1.668651410107263,0.0,
534016660_7eb3d16375_1218_79756109@N00.jpg,45.821143,-91.007996,46.443119049072266,-93.53055572509766,0.06015363335609436,206.30872384061144,3,140,0.546875,42.63414764404297,-77.63748168945312,0.019135423004627228,1121.1300971636986,-914.8213733230871,
534068538_d2e02706f4_1203_79756109@N00.jpg,20.921348,-156.694264,44.61701202392578,-124.04679870605469,0.03735734149813652,3985.3488812212954,2,181,0.70703125,33.0,-117.91533660888672,0.0374152734875679,4044.4280547899866,-59.0791735686912,
534084314_59474f8048_1384_79756109@N00.jpg,20.919675,-156.696292,20.68221664428711,-156.4428253173828,0.05052169784903526,37.30086954974438,0,0,0.0,20.68221664428711,-156.4428253173828,0.05052169784903526,37.30086954974438,0.0,
534206172_05de2121b8_1274_79756109@N00.jpg,20.744214,-156.22845,20.7696475982666,-156.28927612304688,0.10210294276475906,6.928068773628484,1,44,0.171875,20.714723587036133,-156.24986267089844,0.06830659508705139,3.9638254902750925,2.964243283353391,
534304469_ba1296b5af_1039_79756109@N00.jpg,20.744214,-156.22845,32.76029968261719,-16.94127655029297,0.03742481395602226,12660.200772195523,1,66,0.2578125,-0.1680770069360733,-78.55736541748047,0.021145662292838097,8733.539389578584,3926.6613826169396,
534511510_f872cd7a2c_1341_79756109@N00.jpg,20.972089,-156.679651,20.924285888671875,-156.69497680664062,0.02110152319073677,5.548617401024858,0,0,0.0,20.924285888671875,-156.69497680664062,0.02110152319073677,5.548617401024858,0.0,
534535838_6d20ff5077_1334_79756109@N00.jpg,20.972089,-156.679651,20.736713409423828,-156.8929443359375,0.03854783996939659,34.29608114398548,0,0,0.0,20.736713409423828,-156.8929443359375,0.03854783996939659,34.29608114398548,0.0,
534612101_1a6ef80e04_1306_79756109@N00.jpg,20.972089,-156.679651,20.924285888671875,-156.69497680664062,0.05700581893324852,5.548617401024858,0,0,0.0,20.924285888671875,-156.69497680664062,0.05700581893324852,5.548617401024858,0.0,
534657711_dc2aa849a8_1333_72154266@N00.jpg,-22.995414,-43.238539,-22.988012313842773,-43.2467155456543,0.01954638585448265,1.173837050655436,1,256,1.0,-22.988012313842773,-43.2467155456543,0.03430458530783653,1.173837050655436,0.0,
534859620_c8044024d1_1404_33463080@N00.jpg,61.496952,23.748192,50.979000091552734,11.329854011535645,0.0039886352606117725,1393.6938672401636,1,256,1.0,60.16840744018555,24.952096939086914,0.00741351256147027,161.4864025843025,1232.207464655861,
535440332_ccf9987b2f_250_79756109@N00.jpg,43.070376,-89.412102,43.070735931396484,-89.4118881225586,0.15291224420070648,0.04363066645751228,0,0,0.0,43.070735931396484,-89.4118881225586,0.15291224420070648,0.04363066645751228,0.0,
53545516_e9507b64ee_27_74196805@N00.jpg,40.749699,-73.988306,30.347841262817383,-81.41732025146484,0.001951918238773942,1336.4775960282623,3,208,0.8125,30.347841262817383,-81.41732025146484,0.0012219026684761047,1336.4775960282623,0.0,
535581177_2e9d33f346_239_79756109@N00.jpg,44.038591,-91.63383,43.618534088134766,-79.37383270263672,0.004793249536305666,983.6697361898317,2,38,0.1484375,43.639801025390625,-79.46479797363281,0.002387586049735546,976.1175975192141,7.552138670617637,
535584419_9b111af0b3_226_79756109@N00.jpg,44.038591,-91.63383,44.31745910644531,-91.91162109375,0.12722007930278778,38.10893070448963,6,14,0.0546875,40.784271240234375,-78.17330169677734,0.008857246488332748,1161.2198698550694,-1123.1109391505797,
535638544_bc60a49e90_200_15632944@N00.jpg,51.12203,16.984949,49.834232330322266,19.93846893310547,0.05148373544216156,253.31551154447948,8,124,0.484375,49.834232330322266,19.93846893310547,0.020334361121058464,253.31551154447948,0.0,
535812317_e5a810714b_218_15632944@N00.jpg,51.12203,16.984949,47.17002487182617,27.570877075195312,0.015643488615751266,885.3476097777133,3,90,0.3515625,40.16196060180664,-3.3676950931549072,0.02154194377362728,1985.842438629106,-1100.4948288513929,
536025765_3d9d788b85_249_72154266@N00.jpg,-22.971156,-43.183264,-22.985458374023438,-43.20490264892578,0.051786113530397415,2.726958799513487,0,0,0.0,-22.985458374023438,-43.20490264892578,0.051786113530397415,2.726958799513487,0.0,
536101198_9259f93e31_1276_50994135@N00.jpg,43.464787,11.884267,43.77070617675781,11.255030632019043,0.011983742006123066,61.01572811718108,1,256,1.0,43.76992416381836,11.255341529846191,0.011661640368402004,60.9467749347856,0.06895318239547521,
536709290_d8065a325f_1377_79756109@N00.jpg,37.784757,-122.407715,37.7879753112793,-122.40825653076172,0.0065461620688438416,0.36101067640364415,2,192,0.75,37.78794860839844,-122.40750885009766,0.006834810134023428,0.3553532292484505,0.005657447155193673,
536756820_e79699aac5_1098_79756109@N00.jpg,37.806448,-122.422295,37.805477142333984,-122.44461822509766,0.010821348056197166,1.9641593106756892,3,14,0.0546875,37.793949127197266,-122.39078521728516,0.00958339124917984,3.097755232870048,-1.1335959221943588,
536760558_32572c5bd4_1416_79756109@N00.jpg,37.806579,-122.422993,37.809993743896484,-122.41035461425781,0.006214860361069441,1.1734319659484695,2,156,0.609375,37.810054779052734,-122.4106674194336,0.008182022720575333,1.1497276830819017,0.023704282866567894,
536809607_071f1e0046_1210_79756109@N00.jpg,37.803574,-122.401288,40.733211517333984,-74.07119750976562,0.0035611330531537533,4120.662723768066,0,0,0.0,40.733211517333984,-74.07119750976562,0.0035611330531537533,4120.662723768066,0.0,
536859723_c51b54e63d_1042_79756109@N00.jpg,37.806906,-122.425568,37.80345916748047,-122.40422058105469,0.006621420383453369,1.9142432292684128,6,32,0.125,41.89138412475586,-87.60736846923828,0.00735561503097415,2985.9954374324607,-2984.0811942031924,
536939015_4c11d49ea3_1188_79756109@N00.jpg,37.81083,-122.411191,37.80976867675781,-122.41048431396484,0.02864792011678219,0.1333470183622737,0,0,0.0,37.80976867675781,-122.41048431396484,0.02864792011678219,0.1333470183622737,0.0,
536943773_1c41fafa3f_1122_79756109@N00.jpg,37.798348,-122.396686,39.83000183105469,-98.58000183105469,0.0009332605986855924,2069.6624972845616,3,256,1.0,39.74150085449219,-75.55049896240234,0.0023692683316767216,4020.506849394312,-1950.8443521097506,
537171537_206788e6e9_1287_15632944@N00.jpg,51.116131,17.121119,40.53265380859375,-74.34220886230469,0.011069155298173428,6717.979845962915,0,0,0.0,40.53265380859375,-74.34220886230469,0.011069155298173428,6717.979845962915,0.0,
537892629_f83a379dde_1355_11114422@N00.jpg,51.148067,-2.715527,51.60706329345703,-2.521962881088257,0.02712288126349449,52.776633637128555,2,172,0.671875,51.60706329345703,-2.521962881088257,0.03407522290945053,52.776633637128555,0.0,
537931107_ba483a3413_1383_11114422@N00.jpg,51.145708,-2.717115,50.71464538574219,-2.436798095703125,0.052255552262067795,51.80163351407466,1,15,0.05859375,51.55501174926758,-3.049191951751709,0.003121444256976247,51.02188875385778,0.7797447602168788,
538497676_c4ae7aba0b_1003_42126397@N00.jpg,39.915134,116.392078,39.91625213623047,116.39019012451172,0.02269870601594448,0.20342550523508818,1,60,0.234375,39.915000915527344,116.3896713256836,0.01975911296904087,0.20578894654261007,-0.0023634413075218907,
538718229_8309e9a75a_1329_42126397@N00.jpg,39.915134,116.392078,36.61545944213867,101.79547882080078,0.03841223195195198,1324.363172441075,5,64,0.25,39.012115478515625,113.5982894897461,0.01952974870800972,259.9902930827523,1064.3728793583227,
538966704_244433e285_1327_30571787@N00.jpg,52.522553,13.391411,52.51713180541992,13.377235412597656,0.004745118785649538,1.1328333225649585,1,256,1.0,52.51713180541992,13.377235412597656,0.0049850475043058395,1.1328333225649585,0.0,
539088749_171a7f7983_1433_30571787@N00.jpg,52.521091,13.386991,56.0317497253418,14.157814025878906,0.012075698934495449,393.5559718088516,4,79,0.30859375,51.650665283203125,5.047332763671875,0.011905170977115631,577.6452117967193,-184.0892399878677,
541015227_71f8357cd6_1415_47311799@N00.jpg,37.989208,23.730779,39.21651077270508,9.112635612487793,0.01332586258649826,1276.1848944202425,0,0,0.0,39.21651077270508,9.112635612487793,0.01332586258649826,1276.1848944202425,0.0,
541019211_5a72935cd2_1427_47311799@N00.jpg,37.987673,23.73034,40.93458938598633,24.393938064575195,0.03324660658836365,332.5946233782981,1,256,1.0,37.94673538208008,23.641040802001953,0.04315438121557236,9.05545437160631,323.5391690066918,
541091742_a2e7a1b315_1176_14491548@N00.jpg,48.852545,2.351374,48.853271484375,2.3493459224700928,0.011971467174589634,0.16894967109811643,1,210,0.8203125,48.853271484375,2.3493459224700928,0.0115510830655694,0.16894967109811643,0.0,
541263256_42b18e4eeb_1318_93455345@N00.jpg,50.252912,19.025573,25.790830612182617,-80.13318634033203,0.0009991660481318831,8444.459563057571,1,60,0.234375,42.267791748046875,2.9606270790100098,0.0005732052959501743,1515.89130918573,6928.568253871841,
541509625_c14cb5fed3_1254_70323761@N00.jpg,40.747037,-73.944323,40.75076675415039,-73.96708679199219,0.0029021361842751503,1.9619321700376786,2,176,0.6875,48.89121627807617,2.2412099838256836,0.03883844241499901,5821.840977814882,-5819.879045644844,
541826920_7871e39bc9_1288_79756109@N00.jpg,38.889283,-77.049511,38.88919448852539,-77.04967498779297,0.03165987879037857,0.017271674008569125,1,132,0.515625,38.88908386230469,-77.0502700805664,0.034106407314538956,0.06932964792398434,-0.052057973915415216,
541906623_b712546926_1152_70323761@N00.jpg,40.709051,-74.010992,41.882022857666016,-87.6260986328125,0.006039366126060486,1143.6681444453643,1,20,0.078125,29.760334014892578,-95.36699676513672,0.0011941615957766771,2280.5799290605787,-1136.9117846152144,
541908990_87426edd62_1057_79756109@N00.jpg,38.888644,-77.03242,38.889427185058594,-77.009521484375,0.014425957575440407,1.983782845284119,3,74,0.2890625,38.88900375366211,-77.01085662841797,0.011055600829422474,1.866747698977596,0.11703514630652312,
541944988_f36c029161_1120_65367662@N00.jpg,36.68264,-121.80306,38.689796447753906,-119.5425796508789,0.012662160210311413,298.94093812232984,0,0,0.0,38.689796447753906,-119.5425796508789,0.012662160210311413,298.94093812232984,0.0,
541981779_70d42fb79b_1225_79756109@N00.jpg,38.896343,-77.03654,38.897369384765625,-77.03653717041016,0.010382463224232197,0.11412919906440454,1,66,0.2578125,38.89662551879883,-77.03501892089844,0.004610213916748762,0.1353324802432777,-0.02120328117887317,
542156360_9ff0ceadd9_1013_7729101@N03.jpg,27.716661,85.308666,27.706897735595703,85.3098373413086,0.0395321361720562,1.091733389965117,2,27,0.10546875,27.70480728149414,85.31501770019531,0.021347597241401672,1.4588652085590939,-0.3671318185939769,
542194419_6f4aded0e2_1334_47311799@N00.jpg,37.975944,23.723645,37.972103118896484,23.726661682128906,0.02034907042980194,0.5023181050694477,1,176,0.6875,43.34016036987305,17.810983657836914,0.0074067492969334126,777.085156456072,-776.5828383510026,
542231917_eae78d26bd_1006_79039156@N00.jpg,43.936982,12.446351,43.35270690917969,12.572306632995605,0.022001836448907852,65.75425110374785,2,84,0.328125,43.72265625,10.39584732055664,0.01056321244686842,166.19646424218067,-100.44221313843282,
542282055_bbda58ef3e_1224_7729101@N03.jpg,27.716661,85.308666,27.71263313293457,85.31024169921875,0.03972908854484558,0.4739772141384361,0,0,0.0,27.71263313293457,85.31024169921875,0.03972908854484558,0.4739772141384361,0.0,
542404930_ee23905b86_1226_25159586@N00.jpg,35.693668,139.702014,44.13711166381836,12.244817733764648,0.002729140454903245,9677.223193041584,5,168,0.65625,45.99384307861328,4.648402214050293,0.002431734697893262,9878.130313763684,-200.90712072210044,
544311061_e6fdf30e15_1237_78841376@N00.jpg,48.808502,2.112121,48.80493927001953,2.1206181049346924,0.051515694707632065,0.7376730436958655,4,40,0.15625,48.80500411987305,2.1192879676818848,0.034091901034116745,0.6532668330727477,0.08440621062311782,
544323514_4b62c6abb0_1228_98908999@N00.jpg,29.760642,-95.376777,30.26949691772461,-97.82437896728516,0.03681184723973274,242.35439246540722,1,54,0.2109375,30.26949691772461,-97.82437896728516,0.018160389736294746,242.35439246540722,0.0,
544712822_5d3f873de6_1040_78841376@N00.jpg,48.808502,2.112121,48.804962158203125,2.1183810234069824,0.03986532986164093,0.6042349035483616,0,0,0.0,48.804962158203125,2.1183810234069824,0.03986532986164093,0.6042349035483616,0.0,
544968579_5d226913ed_1067_78841376@N00.jpg,48.808502,2.112121,48.80500411987305,2.1192879676818848,0.039873264729976654,0.6532668330727477,1,256,1.0,48.80500411987305,2.1192879676818848,0.030852720141410828,0.6532668330727477,0.0,
548574623_cb1fd32ee8_1154_53364390@N00.jpg,35.707614,-114.824638,32.43647766113281,-110.89886474609375,0.03468363732099533,512.7859778274054,1,240,0.9375,33.461036682128906,-111.94512939453125,0.041908226907253265,363.13466327102657,149.65131455637885,
550674421_f1d748d428_199_50435419@N00.jpg,31.312554,-92.447183,41.634864807128906,-70.92559051513672,0.007831749506294727,2231.2691563694893,2,256,1.0,41.634864807128906,-70.92559051513672,0.009906541556119919,2231.2691563694893,0.0,
556912526_b00c48cad4_1136_7885919@N07.jpg,45.00208,-1.202359,45.002132415771484,-1.2017580270767212,0.012956202030181885,0.04760894509319732,0,0,0.0,45.002132415771484,-1.2017580270767212,0.012956202030181885,0.04760894509319732,0.0,
557791386_b6e514c1d3_1425_41894197861@N01.jpg,40.766566,-73.973522,43.644569396972656,-79.46561431884766,0.024007469415664673,553.9193429593873,0,0,0.0,43.644569396972656,-79.46561431884766,0.024007469415664673,553.9193429593873,0.0,
558188034_264aad3587_1354_61819159@N00.jpg,36.690721,-6.125907,36.681766510009766,-6.1375908851623535,0.019053872674703598,1.4411285507644052,0,0,0.0,36.681766510009766,-6.1375908851623535,0.019053872674703598,1.4411285507644052,0.0,
558319330_f6e59aedd2_1184_24311489@N00.jpg,41.846874,-87.683097,38.957061767578125,-84.39430236816406,0.007662198971956968,425.1440397369659,1,140,0.546875,28.285940170288086,76.85657501220703,0.008358708582818508,12056.604866027785,-11631.460826290819,
558496619_38f31b8dc2_1172_61819159@N00.jpg,36.690721,-6.125907,36.68318557739258,-6.141743183135986,0.05899708718061447,1.641974486689455,0,0,0.0,36.68318557739258,-6.141743183135986,0.05899708718061447,1.641974486689455,0.0,
558500829_3ab35d117e_1185_61819159@N00.jpg,36.690721,-6.125907,-33.06597137451172,-68.8705062866211,0.007132437080144882,10123.814448828447,12,181,0.70703125,36.68318557739258,-6.141743183135986,0.008972319774329662,1.641974486689455,10122.172474341758,
558503213_4e12296cd9_1226_61819159@N00.jpg,36.690721,-6.125907,41.618263244628906,-4.845656871795654,0.0220622718334198,558.9079129520924,0,0,0.0,41.618263244628906,-4.845656871795654,0.0220622718334198,558.9079129520924,0.0,
558523675_a5390c42fb_1307_61819159@N00.jpg,37.889215,-4.786949,37.88072204589844,-4.779675006866455,0.005684802308678627,1.139892977670719,0,0,0.0,37.88072204589844,-4.779675006866455,0.005684802308678627,1.139892977670719,0.0,
558528935_e5ac4b3d12_1438_61819159@N00.jpg,37.889215,-4.786949,37.87933349609375,-4.779167175292969,0.01371387392282486,1.293720919369697,2,26,0.1015625,37.87874984741211,-4.779353141784668,0.002667703665792942,1.3410898516643543,-0.04736893229465733,
558661068_6986ab49b8_1409_53364390@N00.jpg,36.790178,-104.416723,44.60513687133789,-108.336181640625,0.04423721879720688,929.382609983388,0,0,0.0,44.60513687133789,-108.336181640625,0.04423721879720688,929.382609983388,0.0,
558911701_b5af6c5cb2_1035_53364390@N00.jpg,40.400473,-105.84958,52.99825668334961,-117.8173828125,0.02894541807472706,1667.0041392483538,1,165,0.64453125,45.677581787109375,-74.95594024658203,0.06404493749141693,2561.295547318088,-894.2914080697344,
559597119_029ec31923_1110_91728102@N00.jpg,39.135586,117.204122,23.14695930480957,113.34552001953125,0.07513706386089325,1814.876282439151,1,224,0.875,23.14695930480957,113.34552001953125,0.09976721554994583,1814.876282439151,0.0,
559702153_632d7e5682_1248_91728102@N00.jpg,22.285254,114.159262,50.11210250854492,8.673019409179688,0.002907451242208481,9160.680853841748,1,144,0.5625,48.89133071899414,2.2399439811706543,0.002600177191197872,9633.883262727755,-473.2024088860071,
560704935_a9098ccf83_1272_97522422@N00.jpg,63.461095,11.119794,45.86703109741211,10.397100448608398,0.013026369735598564,1956.8949186790696,0,0,0.0,45.86703109741211,10.397100448608398,0.013026369735598564,1956.8949186790696,0.0,
561996222_774334f886_1323_7132415@N03.jpg,47.649879,-122.349951,47.91422653198242,-122.09544372558594,0.027294117957353592,35.00899096169521,10,189,0.73828125,40.868675231933594,-124.08658599853516,0.02119852416217327,766.5579989331051,-731.5490079714099,
562977252_f48de5630c_1236_70323761@N00.jpg,40.761174,-73.977019,40.77914810180664,-73.96273803710938,0.007057287264615297,2.3325612928756936,2,184,0.71875,40.77882385253906,-73.9620132446289,0.007874113507568836,2.3342154914666744,-0.0016541985909808155,
563933928_6d5f7e019f_1415_35468147630@N01.jpg,48.859428,2.336829,48.86117935180664,2.3365750312805176,0.0074298195540905,0.19562595212651313,3,58,0.2265625,45.43015670776367,12.358223915100098,0.0016654697246849537,847.5099809421257,-847.3143549899992,
56841609_50e523afbb_24_84498284@N00.jpg,41.902524,12.520766,43.838382720947266,11.191526412963867,0.006969278212636709,240.96912031364897,5,44,0.171875,40.5257682800293,0.29058998823165894,0.0020725068170577288,1033.4892632649044,-792.5201429512554,
568788960_e9b0a6e37a_1436_48264126@N00.jpg,48.422166,-123.370499,48.422420501708984,-123.37079620361328,0.03585227578878403,0.03580286092327674,2,256,1.0,48.422420501708984,-123.37079620361328,0.03763943538069725,0.03580286092327674,0.0,
568911998_069c2ea207_1315_48264126@N00.jpg,51.187359,-115.522141,52.99825668334961,-117.8173828125,0.06440315395593643,255.18611119718187,0,0,0.0,52.99825668334961,-117.8173828125,0.06440315395593643,255.18611119718187,0.0,
569280183_8e650bd68d_1164_48264126@N00.jpg,59.041525,-137.048435,58.4245719909668,-134.5489959716797,0.061910007148981094,159.71918222577082,0,0,0.0,58.4245719909668,-134.5489959716797,0.061910007148981094,159.71918222577082,0.0,
57068888_d1ff522c7e_33_18684820@N00.jpg,1.286665,103.838653,1.3759260177612305,103.75232696533203,0.009995823726058006,13.805973917830912,2,197,0.76953125,1.3388079404830933,103.8553237915039,0.009536586701869965,6.087009683909805,7.718964233921106,
571148593_3b40a8d891_1281_44067110@N00.jpg,51.490761,-0.128116,45.95856475830078,12.660176277160645,0.0025967047549784184,1119.355875002055,1,2,0.0078125,47.17378616333008,8.109798431396484,0.002721391385421157,765.2168426649677,354.1390323370873,
572930210_7ec9507b92_1130_70323761@N00.jpg,40.752483,-73.982019,39.952335357666016,-75.16378784179688,0.0038768851663917303,133.95474522192387,3,125,0.48828125,53.344120025634766,-6.255425930023193,0.003583678975701332,5110.9705455297,-4977.015800307776,
576274401_e313ee0b89_1022_26519935@N00.jpg,26.031103,119.270153,38.925331115722656,121.42516326904297,0.01796410232782364,1447.8222327718086,7,195,0.76171875,38.925331115722656,121.42516326904297,0.015006772242486477,1447.8222327718086,0.0,
578616857_4900f0587d_1126_70323761@N00.jpg,40.77331,-73.983741,34.39455032348633,132.4523162841797,0.002994626061990857,11229.629055004529,2,176,0.6875,20.676483154296875,-103.3445053100586,0.005627224687486887,3557.5751630342247,7672.053891970304,
579275754_39ca197d32_1438_22941966@N00.jpg,44.898833,-93.147166,39.426666259765625,-91.6363296508789,0.022790290415287018,621.0565095628988,0,0,0.0,39.426666259765625,-91.6363296508789,0.022790290415287018,621.0565095628988,0.0,
579671974_4654b43778_1074_7412395@N07.jpg,64.310232,-20.303077,44.4593620300293,-110.83617401123047,0.043487798422575,5679.3697214703825,0,0,0.0,44.4593620300293,-110.83617401123047,0.043487798422575,5679.3697214703825,0.0,
581750449_9bdbab0aa8_1424_75452460@N00.jpg,47.445097,14.896259,47.35301208496094,11.475132942199707,0.02812991850078106,257.6792904287175,0,0,0.0,47.35301208496094,11.475132942199707,0.02812991850078106,257.6792904287175,0.0,
582657546_73b5aa28f4_1361_73293249@N00.jpg,46.034456,7.343308,45.9793701171875,7.765873908996582,0.05414089187979698,33.20580121707603,0,0,0.0,45.9793701171875,7.765873908996582,0.05414089187979698,33.20580121707603,0.0,
589396207_16afc84d4b_1288_88483799@N00.jpg,39.288193,-76.625851,41.50471115112305,-81.69074249267578,0.011399516835808754,494.5600632547213,8,174,0.6796875,37.533565521240234,126.98356628417969,0.012292716652154922,11138.66010044734,-10644.100037192618,
589979589_79ee5c320d_1215_26519935@N00.jpg,25.807,118.836107,24.43339729309082,111.50848388671875,0.023795180022716522,753.2593601558237,3,208,0.8125,24.43339729309082,111.50848388671875,0.05785370618104935,753.2593601558237,0.0,
603984246_2c6a8e6993_1082_50994135@N00.jpg,55.92307,-5.153617,56.52519226074219,-5.796916961669922,0.08557484298944473,77.87208467319927,0,0,0.0,56.52519226074219,-5.796916961669922,0.08557484298944473,77.87208467319927,0.0,
607385663_77abc9f5aa_1258_15376845@N00.jpg,41.383095,-72.987853,37.8972053527832,-122.57686614990234,0.01351067703217268,4205.86463817669,1,256,1.0,37.768680572509766,-83.66410827636719,0.01215850654989481,998.487516023226,3207.3771221534644,
607432150_e4c78e0cda_1069_15376845@N00.jpg,41.383095,-72.987853,46.77431869506836,-72.88475799560547,0.018919438123703003,599.5339557420709,0,0,0.0,46.77431869506836,-72.88475799560547,0.018919438123703003,599.5339557420709,0.0,
611060457_7bb64a25b2_1369_24311489@N00.jpg,41.887598,-87.626395,41.508514404296875,-81.69542694091797,0.004787476267665625,494.11950111856885,3,97,0.37890625,54.18275451660156,7.888321876525879,0.005220472812652588,6675.0934843038785,-6180.973983185309,
611517765_6aec1b67e9_1027_85417391@N00.jpg,47.540846,-122.481937,46.93644714355469,16.01059913635254,0.009277434088289738,8764.862076069543,3,100,0.390625,54.675167083740234,-112.19783020019531,0.03966551646590233,1067.8212370617,7697.040839007843,
612062783_7fa828b8e1_1334_85417391@N00.jpg,47.605034,-122.340059,47.948028564453125,-122.30714416503906,0.03325219452381134,38.21853350045548,1,64,0.25,47.96717071533203,-116.5452880859375,0.03895667567849159,434.7034172028326,-396.48488370237715,
612790440_539331ffff_1089_82927779@N00.jpg,-33.940916,18.374647,-34.1112174987793,18.821102142333984,0.034124214202165604,45.292426359953026,8,175,0.68359375,-33.89164733886719,151.2769317626953,0.01798086427152157,11014.933802752501,-10969.641376392548,
615266552_d539045e07_1317_72526577@N00.jpg,35.599217,-97.66704,30.343151092529297,-84.74082946777344,0.015266183763742447,1338.465696979697,1,110,0.4296875,40.08045196533203,-88.2060546875,0.020687514916062355,967.9634448910163,370.50225208868073,
615287594_adc8563c63_1360_85417391@N00.jpg,48.052783,-123.795447,49.81500244140625,14.41732406616211,0.0030594002455472946,8420.059547533558,4,53,0.20703125,53.13467025756836,10.516877174377441,0.012492189183831215,7966.591262582532,453.46828495102545,
615948712_438e11a1f7_1433_72526577@N00.jpg,35.599217,-97.66704,32.43647766113281,-110.89886474609375,0.006467130500823259,1268.0434709239528,2,96,0.375,51.31406784057617,-0.47339800000190735,0.008714567869901657,7449.978290301604,-6181.934819377651,
616388941_1dbd82435f_1135_70323761@N00.jpg,40.573108,-73.980833,40.57300567626953,-73.9823226928711,0.02572084218263626,0.12633472487852046,4,221,0.86328125,40.57300567626953,-73.9823226928711,0.02420024201273918,0.12633472487852046,0.0,
617018192_9feb1e2f55_1168_70323761@N00.jpg,40.573108,-73.980833,40.57300567626953,-73.9823226928711,0.014898835681378841,0.12633472487852046,3,208,0.8125,40.57272720336914,-73.98219299316406,0.026179231703281403,0.12242273104833168,0.003911993830188781,
618322292_fd80e5bd73_1023_15376845@N00.jpg,41.48414,-72.342041,44.235084533691406,-71.2503662109375,0.03437739610671997,318.56180797991493,0,0,0.0,44.235084533691406,-71.2503662109375,0.03437739610671997,318.56180797991493,0.0,
619352795_954928f297_1328_7412395@N07.jpg,63.973411,-19.04719,63.99121856689453,-19.060335159301758,0.10540525615215302,2.0813313305745074,0,0,0.0,63.99121856689453,-19.060335159301758,0.10540525615215302,2.0813313305745074,0.0,
61956892_5cd5f47ad7_27_63163416@N00.jpg,-32.059009,115.744614,-38.004817962646484,141.1962890625,0.03142949566245079,2401.2448367721195,7,39,0.15234375,-35.699405670166016,174.21363830566406,0.006556073669344187,5332.821580284464,-2931.576743512345,
61956894_0909ce1889_25_63163416@N00.jpg,-32.059009,115.744614,-33.59292221069336,151.1710662841797,0.019905107095837593,3298.520279569598,1,256,1.0,-35.0192756652832,138.6435546875,0.014097428880631924,2142.846751450919,1155.6735281186793,
619966179_4ebe10adc8_1075_81421684@N00.jpg,48.238565,16.401643,46.31136703491211,6.1750030517578125,0.011978039517998695,800.0516643421822,1,224,0.875,49.25583267211914,-123.06200408935547,0.0056059411726891994,8497.798579001044,-7697.746914658862,
62013645_c50732262f_29_63163416@N00.jpg,-32.059009,115.744614,-33.6530647277832,115.35850524902344,0.11314623802900314,180.88258593994337,0,0,0.0,-33.6530647277832,115.35850524902344,0.11314623802900314,180.88258593994337,0.0,
62355895_fd04859bea_28_18684820@N00.jpg,1.286665,103.838653,1.357069969177246,103.99048614501953,0.0374729260802269,18.605795452238493,3,188,0.734375,14.008695602416992,100.37109375,0.009930978529155254,1465.1183326058672,-1446.5125371536287,
62417115_59ed7ab033_26_56945335@N00.jpg,27.465632,88.206481,27.415889739990234,87.1160888671875,0.11239425092935562,107.7462661860153,0,0,0.0,27.415889739990234,87.1160888671875,0.11239425092935562,107.7462661860153,0.0,
628184053_403e17efac_1438_7412395@N07.jpg,64.71733,-18.055343,64.72246551513672,-16.655967712402344,0.15815192461013794,66.45068618201002,0,0,0.0,64.72246551513672,-16.655967712402344,0.15815192461013794,66.45068618201002,0.0,
629586190_4c75db0db3_1078_93455345@N00.jpg,50.252912,19.025573,42.70085525512695,23.316421508789062,0.020005933940410614,901.352486420875,3,214,0.8359375,42.70085525512695,23.316421508789062,0.009653188288211823,901.352486420875,0.0,
632329273_40d2eb3a9e_1247_50994135@N00.jpg,55.845831,-4.434356,37.44160842895508,-3.445586919784546,0.006028311792761087,2047.7979702310063,0,0,0.0,37.44160842895508,-3.445586919784546,0.006028311792761087,2047.7979702310063,0.0,
638236087_41855e7be5_1244_86122102@N00.jpg,60.473591,22.003555,35.24442672729492,139.93629455566406,0.010559126734733582,7975.443307454375,0,0,0.0,35.24442672729492,139.93629455566406,0.010559126734733582,7975.443307454375,0.0,
64548480_301cfb4e2a_34_63163416@N00.jpg,21.365089,-157.942478,-13.865079879760742,-171.7878875732422,0.124973364174366,4198.844690690832,2,134,0.5234375,19.731401443481445,-155.09017944335938,0.0731147825717926,348.1201975365396,3850.7244931542923,
64659673_9b669388ce_26_57253263@N00.jpg,42.285294,-71.610636,43.98136901855469,-124.1008529663086,0.011373084969818592,4190.60058299121,4,28,0.109375,43.330108642578125,-83.7389907836914,0.004369360860437155,995.2947319294956,3195.3058510617147,
649887521_bdfae031b7_1317_7885919@N07.jpg,43.727731,7.414805,48.84147262573242,2.2529749870300293,0.08521583676338196,692.9401700433948,2,12,0.046875,34.99245071411133,135.71348571777344,0.015432245098054409,9819.578615530392,-9126.638445486997,
658358355_d7eb1adb5e_1300_14542551@N00.jpg,43.035144,144.327564,36.54494857788086,138.5926971435547,0.028026776388287544,871.8038656737224,3,256,1.0,36.54633712768555,138.6500244140625,0.06400658935308456,868.9404761202777,2.8633895534446765,
659660691_76158f34ea_1305_7412395@N07.jpg,65.374491,-22.919197,65.07162475585938,-22.731399536132812,0.1190052255988121,34.79570504741077,1,8,0.03125,65.07162475585938,-22.731399536132812,0.02172810584306717,34.79570504741077,0.0,
663874441_645cd1668c_1038_77392231@N00.jpg,39.462571,-0.325641,34.746971130371094,127.75005340576172,0.03652944788336754,10192.139624327823,2,18,0.0703125,34.746971130371094,127.75005340576172,0.10686037689447403,10192.139624327823,0.0,
664183003_ace9ffb884_1136_15376845@N00.jpg,41.308901,-72.925636,40.20119094848633,-77.18917083740234,0.006665405351668596,379.60739956254264,3,125,0.48828125,40.34873580932617,-74.65801239013672,0.003506928216665983,180.670909620362,198.93648994218063,
668488293_1b39338210_1369_81421684@N00.jpg,48.431193,15.746669,47.516693115234375,19.07958221435547,0.007218579761683941,268.1081844477816,2,220,0.859375,47.516693115234375,19.07958221435547,0.014921084977686405,268.1081844477816,0.0,
673081582_f822333e60_1196_7412395@N07.jpg,39.356533,8.966388,38.9493293762207,-1.8628690242767334,0.1452203243970871,934.3188756744981,1,128,0.5,38.9493293762207,-1.8628690242767334,0.08247112482786179,934.3188756744981,0.0,
674882167_7436dfa39e_1434_79756109@N00.jpg,45.391579,-92.661094,44.744537353515625,-92.85018157958984,0.03102256916463375,73.46425176578126,0,0,0.0,44.744537353515625,-92.85018157958984,0.03102256916463375,73.46425176578126,0.0,
675928519_1f97d85c9f_1211_8159033@N04.jpg,35.630651,139.785146,35.04920959472656,136.85107421875,0.013137931004166603,273.8653957118024,7,170,0.6640625,35.04920959472656,136.85107421875,0.026337474584579468,273.8653957118024,0.0,
676594668_8ec19c2d13_1184_8159033@N04.jpg,35.736341,139.799051,35.700923919677734,139.57186889648438,0.009381449781358242,20.884352584721377,3,131,0.51171875,52.507667541503906,13.337665557861328,0.0036652935668826103,8920.467538635348,-8899.583186050628,
676663392_bd51046720_1268_8159033@N04.jpg,35.736341,139.799051,35.01179122924805,135.74929809570312,0.015211130492389202,375.88431728637755,5,78,0.3046875,34.65782928466797,135.8921356201172,0.011973429471254349,374.67981451280895,1.2045027735686062,
676748878_c4a5fc0f3c_1063_8159033@N04.jpg,35.630651,139.785146,35.66307067871094,139.77099609375,0.007752024102956057,3.8249368754271087,0,0,0.0,35.66307067871094,139.77099609375,0.007752024102956057,3.8249368754271087,0.0,
67821537_2fc8fcce4f_31_90833046@N00.jpg,44.885309,-93.313064,38.61391830444336,-90.25899505615234,0.004545410629361868,741.796087926382,0,0,0.0,38.61391830444336,-90.25899505615234,0.004545410629361868,741.796087926382,0.0,
67821545_c588dbe6c0_31_90833046@N00.jpg,44.886647,-93.311798,46.25908279418945,-119.34051513671875,0.010779144242405891,2022.592360448124,0,0,0.0,46.25908279418945,-119.34051513671875,0.010779144242405891,2022.592360448124,0.0,
680737569_1cbc2a6d17_1049_99437479@N00.jpg,59.433357,24.751038,60.17275619506836,24.934221267700195,0.013918766751885414,82.8533277138161,0,0,0.0,60.17275619506836,24.934221267700195,0.013918766751885414,82.8533277138161,0.0,
683194672_ec9ad2a2f9_1418_8159033@N04.jpg,35.392408,139.53967,35.6595458984375,139.7003936767578,0.01779344119131565,33.07424789476844,11,171,0.66796875,35.65989303588867,139.7005615234375,0.01701667159795761,33.115581115725874,-0.041333220957433525,
683997779_c9ad869f7a_1253_7885919@N07.jpg,45.646485,2.748652,44.67558288574219,3.170413017272949,0.07626938819885254,112.91001664814812,2,176,0.6875,44.67558288574219,3.170413017272949,0.060701560229063034,112.91001664814812,0.0,
684671283_96291098a8_1395_77392231@N00.jpg,43.318824,11.331131,43.40224075317383,10.857560157775879,0.1455214023590088,39.39294970882736,1,6,0.0234375,43.40224075317383,10.857560157775879,0.0892401784658432,39.39294970882736,0.0,
68809354_60c7d9a003_12_97324495@N00.jpg,34.179713,135.616865,35.118892669677734,135.83480834960938,0.012256970629096031,106.31795269480288,1,24,0.09375,35.373512268066406,136.2737274169922,0.006704562809318304,145.67098479302905,-39.353032098226166,
688605964_5e6a447c89_1073_77392231@N00.jpg,43.318824,11.331131,43.35270690917969,12.572306632995605,0.010079747997224331,100.45247448763355,1,4,0.015625,43.35270690917969,12.572306632995605,0.009408590383827686,100.45247448763355,0.0,
68997452_1f179dafbb_34_97324495@N00.jpg,34.179713,135.616865,34.21464157104492,135.5863037109375,0.11258959770202637,4.794244924196157,3,60,0.234375,34.21464157104492,135.5863037109375,0.017120137810707092,4.794244924196157,0.0,
68999405_6dc1a614db_6_97324495@N00.jpg,34.179713,135.616865,34.21464157104492,135.5863037109375,0.09212598949670792,4.794244924196157,2,256,1.0,34.21464157104492,135.5863037109375,0.11138676106929779,4.794244924196157,0.0,
69002581_051b9ae759_15_97324495@N00.jpg,34.179713,135.616865,35.118892669677734,135.83480834960938,0.023490484803915024,106.31795269480288,0,0,0.0,35.118892669677734,135.83480834960938,0.023490484803915024,106.31795269480288,0.0,
698923311_57f919b95a_1096_8078991@N04.jpg,23.121653,-81.347064,21.798076629638672,-79.59354400634766,0.05005877837538719,232.65304378439177,0,0,0.0,21.798076629638672,-79.59354400634766,0.05005877837538719,232.65304378439177,0.0,
698944837_d562cbf347_1266_8078991@N04.jpg,23.121653,-81.347064,23.139318466186523,-82.35221099853516,0.031201304867863655,102.80127651199858,4,62,0.2421875,23.139318466186523,-82.35221099853516,0.04049260914325714,102.80127651199858,0.0,
698958317_4f35444c30_1183_8078991@N04.jpg,23.121653,-81.347064,24.461387634277344,124.14250183105469,0.13833263516426086,14052.046836778325,0,0,0.0,24.461387634277344,124.14250183105469,0.13833263516426086,14052.046836778325,0.0,
699759540_378fc59a13_1033_8078991@N04.jpg,23.121653,-81.347064,22.905609130859375,-82.430419921875,0.044589098542928696,113.44863681092258,1,9,0.03515625,22.500028610229492,-79.55028533935547,0.015602700412273407,196.7088889846803,-83.26025217375772,
699780960_26d1c14fcd_1324_8078991@N04.jpg,23.121653,-81.347064,22.905609130859375,-82.430419921875,0.059328343719244,113.44863681092258,1,224,0.875,22.905609130859375,-82.430419921875,0.09693630784749985,113.44863681092258,0.0,
69991386_7f3c5437d2_20_18684820@N00.jpg,50.794651,-1.107902,51.123863220214844,1.3534640073776245,0.16338051855564117,176.22574084067173,1,192,0.75,51.123863220214844,1.3534640073776245,0.22328941524028778,176.22574084067173,0.0,
699943882_09c2e43ac3_1249_8078991@N04.jpg,23.121653,-81.347064,12.037054061889648,-86.69242858886719,0.015761801972985268,1356.067621614584,1,75,0.29296875,23.378507614135742,121.3513412475586,0.0353633314371109,14292.279668042054,-12936.21204642747,
69997478_868eb06f34_12_18684820@N00.jpg,48.912572,2.334594,45.06954574584961,7.686150074005127,0.0017696660943329334,589.0883744228857,0,0,0.0,45.06954574584961,7.686150074005127,0.0017696660943329334,589.0883744228857,0.0,
702092844_81010e6494_1072_70323761@N00.jpg,40.573955,-73.973988,39.45293045043945,-0.3469269871711731,0.02279595099389553,6076.276733329883,1,195,0.76171875,39.45293045043945,-0.3469269871711731,0.029404114931821823,6076.276733329883,0.0,
70283421_c04449c9c4_18_18684820@N00.jpg,48.912572,2.334594,48.8494873046875,2.342158079147339,0.00254971906542778,7.036481155826386,7,26,0.1015625,48.865238189697266,2.3230929374694824,0.0037976903840899467,5.33003422279162,1.7064469330347656,
709445941_8f8fb9aa79_1162_94125865@N00.jpg,36.746982,-81.537995,40.444461822509766,-76.43072509765625,0.05945293977856636,604.8093272497362,6,167,0.65234375,40.444461822509766,-76.43072509765625,0.059261806309223175,604.8093272497362,0.0,
709525561_60bfffebe4_1261_94125865@N00.jpg,36.746982,-81.537995,38.021331787109375,-78.77850341796875,0.08654891699552536,281.97911095331955,2,159,0.62109375,38.021331787109375,-78.77850341796875,0.04802266135811806,281.97911095331955,0.0,
710448366_62a14256a2_1431_94125865@N00.jpg,36.884546,-81.525002,36.03261947631836,-92.7164535522461,0.05273444205522537,1004.7699760759062,1,36,0.140625,36.95194625854492,-77.76580810546875,0.02941371500492096,334.25368388637304,670.5162921895333,
710953362_f143fbe27d_1401_78841376@N00.jpg,45.436406,12.326488,45.43385696411133,12.339120864868164,0.008146332576870918,1.0256519355620903,3,256,1.0,45.43385696411133,12.339120864868164,0.008062690496444702,1.0256519355620903,0.0,
711512171_90859d6cdd_1179_59615371@N00.jpg,40.763316,-73.978929,40.74598693847656,-73.9879150390625,0.002736093243584037,2.0702363856576556,2,160,0.625,40.745304107666016,-73.98674011230469,0.0021378693636506796,2.108135692832667,-0.037899307175011554,
712096828_9b7778a3cd_1123_59615371@N00.jpg,40.763316,-73.978929,40.76069641113281,-73.97624206542969,0.003734941827133298,0.36886145039557366,1,192,0.75,40.759098052978516,-73.97659301757812,0.004633347038179636,0.5086091725747773,-0.13974772217920367,
712329440_958b95cb91_1054_59615371@N00.jpg,40.763316,-73.978929,40.7729377746582,-73.97343444824219,0.010125401429831982,1.165668906001792,2,256,1.0,40.7729377746582,-73.97343444824219,0.011264252476394176,1.165668906001792,0.0,
71630340_4bb2caff46_34_18684820@N00.jpg,48.866521,2.329101,48.908058166503906,2.290648937225342,0.0020725256763398647,5.407111267645613,1,8,0.03125,45.777671813964844,3.085268974304199,0.0029019585344940424,348.1568521083808,-342.74974084073517,
71782634_c3349c6b8d_33_18684820@N00.jpg,48.866521,2.329101,50.63762283325195,3.0645840167999268,0.0019514333689585328,203.90021503355257,1,128,0.5,43.330665588378906,-3.0331668853759766,0.004788606893271208,741.1016464287328,-537.2014313951802,
71787974_4bd149b42f_34_18684820@N00.jpg,48.866521,2.329101,48.87013244628906,2.331847906112671,0.003574346425011754,0.44903271017677415,1,208,0.8125,44.838680267333984,-0.5774580240249634,0.002806122414767742,499.3505663539172,-498.90153364374044,
71794237_d86349d2d8_35_18684820@N00.jpg,48.866521,2.329101,49.00544738769531,2.576637029647827,0.009732475504279137,23.781570620725482,0,0,0.0,49.00544738769531,2.576637029647827,0.009732475504279137,23.781570620725482,0.0,
71807788_2b6c93f13f_35_18684820@N00.jpg,48.866521,2.329101,43.52714538574219,5.445097923278809,0.002730292733758688,640.1779958488913,3,170,0.6640625,48.874000549316406,2.2958199977874756,0.0025597771164029837,2.572345861958284,637.605649986933,
71812047_61e009056a_35_18684820@N00.jpg,48.866521,2.329101,48.873634338378906,2.2958199977874756,0.0063158669508993626,2.5594785821776598,1,224,0.875,48.87346649169922,2.295862913131714,0.005879282020032406,2.5507847092176066,0.008693872960053195,
719601745_96666d2da1_1023_7132415@N03.jpg,48.851924,2.352018,48.85710525512695,2.341331958770752,0.006201610434800386,0.9711742042419259,0,0,0.0,48.85710525512695,2.341331958770752,0.006201610434800386,0.9711742042419259,0.0,
719620291_9a046d6069_1183_7132415@N03.jpg,48.853138,2.348842,48.44704055786133,1.4874440431594849,0.014951495453715324,77.73846650818405,1,224,0.875,49.25357437133789,4.033740997314453,0.011140617541968822,130.60338759173834,-52.86492108355429,
719864111_79743ec39e_1210_7132415@N03.jpg,48.809124,2.110576,51.31290817260742,-0.4731299877166748,0.039999742060899734,333.9097875954785,4,116,0.453125,51.31290817260742,-0.4731299877166748,0.0752921849489212,333.9097875954785,0.0,
719875225_2da923b1d0_1146_7132415@N03.jpg,48.815115,2.107229,48.80662155151367,2.113924026489258,0.04437271133065224,1.0640959022751735,0,0,0.0,48.80662155151367,2.113924026489258,0.04437271133065224,1.0640959022751735,0.0,
720552408_1c65903796_1097_7132415@N03.jpg,48.858207,2.337298,48.855369567871094,2.34505295753479,0.0015561358304694295,0.6491804697642484,5,149,0.58203125,48.85531997680664,2.3450980186462402,0.002893909113481641,0.6547497562334942,-0.0055692864692458155,
720614538_b876797c84_1294_7132415@N03.jpg,48.855679,2.287302,48.85772705078125,2.295413017272949,0.005663176998496056,0.6356022410375491,1,80,0.3125,48.858680725097656,2.2933850288391113,0.006558856926858425,0.5562912935432177,0.07931094749433143,
722200843_92f212d3cd_1045_7665941@N08.jpg,48.422764,-123.344278,50.98772048950195,-0.6138610243797302,0.026529286056756973,7692.821037711456,4,59,0.23046875,50.98641586303711,-0.6100789904594421,0.018991973251104355,7693.095497512226,-0.27445980077027343,
723199776_5b637a2753_1144_7665941@N08.jpg,49.285387,-123.122062,49.28773880004883,-123.12749481201172,0.011641887947916985,0.4729220995333975,5,30,0.1171875,-37.817901611328125,144.9647979736328,0.002229168312624097,13211.428882567398,-13210.955960467863,
72918630_92eae2820d_35_41894197861@N01.jpg,55.747888,37.632293,50.449546813964844,30.523061752319336,0.006989784073084593,755.7730362121548,2,251,0.98046875,50.449546813964844,30.523061752319336,0.004343013279139996,755.7730362121548,0.0,
739128198_9df33d6371_1248_78841376@N00.jpg,43.771744,11.26252,48.2282829284668,15.332976341247559,0.0031610417645424604,586.6758256186433,1,24,0.09375,42.267921447753906,2.9596080780029297,0.0028544822707772255,695.0681320066523,-108.39230638800893,
740062026_b27dbfb90e_1097_42126397@N00.jpg,28.940861,85.242919,29.158885955810547,88.05559539794922,0.10753051936626434,274.4762361834585,0,0,0.0,29.158885955810547,88.05559539794922,0.10753051936626434,274.4762361834585,0.0,
74067437_47448df473_20_18684820@N00.jpg,1.286665,103.838653,-36.63316345214844,174.375,0.01956639625132084,8371.88957751143,1,48,0.1875,15.908331871032715,108.27685546875,0.0073307775892317295,1697.0953007833016,6674.794276728129,
743826473_7310a413fb_1075_26519935@N00.jpg,22.2885,114.23747,22.292985916137695,114.1697998046875,0.01646800898015499,6.980133311146712,0,0,0.0,22.292985916137695,114.1697998046875,0.01646800898015499,6.980133311146712,0.0,
744472458_ae4cf2b1dd_1055_26519935@N00.jpg,22.2885,114.23747,22.209060668945312,114.02765655517578,0.022020969539880753,23.330130163508283,0,0,0.0,22.209060668945312,114.02765655517578,0.022020969539880753,23.330130163508283,0.0,
744605216_2ec973a357_1235_26519935@N00.jpg,22.2885,114.23747,35.15345764160156,129.12454223632812,0.008336319588124752,2033.274744282796,1,42,0.1640625,30.831308364868164,111.0118637084961,0.04737631976604462,1002.4623484702365,1030.8123958125595,
746791136_8007013877_1266_7885919@N07.jpg,48.900809,2.097916,39.8281135559082,-86.18392181396484,0.006488860584795475,6687.952883666086,0,0,0.0,39.8281135559082,-86.18392181396484,0.006488860584795475,6687.952883666086,0.0,
75039630_6daaf6d6b1_36_18684820@N00.jpg,1.286665,103.838653,1.3655790090560913,103.82771301269531,0.015127800405025482,8.858724406842878,0,0,0.0,1.3655790090560913,103.82771301269531,0.015127800405025482,8.858724406842878,0.0,
75071297_004aed7315_37_18684820@N00.jpg,1.286665,103.838653,24.95842742919922,121.53288269042969,0.015247344970703125,3246.1218907421216,0,0,0.0,24.95842742919922,121.53288269042969,0.015247344970703125,3246.1218907421216,0.0,
75080675_049f8588f1_41_18684820@N00.jpg,1.286665,103.838653,-22.967609405517578,-43.22414779663086,0.02317633479833603,15720.752262811784,0,0,0.0,-22.967609405517578,-43.22414779663086,0.02317633479833603,15720.752262811784,0.0,
751432739_ad1d4f8b6e_1201_15376845@N00.jpg,41.314692,-71.846122,39.72164535522461,-75.83329772949219,0.0064810761250555515,380.69683528278534,0,0,0.0,39.72164535522461,-75.83329772949219,0.0064810761250555515,380.69683528278534,0.0,
754228237_8c166ba325_1377_75653366@N00.jpg,13.74632,100.492544,13.74992561340332,100.49130249023438,0.04240421578288078,0.4227569112750287,1,192,0.75,13.74992561340332,100.49130249023438,0.04764622449874878,0.4227569112750287,0.0,
754780171_13ffd51dec_1229_78247883@N00.jpg,46.373701,14.145069,46.36222457885742,14.090115547180176,0.14578284323215485,4.4053120516974085,1,64,0.25,46.36222457885742,14.090115547180176,0.052442245185375214,4.4053120516974085,0.0,
754881567_128bec18c6_1427_78247883@N00.jpg,46.373701,14.145069,46.36222457885742,14.090115547180176,0.07409771531820297,4.4053120516974085,2,142,0.5546875,47.716270446777344,13.487854957580566,0.08969458937644958,157.37197759958093,-152.9666655478835,
755240489_f870fa2cbf_1192_7885919@N07.jpg,48.648533,-2.026269,48.45357131958008,-2.0432848930358887,0.07277018576860428,21.714929456314213,2,240,0.9375,48.45357131958008,-2.0432848930358887,0.07617028802633286,21.714929456314213,0.0,
755493174_041bf280fe_1002_9729483@N02.jpg,41.949013,-87.654713,40.44355773925781,-79.99795532226562,0.016174674034118652,661.888323698628,6,53,0.20703125,39.76517868041992,-86.16434478759766,0.0076270331628620625,273.260656870193,388.62766682843505,
755592362_c198cfa94b_1432_44067110@N00.jpg,51.490758,-0.126913,51.51386642456055,-0.09542199969291687,0.0030966552440077066,3.3695260176946693,2,100,0.390625,51.505218505859375,-0.129721999168396,0.0031998867634683847,1.61965187481696,1.7498741428777094,
755668577_76782d26b6_1070_7980350@N08.jpg,37.745806,-119.532054,37.72512435913086,-119.53453063964844,0.050101444125175476,2.3099865476338173,1,55,0.21484375,37.823333740234375,29.678667068481445,0.032358478754758835,11038.9159382141,-11036.605951666466,
756531584_b1beb791ec_1074_7980350@N08.jpg,37.746353,-119.530788,37.74747085571289,-119.52903747558594,0.04010139778256416,0.19783830887412718,4,43,0.16796875,37.62480163574219,-119.08484649658203,0.057381413877010345,41.50399506030984,-41.306156751435715,
758114922_f369e388f5_1324_41894169878@N01.jpg,39.990667,-105.293784,37.26536560058594,-107.01053619384766,0.0037256567738950253,337.72781515695345,2,256,1.0,36.50929260253906,126.33255767822266,0.002987970830872655,10007.090968255101,-9669.363153098147,
75846717_020275e00c_42_18684820@N00.jpg,1.286665,103.838653,1.4405900239944458,103.91206359863281,0.036166779696941376,18.961605661806733,1,165,0.64453125,1.3906630277633667,103.89581298828125,0.01501736231148243,13.194817876150944,5.766787785655788,
758529698_4bcbe635f1_1228_41894197861@N01.jpg,40.753661,-73.98719,40.75157928466797,-73.9879379272461,0.002423888072371483,0.2398968578825608,3,256,1.0,40.752166748046875,-73.98729705810547,0.0019383063772693276,0.16639800761292975,0.07349885026963104,
76352739_f68793896f_38_41315423@N00.jpg,41.873843,-88.309521,45.15492630004883,-93.45124816894531,0.01565675437450409,552.07957712709,1,63,0.24609375,45.15492630004883,-93.45124816894531,0.011554944328963757,552.07957712709,0.0,
764415775_53dda970d8_1231_16836474@N00.jpg,5.63435,-73.569173,-25.15212059020996,-50.985145568847656,0.03902987390756607,4204.740384470136,2,50,0.1953125,12.669983863830566,76.63495635986328,0.02160579152405262,16144.364993436846,-11939.624608966711,
765033054_1a9e7d2332_1184_70323761@N00.jpg,40.792559,-73.95215,34.30732727050781,-118.4638671875,0.007672449573874474,3946.6366422336787,4,192,0.75,34.07086181640625,-118.24215698242188,0.015263349749147892,3938.733759318053,7.902882915625469,
766351079_af0294281f_1240_16836474@N00.jpg,5.63435,-73.569173,10.423324584960938,-75.54679870605469,0.05946562811732292,575.2839623126528,2,180,0.703125,10.423324584960938,-75.54679870605469,0.029267197474837303,575.2839623126528,0.0,
768100764_879c8aaf43_1194_7412395@N07.jpg,52.304109,7.168042,51.98598861694336,8.80817985534668,0.009175869636237621,117.37130118259822,1,108,0.421875,51.834659576416016,6.617609024047852,0.014924727380275726,64.34558930340992,53.02571187918829,
768937096_14d87e6d44_1188_7412395@N07.jpg,52.352275,7.541341,53.26824188232422,-1.9885250329971313,0.0035435494501143694,648.0691798527774,0,0,0.0,53.26824188232422,-1.9885250329971313,0.0035435494501143694,648.0691798527774,0.0,
77298358_5b233ede85_42_36887937@N00.jpg,27.670108,85.427739,27.672733306884766,85.42882537841797,0.12481451779603958,0.3109074774263877,2,147,0.57421875,27.673797607421875,85.42591094970703,0.10034870356321335,0.4480241993141351,-0.13711672188774743,
778754121_54e1fe8fe9_1266_52057668@N00.jpg,51.514725,-0.133209,51.50246047973633,-0.13566599786281586,0.007611526176333427,1.374314503442532,1,8,0.03125,52.27073287963867,4.546751022338867,0.014379431493580341,331.90370375446463,-330.5293892510221,
780072709_664cc2587d_1367_88971695@N00.jpg,-25.354342,131.046295,-25.34371566772461,131.03367614746094,0.1156768798828125,1.733242362100495,1,16,0.0625,-25.350191116333008,131.03839111328125,0.08856084942817688,0.9186069021274881,0.814635459973007,
780984200_060a5d35b9_1431_88971695@N00.jpg,-25.354342,131.046295,-25.34371566772461,131.03367614746094,0.10938956588506699,1.733242362100495,1,24,0.09375,-25.32866668701172,130.99850463867188,0.09780403226613998,5.587193918519288,-3.853951556418793,
78438814_717a8295f2_43_57253263@N00.jpg,42.349648,-71.040537,42.37248229980469,-71.05635070800781,0.027678227052092552,2.852199420564535,0,0,0.0,42.37248229980469,-71.05635070800781,0.027678227052092552,2.852199420564535,0.0,
786627822_9dc03ca655_1343_78221228@N00.jpg,1.302625,103.849124,18.788911819458008,98.99522399902344,0.0054597980342805386,2015.1139187238794,5,217,0.84765625,9.946869850158691,106.33941650390625,0.008605104871094227,999.846885715143,1015.2670330087363,
787062593_8e5e021ae3_1409_7412395@N07.jpg,50.962548,6.976307,55.94482421875,-3.2698049545288086,0.04954856261610985,874.3717094592795,2,84,0.328125,40.39241027832031,-3.6126561164855957,0.016113122925162315,1431.528488765871,-557.1567793065916,
791979325_a5dac353d6_1372_50994135@N00.jpg,55.755665,-4.922733,52.884979248046875,0.8554310202598572,0.005809441674500704,491.9810851194926,1,256,1.0,53.37943649291992,-2.8955841064453125,0.0064867413602769375,294.74349758419345,197.23758753529916,
791983847_bbd273ddd8_1411_50994135@N00.jpg,55.755665,-4.922733,51.984832763671875,-9.299712181091309,0.01244574598968029,507.8745968882809,1,256,1.0,-36.93740463256836,174.72850036621094,0.009260698221623898,17922.451895147355,-17414.577298259075,
793376891_be64bee904_1060_88483799@N00.jpg,39.263355,-76.566955,48.21683120727539,11.624167442321777,0.004970831796526909,6758.107485380127,0,0,0.0,48.21683120727539,11.624167442321777,0.004970831796526909,6758.107485380127,0.0,
793472927_23f5e860a1_1172_88483799@N00.jpg,39.315125,-76.626438,42.227046966552734,-88.52766418457031,0.009912971407175064,1052.1536482131107,7,195,0.76171875,42.227046966552734,-88.52766418457031,0.013673966750502586,1052.1536482131107,0.0,
793683387_aded60fd6b_1202_88483799@N00.jpg,39.178841,-76.669425,38.23474884033203,-122.64249420166016,0.0057783471420407295,3947.0336527511918,5,156,0.609375,38.23474884033203,-122.64249420166016,0.0045708948746323586,3947.0336527511918,0.0,
79460655_2baf6a072c_43_56945335@N00.jpg,27.434708,88.263473,27.585437774658203,86.41056060791016,0.05382049083709717,183.50353949255907,1,132,0.515625,25.758136749267578,110.12022399902344,0.05234883725643158,2178.3717669060843,-1994.8682274135253,
79848007_08424b4a76_37_24311489@N00.jpg,37.810868,-122.47713,37.80861282348633,-122.47391510009766,0.018388427793979645,0.37768841079487747,1,2,0.0078125,37.80861282348633,-122.47391510009766,0.02390374056994915,0.37768841079487747,0.0,
802688519_682b640435_1262_96928198@N00.jpg,62.139957,6.074967,34.28422164916992,-84.74343872070312,0.0018962972098961473,6726.797784722384,1,256,1.0,34.28422164916992,-84.74343872070312,0.0064205266535282135,6726.797784722384,0.0,
804712223_bf37f10a7d_1152_15376845@N00.jpg,41.24837,-72.903127,33.733367919921875,-118.24112701416016,0.015155242756009102,4039.291778913461,1,208,0.8125,33.733367919921875,-118.24112701416016,0.03797152638435364,4039.291778913461,0.0,
809416547_647a63be82_1246_15632944@N00.jpg,50.915304,16.435353,50.03899383544922,19.178504943847656,0.15309077501296997,217.1788725445986,1,240,0.9375,50.03899383544922,19.178504943847656,0.1732715517282486,217.1788725445986,0.0,
810330463_890bf813a2_1326_15632944@N00.jpg,50.915304,16.435353,53.27450180053711,-1.3768310546875,0.048144374042749405,1241.2752267264939,1,144,0.5625,54.87797546386719,-1.6542359590530396,0.07177741825580597,1286.515148843685,-45.2399221171911,
812213401_e6efd2edc7_1382_96928198@N00.jpg,62.189077,6.095138,30.354026794433594,-81.62120819091797,0.0027203860227018595,6940.608728259769,0,0,0.0,30.354026794433594,-81.62120819091797,0.0027203860227018595,6940.608728259769,0.0,
815968929_ee36554bd7_1159_7885919@N07.jpg,43.950849,4.80728,43.94939041137695,4.806690216064453,0.05607423558831215,0.16892050689725813,1,176,0.6875,48.89789962768555,-0.19944000244140625,0.03560701012611389,670.3883498731414,-670.2194293662441,
817626137_3a7d95a2ee_1323_57253263@N00.jpg,42.351404,-71.037109,51.233062744140625,2.9220190048217773,0.009016471914947033,5473.229460443141,1,256,1.0,49.308868408203125,-123.07893371582031,0.015305590815842152,4022.9706415587443,1450.2588188843965,
819657413_fdcd20c2fe_1304_7885919@N07.jpg,45.495157,6.675138,47.188873291015625,11.288859367370605,0.02863135002553463,401.0343342923002,0,0,0.0,47.188873291015625,11.288859367370605,0.02863135002553463,401.0343342923002,0.0,
825605923_7964d6f822_1329_51162504@N00.jpg,51.464609,-3.164598,41.41072463989258,2.2232930660247803,0.018185419961810112,1190.923842341781,7,69,0.26953125,41.80430221557617,12.326059341430664,0.026650497689843178,1591.7786981944143,-400.85485585263336,
828267964_035543326a_1377_70323761@N00.jpg,40.681278,-73.990776,39.163326263427734,-84.54009246826172,0.00535963848233223,914.7182423717242,1,240,0.9375,39.303436279296875,-76.61600494384766,0.006125480402261019,271.0685282423698,643.6497141293544,
836369318_3775558000_1037_82927779@N00.jpg,-34.033855,22.99233,-33.79441452026367,151.28448486328125,0.004109737928956747,10744.775383109876,4,208,0.8125,-33.85441589355469,151.21641540527344,0.0035073012113571167,10735.615323673981,9.160059435895164,
84239121_41b16be75f_39_14542551@N00.jpg,49.785974,103.388557,51.51636505126953,104.18557739257812,0.409999281167984,200.4448597295073,0,0,0.0,51.51636505126953,104.18557739257812,0.409999281167984,200.4448597295073,0.0,
84242369_05a98de26e_38_14542551@N00.jpg,49.785974,103.388557,51.51636505126953,104.18557739257812,0.681505560874939,200.4448597295073,1,6,0.0234375,51.51636505126953,104.18557739257812,0.07436280697584152,200.4448597295073,0.0,
84243867_a077b17f1f_40_14542551@N00.jpg,49.785974,103.388557,65.62077331542969,22.154401779174805,0.002780728507786989,4736.3038111280075,1,256,1.0,-36.80866622924805,-71.63618469238281,0.006018237676471472,18517.84732729858,-13781.543516170572,
84250338_e862047f1c_36_14542551@N00.jpg,49.035617,104.066791,48.766597747802734,106.31607055664062,0.2904583215713501,167.10420775761608,0,0,0.0,48.766597747802734,106.31607055664062,0.2904583215713501,167.10420775761608,0.0,
843962291_319276183c_1410_96928198@N00.jpg,62.037711,6.41138,48.049556732177734,8.212258338928223,0.007928085513412952,1559.489225561032,0,0,0.0,48.049556732177734,8.212258338928223,0.007928085513412952,1559.489225561032,0.0,
844117341_25ecf3a54f_1350_76306992@N00.jpg,50.851908,4.349212,39.682247161865234,-75.7497329711914,0.011692939326167107,6075.528245202528,7,230,0.8984375,43.8045539855957,131.95574951171875,0.0303353164345026,8339.952552685674,-2264.4243074831465,
844723735_5d3cc016fa_1163_76306992@N00.jpg,43.348151,11.510925,43.09465026855469,11.780691146850586,0.030375489965081215,35.67038120971612,5,99,0.38671875,43.40224075317383,10.857560157775879,0.02711108885705471,53.14921357147003,-17.47883236175391,
844963249_27cd63a5ee_1270_76306992@N00.jpg,43.348151,11.510925,44.62187576293945,11.487385749816895,0.14515265822410583,141.64444609632855,4,81,0.31640625,55.69155502319336,12.598228454589844,0.004281403962522745,1374.7236146628677,-1233.0791685665392,
845043982_19644270a3_1432_76306992@N00.jpg,50.851908,4.349212,50.848655700683594,4.34938383102417,0.0038537001237273216,0.3618408178707211,4,224,0.875,50.848655700683594,4.34938383102417,0.004355085082352161,0.3618408178707211,0.0,
845194300_bec89d0c48_1235_76306992@N00.jpg,50.851908,4.349212,50.847782135009766,4.35112190246582,0.017761865630745888,0.47796787007027114,1,40,0.15625,50.847408294677734,4.352666854858398,0.012306186370551586,0.5560331299514395,-0.07806525988116836,
847733166_0573338bfb_1321_89904893@N00.jpg,45.429197,12.327432,45.43345260620117,12.336100578308105,0.0059146275743842125,0.8255187578814136,1,256,1.0,45.43345260620117,12.336100578308105,0.006017615552991629,0.8255187578814136,0.0,
852570112_965e603872_1027_7132415@N03.jpg,51.172831,-115.571622,51.1751708984375,-115.57257080078125,0.08530569821596146,0.26846141038784477,0,0,0.0,51.1751708984375,-115.57257080078125,0.08530569821596146,0.26846141038784477,0.0,
854886418_943d8765d8_1317_78247883@N00.jpg,43.175075,16.432285,43.17239761352539,16.441661834716797,0.051044855266809464,0.816595692082942,1,20,0.078125,43.17216491699219,16.441165924072266,0.032640621066093445,0.7895351821815272,0.027060509901414842,
85564514_97726138cc_6_11398209@N00.jpg,53.359413,-6.178607,55.634925842285156,-4.823855876922607,0.06067870557308197,267.70948677876714,0,0,0.0,55.634925842285156,-4.823855876922607,0.06067870557308197,267.70948677876714,0.0,
863965187_d28f1f6342_1189_19953481@N00.jpg,50.017446,19.238433,50.03899383544922,19.178504943847656,0.1286063939332962,4.905751989174447,0,0,0.0,50.03899383544922,19.178504943847656,0.1286063939332962,4.905751989174447,0.0,
864479146_bb140307ed_1350_25304693@N00.jpg,50.997714,5.40199,42.21709060668945,-73.82846069335938,0.016499603167176247,5833.617108989052,1,256,1.0,43.21918869018555,23.2965087890625,0.023830894380807877,1600.4775756451616,4233.13953334389,
865162628_73711d50dc_1303_19953481@N00.jpg,49.779047,20.048675,49.46555709838867,21.301116943359375,0.1071317046880722,96.71794490372478,5,51,0.19921875,54.781089782714844,27.418441772460938,0.004675798583775759,748.0284925286986,-651.3105476249739,
865326234_0c641c683c_1415_19953481@N00.jpg,49.779047,20.048675,52.647125244140625,23.66755485534668,0.046093814074993134,406.40064108347013,2,256,1.0,50.35028076171875,30.500621795654297,0.06310106068849564,748.1219152220021,-341.721274138532,
865659775_82c05d3878_1361_23707253@N00.jpg,59.943684,30.305914,59.94075012207031,30.313425064086914,0.03977007791399956,0.5304944973190563,4,72,0.28125,59.94075012207031,30.313425064086914,0.04082488268613815,0.5304944973190563,0.0,
866797422_4f627e6235_1174_15632944@N00.jpg,51.100301,16.952977,48.278053283691406,26.127891540527344,0.0866224393248558,730.1325223203611,1,144,0.5625,52.105384826660156,16.115108489990234,0.12051145732402802,125.85075043862813,604.281771881733,
871458266_8cac41b3df_1331_15632944@N00.jpg,51.107024,16.959285,40.50539779663086,-74.85838317871094,0.03576698526740074,6742.165538423159,4,138,0.5390625,41.47899627685547,1.9905099868774414,0.0143338143825531,1565.7518857568923,5176.413652666267,
871598336_63d649d94a_1394_15632944@N00.jpg,51.107024,16.959285,39.38290786743164,-89.07469940185547,0.02412269450724125,7662.668101434979,5,81,0.31640625,43.48824691772461,-5.760499000549316,0.0108931390568614,1900.734718346473,5761.933383088506,
871670829_c930438297_1116_85417391@N00.jpg,47.763099,-123.833084,44.190757751464844,-122.31739807128906,0.009536974132061005,414.11119171659385,0,0,0.0,44.190757751464844,-122.31739807128906,0.009536974132061005,414.11119171659385,0.0,
872398841_aab729f79e_1277_9729483@N02.jpg,40.700015,-74.015321,40.69322967529297,-74.03995513916016,0.025693979114294052,2.2095905637515445,4,180,0.703125,39.229793548583984,-76.5486831665039,0.019461682066321373,270.794114625826,-268.5845240620745,
872673086_65e8d5efe6_1239_9729483@N02.jpg,40.757826,-73.985688,40.75685501098633,-73.98810577392578,0.006682483945041895,0.2304962696250613,3,29,0.11328125,40.75446319580078,-73.98807525634766,0.0036245682276785374,0.42456323792710454,-0.19406696830204323,
872729137_64884ae2cb_1182_88483799@N00.jpg,39.20383,-76.591319,34.665069580078125,-77.34819030761719,0.056194085627794266,509.1452008674205,4,146,0.5703125,42.17280578613281,-72.4628677368164,0.02614373341202736,479.6337233678546,29.5114774995659,
872841181_2ef32acf29_1371_66281185@N00.jpg,36.057694,-112.136614,36.05765151977539,-112.1371078491211,0.02562725730240345,0.044644111688027496,0,0,0.0,36.05765151977539,-112.1371078491211,0.02562725730240345,0.044644111688027496,0.0,
872895920_865d506517_1057_9729483@N02.jpg,40.706656,-74.009935,40.710567474365234,-74.00928497314453,0.003571466775611043,0.4383742230143037,2,20,0.078125,40.75999069213867,-73.9753646850586,0.0028303922154009342,6.607281071710765,-6.168906848696461,
872997496_781712636c_1143_70323761@N00.jpg,40.743526,-74.035674,40.758018493652344,-74.18363189697266,0.013647370971739292,12.567206164542496,1,256,1.0,40.758018493652344,-74.18363189697266,0.014400074258446693,12.567206164542496,0.0,
873010122_2c74adfa62_1015_9729483@N02.jpg,40.827461,-73.926744,40.82923889160156,-73.9278793334961,0.08211637288331985,0.2195619388530891,2,10,0.0390625,40.82923889160156,-73.9278793334961,0.08041433990001678,0.2195619388530891,0.0,
87329543_0dc6b7bb4d_36_69567805@N00.jpg,45.437249,12.32769,45.43378448486328,12.339604377746582,0.006379689089953899,1.0063007092127016,0,0,0.0,45.43378448486328,12.339604377746582,0.006379689089953899,1.0063007092127016,0.0,
873560860_5b7fd6044e_1314_88483799@N00.jpg,39.203341,-76.591933,46.16437530517578,-94.39778900146484,0.14553771913051605,1643.2726120698999,10,197,0.76953125,46.7942008972168,-100.84056854248047,0.0981588289141655,2133.9064440263014,-490.63383195640154,
873800256_2a99a4862b_1002_70323761@N00.jpg,40.752897,-73.803083,39.919288635253906,-75.39185333251953,0.0038726322818547487,163.47724160182386,6,81,0.31640625,33.952659606933594,-84.5495376586914,0.008848539553582668,1212.5022540816192,-1049.0250124797954,
876438778_7c0cef320a_1036_15632944@N00.jpg,51.107024,16.959285,56.0867805480957,10.117337226867676,0.024276290088891983,713.7718419831026,0,0,0.0,56.0867805480957,10.117337226867676,0.024276290088891983,713.7718419831026,0.0,
876438822_6622dc001e_1220_15632944@N00.jpg,51.107024,16.959285,47.386104583740234,15.092039108276367,0.015204457566142082,435.34495711168796,2,90,0.3515625,49.89561462402344,16.449085235595703,0.010449789464473724,139.4513491646049,295.89360794708307,
877407386_e083c78701_1225_78841376@N00.jpg,40.747586,14.484207,40.80629348754883,14.347267150878906,0.03453569486737251,13.250424782845057,0,0,0.0,40.80629348754883,14.347267150878906,0.03453569486737251,13.250424782845057,0.0,
880710221_64f0fdd8f2_1137_85417391@N00.jpg,47.655212,-124.387207,44.66474533081055,-124.45999145507812,0.02616058848798275,332.5723839922639,0,0,0.0,44.66474533081055,-124.45999145507812,0.02616058848798275,332.5723839922639,0.0,
883235088_b87323f114_1334_93487964@N00.jpg,42.543406,-6.586239,43.12153244018555,-3.7216179370880127,0.020424747839570045,242.2634745273476,4,95,0.37109375,40.405635833740234,-5.741428852081299,0.020801708102226257,247.90665899904621,-5.643184471698618,
885651997_285ca80968_1170_61417564@N00.jpg,15.39568,-61.333236,18.297204971313477,-65.79329681396484,0.07569598406553268,573.862922012576,0,0,0.0,18.297204971313477,-65.79329681396484,0.07569598406553268,573.862922012576,0.0,
88585744_926b069bf3_40_40279823@N00.jpg,14.65426,40.98278,18.60248565673828,32.03081130981445,0.10371995717287064,1049.6874500113547,10,109,0.42578125,18.60248565673828,32.03081130981445,0.1028839573264122,1049.6874500113547,0.0,
88595270_07cf7550a6_23_40279823@N00.jpg,11.582624,43.143997,16.030717849731445,-16.491680145263672,0.2665606737136841,6438.241946870865,2,6,0.0234375,20.86153793334961,-17.034130096435547,0.1754058301448822,6473.165115746377,-34.92316887551169,
888917254_4dc81b435f_1330_89904893@N00.jpg,45.433691,12.322422,50.090118408203125,14.400038719177246,0.0052642663940787315,540.5008682067526,0,0,0.0,50.090118408203125,14.400038719177246,0.0052642663940787315,540.5008682067526,0.0,
89068925_6901e322ac_17_69567805@N00.jpg,48.863811,2.333221,48.853370666503906,2.3479409217834473,0.008845861069858074,1.583468753559427,1,256,1.0,48.853370666503906,2.3479409217834473,0.010077170096337795,1.583468753559427,0.0,
89073637_36d2bc270f_23_69567805@N00.jpg,48.863811,2.333221,48.8612060546875,2.335710048675537,0.008612780831754208,0.3421311058529625,4,256,1.0,48.86119079589844,2.335146903991699,0.008753469213843346,0.323628045801724,0.01850306005123853,
893439291_7f8963c066_1412_65367662@N00.jpg,43.0803,-79.0765,43.08286666870117,-79.0744400024414,0.03353195637464523,0.3308229080304285,1,32,0.125,43.08286666870117,-79.0744400024414,0.03358471021056175,0.3308229080304285,0.0,
894010572_06a775d498_1297_65367662@N00.jpg,45.442127,-73.603165,48.10386276245117,17.112546920776367,0.003956492058932781,6489.700840764303,1,75,0.29296875,51.88383865356445,4.479106903076172,0.0035563604906201363,5499.231979394168,990.4688613701355,
896236293_fbc9685b17_1387_65367662@N00.jpg,45.428577,-73.593895,45.41175842285156,-75.7638931274414,0.04859079420566559,169.36939959507762,0,0,0.0,45.41175842285156,-75.7638931274414,0.04859079420566559,169.36939959507762,0.0,
896907843_6aa48c6bc4_1065_98545448@N00.jpg,51.682158,-1.786313,52.641082763671875,-2.3105618953704834,0.038057807832956314,112.46347888572431,2,182,0.7109375,52.641082763671875,-2.3105618953704834,0.024428023025393486,112.46347888572431,0.0,
897154037_326d166266_1217_15632944@N00.jpg,51.107024,16.959285,40.50539779663086,-74.85838317871094,0.014684315770864487,6742.165538423159,4,76,0.296875,35.04920959472656,136.85107421875,0.010195262730121613,8784.405524699081,-2042.239986275922,
89895256_3a74abd0ef_14_28026984@N00.jpg,-32.057554,115.742855,-22.20210075378418,-47.21329879760742,0.020833998918533325,13715.138591223746,1,35,0.13671875,38.81237030029297,-76.8755874633789,0.05362260714173317,18649.28108811596,-4934.142496892215,
899235815_588087e69c_1422_98545448@N00.jpg,51.682158,-1.786313,51.65409469604492,5.702478885650635,0.37770986557006836,516.2469510189815,1,165,0.64453125,51.65409469604492,5.702478885650635,0.31322377920150757,516.2469510189815,0.0,
907086920_b54a7fc89f_1329_26519935@N00.jpg,14.589314,120.975522,14.591556549072266,120.97835540771484,0.08479990810155869,0.39388455155079277,1,32,0.125,14.589055061340332,120.97523498535156,0.02870400808751583,0.04222486530740955,0.35165968624338323,
910838365_d230fdd8e5_1356_9729483@N02.jpg,41.948219,-87.656092,41.948001861572266,-87.65499877929688,0.04396159201860428,0.09357935176676466,0,0,0.0,41.948001861572266,-87.65499877929688,0.04396159201860428,0.09357935176676466,0.0,
911328833_4e124e7691_1263_50435419@N00.jpg,43.009793,-88.378658,28.60054588317871,-81.1998519897461,0.07585222274065018,1726.3861637387158,3,145,0.56640625,28.60054588317871,-81.1998519897461,0.10620367527008057,1726.3861637387158,0.0,
911801310_5e1f8f5338_1117_9729483@N02.jpg,41.948219,-87.656092,41.82892608642578,-87.63045501708984,0.08915959298610687,13.433473958518833,19,169,0.66015625,41.82892608642578,-87.63045501708984,0.07390277087688446,13.433473958518833,0.0,
91284673_fc384015c6_21_80528961@N00.jpg,33.522792,36.309814,46.30923080444336,16.336326599121094,0.003996776882559061,2207.617494273168,4,65,0.25390625,41.91407775878906,15.332449913024902,0.008996791206300259,2060.039968016295,147.57752625687317,
913280742_863e5c9641_1221_50435419@N00.jpg,43.009793,-88.378658,28.60054588317871,-81.1998519897461,0.05552660673856735,1726.3861637387158,2,56,0.21875,28.60054588317871,-81.1998519897461,0.0014332691207528114,1726.3861637387158,0.0,
91383095_7618f1a207_19_83794921@N00.jpg,22.284966,114.174041,22.290376663208008,114.1711196899414,0.018155185505747795,0.6725402164647136,0,0,0.0,22.290376663208008,114.1711196899414,0.018155185505747795,0.6725402164647136,0.0,
913874131_e9cd391699_1181_36887937@N00.jpg,47.495955,19.04823,47.48986053466797,19.0478458404541,0.019491931423544884,0.6782889321627928,1,150,0.5859375,47.48986053466797,19.0478458404541,0.019546659663319588,0.6782889321627928,0.0,
91418816_1ba3c94a63_22_83794921@N00.jpg,19.413497,-99.151611,19.43400764465332,-99.13371276855469,0.009919282048940659,2.9537017624031274,10,256,1.0,19.43400764465332,-99.13371276855469,0.010012462735176086,2.9537017624031274,0.0,
91447230_d9c034e5c2_14_83794921@N00.jpg,-31.896214,115.750579,-34.33399963378906,140.36216735839844,0.11065258830785751,2302.472007446468,0,0,0.0,-34.33399963378906,140.36216735839844,0.11065258830785751,2302.472007446468,0.0,
91456180_e82f1ee09e_19_40279823@N00.jpg,9.562326,44.067363,9.562166213989258,44.06866455078125,0.28773927688598633,0.14381690874942785,0,0,0.0,9.562166213989258,44.06866455078125,0.28773927688598633,0.14381690874942785,0.0,
914664036_e8b4a378ba_1198_50435419@N00.jpg,43.009793,-88.378658,43.012054443359375,-88.23111724853516,0.06733223795890808,11.998946996070913,3,55,0.21484375,43.012054443359375,-88.23111724853516,0.027263518422842026,11.998946996070913,0.0,
919126362_49e364686c_1300_50994135@N00.jpg,56.230088,-5.075683,56.759403228759766,-5.234298229217529,0.07216619700193405,59.65701944706548,0,0,0.0,56.759403228759766,-5.234298229217529,0.07216619700193405,59.65701944706548,0.0,
91977946_24b719fd2d_26_16836474@N00.jpg,-54.786334,-68.308954,59.43852996826172,-151.71157836914062,0.005746899638324976,14683.720313859854,2,256,1.0,59.43852996826172,-151.71157836914062,0.013117996044456959,14683.720313859854,0.0,
928611855_e53550a64d_1094_19355699@N00.jpg,59.320543,18.073893,53.54473876953125,8.57084846496582,0.010287662968039513,866.6227732561856,2,256,1.0,53.54521179199219,8.570638656616211,0.007564558647572994,866.5901674808246,0.03260577536104847,
929660326_553b12bf09_1169_78247883@N00.jpg,42.640967,18.110511,42.64131546020508,18.109315872192383,0.020704235881567,0.1051559523595467,0,0,0.0,42.64131546020508,18.109315872192383,0.020704235881567,0.1051559523595467,0.0,
929674188_902f7a7d7c_1427_19355699@N00.jpg,59.320543,18.073893,39.45958709716797,-0.3239249885082245,0.010651517659425735,2559.4421178470893,1,256,1.0,44.410301208496094,8.9254789352417,0.01796049438416958,1769.1065253812094,790.3355924658799,
929780960_4214c6aed4_1137_19355699@N00.jpg,59.320543,18.073893,56.456966400146484,-2.9680140018463135,0.010600876994431019,1277.8957138929945,1,256,1.0,56.456966400146484,-2.9680140018463135,0.008777561597526073,1277.8957138929945,0.0,
933041721_8eacf5adbb_1319_54699140@N00.jpg,38.8985,-77.0275,40.77934646606445,-73.96354675292969,0.00875470694154501,334.8888246616396,3,90,0.3515625,41.87837219238281,-87.62079620361328,0.005755552556365728,955.6128667438422,-620.7240420822027,
933895942_542d5501c9_1094_54699140@N00.jpg,38.8985,-77.0275,29.558332443237305,-95.0885009765625,0.03218015655875206,1952.9195045486038,0,0,0.0,29.558332443237305,-95.0885009765625,0.03218015655875206,1952.9195045486038,0.0,
939001952_76043e4a1d_1066_78221228@N00.jpg,13.729379,100.505676,13.754860877990723,100.50416564941406,0.013734035193920135,2.838151854790962,10,83,0.32421875,13.74574089050293,100.53223419189453,0.012970270588994026,3.396954092391228,-0.5588022376002661,
940817031_d7a45ef727_1188_15632944@N00.jpg,49.621943,19.971685,50.808563232421875,9.73088264465332,0.024225600063800812,739.8945335657703,1,52,0.203125,52.74013137817383,-1.1873500347137451,0.05651382356882095,1509.103568387984,-769.2090348222138,
94108900_7ae6c48ca5_25_25159586@N00.jpg,36.820278,138.946838,36.376136779785156,139.7298583984375,0.0382627435028553,85.58688608719716,5,216,0.84375,36.376136779785156,139.7298583984375,0.07253152132034302,85.58688608719716,0.0,
94109874_d31b3793e1_12_25159586@N00.jpg,36.820278,138.946838,36.89570617675781,138.7760467529297,0.16087423264980316,17.356334631853894,1,6,0.0234375,36.89570617675781,138.7760467529297,0.09741518646478653,17.356334631853894,0.0,
94311984_74b930ea7d_17_88483799@N00.jpg,39.397726,-76.597608,39.94055938720703,-82.01431274414062,0.00924079678952694,467.4625407642114,1,192,0.75,39.94055938720703,-82.01431274414062,0.022359784692525864,467.4625407642114,0.0,
943507788_38e790787b_1268_15632944@N00.jpg,49.597095,19.93467,46.66239547729492,14.635162353515625,0.03267679363489151,510.8429689391688,1,128,0.5,52.105384826660156,16.115108489990234,0.11839234083890915,386.7937877638994,124.04918117526944,
945318460_ad872b33f1_1387_70323761@N00.jpg,40.721428,-73.957343,40.7192497253418,-73.96171569824219,0.00913623720407486,0.44098360182177326,2,177,0.69140625,40.745338439941406,-73.94708251953125,0.007351692300289869,2.795751613235508,-2.3547680114137344,
950136674_4b5aab6258_1394_97522422@N00.jpg,50.434985,30.515556,21.002193450927734,-76.11534118652344,0.03302781656384468,9330.282197649498,2,240,0.9375,21.002193450927734,-76.11534118652344,0.03595156595110893,9330.282197649498,0.0,
952890665_1a89f27ab7_1088_78841376@N00.jpg,28.470035,-81.469663,28.374666213989258,-81.54983520507812,0.010791498236358166,13.188059752196082,6,196,0.765625,51.650665283203125,5.047332763671875,0.010794861242175102,7337.155038065168,-7323.966978312972,
952947179_04019a057e_1270_78841376@N00.jpg,28.470035,-81.469663,25.085899353027344,-77.322998046875,0.007595371454954147,557.6267937190601,3,35,0.13671875,28.419034957885742,-81.583251953125,0.009398297406733036,12.469865194784663,545.1569285242754,
953550707_009c8bef9a_1201_78841376@N00.jpg,28.475198,-81.469502,28.473953247070312,-81.46756744384766,0.04755124822258949,0.23433459793181213,3,27,0.10546875,28.35685920715332,-81.5605239868164,0.02478872798383236,15.886857850721642,-15.652523252789829,
953958988_a301167053_1139_78841376@N00.jpg,28.192971,-81.146993,30.00533676147461,-95.26399230957031,0.025221558287739754,1385.4082079292923,1,80,0.3125,30.746925354003906,-86.62574005126953,0.038436416536569595,601.5108718791527,783.8973360501396,
954716319_e478023818_1280_78841376@N00.jpg,45.423877,-75.699105,43.372283935546875,-80.98807525634766,0.02143837697803974,477.9915200277438,4,52,0.203125,46.09001541137695,-64.77446746826172,0.02843244932591915,850.0999611042668,-372.108441076523,
954925061_d2929ee621_1207_89904893@N00.jpg,45.441626,12.330801,45.43419647216797,12.339030265808105,0.00719673465937376,1.0463021117155185,13,107,0.41796875,45.43318176269531,12.339856147766113,0.007524900604039431,1.175080291947773,-0.1287781802322545,
955054254_dfe6d34d64_1315_97522422@N00.jpg,51.276736,30.23652,42.497928619384766,-87.82270050048828,0.010704572312533855,7998.753026526028,1,40,0.15625,42.494407653808594,-96.3387451171875,0.005870938766747713,8383.424310550925,-384.6712840248965,
955545250_71d0df1e16_1138_78841376@N00.jpg,45.423877,-75.699105,43.257266998291016,-79.8682861328125,0.010609078221023083,409.7543775107546,9,108,0.421875,43.6688346862793,-79.38749694824219,0.006412982940673828,351.3960571507179,58.35832036003666,
956386417_6f68bd5c46_1201_9729483@N02.jpg,40.574913,-73.984744,40.73681640625,-74.15050506591797,0.021479273214936256,22.795353841169234,0,0,0.0,40.73681640625,-74.15050506591797,0.021479273214936256,22.795353841169234,0.0,
956468265_68068065f6_1434_9729483@N02.jpg,40.623643,-74.028056,40.85511016845703,-73.89309692382812,0.009912812151014805,28.13772005268436,3,136,0.53125,40.80866622924805,-73.94766998291016,0.005933406297117472,21.660470878758122,6.477249173926239,
957341654_3cb1b6ed56_1139_9729483@N02.jpg,40.574754,-73.984079,40.73878479003906,-74.15049743652344,0.05923011153936386,23.016297911858118,7,32,0.125,39.73304748535156,-75.5645751953125,0.018554918467998505,163.71020696658073,-140.6939090547226,
959354055_bc102ce3fe_1372_97522422@N00.jpg,51.276736,30.23652,52.54745864868164,13.508879661560059,0.00901993177831173,1153.415236692085,2,256,1.0,52.54745864868164,13.508879661560059,0.007536241319030523,1153.415236692085,0.0,
960188046_9e7673ee8d_1417_97522422@N00.jpg,51.276736,30.23652,51.27125930786133,30.217723846435547,0.2801958918571472,1.4423842401531612,1,112,0.4375,52.56898880004883,13.523172378540039,0.018984796479344368,1152.4672068727675,-1151.0248226326144,
960251886_d8b86a66ce_1325_97522422@N00.jpg,51.276736,30.23652,51.40498733520508,30.055418014526367,0.2054784595966339,19.016369820210908,1,117,0.45703125,51.404239654541016,30.049495697021484,0.17603084444999695,19.229662087249206,-0.21329226703829818,
96425940_40ecbcecd1_19_56945335@N00.jpg,19.84681,-90.530776,20.693578720092773,-88.205322265625,0.1118040531873703,260.1937070972046,1,63,0.24609375,19.840351104736328,-97.45842742919922,0.053166985511779785,724.530733385422,-464.3370262882174,
965205747_3522beb52f_1233_98545448@N00.jpg,51.682337,-1.78659,43.97947311401367,-88.55683898925781,0.03750968724489212,6143.8665696771795,1,160,0.625,43.97947311401367,-88.55683898925781,0.044189561158418655,6143.8665696771795,0.0,
965623826_37436a1a1f_1234_98545448@N00.jpg,51.682337,-1.78659,47.73051834106445,-2.7192020416259766,0.03369300067424774,444.500556846446,9,193,0.75390625,51.33147430419922,0.0350399985909462,0.032737135887145996,131.96949013933872,312.53106670710724,
969599827_165961a2f6_1352_9729483@N02.jpg,32.177297,-104.44038,-21.708791732788086,122.22908020019531,0.004968908149749041,15282.899138977835,0,0,0.0,-21.708791732788086,122.22908020019531,0.004968908149749041,15282.899138977835,0.0,
970434820_4f1f864dcc_1376_9729483@N02.jpg,32.177297,-104.44038,32.17713928222656,-104.4427261352539,0.8525193333625793,0.2215043773317551,0,0,0.0,32.17713928222656,-104.4427261352539,0.8525193333625793,0.2215043773317551,0.0,
970466868_c72b51d4fa_1360_9729483@N02.jpg,32.177297,-104.44038,32.17713928222656,-104.4427261352539,0.10490152984857559,0.2215043773317551,1,224,0.875,44.23120880126953,4.319471836090088,0.02665264904499054,8877.5846609537,-8877.363156576368,
97322000_3a43673d93_36_77325609@N00.jpg,35.025498,135.719604,35.78565216064453,140.31712341308594,0.016104044392704964,425.1244549433986,6,35,0.13671875,35.78784942626953,140.32003784179688,0.0061745597049593925,425.4262515837214,-0.30179664032283426,
97322117_834324881b_40_77325609@N00.jpg,35.025498,135.719604,35.012001037597656,135.74981689453125,0.020644476637244225,3.1340407666611276,2,15,0.05859375,34.65782928466797,135.8921356201172,0.012908649630844593,43.81021204045431,-40.67617127379318,
97329660_404c13cc16_36_77325609@N00.jpg,48.86494,2.346954,48.85742950439453,2.3405590057373047,0.005922931246459484,0.9572331186781379,0,0,0.0,48.85742950439453,2.3405590057373047,0.005922931246459484,0.9572331186781379,0.0,
97329780_a468851447_22_77325609@N00.jpg,48.86494,2.346954,48.85909652709961,2.293117046356201,0.006442875135689974,3.991544816093128,0,0,0.0,48.85909652709961,2.293117046356201,0.006442875135689974,3.991544816093128,0.0,
97344146_71de07ecb7_39_77325609@N00.jpg,41.395354,2.169113,41.40311813354492,2.174160957336426,0.017873404547572136,0.9605343970667755,5,126,0.4921875,41.403202056884766,2.1740260124206543,0.012738971039652824,0.9640925842966525,-0.0035581872298769968,
97344347_2cc71e92fa_31_77325609@N00.jpg,41.395354,2.169113,47.70627212524414,6.624718189239502,0.0022580521181225777,785.2228577376762,0,0,0.0,47.70627212524414,6.624718189239502,0.0022580521181225777,785.2228577376762,0.0,
977680330_76d890164e_1283_32377115@N00.jpg,22.254168,113.904662,22.254024505615234,113.90498352050781,0.3836248219013214,0.036734698729395485,1,120,0.46875,22.254024505615234,113.90498352050781,0.39148545265197754,0.036734698729395485,0.0,
980797937_eb871fed74_1418_9729483@N02.jpg,53.549608,9.953677,52.501678466796875,13.319376945495605,0.007985983975231647,253.43159917944493,1,64,0.25,35.550384521484375,129.31199645996094,0.0035801411140710115,8524.483942444207,-8271.052343264762,
981399894_91c3cea73e_1160_9729483@N02.jpg,52.516442,13.393943,52.51906204223633,13.397424697875977,0.011317825876176357,0.37466922958496857,6,247,0.96484375,52.51906204223633,13.397424697875977,0.010667344555258751,0.37466922958496857,0.0,
98358747_a658e693b5_29_83794921@N00.jpg,13.008571,-61.268005,38.660396575927734,20.764503479003906,0.017641736194491386,8423.527343259058,1,160,0.625,41.68932342529297,10.34912109375,0.022600313648581505,7529.884234217783,893.6431090412752,
985776966_be5cb76e0b_1239_23707253@N00.jpg,59.939321,30.309991,56.948486328125,24.10816764831543,0.008973285555839539,490.39750586502544,3,12,0.046875,56.948486328125,24.10816764831543,0.005468333605676889,490.39750586502544,0.0,
98906596_9253c76237_43_41894169878@N01.jpg,40.800263,-73.949146,18.443105697631836,-66.0675048828125,0.004953448660671711,2597.26993967489,0,0,0.0,18.443105697631836,-66.0675048828125,0.004953448660671711,2597.26993967489,0.0,
99060686_1703e6da35_41_44972214@N00.jpg,32.759562,-117.180175,34.01289749145508,-118.81975555419922,0.03361431136727333,206.3813969057666,5,206,0.8046875,34.01289749145508,-118.81975555419922,0.025403929874300957,206.3813969057666,0.0,
99078324_9d8e7a3975_28_44972214@N00.jpg,32.759562,-117.180175,32.847862243652344,-117.27699279785156,0.06707505136728287,13.352383357309323,8,173,0.67578125,-38.472007751464844,144.04473876953125,0.036895882338285446,12889.524485730177,-12876.172102372868,
99101189_a518846673_43_50517642@N00.jpg,12.500541,-70.01059,21.1200008392334,-75.83390045166016,0.04452512413263321,1140.9981079951183,1,192,0.75,18.44679832458496,-64.54827880859375,0.04097987338900566,882.8562673259335,258.14184066918483,
99115715_1bdd45ca71_19_50517642@N00.jpg,12.564004,-70.051864,3.9379830360412598,73.46797943115234,0.16707049310207367,15586.890504192064,6,99,0.38671875,3.816699981689453,73.18949890136719,0.09498101472854614,15564.53693982979,22.353564362274483,
995674057_2360a67996_1182_98545448@N00.jpg,51.682462,-1.78633,46.84410858154297,6.915034770965576,0.29519128799438477,828.5437053143405,1,112,0.4375,46.84410858154297,6.915034770965576,0.2252814918756485,828.5437053143405,0.0,
995764493_f8128f77c1_1226_98545448@N00.jpg,51.682462,-1.78633,51.65409469604492,5.702478885650635,0.06044383347034454,516.2465935786577,1,128,0.5,38.81237030029297,-76.8755874633789,0.06060026213526726,5778.835262953677,-5262.588669375019,
